id,title,description,availability,condition,link,image_link,brand,color,material,size,google_product_category,sale price,price
ALAIWINEX,Alai,Alai,in stock,new,https://paavay.aalam.cloud/store/item/Alai?id=1,https://paavay.aalam.cloud/aalam/stock/item/1/image/_/face-img,Paavay,Grape,,XS,Apparel & Accessories > Clothing > Shirts & Tops,517.5 INR,690.0 INR
ALAIWINES,Alai,Alai,out of stock,new,https://paavay.aalam.cloud/store/item/Alai?id=2,https://paavay.aalam.cloud/aalam/stock/item/2/image/_/face-img,Paavay,Grape,,S,Apparel & Accessories > Clothing > Shirts & Tops,517.5 INR,690.0 INR
ALAIWINEM,Alai,Alai,in stock,new,https://paavay.aalam.cloud/store/item/Alai?id=3,https://paavay.aalam.cloud/aalam/stock/item/3/image/_/face-img,Paavay,Grape,,M,Apparel & Accessories > Clothing > Shirts & Tops,517.5 INR,690.0 INR
ALAIWINEL,Alai,Alai,out of stock,new,https://paavay.aalam.cloud/store/item/Alai?id=4,https://paavay.aalam.cloud/aalam/stock/item/4/image/_/face-img,Paavay,Grape,,L,Apparel & Accessories > Clothing > Shirts & Tops,517.5 INR,690.0 INR
ALAIREDXL,Alai,Alai,out of stock,new,https://paavay.aalam.cloud/store/item/Alai?id=5,https://paavay.aalam.cloud/aalam/stock/item/5/image/_/face-img,Paavay,Red,,XL,Apparel & Accessories > Clothing > Shirts & Tops,517.5 INR,690.0 INR
ALAIWINEXL,Alai,Alai,in stock,new,https://paavay.aalam.cloud/store/item/Alai?id=6,https://paavay.aalam.cloud/aalam/stock/item/6/image/_/face-img,Paavay,Grape,,XL,Apparel & Accessories > Clothing > Shirts & Tops,517.5 INR,690.0 INR
ALAIREDX,Alai,Alai,in stock,new,https://paavay.aalam.cloud/store/item/Alai?id=7,https://paavay.aalam.cloud/aalam/stock/item/7/image/_/face-img,Paavay,Red,,XS,Apparel & Accessories > Clothing > Shirts & Tops,517.5 INR,690.0 INR
ALAIREDS,Alai,Alai,out of stock,new,https://paavay.aalam.cloud/store/item/Alai?id=8,https://paavay.aalam.cloud/aalam/stock/item/8/image/_/face-img,Paavay,Red,,S,Apparel & Accessories > Clothing > Shirts & Tops,517.5 INR,690.0 INR
ALAIREDL,Alai,Alai,out of stock,new,https://paavay.aalam.cloud/store/item/Alai?id=9,https://paavay.aalam.cloud/aalam/stock/item/9/image/_/face-img,Paavay,Red,,L,Apparel & Accessories > Clothing > Shirts & Tops,517.5 INR,690.0 INR
ALAIREDM,Alai,Alai,out of stock,new,https://paavay.aalam.cloud/store/item/Alai?id=10,https://paavay.aalam.cloud/aalam/stock/item/10/image/_/face-img,Paavay,Red,,M,Apparel & Accessories > Clothing > Shirts & Tops,517.5 INR,690.0 INR
ALAIPINEX,Alai,Alai,in stock,new,https://paavay.aalam.cloud/store/item/Alai?id=12,https://paavay.aalam.cloud/aalam/stock/item/12/image/_/face-img,Paavay,Pine,,XS,Apparel & Accessories > Clothing > Shirts & Tops,517.5 INR,690.0 INR
ALAIPINEXL,Alai,Alai,out of stock,new,https://paavay.aalam.cloud/store/item/Alai?id=13,https://paavay.aalam.cloud/aalam/stock/item/13/image/_/face-img,Paavay,Pine,,XL,Apparel & Accessories > Clothing > Shirts & Tops,517.5 INR,690.0 INR
ALAIPINEM,Alai,Alai,out of stock,new,https://paavay.aalam.cloud/store/item/Alai?id=14,https://paavay.aalam.cloud/aalam/stock/item/14/image/_/face-img,Paavay,Pine,,M,Apparel & Accessories > Clothing > Shirts & Tops,517.5 INR,690.0 INR
ALAIPINES,Alai,Alai,out of stock,new,https://paavay.aalam.cloud/store/item/Alai?id=15,https://paavay.aalam.cloud/aalam/stock/item/15/image/_/face-img,Paavay,Pine,,S,Apparel & Accessories > Clothing > Shirts & Tops,517.5 INR,690.0 INR
ALAIPINEL,Alai,Alai,out of stock,new,https://paavay.aalam.cloud/store/item/Alai?id=16,https://paavay.aalam.cloud/aalam/stock/item/16/image/_/face-img,Paavay,Pine,,L,Apparel & Accessories > Clothing > Shirts & Tops,517.5 INR,690.0 INR
ALAIPINATGOLDXL,Alai,Alai,out of stock,new,https://paavay.aalam.cloud/store/item/Alai?id=17,https://paavay.aalam.cloud/aalam/stock/item/17/image/_/face-img,Paavay,Antique Gold,,XL,Apparel & Accessories > Clothing > Shirts & Tops,517.5 INR,690.0 INR
ALAIPINATGOLDX,Alai,Alai,in stock,new,https://paavay.aalam.cloud/store/item/Alai?id=18,https://paavay.aalam.cloud/aalam/stock/item/18/image/_/face-img,Paavay,Antique Gold,,XS,Apparel & Accessories > Clothing > Shirts & Tops,517.5 INR,690.0 INR
ALAIPINATGOLDS,Alai,Alai,out of stock,new,https://paavay.aalam.cloud/store/item/Alai?id=19,https://paavay.aalam.cloud/aalam/stock/item/19/image/_/face-img,Paavay,Antique Gold,,S,Apparel & Accessories > Clothing > Shirts & Tops,517.5 INR,690.0 INR
ALAIPINATGOLDM,Alai,Alai,out of stock,new,https://paavay.aalam.cloud/store/item/Alai?id=20,https://paavay.aalam.cloud/aalam/stock/item/20/image/_/face-img,Paavay,Antique Gold,,M,Apparel & Accessories > Clothing > Shirts & Tops,517.5 INR,690.0 INR
ALAIPINATGOLDL,Alai,Alai,out of stock,new,https://paavay.aalam.cloud/store/item/Alai?id=21,https://paavay.aalam.cloud/aalam/stock/item/21/image/_/face-img,Paavay,Antique Gold,,L,Apparel & Accessories > Clothing > Shirts & Tops,517.5 INR,690.0 INR
ALAIDENIMXL,Alai,Alai,out of stock,new,https://paavay.aalam.cloud/store/item/Alai?id=22,https://paavay.aalam.cloud/aalam/stock/item/22/image/_/face-img,Paavay,Denim,,XL,Apparel & Accessories > Clothing > Shirts & Tops,517.5 INR,690.0 INR
ALAIDENIMX,Alai,Alai,in stock,new,https://paavay.aalam.cloud/store/item/Alai?id=23,https://paavay.aalam.cloud/aalam/stock/item/23/image/_/face-img,Paavay,Denim,,XS,Apparel & Accessories > Clothing > Shirts & Tops,517.5 INR,690.0 INR
ALAIDENIMS,Alai,Alai,out of stock,new,https://paavay.aalam.cloud/store/item/Alai?id=24,https://paavay.aalam.cloud/aalam/stock/item/24/image/_/face-img,Paavay,Denim,,S,Apparel & Accessories > Clothing > Shirts & Tops,517.5 INR,690.0 INR
ALAIDENIMM,Alai,Alai,out of stock,new,https://paavay.aalam.cloud/store/item/Alai?id=25,https://paavay.aalam.cloud/aalam/stock/item/25/image/_/face-img,Paavay,Denim,,M,Apparel & Accessories > Clothing > Shirts & Tops,517.5 INR,690.0 INR
ALAIDENIML,Alai,Alai,out of stock,new,https://paavay.aalam.cloud/store/item/Alai?id=26,https://paavay.aalam.cloud/aalam/stock/item/26/image/_/face-img,Paavay,Denim,,L,Apparel & Accessories > Clothing > Shirts & Tops,517.5 INR,690.0 INR
ALAIBOUGXL,Alai,Alai,out of stock,new,https://paavay.aalam.cloud/store/item/Alai?id=27,https://paavay.aalam.cloud/aalam/stock/item/27/image/_/face-img,Paavay,Bougainvillea,,XL,Apparel & Accessories > Clothing > Shirts & Tops,517.5 INR,690.0 INR
ALAIBOUGX,Alai,Alai,in stock,new,https://paavay.aalam.cloud/store/item/Alai?id=28,https://paavay.aalam.cloud/aalam/stock/item/28/image/_/face-img,Paavay,Bougainvillea,,XS,Apparel & Accessories > Clothing > Shirts & Tops,517.5 INR,690.0 INR
ALAIBOUGL,Alai,Alai,in stock,new,https://paavay.aalam.cloud/store/item/Alai?id=29,https://paavay.aalam.cloud/aalam/stock/item/29/image/_/face-img,Paavay,Bougainvillea,,L,Apparel & Accessories > Clothing > Shirts & Tops,517.5 INR,690.0 INR
ALAIBOUGS,Alai,Alai,in stock,new,https://paavay.aalam.cloud/store/item/Alai?id=30,https://paavay.aalam.cloud/aalam/stock/item/30/image/_/face-img,Paavay,Bougainvillea,,S,Apparel & Accessories > Clothing > Shirts & Tops,517.5 INR,690.0 INR
ALAIBOUGM,Alai,Alai,in stock,new,https://paavay.aalam.cloud/store/item/Alai?id=31,https://paavay.aalam.cloud/aalam/stock/item/31/image/_/face-img,Paavay,Bougainvillea,,M,Apparel & Accessories > Clothing > Shirts & Tops,517.5 INR,690.0 INR
ATGOLDX02,Antique Gold,Antique Gold,in stock,new,https://paavay.aalam.cloud/store/item/Antique+Gold?id=35,https://paavay.aalam.cloud/aalam/stock/item/35/image/_/face-img,Paavay,Antique Gold,,Skinny,Apparel & Accessories > Clothing > Underwear & Socks > Shapewear,892.62 INR,1190.0 INR
ATGOLDX03,Antique Gold,Antique Gold,in stock,new,https://paavay.aalam.cloud/store/item/Antique+Gold?id=37,https://paavay.aalam.cloud/aalam/stock/item/37/image/_/face-img,Paavay,Antique Gold,,Skinny,Apparel & Accessories > Clothing > Underwear & Socks > Shapewear,892.62 INR,1190.0 INR
ATGOLDX01,Antique Gold,Antique Gold,in stock,new,https://paavay.aalam.cloud/store/item/Antique+Gold?id=38,https://paavay.aalam.cloud/aalam/stock/item/38/image/_/face-img,Paavay,Antique Gold,,Skinny,Apparel & Accessories > Clothing > Underwear & Socks > Shapewear,892.62 INR,1190.0 INR
ATGOLDS03,Antique Gold,Antique Gold,in stock,new,https://paavay.aalam.cloud/store/item/Antique+Gold?id=39,https://paavay.aalam.cloud/aalam/stock/item/39/image/_/face-img,Paavay,Antique Gold,,Skubby,Apparel & Accessories > Clothing > Underwear & Socks > Shapewear,892.62 INR,1190.0 INR
ATGOLDS02,Antique Gold,Antique Gold,out of stock,new,https://paavay.aalam.cloud/store/item/Antique+Gold?id=40,https://paavay.aalam.cloud/aalam/stock/item/40/image/_/face-img,Paavay,Antique Gold,,Skubby,Apparel & Accessories > Clothing > Underwear & Socks > Shapewear,892.62 INR,1190.0 INR
ATGOLDS01,Antique Gold,Antique Gold,in stock,new,https://paavay.aalam.cloud/store/item/Antique+Gold?id=41,https://paavay.aalam.cloud/aalam/stock/item/41/image/_/face-img,Paavay,Antique Gold,,Skubby,Apparel & Accessories > Clothing > Underwear & Socks > Shapewear,892.62 INR,1190.0 INR
ATGOLDM03,Antique Gold,Antique Gold,out of stock,new,https://paavay.aalam.cloud/store/item/Antique+Gold?id=42,https://paavay.aalam.cloud/aalam/stock/item/42/image/_/face-img,Paavay,Antique Gold,,Plumpy,Apparel & Accessories > Clothing > Underwear & Socks > Shapewear,892.62 INR,1190.0 INR
ATGOLDM02,Antique Gold,Antique Gold,in stock,new,https://paavay.aalam.cloud/store/item/Antique+Gold?id=43,https://paavay.aalam.cloud/aalam/stock/item/43/image/_/face-img,Paavay,Antique Gold,,Plumpy,Apparel & Accessories > Clothing > Underwear & Socks > Shapewear,892.62 INR,1190.0 INR
ATGOLDM01,Antique Gold,Antique Gold,in stock,new,https://paavay.aalam.cloud/store/item/Antique+Gold?id=44,https://paavay.aalam.cloud/aalam/stock/item/44/image/_/face-img,Paavay,Antique Gold,,Plumpy,Apparel & Accessories > Clothing > Underwear & Socks > Shapewear,892.62 INR,1190.0 INR
ATGOLDL03,Antique Gold,Antique Gold,out of stock,new,https://paavay.aalam.cloud/store/item/Antique+Gold?id=45,https://paavay.aalam.cloud/aalam/stock/item/45/image/_/face-img,Paavay,Antique Gold,,Chunky,Apparel & Accessories > Clothing > Underwear & Socks > Shapewear,892.62 INR,1190.0 INR
ATGOLDL02,Antique Gold,Antique Gold,out of stock,new,https://paavay.aalam.cloud/store/item/Antique+Gold?id=46,https://paavay.aalam.cloud/aalam/stock/item/46/image/_/face-img,Paavay,Antique Gold,,Chunky,Apparel & Accessories > Clothing > Underwear & Socks > Shapewear,892.62 INR,1190.0 INR
ATGOLDL01,Antique Gold,Antique Gold,in stock,new,https://paavay.aalam.cloud/store/item/Antique+Gold?id=47,https://paavay.aalam.cloud/aalam/stock/item/47/image/_/face-img,Paavay,Antique Gold,,Chunky,Apparel & Accessories > Clothing > Underwear & Socks > Shapewear,892.62 INR,1190.0 INR
PGBOUG,Bougainvillea Pink,Bougainvillea Pink,in stock,new,https://paavay.aalam.cloud/store/item/Bougainvillea+Pink?id=59,https://paavay.aalam.cloud/aalam/stock/item/59/image/_/face-img,Paavay,Bougainvillea,,Chunky,Apparel & Accessories > Clothing > Underwear & Socks > Shapewear,892.5 INR,1190.0 INR
BOUGX03,Bougainvillea Pink,Bougainvillea Pink,in stock,new,https://paavay.aalam.cloud/store/item/Bougainvillea+Pink?id=61,https://paavay.aalam.cloud/aalam/stock/item/61/image/_/face-img,Paavay,Bougainvillea,,Skinny,Apparel & Accessories > Clothing > Underwear & Socks > Shapewear,892.5 INR,1190.0 INR
BOUGX02,Bougainvillea Pink,Bougainvillea Pink,in stock,new,https://paavay.aalam.cloud/store/item/Bougainvillea+Pink?id=62,https://paavay.aalam.cloud/aalam/stock/item/62/image/_/face-img,Paavay,Bougainvillea,,Skinny,Apparel & Accessories > Clothing > Underwear & Socks > Shapewear,892.5 INR,1190.0 INR
BOUGX01,Bougainvillea Pink,Bougainvillea Pink,in stock,new,https://paavay.aalam.cloud/store/item/Bougainvillea+Pink?id=63,https://paavay.aalam.cloud/aalam/stock/item/63/image/_/face-img,Paavay,Bougainvillea,,Skinny,Apparel & Accessories > Clothing > Underwear & Socks > Shapewear,892.5 INR,1190.0 INR
BOUGS03,Bougainvillea Pink,Bougainvillea Pink,in stock,new,https://paavay.aalam.cloud/store/item/Bougainvillea+Pink?id=64,https://paavay.aalam.cloud/aalam/stock/item/64/image/_/face-img,Paavay,Bougainvillea,,Skubby,Apparel & Accessories > Clothing > Underwear & Socks > Shapewear,892.5 INR,1190.0 INR
BOUGS02,Bougainvillea Pink,Bougainvillea Pink,in stock,new,https://paavay.aalam.cloud/store/item/Bougainvillea+Pink?id=65,https://paavay.aalam.cloud/aalam/stock/item/65/image/_/face-img,Paavay,Bougainvillea,,Skubby,Apparel & Accessories > Clothing > Underwear & Socks > Shapewear,892.5 INR,1190.0 INR
BOUGS01,Bougainvillea Pink,Bougainvillea Pink,in stock,new,https://paavay.aalam.cloud/store/item/Bougainvillea+Pink?id=66,https://paavay.aalam.cloud/aalam/stock/item/66/image/_/face-img,Paavay,Bougainvillea,,Skubby,Apparel & Accessories > Clothing > Underwear & Socks > Shapewear,892.5 INR,1190.0 INR
BOUGM03,Bougainvillea Pink,Bougainvillea Pink,in stock,new,https://paavay.aalam.cloud/store/item/Bougainvillea+Pink?id=67,https://paavay.aalam.cloud/aalam/stock/item/67/image/_/face-img,Paavay,Bougainvillea,,Plumpy,Apparel & Accessories > Clothing > Underwear & Socks > Shapewear,892.5 INR,1190.0 INR
BOUGM02,Bougainvillea Pink,Bougainvillea Pink,in stock,new,https://paavay.aalam.cloud/store/item/Bougainvillea+Pink?id=68,https://paavay.aalam.cloud/aalam/stock/item/68/image/_/face-img,Paavay,Bougainvillea,,Plumpy,Apparel & Accessories > Clothing > Underwear & Socks > Shapewear,892.5 INR,1190.0 INR
BOUGM01,Bougainvillea Pink,Bougainvillea Pink,in stock,new,https://paavay.aalam.cloud/store/item/Bougainvillea+Pink?id=69,https://paavay.aalam.cloud/aalam/stock/item/69/image/_/face-img,Paavay,Bougainvillea,,Plumpy,Apparel & Accessories > Clothing > Underwear & Socks > Shapewear,892.5 INR,1190.0 INR
PL03,Candy,Candy,out of stock,new,https://paavay.aalam.cloud/store/item/Candy?id=70,https://paavay.aalam.cloud/aalam/stock/item/70/image/_/face-img,Paavay,Candy,,Chunky,Apparel & Accessories > Clothing > Underwear & Socks > Shapewear,892.5 INR,1190.0 INR
PL02,Candy,Candy,out of stock,new,https://paavay.aalam.cloud/store/item/Candy?id=71,https://paavay.aalam.cloud/aalam/stock/item/71/image/_/face-img,Paavay,Candy,,Chunky,Apparel & Accessories > Clothing > Underwear & Socks > Shapewear,892.5 INR,1190.0 INR
BOUGL03,Bougainvillea Pink,Bougainvillea Pink,in stock,new,https://paavay.aalam.cloud/store/item/Bougainvillea+Pink?id=72,https://paavay.aalam.cloud/aalam/stock/item/72/image/_/face-img,Paavay,Bougainvillea,,Chunky,Apparel & Accessories > Clothing > Underwear & Socks > Shapewear,892.5 INR,1190.0 INR
BOUGL01,Bougainvillea Pink,Bougainvillea Pink,in stock,new,https://paavay.aalam.cloud/store/item/Bougainvillea+Pink?id=73,https://paavay.aalam.cloud/aalam/stock/item/73/image/_/face-img,Paavay,Bougainvillea,,Chunky,Apparel & Accessories > Clothing > Underwear & Socks > Shapewear,892.5 INR,1190.0 INR
PL01,Candy,Candy,out of stock,new,https://paavay.aalam.cloud/store/item/Candy?id=74,https://paavay.aalam.cloud/aalam/stock/item/74/image/_/face-img,Paavay,Candy,,Chunky,Apparel & Accessories > Clothing > Underwear & Socks > Shapewear,892.5 INR,1190.0 INR
HPINKX02,Candy,Candy,in stock,new,https://paavay.aalam.cloud/store/item/Candy?id=75,https://paavay.aalam.cloud/aalam/stock/item/75/image/_/face-img,Paavay,Candy,,Skinny,Apparel & Accessories > Clothing > Underwear & Socks > Shapewear,892.5 INR,1190.0 INR
HPINKX03,Candy,Candy,in stock,new,https://paavay.aalam.cloud/store/item/Candy?id=76,https://paavay.aalam.cloud/aalam/stock/item/76/image/_/face-img,Paavay,Candy,,Skinny,Apparel & Accessories > Clothing > Underwear & Socks > Shapewear,892.5 INR,1190.0 INR
HPINKS02,Candy,Candy,out of stock,new,https://paavay.aalam.cloud/store/item/Candy?id=77,https://paavay.aalam.cloud/aalam/stock/item/77/image/_/face-img,Paavay,Candy,,Skubby,Apparel & Accessories > Clothing > Underwear & Socks > Shapewear,892.5 INR,1190.0 INR
HPINKS03,Candy,Candy,out of stock,new,https://paavay.aalam.cloud/store/item/Candy?id=78,https://paavay.aalam.cloud/aalam/stock/item/78/image/_/face-img,Paavay,Candy,,Skubby,Apparel & Accessories > Clothing > Underwear & Socks > Shapewear,892.5 INR,1190.0 INR
HPINKX01,Candy,Candy,in stock,new,https://paavay.aalam.cloud/store/item/Candy?id=79,https://paavay.aalam.cloud/aalam/stock/item/79/image/_/face-img,Paavay,Candy,,Skinny,Apparel & Accessories > Clothing > Underwear & Socks > Shapewear,892.5 INR,1190.0 INR
HPINKS01,Candy,Candy,in stock,new,https://paavay.aalam.cloud/store/item/Candy?id=80,https://paavay.aalam.cloud/aalam/stock/item/80/image/_/face-img,Paavay,Candy,,Skubby,Apparel & Accessories > Clothing > Underwear & Socks > Shapewear,892.5 INR,1190.0 INR
HPINKM02,Candy,Candy,out of stock,new,https://paavay.aalam.cloud/store/item/Candy?id=81,https://paavay.aalam.cloud/aalam/stock/item/81/image/_/face-img,Paavay,Candy,,Plumpy,Apparel & Accessories > Clothing > Underwear & Socks > Shapewear,892.5 INR,1190.0 INR
HPINKM01,Candy,Candy,in stock,new,https://paavay.aalam.cloud/store/item/Candy?id=82,https://paavay.aalam.cloud/aalam/stock/item/82/image/_/face-img,Paavay,Candy,,Plumpy,Apparel & Accessories > Clothing > Underwear & Socks > Shapewear,892.5 INR,1190.0 INR
HPINKM03,Candy,Candy,out of stock,new,https://paavay.aalam.cloud/store/item/Candy?id=83,https://paavay.aalam.cloud/aalam/stock/item/83/image/_/face-img,Paavay,Candy,,Plumpy,Apparel & Accessories > Clothing > Underwear & Socks > Shapewear,892.5 INR,1190.0 INR
CINDPINEXL,Cinderella,Cinderella,in stock,new,https://paavay.aalam.cloud/store/item/Cinderella?id=92,https://paavay.aalam.cloud/aalam/stock/item/92/image/_/face-img,Paavay,Pine,,XL,Apparel & Accessories > Clothing > Shirts & Tops,517.5 INR,690.0 INR
CINDPINEX,Cinderella,Cinderella,in stock,new,https://paavay.aalam.cloud/store/item/Cinderella?id=93,https://paavay.aalam.cloud/aalam/stock/item/93/image/_/face-img,Paavay,Pine,,XS,Apparel & Accessories > Clothing > Shirts & Tops,517.5 INR,690.0 INR
CINDGREENX,Cinderella,Cinderella,in stock,new,https://paavay.aalam.cloud/store/item/Cinderella?id=94,https://paavay.aalam.cloud/aalam/stock/item/94/image/_/face-img,Paavay,Green,,XS,Apparel & Accessories > Clothing > Shirts & Tops,517.5 INR,690.0 INR
CINDPINES,Cinderella,Cinderella,in stock,new,https://paavay.aalam.cloud/store/item/Cinderella?id=95,https://paavay.aalam.cloud/aalam/stock/item/95/image/_/face-img,Paavay,Pine,,S,Apparel & Accessories > Clothing > Shirts & Tops,517.5 INR,690.0 INR
CINDPINEM,Cinderella,Cinderella,in stock,new,https://paavay.aalam.cloud/store/item/Cinderella?id=96,https://paavay.aalam.cloud/aalam/stock/item/96/image/_/face-img,Paavay,Pine,,M,Apparel & Accessories > Clothing > Shirts & Tops,517.5 INR,690.0 INR
CINDGREENXL,Cinderella,Cinderella,in stock,new,https://paavay.aalam.cloud/store/item/Cinderella?id=97,https://paavay.aalam.cloud/aalam/stock/item/97/image/_/face-img,Paavay,Green,,XL,Apparel & Accessories > Clothing > Shirts & Tops,517.5 INR,690.0 INR
CINDPINEL,Cinderella,Cinderella,in stock,new,https://paavay.aalam.cloud/store/item/Cinderella?id=98,https://paavay.aalam.cloud/aalam/stock/item/98/image/_/face-img,Paavay,Pine,,L,Apparel & Accessories > Clothing > Shirts & Tops,517.5 INR,690.0 INR
CINDGREENS,Cinderella,Cinderella,in stock,new,https://paavay.aalam.cloud/store/item/Cinderella?id=99,https://paavay.aalam.cloud/aalam/stock/item/99/image/_/face-img,Paavay,Green,,S,Apparel & Accessories > Clothing > Shirts & Tops,517.5 INR,690.0 INR
CINDGREENM,Cinderella,Cinderella,in stock,new,https://paavay.aalam.cloud/store/item/Cinderella?id=100,https://paavay.aalam.cloud/aalam/stock/item/100/image/_/face-img,Paavay,Green,,M,Apparel & Accessories > Clothing > Shirts & Tops,517.5 INR,690.0 INR
CINDGREENL,Cinderella,Cinderella,in stock,new,https://paavay.aalam.cloud/store/item/Cinderella?id=101,https://paavay.aalam.cloud/aalam/stock/item/101/image/_/face-img,Paavay,Green,,L,Apparel & Accessories > Clothing > Shirts & Tops,517.5 INR,690.0 INR
CINDFIREX,Cinderella,Cinderella,out of stock,new,https://paavay.aalam.cloud/store/item/Cinderella?id=102,https://paavay.aalam.cloud/aalam/stock/item/102/image/_/face-img,Paavay,Fireball,,XS,Apparel & Accessories > Clothing > Shirts & Tops,517.5 INR,690.0 INR
CINDFIREXL,Cinderella,Cinderella,in stock,new,https://paavay.aalam.cloud/store/item/Cinderella?id=103,https://paavay.aalam.cloud/aalam/stock/item/103/image/_/face-img,Paavay,Fireball,,XL,Apparel & Accessories > Clothing > Shirts & Tops,517.5 INR,690.0 INR
CINDFIRES,Cinderella,Cinderella,in stock,new,https://paavay.aalam.cloud/store/item/Cinderella?id=104,https://paavay.aalam.cloud/aalam/stock/item/104/image/_/face-img,Paavay,Fireball,,S,Apparel & Accessories > Clothing > Shirts & Tops,517.5 INR,690.0 INR
CINDFIREM,Cinderella,Cinderella,out of stock,new,https://paavay.aalam.cloud/store/item/Cinderella?id=105,https://paavay.aalam.cloud/aalam/stock/item/105/image/_/face-img,Paavay,Fireball,,M,Apparel & Accessories > Clothing > Shirts & Tops,517.5 INR,690.0 INR
CINDFIREL,Cinderella,Cinderella,out of stock,new,https://paavay.aalam.cloud/store/item/Cinderella?id=106,https://paavay.aalam.cloud/aalam/stock/item/106/image/_/face-img,Paavay,Fireball,,L,Apparel & Accessories > Clothing > Shirts & Tops,517.5 INR,690.0 INR
CINDDENIMXL,Cinderella,Cinderella,in stock,new,https://paavay.aalam.cloud/store/item/Cinderella?id=107,https://paavay.aalam.cloud/aalam/stock/item/107/image/_/face-img,Paavay,Denim,,XL,Apparel & Accessories > Clothing > Shirts & Tops,517.5 INR,690.0 INR
CINDDENIMX,Cinderella,Cinderella,in stock,new,https://paavay.aalam.cloud/store/item/Cinderella?id=108,https://paavay.aalam.cloud/aalam/stock/item/108/image/_/face-img,Paavay,Denim,,XS,Apparel & Accessories > Clothing > Shirts & Tops,517.5 INR,690.0 INR
CINDDENIMS,Cinderella,Cinderella,in stock,new,https://paavay.aalam.cloud/store/item/Cinderella?id=109,https://paavay.aalam.cloud/aalam/stock/item/109/image/_/face-img,Paavay,Denim,,S,Apparel & Accessories > Clothing > Shirts & Tops,517.5 INR,690.0 INR
CINDDENIMM,Cinderella,Cinderella,out of stock,new,https://paavay.aalam.cloud/store/item/Cinderella?id=110,https://paavay.aalam.cloud/aalam/stock/item/110/image/_/face-img,Paavay,Denim,,M,Apparel & Accessories > Clothing > Shirts & Tops,517.5 INR,690.0 INR
CINDDENIML,Cinderella,Cinderella,in stock,new,https://paavay.aalam.cloud/store/item/Cinderella?id=111,https://paavay.aalam.cloud/aalam/stock/item/111/image/_/face-img,Paavay,Denim,,L,Apparel & Accessories > Clothing > Shirts & Tops,517.5 INR,690.0 INR
CINDBOUGXL,Cinderella,Cinderella,in stock,new,https://paavay.aalam.cloud/store/item/Cinderella?id=112,https://paavay.aalam.cloud/aalam/stock/item/112/image/_/face-img,Paavay,Bougainvillea,,XL,Apparel & Accessories > Clothing > Shirts & Tops,517.5 INR,690.0 INR
CINDBOUGX,Cinderella,Cinderella,in stock,new,https://paavay.aalam.cloud/store/item/Cinderella?id=113,https://paavay.aalam.cloud/aalam/stock/item/113/image/_/face-img,Paavay,Bougainvillea,,XS,Apparel & Accessories > Clothing > Shirts & Tops,517.5 INR,690.0 INR
CINDBOUGS,Cinderella,Cinderella,in stock,new,https://paavay.aalam.cloud/store/item/Cinderella?id=114,https://paavay.aalam.cloud/aalam/stock/item/114/image/_/face-img,Paavay,Bougainvillea,,S,Apparel & Accessories > Clothing > Shirts & Tops,517.5 INR,690.0 INR
CINDBOUGM,Cinderella,Cinderella,in stock,new,https://paavay.aalam.cloud/store/item/Cinderella?id=115,https://paavay.aalam.cloud/aalam/stock/item/115/image/_/face-img,Paavay,Bougainvillea,,M,Apparel & Accessories > Clothing > Shirts & Tops,517.5 INR,690.0 INR
CINDBOUGL,Cinderella,Cinderella,in stock,new,https://paavay.aalam.cloud/store/item/Cinderella?id=116,https://paavay.aalam.cloud/aalam/stock/item/116/image/_/face-img,Paavay,Bougainvillea,,L,Apparel & Accessories > Clothing > Shirts & Tops,517.5 INR,690.0 INR
CINDBLACKX,Cinderella,Cinderella,in stock,new,https://paavay.aalam.cloud/store/item/Cinderella?id=117,https://paavay.aalam.cloud/aalam/stock/item/117/image/_/face-img,Paavay,Black,,XS,Apparel & Accessories > Clothing > Shirts & Tops,517.5 INR,690.0 INR
CINDBLACKXL,Cinderella,Cinderella,in stock,new,https://paavay.aalam.cloud/store/item/Cinderella?id=118,https://paavay.aalam.cloud/aalam/stock/item/118/image/_/face-img,Paavay,Black,,XL,Apparel & Accessories > Clothing > Shirts & Tops,517.5 INR,690.0 INR
CINDBLACKS,Cinderella,Cinderella,out of stock,new,https://paavay.aalam.cloud/store/item/Cinderella?id=119,https://paavay.aalam.cloud/aalam/stock/item/119/image/_/face-img,Paavay,Black,,S,Apparel & Accessories > Clothing > Shirts & Tops,517.5 INR,690.0 INR
CINDBLACKL,Cinderella,Cinderella,out of stock,new,https://paavay.aalam.cloud/store/item/Cinderella?id=120,https://paavay.aalam.cloud/aalam/stock/item/120/image/_/face-img,Paavay,Black,,L,Apparel & Accessories > Clothing > Shirts & Tops,517.5 INR,690.0 INR
CINDBLACKM,Cinderella,Cinderella,in stock,new,https://paavay.aalam.cloud/store/item/Cinderella?id=121,https://paavay.aalam.cloud/aalam/stock/item/121/image/_/face-img,Paavay,Black,,M,Apparel & Accessories > Clothing > Shirts & Tops,517.5 INR,690.0 INR
CINDATGOLDXL,Cinderella,Cinderella,in stock,new,https://paavay.aalam.cloud/store/item/Cinderella?id=122,https://paavay.aalam.cloud/aalam/stock/item/122/image/_/face-img,Paavay,Antique Gold,,XL,Apparel & Accessories > Clothing > Shirts & Tops,517.5 INR,690.0 INR
CINDATGOLDM,Cinderella,Cinderella,in stock,new,https://paavay.aalam.cloud/store/item/Cinderella?id=123,https://paavay.aalam.cloud/aalam/stock/item/123/image/_/face-img,Paavay,Antique Gold,,M,Apparel & Accessories > Clothing > Shirts & Tops,517.5 INR,690.0 INR
CINDATGOLDX,Cinderella,Cinderella,in stock,new,https://paavay.aalam.cloud/store/item/Cinderella?id=124,https://paavay.aalam.cloud/aalam/stock/item/124/image/_/face-img,Paavay,Antique Gold,,XS,Apparel & Accessories > Clothing > Shirts & Tops,517.5 INR,690.0 INR
CINDATGOLDL,Cinderella,Cinderella,in stock,new,https://paavay.aalam.cloud/store/item/Cinderella?id=125,https://paavay.aalam.cloud/aalam/stock/item/125/image/_/face-img,Paavay,Antique Gold,,L,Apparel & Accessories > Clothing > Shirts & Tops,517.5 INR,690.0 INR
CINDATGOLDS,Cinderella,Cinderella,out of stock,new,https://paavay.aalam.cloud/store/item/Cinderella?id=126,https://paavay.aalam.cloud/aalam/stock/item/126/image/_/face-img,Paavay,Antique Gold,,S,Apparel & Accessories > Clothing > Shirts & Tops,517.5 INR,690.0 INR
RBX02,Royal Blue,Royal Blue,in stock,new,https://paavay.aalam.cloud/store/item/Royal+Blue?id=127,https://paavay.aalam.cloud/aalam/stock/item/127/image/_/face-img,Paavay,Cobalt,,Skinny,Apparel & Accessories > Clothing > Underwear & Socks > Shapewear,892.5 INR,1190.0 INR
RBX03,Royal Blue,Royal Blue,in stock,new,https://paavay.aalam.cloud/store/item/Royal+Blue?id=128,https://paavay.aalam.cloud/aalam/stock/item/128/image/_/face-img,Paavay,Cobalt,,Skinny,Apparel & Accessories > Clothing > Underwear & Socks > Shapewear,892.5 INR,1190.0 INR
RBS02,Royal Blue,Royal Blue,out of stock,new,https://paavay.aalam.cloud/store/item/Royal+Blue?id=129,https://paavay.aalam.cloud/aalam/stock/item/129/image/_/face-img,Paavay,Cobalt,,Skubby,Apparel & Accessories > Clothing > Underwear & Socks > Shapewear,892.5 INR,1190.0 INR
RBS01,Royal Blue,Royal Blue,in stock,new,https://paavay.aalam.cloud/store/item/Royal+Blue?id=130,https://paavay.aalam.cloud/aalam/stock/item/130/image/_/face-img,Paavay,Cobalt,,Skubby,Apparel & Accessories > Clothing > Underwear & Socks > Shapewear,892.5 INR,1190.0 INR
RBM03,Royal Blue,Royal Blue,out of stock,new,https://paavay.aalam.cloud/store/item/Royal+Blue?id=131,https://paavay.aalam.cloud/aalam/stock/item/131/image/_/face-img,Paavay,Cobalt,,Plumpy,Apparel & Accessories > Clothing > Underwear & Socks > Shapewear,892.5 INR,1190.0 INR
RBM02,Royal Blue,Royal Blue,in stock,new,https://paavay.aalam.cloud/store/item/Royal+Blue?id=132,https://paavay.aalam.cloud/aalam/stock/item/132/image/_/face-img,Paavay,Cobalt,,Plumpy,Apparel & Accessories > Clothing > Underwear & Socks > Shapewear,892.5 INR,1190.0 INR
RBS03,Royal Blue,Royal Blue,in stock,new,https://paavay.aalam.cloud/store/item/Royal+Blue?id=133,https://paavay.aalam.cloud/aalam/stock/item/133/image/_/face-img,Paavay,Cobalt,,Skubby,Apparel & Accessories > Clothing > Underwear & Socks > Shapewear,892.5 INR,1190.0 INR
RBX01,Royal Blue,Royal Blue,in stock,new,https://paavay.aalam.cloud/store/item/Royal+Blue?id=134,https://paavay.aalam.cloud/aalam/stock/item/134/image/_/face-img,Paavay,Cobalt,,Skinny,Apparel & Accessories > Clothing > Underwear & Socks > Shapewear,892.5 INR,1190.0 INR
RBM01,Royal Blue,Royal Blue,in stock,new,https://paavay.aalam.cloud/store/item/Royal+Blue?id=135,https://paavay.aalam.cloud/aalam/stock/item/135/image/_/face-img,Paavay,Cobalt,,Plumpy,Apparel & Accessories > Clothing > Underwear & Socks > Shapewear,892.5 INR,1190.0 INR
RBL03,Royal Blue,Royal Blue,out of stock,new,https://paavay.aalam.cloud/store/item/Royal+Blue?id=136,https://paavay.aalam.cloud/aalam/stock/item/136/image/_/face-img,Paavay,Cobalt,,Chunky,Apparel & Accessories > Clothing > Underwear & Socks > Shapewear,892.5 INR,1190.0 INR
RBL01,Royal Blue,Royal Blue,in stock,new,https://paavay.aalam.cloud/store/item/Royal+Blue?id=137,https://paavay.aalam.cloud/aalam/stock/item/137/image/_/face-img,Paavay,Cobalt,,Chunky,Apparel & Accessories > Clothing > Underwear & Socks > Shapewear,892.5 INR,1190.0 INR
DENIMX02,Denim,Denim,in stock,new,https://paavay.aalam.cloud/store/item/Denim?id=138,https://paavay.aalam.cloud/aalam/stock/item/138/image/_/face-img,Paavay,Denim,,Skinny,Apparel & Accessories > Clothing > Underwear & Socks > Shapewear,892.5 INR,1190.0 INR
RBL02,Royal Blue,Royal Blue,out of stock,new,https://paavay.aalam.cloud/store/item/Royal+Blue?id=139,https://paavay.aalam.cloud/aalam/stock/item/139/image/_/face-img,Paavay,Cobalt,,Chunky,Apparel & Accessories > Clothing > Underwear & Socks > Shapewear,892.5 INR,1190.0 INR
DENIMX03,Denim,Denim,in stock,new,https://paavay.aalam.cloud/store/item/Denim?id=140,https://paavay.aalam.cloud/aalam/stock/item/140/image/_/face-img,Paavay,Denim,,Skinny,Apparel & Accessories > Clothing > Underwear & Socks > Shapewear,892.5 INR,1190.0 INR
DENIMX01,Denim,Denim,in stock,new,https://paavay.aalam.cloud/store/item/Denim?id=141,https://paavay.aalam.cloud/aalam/stock/item/141/image/_/face-img,Paavay,Denim,,Skinny,Apparel & Accessories > Clothing > Underwear & Socks > Shapewear,892.5 INR,1190.0 INR
DENIMS03,Denim,Denim,in stock,new,https://paavay.aalam.cloud/store/item/Denim?id=142,https://paavay.aalam.cloud/aalam/stock/item/142/image/_/face-img,Paavay,Denim,,Skubby,Apparel & Accessories > Clothing > Underwear & Socks > Shapewear,892.5 INR,1190.0 INR
DENIMS02,Denim,Denim,out of stock,new,https://paavay.aalam.cloud/store/item/Denim?id=143,https://paavay.aalam.cloud/aalam/stock/item/143/image/_/face-img,Paavay,Denim,,Skubby,Apparel & Accessories > Clothing > Underwear & Socks > Shapewear,892.5 INR,1190.0 INR
DENIMS01,Denim,Denim,in stock,new,https://paavay.aalam.cloud/store/item/Denim?id=144,https://paavay.aalam.cloud/aalam/stock/item/144/image/_/face-img,Paavay,Denim,,Skubby,Apparel & Accessories > Clothing > Underwear & Socks > Shapewear,892.5 INR,1190.0 INR
DENIMM02,Denim,Denim,in stock,new,https://paavay.aalam.cloud/store/item/Denim?id=145,https://paavay.aalam.cloud/aalam/stock/item/145/image/_/face-img,Paavay,Denim,,Plumpy,Apparel & Accessories > Clothing > Underwear & Socks > Shapewear,892.5 INR,1190.0 INR
DENIMM03,Denim,Denim,in stock,new,https://paavay.aalam.cloud/store/item/Denim?id=146,https://paavay.aalam.cloud/aalam/stock/item/146/image/_/face-img,Paavay,Denim,,Plumpy,Apparel & Accessories > Clothing > Underwear & Socks > Shapewear,892.5 INR,1190.0 INR
DENIMM01,Denim,Denim,in stock,new,https://paavay.aalam.cloud/store/item/Denim?id=147,https://paavay.aalam.cloud/aalam/stock/item/147/image/_/face-img,Paavay,Denim,,Plumpy,Apparel & Accessories > Clothing > Underwear & Socks > Shapewear,892.5 INR,1190.0 INR
DENIML03,Denim,Denim,out of stock,new,https://paavay.aalam.cloud/store/item/Denim?id=148,https://paavay.aalam.cloud/aalam/stock/item/148/image/_/face-img,Paavay,Denim,,Chunky,Apparel & Accessories > Clothing > Underwear & Socks > Shapewear,892.5 INR,1190.0 INR
DENIML02,Denim,Denim,out of stock,new,https://paavay.aalam.cloud/store/item/Denim?id=149,https://paavay.aalam.cloud/aalam/stock/item/149/image/_/face-img,Paavay,Denim,,Chunky,Apparel & Accessories > Clothing > Underwear & Socks > Shapewear,892.5 INR,1190.0 INR
DENIML01,Denim,Denim,in stock,new,https://paavay.aalam.cloud/store/item/Denim?id=151,https://paavay.aalam.cloud/aalam/stock/item/151/image/_/face-img,Paavay,Denim,,Chunky,Apparel & Accessories > Clothing > Underwear & Socks > Shapewear,892.5 INR,1190.0 INR
DOLLYDENIMXL,Dolly,Dolly,in stock,new,https://paavay.aalam.cloud/store/item/Dolly?id=160,https://paavay.aalam.cloud/aalam/stock/item/160/image/_/face-img,Paavay,Denim,,XL,Apparel & Accessories > Clothing > Shirts & Tops,517.5 INR,690.0 INR
DOLLYPINEL,Dolly,Dolly,in stock,new,https://paavay.aalam.cloud/store/item/Dolly?id=161,https://paavay.aalam.cloud/aalam/stock/item/161/image/_/face-img,Paavay,Pine,,L,Apparel & Accessories > Clothing > Shirts & Tops,517.5 INR,690.0 INR
DOLLYDENIMX,Dolly,Dolly,in stock,new,https://paavay.aalam.cloud/store/item/Dolly?id=162,https://paavay.aalam.cloud/aalam/stock/item/162/image/_/face-img,Paavay,Denim,,XS,Apparel & Accessories > Clothing > Shirts & Tops,517.5 INR,690.0 INR
DOLLYDENIMM,Dolly,Dolly,in stock,new,https://paavay.aalam.cloud/store/item/Dolly?id=163,https://paavay.aalam.cloud/aalam/stock/item/163/image/_/face-img,Paavay,Denim,,M,Apparel & Accessories > Clothing > Shirts & Tops,517.5 INR,690.0 INR
DOLLYBLACKX,Dolly,Dolly,in stock,new,https://paavay.aalam.cloud/store/item/Dolly?id=164,https://paavay.aalam.cloud/aalam/stock/item/164/image/_/face-img,Paavay,Black,,XS,Apparel & Accessories > Clothing > Shirts & Tops,517.5 INR,690.0 INR
DOLLYDENIML,Dolly,Dolly,in stock,new,https://paavay.aalam.cloud/store/item/Dolly?id=165,https://paavay.aalam.cloud/aalam/stock/item/165/image/_/face-img,Paavay,Denim,,L,Apparel & Accessories > Clothing > Shirts & Tops,517.5 INR,690.0 INR
DOLLYDENIMS,Dolly,Dolly,in stock,new,https://paavay.aalam.cloud/store/item/Dolly?id=166,https://paavay.aalam.cloud/aalam/stock/item/166/image/_/face-img,Paavay,Denim,,S,Apparel & Accessories > Clothing > Shirts & Tops,517.5 INR,690.0 INR
DOLLYBLACKXL,Dolly,Dolly,in stock,new,https://paavay.aalam.cloud/store/item/Dolly?id=167,https://paavay.aalam.cloud/aalam/stock/item/167/image/_/face-img,Paavay,Black,,XL,Apparel & Accessories > Clothing > Shirts & Tops,517.5 INR,690.0 INR
DOLLYBLACKS,Dolly,Dolly,out of stock,new,https://paavay.aalam.cloud/store/item/Dolly?id=168,https://paavay.aalam.cloud/aalam/stock/item/168/image/_/face-img,Paavay,Black,,S,Apparel & Accessories > Clothing > Shirts & Tops,517.5 INR,690.0 INR
DOLLYBLACKL,Dolly,Dolly,in stock,new,https://paavay.aalam.cloud/store/item/Dolly?id=169,https://paavay.aalam.cloud/aalam/stock/item/169/image/_/face-img,Paavay,Black,,L,Apparel & Accessories > Clothing > Shirts & Tops,517.5 INR,690.0 INR
DOLLYBLACKM,Dolly,Dolly,out of stock,new,https://paavay.aalam.cloud/store/item/Dolly?id=170,https://paavay.aalam.cloud/aalam/stock/item/170/image/_/face-img,Paavay,Black,,M,Apparel & Accessories > Clothing > Shirts & Tops,517.5 INR,690.0 INR
DOLLYATGOLDS,Dolly,Dolly,in stock,new,https://paavay.aalam.cloud/store/item/Dolly?id=171,https://paavay.aalam.cloud/aalam/stock/item/171/image/_/face-img,Paavay,Antique Gold,,S,Apparel & Accessories > Clothing > Shirts & Tops,517.5 INR,690.0 INR
DOLLYATGOLDXL,Dolly,Dolly,in stock,new,https://paavay.aalam.cloud/store/item/Dolly?id=172,https://paavay.aalam.cloud/aalam/stock/item/172/image/_/face-img,Paavay,Antique Gold,,XL,Apparel & Accessories > Clothing > Shirts & Tops,517.5 INR,690.0 INR
DOLLYATGOLDX,Dolly,Dolly,in stock,new,https://paavay.aalam.cloud/store/item/Dolly?id=173,https://paavay.aalam.cloud/aalam/stock/item/173/image/_/face-img,Paavay,Antique Gold,,XS,Apparel & Accessories > Clothing > Shirts & Tops,517.5 INR,690.0 INR
DOLLYATGOLDM,Dolly,Dolly,in stock,new,https://paavay.aalam.cloud/store/item/Dolly?id=174,https://paavay.aalam.cloud/aalam/stock/item/174/image/_/face-img,Paavay,Antique Gold,,M,Apparel & Accessories > Clothing > Shirts & Tops,517.5 INR,690.0 INR
YX02,Mango,Mango,in stock,new,https://paavay.aalam.cloud/store/item/Mango?id=175,https://paavay.aalam.cloud/aalam/stock/item/175/image/_/face-img,Paavay,Mango,,Skinny,Apparel & Accessories > Clothing > Underwear & Socks > Shapewear,892.5 INR,1190.0 INR
YX03,Mango,Mango,in stock,new,https://paavay.aalam.cloud/store/item/Mango?id=176,https://paavay.aalam.cloud/aalam/stock/item/176/image/_/face-img,Paavay,Mango,,Skinny,Apparel & Accessories > Clothing > Underwear & Socks > Shapewear,892.5 INR,1190.0 INR
DOLLYATGOLDL,Dolly,Dolly,in stock,new,https://paavay.aalam.cloud/store/item/Dolly?id=177,https://paavay.aalam.cloud/aalam/stock/item/177/image/_/face-img,Paavay,Antique Gold,,L,Apparel & Accessories > Clothing > Shirts & Tops,517.5 INR,690.0 INR
YS03,Mango,Mango,in stock,new,https://paavay.aalam.cloud/store/item/Mango?id=178,https://paavay.aalam.cloud/aalam/stock/item/178/image/_/face-img,Paavay,Mango,,Skubby,Apparel & Accessories > Clothing > Underwear & Socks > Shapewear,892.5 INR,1190.0 INR
YX01,Mango,Mango,in stock,new,https://paavay.aalam.cloud/store/item/Mango?id=179,https://paavay.aalam.cloud/aalam/stock/item/179/image/_/face-img,Paavay,Mango,,Skinny,Apparel & Accessories > Clothing > Underwear & Socks > Shapewear,892.5 INR,1190.0 INR
YS02,Mango,Mango,in stock,new,https://paavay.aalam.cloud/store/item/Mango?id=180,https://paavay.aalam.cloud/aalam/stock/item/180/image/_/face-img,Paavay,Mango,,Skubby,Apparel & Accessories > Clothing > Underwear & Socks > Shapewear,892.5 INR,1190.0 INR
YS01,Mango,Mango,in stock,new,https://paavay.aalam.cloud/store/item/Mango?id=181,https://paavay.aalam.cloud/aalam/stock/item/181/image/_/face-img,Paavay,Mango,,Skubby,Apparel & Accessories > Clothing > Underwear & Socks > Shapewear,892.5 INR,1190.0 INR
YM03,Mango,Mango,out of stock,new,https://paavay.aalam.cloud/store/item/Mango?id=182,https://paavay.aalam.cloud/aalam/stock/item/182/image/_/face-img,Paavay,Mango,,Plumpy,Apparel & Accessories > Clothing > Underwear & Socks > Shapewear,892.5 INR,1190.0 INR
YM02,Mango,Mango,in stock,new,https://paavay.aalam.cloud/store/item/Mango?id=183,https://paavay.aalam.cloud/aalam/stock/item/183/image/_/face-img,Paavay,Mango,,Plumpy,Apparel & Accessories > Clothing > Underwear & Socks > Shapewear,892.5 INR,1190.0 INR
YM01,Mango,Mango,in stock,new,https://paavay.aalam.cloud/store/item/Mango?id=184,https://paavay.aalam.cloud/aalam/stock/item/184/image/_/face-img,Paavay,Mango,,Plumpy,Apparel & Accessories > Clothing > Underwear & Socks > Shapewear,892.5 INR,1190.0 INR
YL02,Mango,Mango,out of stock,new,https://paavay.aalam.cloud/store/item/Mango?id=185,https://paavay.aalam.cloud/aalam/stock/item/185/image/_/face-img,Paavay,Mango,,Chunky,Apparel & Accessories > Clothing > Underwear & Socks > Shapewear,892.5 INR,1190.0 INR
YL03,Mango,Mango,out of stock,new,https://paavay.aalam.cloud/store/item/Mango?id=186,https://paavay.aalam.cloud/aalam/stock/item/186/image/_/face-img,Paavay,Mango,,Chunky,Apparel & Accessories > Clothing > Underwear & Socks > Shapewear,892.5 INR,1190.0 INR
MX03,Maroon,Maroon,in stock,new,https://paavay.aalam.cloud/store/item/Maroon?id=187,https://paavay.aalam.cloud/aalam/stock/item/187/image/_/face-img,Paavay,Garnet,,Skinny,Apparel & Accessories > Clothing > Underwear & Socks > Shapewear,892.5 INR,1190.0 INR
MX02,Maroon,Maroon,out of stock,new,https://paavay.aalam.cloud/store/item/Maroon?id=188,https://paavay.aalam.cloud/aalam/stock/item/188/image/_/face-img,Paavay,Garnet,,Skinny,Apparel & Accessories > Clothing > Underwear & Socks > Shapewear,892.5 INR,1190.0 INR
YL01,Mango,Mango,in stock,new,https://paavay.aalam.cloud/store/item/Mango?id=189,https://paavay.aalam.cloud/aalam/stock/item/189/image/_/face-img,Paavay,Mango,,Chunky,Apparel & Accessories > Clothing > Underwear & Socks > Shapewear,892.5 INR,1190.0 INR
GARS03,Maroon,Maroon,out of stock,new,https://paavay.aalam.cloud/store/item/Maroon?id=190,https://paavay.aalam.cloud/aalam/stock/item/190/image/_/face-img,Paavay,Garnet,,Skubby,Apparel & Accessories > Clothing > Underwear & Socks > Shapewear,892.5 INR,1190.0 INR
MS03,Maroon,Maroon,out of stock,new,https://paavay.aalam.cloud/store/item/Maroon?id=191,https://paavay.aalam.cloud/aalam/stock/item/191/image/_/face-img,Paavay,Garnet,,Skubby,Apparel & Accessories > Clothing > Underwear & Socks > Shapewear,892.5 INR,1190.0 INR
MX01,Maroon,Maroon,in stock,new,https://paavay.aalam.cloud/store/item/Maroon?id=192,https://paavay.aalam.cloud/aalam/stock/item/192/image/_/face-img,Paavay,Garnet,,Skinny,Apparel & Accessories > Clothing > Underwear & Socks > Shapewear,892.5 INR,1190.0 INR
MS01,Maroon,Maroon,in stock,new,https://paavay.aalam.cloud/store/item/Maroon?id=193,https://paavay.aalam.cloud/aalam/stock/item/193/image/_/face-img,Paavay,Garnet,,Skubby,Apparel & Accessories > Clothing > Underwear & Socks > Shapewear,892.5 INR,1190.0 INR
MM03,Maroon,Maroon,out of stock,new,https://paavay.aalam.cloud/store/item/Maroon?id=194,https://paavay.aalam.cloud/aalam/stock/item/194/image/_/face-img,Paavay,Garnet,,Plumpy,Apparel & Accessories > Clothing > Underwear & Socks > Shapewear,892.5 INR,1190.0 INR
MM01,Maroon,Maroon,in stock,new,https://paavay.aalam.cloud/store/item/Maroon?id=195,https://paavay.aalam.cloud/aalam/stock/item/195/image/_/face-img,Paavay,Garnet,,Plumpy,Apparel & Accessories > Clothing > Underwear & Socks > Shapewear,892.5 INR,1190.0 INR
ML03,Maroon,Maroon,out of stock,new,https://paavay.aalam.cloud/store/item/Maroon?id=196,https://paavay.aalam.cloud/aalam/stock/item/196/image/_/face-img,Paavay,Garnet,,Chunky,Apparel & Accessories > Clothing > Underwear & Socks > Shapewear,892.5 INR,1190.0 INR
MM02,Maroon,Maroon,out of stock,new,https://paavay.aalam.cloud/store/item/Maroon?id=197,https://paavay.aalam.cloud/aalam/stock/item/197/image/_/face-img,Paavay,Garnet,,Plumpy,Apparel & Accessories > Clothing > Underwear & Socks > Shapewear,892.5 INR,1190.0 INR
ML02,Maroon,Maroon,out of stock,new,https://paavay.aalam.cloud/store/item/Maroon?id=198,https://paavay.aalam.cloud/aalam/stock/item/198/image/_/face-img,Paavay,Garnet,,Chunky,Apparel & Accessories > Clothing > Underwear & Socks > Shapewear,892.5 INR,1190.0 INR
ML01,Maroon,Maroon,in stock,new,https://paavay.aalam.cloud/store/item/Maroon?id=199,https://paavay.aalam.cloud/aalam/stock/item/199/image/_/face-img,Paavay,Garnet,,Chunky,Apparel & Accessories > Clothing > Underwear & Socks > Shapewear,892.5 INR,1190.0 INR
GLACIX03,Glacier,Glacier,in stock,new,https://paavay.aalam.cloud/store/item/Glacier?id=200,https://paavay.aalam.cloud/aalam/stock/item/200/image/_/face-img,Paavay,Glacier,,Skinny,Apparel & Accessories > Clothing > Underwear & Socks > Shapewear,892.5 INR,1190.0 INR
GLACIS02,Glacier,Glacier,out of stock,new,https://paavay.aalam.cloud/store/item/Glacier?id=201,https://paavay.aalam.cloud/aalam/stock/item/201/image/_/face-img,Paavay,Glacier,,Skubby,Apparel & Accessories > Clothing > Underwear & Socks > Shapewear,892.5 INR,1190.0 INR
GLACIX01,Glacier,Glacier,in stock,new,https://paavay.aalam.cloud/store/item/Glacier?id=202,https://paavay.aalam.cloud/aalam/stock/item/202/image/_/face-img,Paavay,Glacier,,Skinny,Apparel & Accessories > Clothing > Underwear & Socks > Shapewear,892.5 INR,1190.0 INR
GLACIX02,Glacier,Glacier,out of stock,new,https://paavay.aalam.cloud/store/item/Glacier?id=203,https://paavay.aalam.cloud/aalam/stock/item/203/image/_/face-img,Paavay,Glacier,,Skinny,Apparel & Accessories > Clothing > Underwear & Socks > Shapewear,892.5 INR,1190.0 INR
GLACIS03,Glacier,Glacier,out of stock,new,https://paavay.aalam.cloud/store/item/Glacier?id=204,https://paavay.aalam.cloud/aalam/stock/item/204/image/_/face-img,Paavay,Glacier,,Skubby,Apparel & Accessories > Clothing > Underwear & Socks > Shapewear,892.5 INR,1190.0 INR
GLACIS01,Glacier,Glacier,in stock,new,https://paavay.aalam.cloud/store/item/Glacier?id=205,https://paavay.aalam.cloud/aalam/stock/item/205/image/_/face-img,Paavay,Glacier,,Skubby,Apparel & Accessories > Clothing > Underwear & Socks > Shapewear,892.5 INR,1190.0 INR
GLACIM03,Glacier,Glacier,out of stock,new,https://paavay.aalam.cloud/store/item/Glacier?id=206,https://paavay.aalam.cloud/aalam/stock/item/206/image/_/face-img,Paavay,Glacier,,Plumpy,Apparel & Accessories > Clothing > Underwear & Socks > Shapewear,892.5 INR,1190.0 INR
GLACIM01,Glacier,Glacier,in stock,new,https://paavay.aalam.cloud/store/item/Glacier?id=207,https://paavay.aalam.cloud/aalam/stock/item/207/image/_/face-img,Paavay,Glacier,,Plumpy,Apparel & Accessories > Clothing > Underwear & Socks > Shapewear,892.5 INR,1190.0 INR
GLACIL03,Glacier,Glacier,out of stock,new,https://paavay.aalam.cloud/store/item/Glacier?id=208,https://paavay.aalam.cloud/aalam/stock/item/208/image/_/face-img,Paavay,Glacier,,Chunky,Apparel & Accessories > Clothing > Underwear & Socks > Shapewear,892.5 INR,1190.0 INR
GLACIL02,Glacier,Glacier,in stock,new,https://paavay.aalam.cloud/store/item/Glacier?id=209,https://paavay.aalam.cloud/aalam/stock/item/209/image/_/face-img,Paavay,Glacier,,Chunky,Apparel & Accessories > Clothing > Underwear & Socks > Shapewear,892.5 INR,1190.0 INR
GLACIM02,Glacier,Glacier,out of stock,new,https://paavay.aalam.cloud/store/item/Glacier?id=210,https://paavay.aalam.cloud/aalam/stock/item/210/image/_/face-img,Paavay,Glacier,,Plumpy,Apparel & Accessories > Clothing > Underwear & Socks > Shapewear,892.5 INR,1190.0 INR
GLACIL01,Glacier,Glacier,in stock,new,https://paavay.aalam.cloud/store/item/Glacier?id=211,https://paavay.aalam.cloud/aalam/stock/item/211/image/_/face-img,Paavay,Glacier,,Chunky,Apparel & Accessories > Clothing > Underwear & Socks > Shapewear,892.5 INR,1190.0 INR
LSNX,Lining Skirt Nude,Lining Skirt Nude,out of stock,new,https://paavay.aalam.cloud/store/item/Lining+Skirt+Nude?id=223,https://paavay.aalam.cloud/aalam/stock/item/223/image/_/face-img,Paavay,Nude,,Skinny,Apparel & Accessories > Clothing > Underwear & Socks > Shapewear,578.5 INR,890.0 INR
LSNS,Lining Skirt Nude,Lining Skirt Nude,out of stock,new,https://paavay.aalam.cloud/store/item/Lining+Skirt+Nude?id=225,https://paavay.aalam.cloud/aalam/stock/item/225/image/_/face-img,Paavay,Nude,,Skubby,Apparel & Accessories > Clothing > Underwear & Socks > Shapewear,578.5 INR,890.0 INR
LSNM,Lining Skirt Nude,Lining Skirt Nude,out of stock,new,https://paavay.aalam.cloud/store/item/Lining+Skirt+Nude?id=226,https://paavay.aalam.cloud/aalam/stock/item/226/image/_/face-img,Paavay,Nude,,Plumpy,Apparel & Accessories > Clothing > Underwear & Socks > Shapewear,578.5 INR,890.0 INR
LSBLACKX,Lining Skirt Black,Lining Skirt Black,out of stock,new,https://paavay.aalam.cloud/store/item/Lining+Skirt+Black?id=227,https://paavay.aalam.cloud/aalam/stock/item/227/image/_/face-img,Paavay,Black,,Skinny,Apparel & Accessories > Clothing > Underwear & Socks > Shapewear,578.5 INR,890.0 INR
LSBLACKM,Lining Skirt Black,Lining Skirt Black,out of stock,new,https://paavay.aalam.cloud/store/item/Lining+Skirt+Black?id=228,https://paavay.aalam.cloud/aalam/stock/item/228/image/_/face-img,Paavay,Black,,Plumpy,Apparel & Accessories > Clothing > Underwear & Socks > Shapewear,578.5 INR,890.0 INR
LOLIWINEXL,Lolita,Lolita,in stock,new,https://paavay.aalam.cloud/store/item/Lolita?id=229,https://paavay.aalam.cloud/aalam/stock/item/229/image/_/face-img,Paavay,Grape,,XL,Apparel & Accessories > Clothing > Shirts & Tops,517.5 INR,690.0 INR
LSBLACKS,Lining Skirt Black,Lining Skirt Black,out of stock,new,https://paavay.aalam.cloud/store/item/Lining+Skirt+Black?id=230,https://paavay.aalam.cloud/aalam/stock/item/230/image/_/face-img,Paavay,Black,,Skubby,Apparel & Accessories > Clothing > Underwear & Socks > Shapewear,578.5 INR,890.0 INR
LOLIWINEX,Lolita,Lolita,in stock,new,https://paavay.aalam.cloud/store/item/Lolita?id=231,https://paavay.aalam.cloud/aalam/stock/item/231/image/_/face-img,Paavay,Grape,,XS,Apparel & Accessories > Clothing > Shirts & Tops,517.5 INR,690.0 INR
LOLIREDXL,Lolita,Lolita,out of stock,new,https://paavay.aalam.cloud/store/item/Lolita?id=232,https://paavay.aalam.cloud/aalam/stock/item/232/image/_/face-img,Paavay,Red,,XL,Apparel & Accessories > Clothing > Shirts & Tops,517.5 INR,690.0 INR
LOLIWINEL,Lolita,Lolita,in stock,new,https://paavay.aalam.cloud/store/item/Lolita?id=233,https://paavay.aalam.cloud/aalam/stock/item/233/image/_/face-img,Paavay,Grape,,L,Apparel & Accessories > Clothing > Shirts & Tops,517.5 INR,690.0 INR
LOLIWINEM,Lolita,Lolita,out of stock,new,https://paavay.aalam.cloud/store/item/Lolita?id=234,https://paavay.aalam.cloud/aalam/stock/item/234/image/_/face-img,Paavay,Grape,,M,Apparel & Accessories > Clothing > Shirts & Tops,517.5 INR,690.0 INR
LOLIWINES,Lolita,Lolita,out of stock,new,https://paavay.aalam.cloud/store/item/Lolita?id=235,https://paavay.aalam.cloud/aalam/stock/item/235/image/_/face-img,Paavay,Grape,,S,Apparel & Accessories > Clothing > Shirts & Tops,517.5 INR,690.0 INR
LOLIREDX,Lolita,Lolita,in stock,new,https://paavay.aalam.cloud/store/item/Lolita?id=236,https://paavay.aalam.cloud/aalam/stock/item/236/image/_/face-img,Paavay,Red,,XS,Apparel & Accessories > Clothing > Shirts & Tops,517.5 INR,690.0 INR
LOLIREDS,Lolita,Lolita,out of stock,new,https://paavay.aalam.cloud/store/item/Lolita?id=237,https://paavay.aalam.cloud/aalam/stock/item/237/image/_/face-img,Paavay,Red,,S,Apparel & Accessories > Clothing > Shirts & Tops,517.5 INR,690.0 INR
LOLIREDM,Lolita,Lolita,out of stock,new,https://paavay.aalam.cloud/store/item/Lolita?id=238,https://paavay.aalam.cloud/aalam/stock/item/238/image/_/face-img,Paavay,Red,,M,Apparel & Accessories > Clothing > Shirts & Tops,517.5 INR,690.0 INR
LOLIREDL,Lolita,Lolita,out of stock,new,https://paavay.aalam.cloud/store/item/Lolita?id=239,https://paavay.aalam.cloud/aalam/stock/item/239/image/_/face-img,Paavay,Red,,L,Apparel & Accessories > Clothing > Shirts & Tops,517.5 INR,690.0 INR
LOLIPINEX,Lolita,Lolita,in stock,new,https://paavay.aalam.cloud/store/item/Lolita?id=240,https://paavay.aalam.cloud/aalam/stock/item/240/image/_/face-img,Paavay,Pine,,XS,Apparel & Accessories > Clothing > Shirts & Tops,517.5 INR,690.0 INR
LOLIPINEXL,Lolita,Lolita,out of stock,new,https://paavay.aalam.cloud/store/item/Lolita?id=241,https://paavay.aalam.cloud/aalam/stock/item/241/image/_/face-img,Paavay,Pine,,XL,Apparel & Accessories > Clothing > Shirts & Tops,517.5 INR,690.0 INR
LOLIPINES,Lolita,Lolita,out of stock,new,https://paavay.aalam.cloud/store/item/Lolita?id=242,https://paavay.aalam.cloud/aalam/stock/item/242/image/_/face-img,Paavay,Pine,,S,Apparel & Accessories > Clothing > Shirts & Tops,517.5 INR,690.0 INR
LOLIDENIMXL,Lolita,Lolita,out of stock,new,https://paavay.aalam.cloud/store/item/Lolita?id=243,https://paavay.aalam.cloud/aalam/stock/item/243/image/_/face-img,Paavay,Denim,,XL,Apparel & Accessories > Clothing > Shirts & Tops,517.5 INR,690.0 INR
LOLIDENIMX,Lolita,Lolita,out of stock,new,https://paavay.aalam.cloud/store/item/Lolita?id=244,https://paavay.aalam.cloud/aalam/stock/item/244/image/_/face-img,Paavay,Denim,,XS,Apparel & Accessories > Clothing > Shirts & Tops,517.5 INR,690.0 INR
LOLIDENIMS,Lolita,Lolita,out of stock,new,https://paavay.aalam.cloud/store/item/Lolita?id=245,https://paavay.aalam.cloud/aalam/stock/item/245/image/_/face-img,Paavay,Denim,,S,Apparel & Accessories > Clothing > Shirts & Tops,517.5 INR,690.0 INR
LOLIPINEM,Lolita,Lolita,out of stock,new,https://paavay.aalam.cloud/store/item/Lolita?id=246,https://paavay.aalam.cloud/aalam/stock/item/246/image/_/face-img,Paavay,Pine,,M,Apparel & Accessories > Clothing > Shirts & Tops,517.5 INR,690.0 INR
LOLIPINEL,Lolita,Lolita,out of stock,new,https://paavay.aalam.cloud/store/item/Lolita?id=247,https://paavay.aalam.cloud/aalam/stock/item/247/image/_/face-img,Paavay,Pine,,L,Apparel & Accessories > Clothing > Shirts & Tops,517.5 INR,690.0 INR
LOLIDENIMM,Lolita,Lolita,out of stock,new,https://paavay.aalam.cloud/store/item/Lolita?id=248,https://paavay.aalam.cloud/aalam/stock/item/248/image/_/face-img,Paavay,Denim,,M,Apparel & Accessories > Clothing > Shirts & Tops,517.5 INR,690.0 INR
LOLIDENIML,Lolita,Lolita,out of stock,new,https://paavay.aalam.cloud/store/item/Lolita?id=249,https://paavay.aalam.cloud/aalam/stock/item/249/image/_/face-img,Paavay,Denim,,L,Apparel & Accessories > Clothing > Shirts & Tops,517.5 INR,690.0 INR
LOLIBOUGXL,Lolita,Lolita,out of stock,new,https://paavay.aalam.cloud/store/item/Lolita?id=250,https://paavay.aalam.cloud/aalam/stock/item/250/image/_/face-img,Paavay,Bougainvillea,,XL,Apparel & Accessories > Clothing > Shirts & Tops,517.5 INR,690.0 INR
LOLIBOUGX,Lolita,Lolita,in stock,new,https://paavay.aalam.cloud/store/item/Lolita?id=251,https://paavay.aalam.cloud/aalam/stock/item/251/image/_/face-img,Paavay,Bougainvillea,,XS,Apparel & Accessories > Clothing > Shirts & Tops,517.5 INR,690.0 INR
LOLIBOUGL,Lolita,Lolita,out of stock,new,https://paavay.aalam.cloud/store/item/Lolita?id=252,https://paavay.aalam.cloud/aalam/stock/item/252/image/_/face-img,Paavay,Bougainvillea,,L,Apparel & Accessories > Clothing > Shirts & Tops,517.5 INR,690.0 INR
LOLIBOUGS,Lolita,Lolita,out of stock,new,https://paavay.aalam.cloud/store/item/Lolita?id=253,https://paavay.aalam.cloud/aalam/stock/item/253/image/_/face-img,Paavay,Bougainvillea,,S,Apparel & Accessories > Clothing > Shirts & Tops,517.5 INR,690.0 INR
LOLIBLACKXL,Lolita,Lolita,out of stock,new,https://paavay.aalam.cloud/store/item/Lolita?id=255,https://paavay.aalam.cloud/aalam/stock/item/255/image/_/face-img,Paavay,Black,,XL,Apparel & Accessories > Clothing > Shirts & Tops,517.5 INR,690.0 INR
LOLIBLACKM,Lolita,Lolita,out of stock,new,https://paavay.aalam.cloud/store/item/Lolita?id=256,https://paavay.aalam.cloud/aalam/stock/item/256/image/_/face-img,Paavay,Black,,M,Apparel & Accessories > Clothing > Shirts & Tops,517.5 INR,690.0 INR
DNX03,MidNight,MidNight,in stock,new,https://paavay.aalam.cloud/store/item/MidNight?id=257,https://paavay.aalam.cloud/aalam/stock/item/257/image/_/face-img,Paavay,Midnight,,Skinny,Apparel & Accessories > Clothing > Underwear & Socks > Shapewear,892.5 INR,1190.0 INR
LOLIBLACKS,Lolita,Lolita,out of stock,new,https://paavay.aalam.cloud/store/item/Lolita?id=258,https://paavay.aalam.cloud/aalam/stock/item/258/image/_/face-img,Paavay,Black,,S,Apparel & Accessories > Clothing > Shirts & Tops,517.5 INR,690.0 INR
LOLIBLACKX,Lolita,Lolita,out of stock,new,https://paavay.aalam.cloud/store/item/Lolita?id=259,https://paavay.aalam.cloud/aalam/stock/item/259/image/_/face-img,Paavay,Black,,XS,Apparel & Accessories > Clothing > Shirts & Tops,517.5 INR,690.0 INR
LOLIBLACKL,Lolita,Lolita,out of stock,new,https://paavay.aalam.cloud/store/item/Lolita?id=260,https://paavay.aalam.cloud/aalam/stock/item/260/image/_/face-img,Paavay,Black,,L,Apparel & Accessories > Clothing > Shirts & Tops,517.5 INR,690.0 INR
DNS03,MidNight,MidNight,out of stock,new,https://paavay.aalam.cloud/store/item/MidNight?id=261,https://paavay.aalam.cloud/aalam/stock/item/261/image/_/face-img,Paavay,Midnight,,Skubby,Apparel & Accessories > Clothing > Underwear & Socks > Shapewear,892.5 INR,1190.0 INR
DNX02,MidNight,MidNight,out of stock,new,https://paavay.aalam.cloud/store/item/MidNight?id=262,https://paavay.aalam.cloud/aalam/stock/item/262/image/_/face-img,Paavay,Midnight,,Skinny,Apparel & Accessories > Clothing > Underwear & Socks > Shapewear,892.5 INR,1190.0 INR
DNX01,MidNight,MidNight,out of stock,new,https://paavay.aalam.cloud/store/item/MidNight?id=263,https://paavay.aalam.cloud/aalam/stock/item/263/image/_/face-img,Paavay,Midnight,,Skinny,Apparel & Accessories > Clothing > Underwear & Socks > Shapewear,892.5 INR,1190.0 INR
DNS02,MidNight,MidNight,out of stock,new,https://paavay.aalam.cloud/store/item/MidNight?id=264,https://paavay.aalam.cloud/aalam/stock/item/264/image/_/face-img,Paavay,Midnight,,Skubby,Apparel & Accessories > Clothing > Underwear & Socks > Shapewear,892.5 INR,1190.0 INR
DNS01,MidNight,MidNight,in stock,new,https://paavay.aalam.cloud/store/item/MidNight?id=265,https://paavay.aalam.cloud/aalam/stock/item/265/image/_/face-img,Paavay,Midnight,,Skubby,Apparel & Accessories > Clothing > Underwear & Socks > Shapewear,892.5 INR,1190.0 INR
DNM03,MidNight,MidNight,out of stock,new,https://paavay.aalam.cloud/store/item/MidNight?id=266,https://paavay.aalam.cloud/aalam/stock/item/266/image/_/face-img,Paavay,Midnight,,Plumpy,Apparel & Accessories > Clothing > Underwear & Socks > Shapewear,892.5 INR,1190.0 INR
DNM02,MidNight,MidNight,out of stock,new,https://paavay.aalam.cloud/store/item/MidNight?id=267,https://paavay.aalam.cloud/aalam/stock/item/267/image/_/face-img,Paavay,Midnight,,Plumpy,Apparel & Accessories > Clothing > Underwear & Socks > Shapewear,892.5 INR,1190.0 INR
DNM01,MidNight,MidNight,in stock,new,https://paavay.aalam.cloud/store/item/MidNight?id=268,https://paavay.aalam.cloud/aalam/stock/item/268/image/_/face-img,Paavay,Midnight,,Plumpy,Apparel & Accessories > Clothing > Underwear & Socks > Shapewear,892.5 INR,1190.0 INR
DNL03,MidNight,MidNight,out of stock,new,https://paavay.aalam.cloud/store/item/MidNight?id=269,https://paavay.aalam.cloud/aalam/stock/item/269/image/_/face-img,Paavay,Midnight,,Chunky,Apparel & Accessories > Clothing > Underwear & Socks > Shapewear,892.5 INR,1190.0 INR
DNL02,MidNight,MidNight,out of stock,new,https://paavay.aalam.cloud/store/item/MidNight?id=270,https://paavay.aalam.cloud/aalam/stock/item/270/image/_/face-img,Paavay,Midnight,,Chunky,Apparel & Accessories > Clothing > Underwear & Socks > Shapewear,892.5 INR,1190.0 INR
DNL01,MidNight,MidNight,out of stock,new,https://paavay.aalam.cloud/store/item/MidNight?id=271,https://paavay.aalam.cloud/aalam/stock/item/271/image/_/face-img,Paavay,Midnight,,Chunky,Apparel & Accessories > Clothing > Underwear & Socks > Shapewear,892.5 INR,1190.0 INR
WX03,White,White,in stock,new,https://paavay.aalam.cloud/store/item/White?id=272,https://paavay.aalam.cloud/aalam/stock/item/272/image/_/face-img,Paavay,Moonlight,,Skinny,Apparel & Accessories > Clothing > Underwear & Socks > Shapewear,892.5 INR,1190.0 INR
WX02,White,White,in stock,new,https://paavay.aalam.cloud/store/item/White?id=273,https://paavay.aalam.cloud/aalam/stock/item/273/image/_/face-img,Paavay,Moonlight,,Skinny,Apparel & Accessories > Clothing > Underwear & Socks > Shapewear,892.5 INR,1190.0 INR
WX01,White,White,in stock,new,https://paavay.aalam.cloud/store/item/White?id=274,https://paavay.aalam.cloud/aalam/stock/item/274/image/_/face-img,Paavay,Moonlight,,Skinny,Apparel & Accessories > Clothing > Underwear & Socks > Shapewear,892.5 INR,1190.0 INR
WS03,White,White,out of stock,new,https://paavay.aalam.cloud/store/item/White?id=275,https://paavay.aalam.cloud/aalam/stock/item/275/image/_/face-img,Paavay,Moonlight,,Skubby,Apparel & Accessories > Clothing > Underwear & Socks > Shapewear,892.5 INR,1190.0 INR
WS02,White,White,out of stock,new,https://paavay.aalam.cloud/store/item/White?id=276,https://paavay.aalam.cloud/aalam/stock/item/276/image/_/face-img,Paavay,Moonlight,,Skubby,Apparel & Accessories > Clothing > Underwear & Socks > Shapewear,892.5 INR,1190.0 INR
WS01,White,White,in stock,new,https://paavay.aalam.cloud/store/item/White?id=277,https://paavay.aalam.cloud/aalam/stock/item/277/image/_/face-img,Paavay,Moonlight,,Skubby,Apparel & Accessories > Clothing > Underwear & Socks > Shapewear,892.5 INR,1190.0 INR
WM03,White,White,out of stock,new,https://paavay.aalam.cloud/store/item/White?id=278,https://paavay.aalam.cloud/aalam/stock/item/278/image/_/face-img,Paavay,Moonlight,,Plumpy,Apparel & Accessories > Clothing > Underwear & Socks > Shapewear,892.5 INR,1190.0 INR
WM02,White,White,out of stock,new,https://paavay.aalam.cloud/store/item/White?id=279,https://paavay.aalam.cloud/aalam/stock/item/279/image/_/face-img,Paavay,Moonlight,,Plumpy,Apparel & Accessories > Clothing > Underwear & Socks > Shapewear,892.5 INR,1190.0 INR
WM01,White,White,in stock,new,https://paavay.aalam.cloud/store/item/White?id=280,https://paavay.aalam.cloud/aalam/stock/item/280/image/_/face-img,Paavay,Moonlight,,Plumpy,Apparel & Accessories > Clothing > Underwear & Socks > Shapewear,892.5 INR,1190.0 INR
WL03,White,White,out of stock,new,https://paavay.aalam.cloud/store/item/White?id=281,https://paavay.aalam.cloud/aalam/stock/item/281/image/_/face-img,Paavay,Moonlight,,Chunky,Apparel & Accessories > Clothing > Underwear & Socks > Shapewear,892.5 INR,1190.0 INR
WL01,White,White,out of stock,new,https://paavay.aalam.cloud/store/item/White?id=282,https://paavay.aalam.cloud/aalam/stock/item/282/image/_/face-img,Paavay,Moonlight,,Chunky,Apparel & Accessories > Clothing > Underwear & Socks > Shapewear,892.5 INR,1190.0 INR
WL02,White,White,out of stock,new,https://paavay.aalam.cloud/store/item/White?id=283,https://paavay.aalam.cloud/aalam/stock/item/283/image/_/face-img,Paavay,Moonlight,,Chunky,Apparel & Accessories > Clothing > Underwear & Socks > Shapewear,892.5 INR,1190.0 INR
NX03,Nude,Nude,out of stock,new,https://paavay.aalam.cloud/store/item/Nude?id=284,https://paavay.aalam.cloud/aalam/stock/item/284/image/_/face-img,Paavay,Nude,,Skinny,Apparel & Accessories > Clothing > Underwear & Socks > Shapewear,,1790.0 INR
NX02,Nude,Nude,out of stock,new,https://paavay.aalam.cloud/store/item/Nude?id=285,https://paavay.aalam.cloud/aalam/stock/item/285/image/_/face-img,Paavay,Nude,,Skinny,Apparel & Accessories > Clothing > Underwear & Socks > Shapewear,,1790.0 INR
NX01,Nude,Nude,out of stock,new,https://paavay.aalam.cloud/store/item/Nude?id=286,https://paavay.aalam.cloud/aalam/stock/item/286/image/_/face-img,Paavay,Nude,,Skinny,Apparel & Accessories > Clothing > Underwear & Socks > Shapewear,,1790.0 INR
NS03,Nude,Nude,out of stock,new,https://paavay.aalam.cloud/store/item/Nude?id=287,https://paavay.aalam.cloud/aalam/stock/item/287/image/_/face-img,Paavay,Nude,,Skubby,Apparel & Accessories > Clothing > Underwear & Socks > Shapewear,,1790.0 INR
NS02,Nude,Nude,out of stock,new,https://paavay.aalam.cloud/store/item/Nude?id=288,https://paavay.aalam.cloud/aalam/stock/item/288/image/_/face-img,Paavay,Nude,,Skubby,Apparel & Accessories > Clothing > Underwear & Socks > Shapewear,,1790.0 INR
NM03,Nude,Nude,out of stock,new,https://paavay.aalam.cloud/store/item/Nude?id=289,https://paavay.aalam.cloud/aalam/stock/item/289/image/_/face-img,Paavay,Nude,,Plumpy,Apparel & Accessories > Clothing > Underwear & Socks > Shapewear,,1790.0 INR
NS01,Nude,Nude,out of stock,new,https://paavay.aalam.cloud/store/item/Nude?id=290,https://paavay.aalam.cloud/aalam/stock/item/290/image/_/face-img,Paavay,Nude,,Skubby,Apparel & Accessories > Clothing > Underwear & Socks > Shapewear,,1790.0 INR
NM02,Nude,Nude,out of stock,new,https://paavay.aalam.cloud/store/item/Nude?id=291,https://paavay.aalam.cloud/aalam/stock/item/291/image/_/face-img,Paavay,Nude,,Plumpy,Apparel & Accessories > Clothing > Underwear & Socks > Shapewear,,1790.0 INR
NM01,Nude,Nude,out of stock,new,https://paavay.aalam.cloud/store/item/Nude?id=292,https://paavay.aalam.cloud/aalam/stock/item/292/image/_/face-img,Paavay,Nude,,Plumpy,Apparel & Accessories > Clothing > Underwear & Socks > Shapewear,,1790.0 INR
NL03,Nude,Nude,out of stock,new,https://paavay.aalam.cloud/store/item/Nude?id=293,https://paavay.aalam.cloud/aalam/stock/item/293/image/_/face-img,Paavay,Nude,,Chunky,Apparel & Accessories > Clothing > Underwear & Socks > Shapewear,,1790.0 INR
NL02,Nude,Nude,out of stock,new,https://paavay.aalam.cloud/store/item/Nude?id=294,https://paavay.aalam.cloud/aalam/stock/item/294/image/_/face-img,Paavay,Nude,,Chunky,Apparel & Accessories > Clothing > Underwear & Socks > Shapewear,,1790.0 INR
NL01,Nude,Nude,out of stock,new,https://paavay.aalam.cloud/store/item/Nude?id=295,https://paavay.aalam.cloud/aalam/stock/item/295/image/_/face-img,Paavay,Nude,,Chunky,Apparel & Accessories > Clothing > Underwear & Socks > Shapewear,,1790.0 INR
OLDGOLDX03,Old Gold,Old Gold,in stock,new,https://paavay.aalam.cloud/store/item/Old+Gold?id=296,https://paavay.aalam.cloud/aalam/stock/item/296/image/_/face-img,Paavay,Old Gold,,Skinny,Apparel & Accessories > Clothing > Underwear & Socks > Shapewear,892.5 INR,1190.0 INR
OLDGOLDX02,Old Gold,Old Gold,in stock,new,https://paavay.aalam.cloud/store/item/Old+Gold?id=297,https://paavay.aalam.cloud/aalam/stock/item/297/image/_/face-img,Paavay,Old Gold,,Skinny,Apparel & Accessories > Clothing > Underwear & Socks > Shapewear,892.5 INR,1190.0 INR
OLDGOLDX01,Old Gold,Old Gold,in stock,new,https://paavay.aalam.cloud/store/item/Old+Gold?id=298,https://paavay.aalam.cloud/aalam/stock/item/298/image/_/face-img,Paavay,Old Gold,,Skinny,Apparel & Accessories > Clothing > Underwear & Socks > Shapewear,892.5 INR,1190.0 INR
OLDGOLDS03,Old Gold,Old Gold,out of stock,new,https://paavay.aalam.cloud/store/item/Old+Gold?id=299,https://paavay.aalam.cloud/aalam/stock/item/299/image/_/face-img,Paavay,Old Gold,,Skubby,Apparel & Accessories > Clothing > Underwear & Socks > Shapewear,892.5 INR,1190.0 INR
OLDGOLDS01,Old Gold,Old Gold,in stock,new,https://paavay.aalam.cloud/store/item/Old+Gold?id=300,https://paavay.aalam.cloud/aalam/stock/item/300/image/_/face-img,Paavay,Old Gold,,Skubby,Apparel & Accessories > Clothing > Underwear & Socks > Shapewear,892.5 INR,1190.0 INR
OLDGOLDS02,Old Gold,Old Gold,out of stock,new,https://paavay.aalam.cloud/store/item/Old+Gold?id=301,https://paavay.aalam.cloud/aalam/stock/item/301/image/_/face-img,Paavay,Old Gold,,Skubby,Apparel & Accessories > Clothing > Underwear & Socks > Shapewear,892.5 INR,1190.0 INR
OLDGOLDM03,Old Gold,Old Gold,out of stock,new,https://paavay.aalam.cloud/store/item/Old+Gold?id=302,https://paavay.aalam.cloud/aalam/stock/item/302/image/_/face-img,Paavay,Old Gold,,Plumpy,Apparel & Accessories > Clothing > Underwear & Socks > Shapewear,892.5 INR,1190.0 INR
OLDGOLDM02,Old Gold,Old Gold,out of stock,new,https://paavay.aalam.cloud/store/item/Old+Gold?id=303,https://paavay.aalam.cloud/aalam/stock/item/303/image/_/face-img,Paavay,Old Gold,,Plumpy,Apparel & Accessories > Clothing > Underwear & Socks > Shapewear,892.5 INR,1190.0 INR
OLDGOLDL03,Old Gold,Old Gold,out of stock,new,https://paavay.aalam.cloud/store/item/Old+Gold?id=304,https://paavay.aalam.cloud/aalam/stock/item/304/image/_/face-img,Paavay,Old Gold,,Chunky,Apparel & Accessories > Clothing > Underwear & Socks > Shapewear,892.5 INR,1190.0 INR
OLDGOLDM01,Old Gold,Old Gold,in stock,new,https://paavay.aalam.cloud/store/item/Old+Gold?id=305,https://paavay.aalam.cloud/aalam/stock/item/305/image/_/face-img,Paavay,Old Gold,,Plumpy,Apparel & Accessories > Clothing > Underwear & Socks > Shapewear,892.5 INR,1190.0 INR
OLDGOLDL02,Old Gold,Old Gold,out of stock,new,https://paavay.aalam.cloud/store/item/Old+Gold?id=306,https://paavay.aalam.cloud/aalam/stock/item/306/image/_/face-img,Paavay,Old Gold,,Chunky,Apparel & Accessories > Clothing > Underwear & Socks > Shapewear,892.5 INR,1190.0 INR
OLDGOLDL01,Old Gold,Old Gold,in stock,new,https://paavay.aalam.cloud/store/item/Old+Gold?id=307,https://paavay.aalam.cloud/aalam/stock/item/307/image/_/face-img,Paavay,Old Gold,,Chunky,Apparel & Accessories > Clothing > Underwear & Socks > Shapewear,892.5 INR,1190.0 INR
ORCHX03,Orchid,Orchid,in stock,new,https://paavay.aalam.cloud/store/item/Orchid?id=308,https://paavay.aalam.cloud/aalam/stock/item/308/image/_/face-img,Paavay,Orchid,,Skinny,Apparel & Accessories > Clothing > Underwear & Socks > Shapewear,892.5 INR,1190.0 INR
ORCHX02,Orchid,Orchid,in stock,new,https://paavay.aalam.cloud/store/item/Orchid?id=309,https://paavay.aalam.cloud/aalam/stock/item/309/image/_/face-img,Paavay,Orchid,,Skinny,Apparel & Accessories > Clothing > Underwear & Socks > Shapewear,892.5 INR,1190.0 INR
ORCHS02,Orchid,Orchid,out of stock,new,https://paavay.aalam.cloud/store/item/Orchid?id=310,https://paavay.aalam.cloud/aalam/stock/item/310/image/_/face-img,Paavay,Orchid,,Skubby,Apparel & Accessories > Clothing > Underwear & Socks > Shapewear,892.5 INR,1190.0 INR
ORCHX01,Orchid,Orchid,in stock,new,https://paavay.aalam.cloud/store/item/Orchid?id=311,https://paavay.aalam.cloud/aalam/stock/item/311/image/_/face-img,Paavay,Orchid,,Skinny,Apparel & Accessories > Clothing > Underwear & Socks > Shapewear,892.5 INR,1190.0 INR
ORCHS01,Orchid,Orchid,in stock,new,https://paavay.aalam.cloud/store/item/Orchid?id=312,https://paavay.aalam.cloud/aalam/stock/item/312/image/_/face-img,Paavay,Orchid,,Skubby,Apparel & Accessories > Clothing > Underwear & Socks > Shapewear,892.5 INR,1190.0 INR
ORCHS03,Orchid,Orchid,out of stock,new,https://paavay.aalam.cloud/store/item/Orchid?id=313,https://paavay.aalam.cloud/aalam/stock/item/313/image/_/face-img,Paavay,Orchid,,Skubby,Apparel & Accessories > Clothing > Underwear & Socks > Shapewear,892.5 INR,1190.0 INR
ORCHM03,Orchid,Orchid,in stock,new,https://paavay.aalam.cloud/store/item/Orchid?id=314,https://paavay.aalam.cloud/aalam/stock/item/314/image/_/face-img,Paavay,Orchid,,Plumpy,Apparel & Accessories > Clothing > Underwear & Socks > Shapewear,892.5 INR,1190.0 INR
ORCHM02,Orchid,Orchid,in stock,new,https://paavay.aalam.cloud/store/item/Orchid?id=315,https://paavay.aalam.cloud/aalam/stock/item/315/image/_/face-img,Paavay,Orchid,,Plumpy,Apparel & Accessories > Clothing > Underwear & Socks > Shapewear,892.5 INR,1190.0 INR
ORCHL03,Orchid,Orchid,out of stock,new,https://paavay.aalam.cloud/store/item/Orchid?id=316,https://paavay.aalam.cloud/aalam/stock/item/316/image/_/face-img,Paavay,Orchid,,Chunky,Apparel & Accessories > Clothing > Underwear & Socks > Shapewear,892.5 INR,1190.0 INR
ORCHM01,Orchid,Orchid,in stock,new,https://paavay.aalam.cloud/store/item/Orchid?id=317,https://paavay.aalam.cloud/aalam/stock/item/317/image/_/face-img,Paavay,Orchid,,Plumpy,Apparel & Accessories > Clothing > Underwear & Socks > Shapewear,892.5 INR,1190.0 INR
ORCHL02,Orchid,Orchid,out of stock,new,https://paavay.aalam.cloud/store/item/Orchid?id=318,https://paavay.aalam.cloud/aalam/stock/item/318/image/_/face-img,Paavay,Orchid,,Chunky,Apparel & Accessories > Clothing > Underwear & Socks > Shapewear,892.5 INR,1190.0 INR
ORCHL01,Orchid,Orchid,in stock,new,https://paavay.aalam.cloud/store/item/Orchid?id=319,https://paavay.aalam.cloud/aalam/stock/item/319/image/_/face-img,Paavay,Orchid,,Chunky,Apparel & Accessories > Clothing > Underwear & Socks > Shapewear,892.5 INR,1190.0 INR
RX02,True Red,True Red,in stock,new,https://paavay.aalam.cloud/store/item/True+Red?id=320,https://paavay.aalam.cloud/aalam/stock/item/320/image/_/face-img,Paavay,Paprika,,Skinny,Apparel & Accessories > Clothing > Underwear & Socks > Shapewear,892.5 INR,1190.0 INR
RX03,True Red,True Red,in stock,new,https://paavay.aalam.cloud/store/item/True+Red?id=321,https://paavay.aalam.cloud/aalam/stock/item/321/image/_/face-img,Paavay,Paprika,,Skinny,Apparel & Accessories > Clothing > Underwear & Socks > Shapewear,892.5 INR,1190.0 INR
RX01,True Red,True Red,in stock,new,https://paavay.aalam.cloud/store/item/True+Red?id=322,https://paavay.aalam.cloud/aalam/stock/item/322/image/_/face-img,Paavay,Paprika,,Skinny,Apparel & Accessories > Clothing > Underwear & Socks > Shapewear,892.5 INR,1190.0 INR
RS01,True Red,True Red,in stock,new,https://paavay.aalam.cloud/store/item/True+Red?id=323,https://paavay.aalam.cloud/aalam/stock/item/323/image/_/face-img,Paavay,Paprika,,Skubby,Apparel & Accessories > Clothing > Underwear & Socks > Shapewear,892.5 INR,1190.0 INR
RS03,True Red,True Red,out of stock,new,https://paavay.aalam.cloud/store/item/True+Red?id=324,https://paavay.aalam.cloud/aalam/stock/item/324/image/_/face-img,Paavay,Paprika,,Skubby,Apparel & Accessories > Clothing > Underwear & Socks > Shapewear,892.5 INR,1190.0 INR
RM03,True Red,True Red,in stock,new,https://paavay.aalam.cloud/store/item/True+Red?id=325,https://paavay.aalam.cloud/aalam/stock/item/325/image/_/face-img,Paavay,Paprika,,Plumpy,Apparel & Accessories > Clothing > Underwear & Socks > Shapewear,892.5 INR,1190.0 INR
RS02,True Red,True Red,out of stock,new,https://paavay.aalam.cloud/store/item/True+Red?id=326,https://paavay.aalam.cloud/aalam/stock/item/326/image/_/face-img,Paavay,Paprika,,Skubby,Apparel & Accessories > Clothing > Underwear & Socks > Shapewear,892.5 INR,1190.0 INR
RM02,True Red,True Red,in stock,new,https://paavay.aalam.cloud/store/item/True+Red?id=327,https://paavay.aalam.cloud/aalam/stock/item/327/image/_/face-img,Paavay,Paprika,,Plumpy,Apparel & Accessories > Clothing > Underwear & Socks > Shapewear,892.5 INR,1190.0 INR
RM01,True Red,True Red,in stock,new,https://paavay.aalam.cloud/store/item/True+Red?id=328,https://paavay.aalam.cloud/aalam/stock/item/328/image/_/face-img,Paavay,Paprika,,Plumpy,Apparel & Accessories > Clothing > Underwear & Socks > Shapewear,892.5 INR,1190.0 INR
RL01,True Red,True Red,in stock,new,https://paavay.aalam.cloud/store/item/True+Red?id=329,https://paavay.aalam.cloud/aalam/stock/item/329/image/_/face-img,Paavay,Paprika,,Chunky,Apparel & Accessories > Clothing > Underwear & Socks > Shapewear,892.5 INR,1190.0 INR
RL03,True Red,True Red,out of stock,new,https://paavay.aalam.cloud/store/item/True+Red?id=330,https://paavay.aalam.cloud/aalam/stock/item/330/image/_/face-img,Paavay,Paprika,,Chunky,Apparel & Accessories > Clothing > Underwear & Socks > Shapewear,892.5 INR,1190.0 INR
RL02,True Red,True Red,out of stock,new,https://paavay.aalam.cloud/store/item/True+Red?id=331,https://paavay.aalam.cloud/aalam/stock/item/331/image/_/face-img,Paavay,Paprika,,Chunky,Apparel & Accessories > Clothing > Underwear & Socks > Shapewear,892.5 INR,1190.0 INR
PARROTX03,Parrot,Parrot,in stock,new,https://paavay.aalam.cloud/store/item/Parrot?id=332,https://paavay.aalam.cloud/aalam/stock/item/332/image/_/face-img,Paavay,Parrot,,Skinny,Apparel & Accessories > Clothing > Underwear & Socks > Shapewear,892.5 INR,1190.0 INR
PARROTX02,Parrot,Parrot,in stock,new,https://paavay.aalam.cloud/store/item/Parrot?id=333,https://paavay.aalam.cloud/aalam/stock/item/333/image/_/face-img,Paavay,Parrot,,Skinny,Apparel & Accessories > Clothing > Underwear & Socks > Shapewear,892.5 INR,1190.0 INR
PARROTX01,Parrot,Parrot,in stock,new,https://paavay.aalam.cloud/store/item/Parrot?id=334,https://paavay.aalam.cloud/aalam/stock/item/334/image/_/face-img,Paavay,Parrot,,Skinny,Apparel & Accessories > Clothing > Underwear & Socks > Shapewear,892.5 INR,1190.0 INR
PARROTS02,Parrot,Parrot,out of stock,new,https://paavay.aalam.cloud/store/item/Parrot?id=335,https://paavay.aalam.cloud/aalam/stock/item/335/image/_/face-img,Paavay,Parrot,,Skubby,Apparel & Accessories > Clothing > Underwear & Socks > Shapewear,892.5 INR,1190.0 INR
PARROTS03,Parrot,Parrot,in stock,new,https://paavay.aalam.cloud/store/item/Parrot?id=336,https://paavay.aalam.cloud/aalam/stock/item/336/image/_/face-img,Paavay,Parrot,,Skubby,Apparel & Accessories > Clothing > Underwear & Socks > Shapewear,892.5 INR,1190.0 INR
PARROTM01,Parrot,Parrot,in stock,new,https://paavay.aalam.cloud/store/item/Parrot?id=337,https://paavay.aalam.cloud/aalam/stock/item/337/image/_/face-img,Paavay,Parrot,,Plumpy,Apparel & Accessories > Clothing > Underwear & Socks > Shapewear,892.5 INR,1190.0 INR
PARROTS01,Parrot,Parrot,in stock,new,https://paavay.aalam.cloud/store/item/Parrot?id=338,https://paavay.aalam.cloud/aalam/stock/item/338/image/_/face-img,Paavay,Parrot,,Skubby,Apparel & Accessories > Clothing > Underwear & Socks > Shapewear,892.5 INR,1190.0 INR
PARROTM03,Parrot,Parrot,in stock,new,https://paavay.aalam.cloud/store/item/Parrot?id=339,https://paavay.aalam.cloud/aalam/stock/item/339/image/_/face-img,Paavay,Parrot,,Plumpy,Apparel & Accessories > Clothing > Underwear & Socks > Shapewear,892.5 INR,1190.0 INR
PARROTM02,Parrot,Parrot,in stock,new,https://paavay.aalam.cloud/store/item/Parrot?id=340,https://paavay.aalam.cloud/aalam/stock/item/340/image/_/face-img,Paavay,Parrot,,Plumpy,Apparel & Accessories > Clothing > Underwear & Socks > Shapewear,892.5 INR,1190.0 INR
PARROTL03,Parrot,Parrot,out of stock,new,https://paavay.aalam.cloud/store/item/Parrot?id=341,https://paavay.aalam.cloud/aalam/stock/item/341/image/_/face-img,Paavay,Parrot,,Chunky,Apparel & Accessories > Clothing > Underwear & Socks > Shapewear,892.5 INR,1190.0 INR
PARROTL02,Parrot,Parrot,in stock,new,https://paavay.aalam.cloud/store/item/Parrot?id=342,https://paavay.aalam.cloud/aalam/stock/item/342/image/_/face-img,Paavay,Parrot,,Chunky,Apparel & Accessories > Clothing > Underwear & Socks > Shapewear,892.5 INR,1190.0 INR
PARROTL01,Parrot,Parrot,in stock,new,https://paavay.aalam.cloud/store/item/Parrot?id=343,https://paavay.aalam.cloud/aalam/stock/item/343/image/_/face-img,Paavay,Parrot,,Chunky,Apparel & Accessories > Clothing > Underwear & Socks > Shapewear,892.5 INR,1190.0 INR
PEACHX03,Peach,Peach,out of stock,new,https://paavay.aalam.cloud/store/item/Peach?id=344,https://paavay.aalam.cloud/aalam/stock/item/344/image/_/face-img,Paavay,Peach,,Skinny,Apparel & Accessories > Clothing > Underwear & Socks > Shapewear,892.5 INR,1190.0 INR
PEACHX02,Peach,Peach,out of stock,new,https://paavay.aalam.cloud/store/item/Peach?id=345,https://paavay.aalam.cloud/aalam/stock/item/345/image/_/face-img,Paavay,Peach,,Skinny,Apparel & Accessories > Clothing > Underwear & Socks > Shapewear,892.5 INR,1190.0 INR
PEACHX01,Peach,Peach,out of stock,new,https://paavay.aalam.cloud/store/item/Peach?id=346,https://paavay.aalam.cloud/aalam/stock/item/346/image/_/face-img,Paavay,Peach,,Skinny,Apparel & Accessories > Clothing > Underwear & Socks > Shapewear,892.5 INR,1190.0 INR
PEACHS02,Peach,Peach,out of stock,new,https://paavay.aalam.cloud/store/item/Peach?id=347,https://paavay.aalam.cloud/aalam/stock/item/347/image/_/face-img,Paavay,Peach,,Skubby,Apparel & Accessories > Clothing > Underwear & Socks > Shapewear,892.5 INR,1190.0 INR
PEACHS03,Peach,Peach,out of stock,new,https://paavay.aalam.cloud/store/item/Peach?id=348,https://paavay.aalam.cloud/aalam/stock/item/348/image/_/face-img,Paavay,Peach,,Skubby,Apparel & Accessories > Clothing > Underwear & Socks > Shapewear,892.5 INR,1190.0 INR
PEACHS01,Peach,Peach,in stock,new,https://paavay.aalam.cloud/store/item/Peach?id=349,https://paavay.aalam.cloud/aalam/stock/item/349/image/_/face-img,Paavay,Peach,,Skubby,Apparel & Accessories > Clothing > Underwear & Socks > Shapewear,892.5 INR,1190.0 INR
PEACHM03,Peach,Peach,out of stock,new,https://paavay.aalam.cloud/store/item/Peach?id=350,https://paavay.aalam.cloud/aalam/stock/item/350/image/_/face-img,Paavay,Peach,,Plumpy,Apparel & Accessories > Clothing > Underwear & Socks > Shapewear,892.5 INR,1190.0 INR
PEACHM01,Peach,Peach,in stock,new,https://paavay.aalam.cloud/store/item/Peach?id=351,https://paavay.aalam.cloud/aalam/stock/item/351/image/_/face-img,Paavay,Peach,,Plumpy,Apparel & Accessories > Clothing > Underwear & Socks > Shapewear,892.5 INR,1190.0 INR
PEACHM02,Peach,Peach,out of stock,new,https://paavay.aalam.cloud/store/item/Peach?id=352,https://paavay.aalam.cloud/aalam/stock/item/352/image/_/face-img,Paavay,Peach,,Plumpy,Apparel & Accessories > Clothing > Underwear & Socks > Shapewear,892.5 INR,1190.0 INR
PEACHL03,Peach,Peach,out of stock,new,https://paavay.aalam.cloud/store/item/Peach?id=353,https://paavay.aalam.cloud/aalam/stock/item/353/image/_/face-img,Paavay,Peach,,Chunky,Apparel & Accessories > Clothing > Underwear & Socks > Shapewear,892.5 INR,1190.0 INR
PEACHL02,Peach,Peach,out of stock,new,https://paavay.aalam.cloud/store/item/Peach?id=354,https://paavay.aalam.cloud/aalam/stock/item/354/image/_/face-img,Paavay,Peach,,Chunky,Apparel & Accessories > Clothing > Underwear & Socks > Shapewear,892.5 INR,1190.0 INR
PEACHL01,Peach,Peach,in stock,new,https://paavay.aalam.cloud/store/item/Peach?id=355,https://paavay.aalam.cloud/aalam/stock/item/355/image/_/face-img,Paavay,Peach,,Chunky,Apparel & Accessories > Clothing > Underwear & Socks > Shapewear,892.5 INR,1190.0 INR
PEAX03,Peacock,Peacock,in stock,new,https://paavay.aalam.cloud/store/item/Peacock?id=356,https://paavay.aalam.cloud/aalam/stock/item/356/image/_/face-img,Paavay,Peacock,,Skinny,Apparel & Accessories > Clothing > Underwear & Socks > Shapewear,892.5 INR,1190.0 INR
PEAX01,Peacock,Peacock,in stock,new,https://paavay.aalam.cloud/store/item/Peacock?id=357,https://paavay.aalam.cloud/aalam/stock/item/357/image/_/face-img,Paavay,Peacock,,Skinny,Apparel & Accessories > Clothing > Underwear & Socks > Shapewear,892.5 INR,1190.0 INR
PEAX02,Peacock,Peacock,in stock,new,https://paavay.aalam.cloud/store/item/Peacock?id=358,https://paavay.aalam.cloud/aalam/stock/item/358/image/_/face-img,Paavay,Peacock,,Skinny,Apparel & Accessories > Clothing > Underwear & Socks > Shapewear,892.5 INR,1190.0 INR
PEAS02,Peacock,Peacock,out of stock,new,https://paavay.aalam.cloud/store/item/Peacock?id=359,https://paavay.aalam.cloud/aalam/stock/item/359/image/_/face-img,Paavay,Peacock,,Skubby,Apparel & Accessories > Clothing > Underwear & Socks > Shapewear,892.5 INR,1190.0 INR
PEAS03,Peacock,Peacock,out of stock,new,https://paavay.aalam.cloud/store/item/Peacock?id=360,https://paavay.aalam.cloud/aalam/stock/item/360/image/_/face-img,Paavay,Peacock,,Skubby,Apparel & Accessories > Clothing > Underwear & Socks > Shapewear,892.5 INR,1190.0 INR
PEAS01,Peacock,Peacock,in stock,new,https://paavay.aalam.cloud/store/item/Peacock?id=361,https://paavay.aalam.cloud/aalam/stock/item/361/image/_/face-img,Paavay,Peacock,,Skubby,Apparel & Accessories > Clothing > Underwear & Socks > Shapewear,892.5 INR,1190.0 INR
PEAM03,Peacock,Peacock,in stock,new,https://paavay.aalam.cloud/store/item/Peacock?id=362,https://paavay.aalam.cloud/aalam/stock/item/362/image/_/face-img,Paavay,Peacock,,Plumpy,Apparel & Accessories > Clothing > Underwear & Socks > Shapewear,892.5 INR,1190.0 INR
PEAM01,Peacock,Peacock,in stock,new,https://paavay.aalam.cloud/store/item/Peacock?id=363,https://paavay.aalam.cloud/aalam/stock/item/363/image/_/face-img,Paavay,Peacock,,Plumpy,Apparel & Accessories > Clothing > Underwear & Socks > Shapewear,892.5 INR,1190.0 INR
PEAM02,Peacock,Peacock,in stock,new,https://paavay.aalam.cloud/store/item/Peacock?id=364,https://paavay.aalam.cloud/aalam/stock/item/364/image/_/face-img,Paavay,Peacock,,Plumpy,Apparel & Accessories > Clothing > Underwear & Socks > Shapewear,892.5 INR,1190.0 INR
PEAL02,Peacock,Peacock,out of stock,new,https://paavay.aalam.cloud/store/item/Peacock?id=365,https://paavay.aalam.cloud/aalam/stock/item/365/image/_/face-img,Paavay,Peacock,,Chunky,Apparel & Accessories > Clothing > Underwear & Socks > Shapewear,892.5 INR,1190.0 INR
PEAL03,Peacock,Peacock,out of stock,new,https://paavay.aalam.cloud/store/item/Peacock?id=366,https://paavay.aalam.cloud/aalam/stock/item/366/image/_/face-img,Paavay,Peacock,,Chunky,Apparel & Accessories > Clothing > Underwear & Socks > Shapewear,892.5 INR,1190.0 INR
PEAL01,Peacock,Peacock,in stock,new,https://paavay.aalam.cloud/store/item/Peacock?id=368,https://paavay.aalam.cloud/aalam/stock/item/368/image/_/face-img,Paavay,Peacock,,Chunky,Apparel & Accessories > Clothing > Underwear & Socks > Shapewear,892.5 INR,1190.0 INR
PGX03,Pistachio,Pistachio,in stock,new,https://paavay.aalam.cloud/store/item/Pistachio?id=379,https://paavay.aalam.cloud/aalam/stock/item/379/image/_/face-img,Paavay,Pistachio,,Skinny,Apparel & Accessories > Clothing > Underwear & Socks > Shapewear,892.5 INR,1190.0 INR
PGX01,Pistachio,Pistachio,in stock,new,https://paavay.aalam.cloud/store/item/Pistachio?id=380,https://paavay.aalam.cloud/aalam/stock/item/380/image/_/face-img,Paavay,Pistachio,,Skinny,Apparel & Accessories > Clothing > Underwear & Socks > Shapewear,892.5 INR,1190.0 INR
PGX02,Pistachio,Pistachio,in stock,new,https://paavay.aalam.cloud/store/item/Pistachio?id=382,https://paavay.aalam.cloud/aalam/stock/item/382/image/_/face-img,Paavay,Pistachio,,Skinny,Apparel & Accessories > Clothing > Underwear & Socks > Shapewear,892.5 INR,1190.0 INR
PGS03,Pistachio,Pistachio,out of stock,new,https://paavay.aalam.cloud/store/item/Pistachio?id=383,https://paavay.aalam.cloud/aalam/stock/item/383/image/_/face-img,Paavay,Pistachio,,Skubby,Apparel & Accessories > Clothing > Underwear & Socks > Shapewear,892.5 INR,1190.0 INR
PGS02,Pistachio,Pistachio,out of stock,new,https://paavay.aalam.cloud/store/item/Pistachio?id=384,https://paavay.aalam.cloud/aalam/stock/item/384/image/_/face-img,Paavay,Pistachio,,Skubby,Apparel & Accessories > Clothing > Underwear & Socks > Shapewear,892.5 INR,1190.0 INR
PGS01,Pistachio,Pistachio,in stock,new,https://paavay.aalam.cloud/store/item/Pistachio?id=385,https://paavay.aalam.cloud/aalam/stock/item/385/image/_/face-img,Paavay,Pistachio,,Skubby,Apparel & Accessories > Clothing > Underwear & Socks > Shapewear,892.5 INR,1190.0 INR
PGM01,Pistachio,Pistachio,in stock,new,https://paavay.aalam.cloud/store/item/Pistachio?id=386,https://paavay.aalam.cloud/aalam/stock/item/386/image/_/face-img,Paavay,Pistachio,,Plumpy,Apparel & Accessories > Clothing > Underwear & Socks > Shapewear,892.5 INR,1190.0 INR
PGM03,Pistachio,Pistachio,out of stock,new,https://paavay.aalam.cloud/store/item/Pistachio?id=387,https://paavay.aalam.cloud/aalam/stock/item/387/image/_/face-img,Paavay,Pistachio,,Plumpy,Apparel & Accessories > Clothing > Underwear & Socks > Shapewear,892.5 INR,1190.0 INR
PGM02,Pistachio,Pistachio,in stock,new,https://paavay.aalam.cloud/store/item/Pistachio?id=388,https://paavay.aalam.cloud/aalam/stock/item/388/image/_/face-img,Paavay,Pistachio,,Plumpy,Apparel & Accessories > Clothing > Underwear & Socks > Shapewear,892.5 INR,1190.0 INR
PGL02,Pistachio,Pistachio,out of stock,new,https://paavay.aalam.cloud/store/item/Pistachio?id=389,https://paavay.aalam.cloud/aalam/stock/item/389/image/_/face-img,Paavay,Pistachio,,Chunky,Apparel & Accessories > Clothing > Underwear & Socks > Shapewear,892.5 INR,1190.0 INR
PGL03,Pistachio,Pistachio,out of stock,new,https://paavay.aalam.cloud/store/item/Pistachio?id=390,https://paavay.aalam.cloud/aalam/stock/item/390/image/_/face-img,Paavay,Pistachio,,Chunky,Apparel & Accessories > Clothing > Underwear & Socks > Shapewear,892.5 INR,1190.0 INR
PGL01,Pistachio,Pistachio,out of stock,new,https://paavay.aalam.cloud/store/item/Pistachio?id=391,https://paavay.aalam.cloud/aalam/stock/item/391/image/_/face-img,Paavay,Pistachio,,Chunky,Apparel & Accessories > Clothing > Underwear & Socks > Shapewear,892.5 INR,1190.0 INR
BPX01,Sakura,Sakura,out of stock,new,https://paavay.aalam.cloud/store/item/Sakura?id=416,https://paavay.aalam.cloud/aalam/stock/item/416/image/_/face-img,Paavay,Sakura,,Skinny,Apparel & Accessories > Clothing > Underwear & Socks > Shapewear,,1189.96 INR
BPX03,Sakura,Sakura,out of stock,new,https://paavay.aalam.cloud/store/item/Sakura?id=417,https://paavay.aalam.cloud/aalam/stock/item/417/image/_/face-img,Paavay,Sakura,,Skinny,Apparel & Accessories > Clothing > Underwear & Socks > Shapewear,,1189.96 INR
BPX02,Sakura,Sakura,out of stock,new,https://paavay.aalam.cloud/store/item/Sakura?id=418,https://paavay.aalam.cloud/aalam/stock/item/418/image/_/face-img,Paavay,Sakura,,Skinny,Apparel & Accessories > Clothing > Underwear & Socks > Shapewear,,1189.96 INR
BPS03,Sakura,Sakura,out of stock,new,https://paavay.aalam.cloud/store/item/Sakura?id=419,https://paavay.aalam.cloud/aalam/stock/item/419/image/_/face-img,Paavay,Sakura,,Skubby,Apparel & Accessories > Clothing > Underwear & Socks > Shapewear,,1189.96 INR
BPS01,Sakura,Sakura,out of stock,new,https://paavay.aalam.cloud/store/item/Sakura?id=420,https://paavay.aalam.cloud/aalam/stock/item/420/image/_/face-img,Paavay,Sakura,,Skubby,Apparel & Accessories > Clothing > Underwear & Socks > Shapewear,,1189.96 INR
BPS02,Sakura,Sakura,out of stock,new,https://paavay.aalam.cloud/store/item/Sakura?id=421,https://paavay.aalam.cloud/aalam/stock/item/421/image/_/face-img,Paavay,Sakura,,Skubby,Apparel & Accessories > Clothing > Underwear & Socks > Shapewear,,1189.96 INR
BPM03,Sakura,Sakura,out of stock,new,https://paavay.aalam.cloud/store/item/Sakura?id=422,https://paavay.aalam.cloud/aalam/stock/item/422/image/_/face-img,Paavay,Sakura,,Plumpy,Apparel & Accessories > Clothing > Underwear & Socks > Shapewear,,1189.96 INR
BPL02,Sakura,Sakura,out of stock,new,https://paavay.aalam.cloud/store/item/Sakura?id=423,https://paavay.aalam.cloud/aalam/stock/item/423/image/_/face-img,Paavay,Sakura,,Chunky,Apparel & Accessories > Clothing > Underwear & Socks > Shapewear,,1189.96 INR
BPM01,Sakura,Sakura,out of stock,new,https://paavay.aalam.cloud/store/item/Sakura?id=424,https://paavay.aalam.cloud/aalam/stock/item/424/image/_/face-img,Paavay,Sakura,,Plumpy,Apparel & Accessories > Clothing > Underwear & Socks > Shapewear,,1189.96 INR
BPL01,Sakura,Sakura,out of stock,new,https://paavay.aalam.cloud/store/item/Sakura?id=425,https://paavay.aalam.cloud/aalam/stock/item/425/image/_/face-img,Paavay,Sakura,,Chunky,Apparel & Accessories > Clothing > Underwear & Socks > Shapewear,,1189.96 INR
BPM02,Sakura,Sakura,out of stock,new,https://paavay.aalam.cloud/store/item/Sakura?id=426,https://paavay.aalam.cloud/aalam/stock/item/426/image/_/face-img,Paavay,Sakura,,Plumpy,Apparel & Accessories > Clothing > Underwear & Socks > Shapewear,,1189.96 INR
BPL03,Sakura,Sakura,out of stock,new,https://paavay.aalam.cloud/store/item/Sakura?id=427,https://paavay.aalam.cloud/aalam/stock/item/427/image/_/face-img,Paavay,Sakura,,Chunky,Apparel & Accessories > Clothing > Underwear & Socks > Shapewear,,1189.96 INR
SILVERX03,Silver,Silver,in stock,new,https://paavay.aalam.cloud/store/item/Silver?id=428,https://paavay.aalam.cloud/aalam/stock/item/428/image/_/face-img,Paavay,Silver,,Skinny,Apparel & Accessories > Clothing > Underwear & Socks > Shapewear,892.5 INR,1190.0 INR
SILVERX02,Silver,Silver,in stock,new,https://paavay.aalam.cloud/store/item/Silver?id=429,https://paavay.aalam.cloud/aalam/stock/item/429/image/_/face-img,Paavay,Silver,,Skinny,Apparel & Accessories > Clothing > Underwear & Socks > Shapewear,892.5 INR,1190.0 INR
SILVERX01,Silver,Silver,in stock,new,https://paavay.aalam.cloud/store/item/Silver?id=430,https://paavay.aalam.cloud/aalam/stock/item/430/image/_/face-img,Paavay,Silver,,Skinny,Apparel & Accessories > Clothing > Underwear & Socks > Shapewear,892.5 INR,1190.0 INR
SILVERS01,Silver,Silver,in stock,new,https://paavay.aalam.cloud/store/item/Silver?id=431,https://paavay.aalam.cloud/aalam/stock/item/431/image/_/face-img,Paavay,Silver,,Skubby,Apparel & Accessories > Clothing > Underwear & Socks > Shapewear,892.5 INR,1190.0 INR
SILVERS03,Silver,Silver,out of stock,new,https://paavay.aalam.cloud/store/item/Silver?id=432,https://paavay.aalam.cloud/aalam/stock/item/432/image/_/face-img,Paavay,Silver,,Skubby,Apparel & Accessories > Clothing > Underwear & Socks > Shapewear,892.5 INR,1190.0 INR
SILVERS02,Silver,Silver,out of stock,new,https://paavay.aalam.cloud/store/item/Silver?id=433,https://paavay.aalam.cloud/aalam/stock/item/433/image/_/face-img,Paavay,Silver,,Skubby,Apparel & Accessories > Clothing > Underwear & Socks > Shapewear,892.5 INR,1190.0 INR
SILVERM03,Silver,Silver,out of stock,new,https://paavay.aalam.cloud/store/item/Silver?id=434,https://paavay.aalam.cloud/aalam/stock/item/434/image/_/face-img,Paavay,Silver,,Plumpy,Apparel & Accessories > Clothing > Underwear & Socks > Shapewear,892.5 INR,1190.0 INR
SILVERM01,Silver,Silver,in stock,new,https://paavay.aalam.cloud/store/item/Silver?id=435,https://paavay.aalam.cloud/aalam/stock/item/435/image/_/face-img,Paavay,Silver,,Plumpy,Apparel & Accessories > Clothing > Underwear & Socks > Shapewear,892.5 INR,1190.0 INR
SILVERM02,Silver,Silver,out of stock,new,https://paavay.aalam.cloud/store/item/Silver?id=436,https://paavay.aalam.cloud/aalam/stock/item/436/image/_/face-img,Paavay,Silver,,Plumpy,Apparel & Accessories > Clothing > Underwear & Socks > Shapewear,892.5 INR,1190.0 INR
SILVERL01,Silver,Silver,out of stock,new,https://paavay.aalam.cloud/store/item/Silver?id=437,https://paavay.aalam.cloud/aalam/stock/item/437/image/_/face-img,Paavay,Silver,,Chunky,Apparel & Accessories > Clothing > Underwear & Socks > Shapewear,892.5 INR,1190.0 INR
SILVERL03,Silver,Silver,out of stock,new,https://paavay.aalam.cloud/store/item/Silver?id=438,https://paavay.aalam.cloud/aalam/stock/item/438/image/_/face-img,Paavay,Silver,,Chunky,Apparel & Accessories > Clothing > Underwear & Socks > Shapewear,892.5 INR,1190.0 INR
SILVERL02,Silver,Silver,out of stock,new,https://paavay.aalam.cloud/store/item/Silver?id=439,https://paavay.aalam.cloud/aalam/stock/item/439/image/_/face-img,Paavay,Silver,,Chunky,Apparel & Accessories > Clothing > Underwear & Socks > Shapewear,892.5 INR,1190.0 INR
LX01,Steel,Steel,in stock,new,https://paavay.aalam.cloud/store/item/Steel?id=440,https://paavay.aalam.cloud/aalam/stock/item/440/image/_/face-img,Paavay,Steel,,Skinny,Apparel & Accessories > Clothing > Underwear & Socks > Shapewear,892.5 INR,1190.0 INR
LS03,Steel,Steel,out of stock,new,https://paavay.aalam.cloud/store/item/Steel?id=441,https://paavay.aalam.cloud/aalam/stock/item/441/image/_/face-img,Paavay,Steel,,Skubby,Apparel & Accessories > Clothing > Underwear & Socks > Shapewear,892.5 INR,1190.0 INR
LX02,Steel,Steel,out of stock,new,https://paavay.aalam.cloud/store/item/Steel?id=442,https://paavay.aalam.cloud/aalam/stock/item/442/image/_/face-img,Paavay,Steel,,Skinny,Apparel & Accessories > Clothing > Underwear & Socks > Shapewear,892.5 INR,1190.0 INR
LS01,Steel,Steel,out of stock,new,https://paavay.aalam.cloud/store/item/Steel?id=443,https://paavay.aalam.cloud/aalam/stock/item/443/image/_/face-img,Paavay,Steel,,Skubby,Apparel & Accessories > Clothing > Underwear & Socks > Shapewear,892.5 INR,1190.0 INR
LX03,Steel,Steel,in stock,new,https://paavay.aalam.cloud/store/item/Steel?id=444,https://paavay.aalam.cloud/aalam/stock/item/444/image/_/face-img,Paavay,Steel,,Skinny,Apparel & Accessories > Clothing > Underwear & Socks > Shapewear,892.5 INR,1190.0 INR
LM03,Steel,Steel,out of stock,new,https://paavay.aalam.cloud/store/item/Steel?id=446,https://paavay.aalam.cloud/aalam/stock/item/446/image/_/face-img,Paavay,Steel,,Plumpy,Apparel & Accessories > Clothing > Underwear & Socks > Shapewear,892.5 INR,1190.0 INR
LL03,Steel,Steel,out of stock,new,https://paavay.aalam.cloud/store/item/Steel?id=447,https://paavay.aalam.cloud/aalam/stock/item/447/image/_/face-img,Paavay,Steel,,Chunky,Apparel & Accessories > Clothing > Underwear & Socks > Shapewear,892.5 INR,1190.0 INR
LM01,Steel,Steel,out of stock,new,https://paavay.aalam.cloud/store/item/Steel?id=448,https://paavay.aalam.cloud/aalam/stock/item/448/image/_/face-img,Paavay,Steel,,Plumpy,Apparel & Accessories > Clothing > Underwear & Socks > Shapewear,892.5 INR,1190.0 INR
LL01,Steel,Steel,out of stock,new,https://paavay.aalam.cloud/store/item/Steel?id=449,https://paavay.aalam.cloud/aalam/stock/item/449/image/_/face-img,Paavay,Steel,,Chunky,Apparel & Accessories > Clothing > Underwear & Socks > Shapewear,892.5 INR,1190.0 INR
LM02,Steel,Steel,out of stock,new,https://paavay.aalam.cloud/store/item/Steel?id=450,https://paavay.aalam.cloud/aalam/stock/item/450/image/_/face-img,Paavay,Steel,,Plumpy,Apparel & Accessories > Clothing > Underwear & Socks > Shapewear,892.5 INR,1190.0 INR
LL02,Steel,Steel,out of stock,new,https://paavay.aalam.cloud/store/item/Steel?id=451,https://paavay.aalam.cloud/aalam/stock/item/451/image/_/face-img,Paavay,Steel,,Chunky,Apparel & Accessories > Clothing > Underwear & Socks > Shapewear,892.5 INR,1190.0 INR
BELAGOLDXL,Bella,Bella,out of stock,new,https://paavay.aalam.cloud/store/item/Bella?id=467,https://paavay.aalam.cloud/aalam/stock/item/467/image/_/face-img,Paavay,Old Gold,,XL,Apparel & Accessories > Clothing > Shirts & Tops,517.5 INR,690.0 INR
BELAGOLDX,Bella,Bella,in stock,new,https://paavay.aalam.cloud/store/item/Bella?id=470,https://paavay.aalam.cloud/aalam/stock/item/470/image/_/face-img,Paavay,Old Gold,,XS,Apparel & Accessories > Clothing > Shirts & Tops,517.5 INR,690.0 INR
BELAGOLDS,Bella,Bella,out of stock,new,https://paavay.aalam.cloud/store/item/Bella?id=471,https://paavay.aalam.cloud/aalam/stock/item/471/image/_/face-img,Paavay,Old Gold,,S,Apparel & Accessories > Clothing > Shirts & Tops,517.5 INR,690.0 INR
BELAGOLDM,Bella,Bella,out of stock,new,https://paavay.aalam.cloud/store/item/Bella?id=472,https://paavay.aalam.cloud/aalam/stock/item/472/image/_/face-img,Paavay,Old Gold,,M,Apparel & Accessories > Clothing > Shirts & Tops,517.5 INR,690.0 INR
BELAGOLDL,Bella,Bella,out of stock,new,https://paavay.aalam.cloud/store/item/Bella?id=473,https://paavay.aalam.cloud/aalam/stock/item/473/image/_/face-img,Paavay,Old Gold,,L,Apparel & Accessories > Clothing > Shirts & Tops,517.5 INR,690.0 INR
BELLAPINEX,Bella,Bella,in stock,new,https://paavay.aalam.cloud/store/item/Bella?id=474,https://paavay.aalam.cloud/aalam/stock/item/474/image/_/face-img,Paavay,Pine,,XS,Apparel & Accessories > Clothing > Shirts & Tops,517.5 INR,690.0 INR
BELLAPINEXL,Bella,Bella,out of stock,new,https://paavay.aalam.cloud/store/item/Bella?id=475,https://paavay.aalam.cloud/aalam/stock/item/475/image/_/face-img,Paavay,Pine,,XL,Apparel & Accessories > Clothing > Shirts & Tops,517.5 INR,690.0 INR
BELLAPINES,Bella,Bella,in stock,new,https://paavay.aalam.cloud/store/item/Bella?id=476,https://paavay.aalam.cloud/aalam/stock/item/476/image/_/face-img,Paavay,Pine,,S,Apparel & Accessories > Clothing > Shirts & Tops,517.5 INR,690.0 INR
BELLAPINEM,Bella,Bella,out of stock,new,https://paavay.aalam.cloud/store/item/Bella?id=477,https://paavay.aalam.cloud/aalam/stock/item/477/image/_/face-img,Paavay,Pine,,M,Apparel & Accessories > Clothing > Shirts & Tops,517.5 INR,690.0 INR
BELLAPINEL,Bella,Bella,out of stock,new,https://paavay.aalam.cloud/store/item/Bella?id=478,https://paavay.aalam.cloud/aalam/stock/item/478/image/_/face-img,Paavay,Pine,,L,Apparel & Accessories > Clothing > Shirts & Tops,517.5 INR,690.0 INR
BELLADENIMX,Bella,Bella,in stock,new,https://paavay.aalam.cloud/store/item/Bella?id=479,https://paavay.aalam.cloud/aalam/stock/item/479/image/_/face-img,Paavay,Denim,,XS,Apparel & Accessories > Clothing > Shirts & Tops,517.5 INR,690.0 INR
BELLADENIMS,Bella,Bella,out of stock,new,https://paavay.aalam.cloud/store/item/Bella?id=480,https://paavay.aalam.cloud/aalam/stock/item/480/image/_/face-img,Paavay,Denim,,S,Apparel & Accessories > Clothing > Shirts & Tops,517.5 INR,690.0 INR
BELLADENIMXL,Bella,Bella,out of stock,new,https://paavay.aalam.cloud/store/item/Bella?id=481,https://paavay.aalam.cloud/aalam/stock/item/481/image/_/face-img,Paavay,Denim,,XL,Apparel & Accessories > Clothing > Shirts & Tops,517.5 INR,690.0 INR
BELLADENIMM,Bella,Bella,out of stock,new,https://paavay.aalam.cloud/store/item/Bella?id=482,https://paavay.aalam.cloud/aalam/stock/item/482/image/_/face-img,Paavay,Denim,,M,Apparel & Accessories > Clothing > Shirts & Tops,517.5 INR,690.0 INR
BELLADENIML,Bella,Bella,out of stock,new,https://paavay.aalam.cloud/store/item/Bella?id=483,https://paavay.aalam.cloud/aalam/stock/item/483/image/_/face-img,Paavay,Denim,,L,Apparel & Accessories > Clothing > Shirts & Tops,517.5 INR,690.0 INR
BELLABOUGXL,Bella,Bella,out of stock,new,https://paavay.aalam.cloud/store/item/Bella?id=484,https://paavay.aalam.cloud/aalam/stock/item/484/image/_/face-img,Paavay,Bougainvillea,,XL,Apparel & Accessories > Clothing > Shirts & Tops,517.5 INR,690.0 INR
BELLABOUGX,Bella,Bella,in stock,new,https://paavay.aalam.cloud/store/item/Bella?id=485,https://paavay.aalam.cloud/aalam/stock/item/485/image/_/face-img,Paavay,Bougainvillea,,XS,Apparel & Accessories > Clothing > Shirts & Tops,517.5 INR,690.0 INR
BELLABOUGS,Bella,Bella,in stock,new,https://paavay.aalam.cloud/store/item/Bella?id=486,https://paavay.aalam.cloud/aalam/stock/item/486/image/_/face-img,Paavay,Bougainvillea,,S,Apparel & Accessories > Clothing > Shirts & Tops,517.5 INR,690.0 INR
BELLABOUGM,Bella,Bella,out of stock,new,https://paavay.aalam.cloud/store/item/Bella?id=487,https://paavay.aalam.cloud/aalam/stock/item/487/image/_/face-img,Paavay,Bougainvillea,,M,Apparel & Accessories > Clothing > Shirts & Tops,517.5 INR,690.0 INR
BELLABOUGL,Bella,Bella,out of stock,new,https://paavay.aalam.cloud/store/item/Bella?id=488,https://paavay.aalam.cloud/aalam/stock/item/488/image/_/face-img,Paavay,Bougainvillea,,L,Apparel & Accessories > Clothing > Shirts & Tops,517.5 INR,690.0 INR
BELLABLACKXL,Bella,Bella,out of stock,new,https://paavay.aalam.cloud/store/item/Bella?id=489,https://paavay.aalam.cloud/aalam/stock/item/489/image/_/face-img,Paavay,Black,,XL,Apparel & Accessories > Clothing > Shirts & Tops,517.5 INR,690.0 INR
BELLABLACKX,Bella,Bella,in stock,new,https://paavay.aalam.cloud/store/item/Bella?id=490,https://paavay.aalam.cloud/aalam/stock/item/490/image/_/face-img,Paavay,Black,,XS,Apparel & Accessories > Clothing > Shirts & Tops,517.5 INR,690.0 INR
BELLABLACKM,Bella,Bella,out of stock,new,https://paavay.aalam.cloud/store/item/Bella?id=491,https://paavay.aalam.cloud/aalam/stock/item/491/image/_/face-img,Paavay,Black,,M,Apparel & Accessories > Clothing > Shirts & Tops,517.5 INR,690.0 INR
BELLABLACKS,Bella,Bella,out of stock,new,https://paavay.aalam.cloud/store/item/Bella?id=492,https://paavay.aalam.cloud/aalam/stock/item/492/image/_/face-img,Paavay,Black,,S,Apparel & Accessories > Clothing > Shirts & Tops,517.5 INR,690.0 INR
BELLABLACKL,Bella,Bella,out of stock,new,https://paavay.aalam.cloud/store/item/Bella?id=493,https://paavay.aalam.cloud/aalam/stock/item/493/image/_/face-img,Paavay,Black,,L,Apparel & Accessories > Clothing > Shirts & Tops,517.5 INR,690.0 INR
BELLAPARROTXL,Bella,Bella,out of stock,new,https://paavay.aalam.cloud/store/item/Bella?id=494,https://paavay.aalam.cloud/aalam/stock/item/494/image/_/face-img,Paavay,Parrot,,XL,Apparel & Accessories > Clothing > Shirts & Tops,517.5 INR,690.0 INR
BELLAPARROTX,Bella,Bella,in stock,new,https://paavay.aalam.cloud/store/item/Bella?id=495,https://paavay.aalam.cloud/aalam/stock/item/495/image/_/face-img,Paavay,Parrot,,XS,Apparel & Accessories > Clothing > Shirts & Tops,517.5 INR,690.0 INR
BELLAPARROTS,Bella,Bella,in stock,new,https://paavay.aalam.cloud/store/item/Bella?id=496,https://paavay.aalam.cloud/aalam/stock/item/496/image/_/face-img,Paavay,Parrot,,S,Apparel & Accessories > Clothing > Shirts & Tops,517.5 INR,690.0 INR
BELLAPARROTL,Bella,Bella,out of stock,new,https://paavay.aalam.cloud/store/item/Bella?id=497,https://paavay.aalam.cloud/aalam/stock/item/497/image/_/face-img,Paavay,Parrot,,L,Apparel & Accessories > Clothing > Shirts & Tops,517.5 INR,690.0 INR
BELLAFIREXL,Bella,Bella,out of stock,new,https://paavay.aalam.cloud/store/item/Bella?id=498,https://paavay.aalam.cloud/aalam/stock/item/498/image/_/face-img,Paavay,Fireball,,XL,Apparel & Accessories > Clothing > Shirts & Tops,517.5 INR,690.0 INR
BELLAPARROTM,Bella,Bella,out of stock,new,https://paavay.aalam.cloud/store/item/Bella?id=499,https://paavay.aalam.cloud/aalam/stock/item/499/image/_/face-img,Paavay,Parrot,,M,Apparel & Accessories > Clothing > Shirts & Tops,517.5 INR,690.0 INR
BELLAFIREX,Bella,Bella,in stock,new,https://paavay.aalam.cloud/store/item/Bella?id=500,https://paavay.aalam.cloud/aalam/stock/item/500/image/_/face-img,Paavay,Fireball,,XS,Apparel & Accessories > Clothing > Shirts & Tops,517.5 INR,690.0 INR
BELLAFIRES,Bella,Bella,out of stock,new,https://paavay.aalam.cloud/store/item/Bella?id=501,https://paavay.aalam.cloud/aalam/stock/item/501/image/_/face-img,Paavay,Fireball,,S,Apparel & Accessories > Clothing > Shirts & Tops,517.5 INR,690.0 INR
FIREX03,Fireball,Fireball,out of stock,new,https://paavay.aalam.cloud/store/item/Fireball?id=502,https://paavay.aalam.cloud/aalam/stock/item/502/image/_/face-img,Paavay,Fireball,,Skinny,Apparel & Accessories > Clothing > Underwear & Socks > Shapewear,892.5 INR,1190.0 INR
BELLAFIREM,Bella,Bella,out of stock,new,https://paavay.aalam.cloud/store/item/Bella?id=503,https://paavay.aalam.cloud/aalam/stock/item/503/image/_/face-img,Paavay,Fireball,,M,Apparel & Accessories > Clothing > Shirts & Tops,517.5 INR,690.0 INR
FIREX01,Fireball,Fireball,out of stock,new,https://paavay.aalam.cloud/store/item/Fireball?id=504,https://paavay.aalam.cloud/aalam/stock/item/504/image/_/face-img,Paavay,Fireball,,Skinny,Apparel & Accessories > Clothing > Underwear & Socks > Shapewear,892.5 INR,1190.0 INR
BELLAFIREL,Bella,Bella,out of stock,new,https://paavay.aalam.cloud/store/item/Bella?id=505,https://paavay.aalam.cloud/aalam/stock/item/505/image/_/face-img,Paavay,Fireball,,L,Apparel & Accessories > Clothing > Shirts & Tops,517.5 INR,690.0 INR
FIREX02,Fireball,Fireball,out of stock,new,https://paavay.aalam.cloud/store/item/Fireball?id=506,https://paavay.aalam.cloud/aalam/stock/item/506/image/_/face-img,Paavay,Fireball,,Skinny,Apparel & Accessories > Clothing > Underwear & Socks > Shapewear,892.5 INR,1190.0 INR
FIRES03,Fireball,Fireball,out of stock,new,https://paavay.aalam.cloud/store/item/Fireball?id=507,https://paavay.aalam.cloud/aalam/stock/item/507/image/_/face-img,Paavay,Fireball,,Skubby,Apparel & Accessories > Clothing > Underwear & Socks > Shapewear,892.5 INR,1190.0 INR
FIRES02,Fireball,Fireball,out of stock,new,https://paavay.aalam.cloud/store/item/Fireball?id=508,https://paavay.aalam.cloud/aalam/stock/item/508/image/_/face-img,Paavay,Fireball,,Skubby,Apparel & Accessories > Clothing > Underwear & Socks > Shapewear,892.5 INR,1190.0 INR
FIREM02,Fireball,Fireball,out of stock,new,https://paavay.aalam.cloud/store/item/Fireball?id=509,https://paavay.aalam.cloud/aalam/stock/item/509/image/_/face-img,Paavay,Fireball,,Plumpy,Apparel & Accessories > Clothing > Underwear & Socks > Shapewear,892.5 INR,1190.0 INR
FIRES01,Fireball,Fireball,in stock,new,https://paavay.aalam.cloud/store/item/Fireball?id=510,https://paavay.aalam.cloud/aalam/stock/item/510/image/_/face-img,Paavay,Fireball,,Skubby,Apparel & Accessories > Clothing > Underwear & Socks > Shapewear,892.5 INR,1190.0 INR
FIREM01,Fireball,Fireball,in stock,new,https://paavay.aalam.cloud/store/item/Fireball?id=511,https://paavay.aalam.cloud/aalam/stock/item/511/image/_/face-img,Paavay,Fireball,,Plumpy,Apparel & Accessories > Clothing > Underwear & Socks > Shapewear,892.5 INR,1190.0 INR
FIREM03,Fireball,Fireball,out of stock,new,https://paavay.aalam.cloud/store/item/Fireball?id=512,https://paavay.aalam.cloud/aalam/stock/item/512/image/_/face-img,Paavay,Fireball,,Plumpy,Apparel & Accessories > Clothing > Underwear & Socks > Shapewear,892.5 INR,1190.0 INR
FIREL03,Fireball,Fireball,out of stock,new,https://paavay.aalam.cloud/store/item/Fireball?id=513,https://paavay.aalam.cloud/aalam/stock/item/513/image/_/face-img,Paavay,Fireball,,Chunky,Apparel & Accessories > Clothing > Underwear & Socks > Shapewear,892.5 INR,1190.0 INR
FIREL02,Fireball,Fireball,out of stock,new,https://paavay.aalam.cloud/store/item/Fireball?id=514,https://paavay.aalam.cloud/aalam/stock/item/514/image/_/face-img,Paavay,Fireball,,Chunky,Apparel & Accessories > Clothing > Underwear & Socks > Shapewear,892.5 INR,1190.0 INR
FIREL01,Fireball,Fireball,out of stock,new,https://paavay.aalam.cloud/store/item/Fireball?id=515,https://paavay.aalam.cloud/aalam/stock/item/515/image/_/face-img,Paavay,Fireball,,Chunky,Apparel & Accessories > Clothing > Underwear & Socks > Shapewear,892.5 INR,1190.0 INR
ALAIPEAS,Alai,Alai,out of stock,new,https://paavay.aalam.cloud/store/item/Alai?id=578,https://paavay.aalam.cloud/aalam/stock/item/578/image/_/face-img,Paavay,Peacock,,S,Apparel & Accessories > Clothing > Shirts & Tops,517.5 INR,690.0 INR
ALAIPEAX,Alai,Alai,in stock,new,https://paavay.aalam.cloud/store/item/Alai?id=579,https://paavay.aalam.cloud/aalam/stock/item/579/image/_/face-img,Paavay,Peacock,,XS,Apparel & Accessories > Clothing > Shirts & Tops,517.5 INR,690.0 INR
ALAIPEAM,Alai,Alai,out of stock,new,https://paavay.aalam.cloud/store/item/Alai?id=580,https://paavay.aalam.cloud/aalam/stock/item/580/image/_/face-img,Paavay,Peacock,,M,Apparel & Accessories > Clothing > Shirts & Tops,517.5 INR,690.0 INR
ALAIPEAL,Alai,Alai,out of stock,new,https://paavay.aalam.cloud/store/item/Alai?id=581,https://paavay.aalam.cloud/aalam/stock/item/581/image/_/face-img,Paavay,Peacock,,L,Apparel & Accessories > Clothing > Shirts & Tops,517.5 INR,690.0 INR
ALAIPEAXL,Alai,Alai,out of stock,new,https://paavay.aalam.cloud/store/item/Alai?id=582,https://paavay.aalam.cloud/aalam/stock/item/582/image/_/face-img,Paavay,Peacock,,XL,Apparel & Accessories > Clothing > Shirts & Tops,517.5 INR,690.0 INR
ALAIBLACKXL,Alai,Alai,out of stock,new,https://paavay.aalam.cloud/store/item/Alai?id=585,https://paavay.aalam.cloud/aalam/stock/item/585/image/_/face-img,Paavay,Black,,XL,Apparel & Accessories > Clothing > Shirts & Tops,517.5 INR,690.0 INR
ALAIBLACX,Alai,Alai,in stock,new,https://paavay.aalam.cloud/store/item/Alai?id=588,https://paavay.aalam.cloud/aalam/stock/item/588/image/_/face-img,Paavay,Black,,XS,Apparel & Accessories > Clothing > Shirts & Tops,517.5 INR,690.0 INR
ALAIBLACS,Alai,Alai,out of stock,new,https://paavay.aalam.cloud/store/item/Alai?id=589,https://paavay.aalam.cloud/aalam/stock/item/589/image/_/face-img,Paavay,Black,,S,Apparel & Accessories > Clothing > Shirts & Tops,517.5 INR,690.0 INR
ALAIBLACM,Alai,Alai,out of stock,new,https://paavay.aalam.cloud/store/item/Alai?id=590,https://paavay.aalam.cloud/aalam/stock/item/590/image/_/face-img,Paavay,Black,,M,Apparel & Accessories > Clothing > Shirts & Tops,517.5 INR,690.0 INR
ALAIBLACL,Alai,Alai,out of stock,new,https://paavay.aalam.cloud/store/item/Alai?id=591,https://paavay.aalam.cloud/aalam/stock/item/591/image/_/face-img,Paavay,Black,,L,Apparel & Accessories > Clothing > Shirts & Tops,517.5 INR,690.0 INR
CINDSILVERX,Cinderella,Cinderella,in stock,new,https://paavay.aalam.cloud/store/item/Cinderella?id=592,https://paavay.aalam.cloud/aalam/stock/item/592/image/_/face-img,Paavay,Silver,,XS,Apparel & Accessories > Clothing > Shirts & Tops,517.5 INR,690.0 INR
CINDSILVERS,Cinderella,Cinderella,out of stock,new,https://paavay.aalam.cloud/store/item/Cinderella?id=593,https://paavay.aalam.cloud/aalam/stock/item/593/image/_/face-img,Paavay,Silver,,S,Apparel & Accessories > Clothing > Shirts & Tops,517.5 INR,690.0 INR
CINDSILVERM,Cinderella,Cinderella,out of stock,new,https://paavay.aalam.cloud/store/item/Cinderella?id=594,https://paavay.aalam.cloud/aalam/stock/item/594/image/_/face-img,Paavay,Silver,,M,Apparel & Accessories > Clothing > Shirts & Tops,517.5 INR,690.0 INR
CINDSILVERL,Cinderella,Cinderella,out of stock,new,https://paavay.aalam.cloud/store/item/Cinderella?id=595,https://paavay.aalam.cloud/aalam/stock/item/595/image/_/face-img,Paavay,Silver,,L,Apparel & Accessories > Clothing > Shirts & Tops,517.5 INR,690.0 INR
CINDREDRTWX,Cinderella,Cinderella,in stock,new,https://paavay.aalam.cloud/store/item/Cinderella?id=596,https://paavay.aalam.cloud/aalam/stock/item/596/image/_/face-img,Paavay,RED,,XS,Apparel & Accessories > Clothing > Shirts & Tops,517.5 INR,690.0 INR
CINDSILVERXL,Cinderella,Cinderella,out of stock,new,https://paavay.aalam.cloud/store/item/Cinderella?id=597,https://paavay.aalam.cloud/aalam/stock/item/597/image/_/face-img,Paavay,Silver,,XL,Apparel & Accessories > Clothing > Shirts & Tops,517.5 INR,690.0 INR
CINDREDRTWS,Cinderella,Cinderella,in stock,new,https://paavay.aalam.cloud/store/item/Cinderella?id=598,https://paavay.aalam.cloud/aalam/stock/item/598/image/_/face-img,Paavay,RED,,S,Apparel & Accessories > Clothing > Shirts & Tops,517.5 INR,690.0 INR
CINDREDRTWM,Cinderella,Cinderella,in stock,new,https://paavay.aalam.cloud/store/item/Cinderella?id=599,https://paavay.aalam.cloud/aalam/stock/item/599/image/_/face-img,Paavay,RED,,M,Apparel & Accessories > Clothing > Shirts & Tops,517.5 INR,690.0 INR
CINDREDRTWXL,Cinderella,Cinderella,in stock,new,https://paavay.aalam.cloud/store/item/Cinderella?id=600,https://paavay.aalam.cloud/aalam/stock/item/600/image/_/face-img,Paavay,RED,,XL,Apparel & Accessories > Clothing > Shirts & Tops,517.5 INR,690.0 INR
CINDREDRTWL,Cinderella,Cinderella,in stock,new,https://paavay.aalam.cloud/store/item/Cinderella?id=601,https://paavay.aalam.cloud/aalam/stock/item/601/image/_/face-img,Paavay,RED,,L,Apparel & Accessories > Clothing > Shirts & Tops,517.5 INR,690.0 INR
CINDWINEX,Cinderella,Cinderella,in stock,new,https://paavay.aalam.cloud/store/item/Cinderella?id=602,https://paavay.aalam.cloud/aalam/stock/item/602/image/_/face-img,Paavay,Wine,,XS,Apparel & Accessories > Clothing > Shirts & Tops,517.5 INR,690.0 INR
CINDWINES,Cinderella,Cinderella,out of stock,new,https://paavay.aalam.cloud/store/item/Cinderella?id=603,https://paavay.aalam.cloud/aalam/stock/item/603/image/_/face-img,Paavay,Wine,,S,Apparel & Accessories > Clothing > Shirts & Tops,517.5 INR,690.0 INR
CINDWINEM,Cinderella,Cinderella,out of stock,new,https://paavay.aalam.cloud/store/item/Cinderella?id=604,https://paavay.aalam.cloud/aalam/stock/item/604/image/_/face-img,Paavay,Wine,,M,Apparel & Accessories > Clothing > Shirts & Tops,517.5 INR,690.0 INR
CINDWINEL,Cinderella,Cinderella,in stock,new,https://paavay.aalam.cloud/store/item/Cinderella?id=605,https://paavay.aalam.cloud/aalam/stock/item/605/image/_/face-img,Paavay,Wine,,L,Apparel & Accessories > Clothing > Shirts & Tops,517.5 INR,690.0 INR
CINDWINEXL,Cinderella,Cinderella,in stock,new,https://paavay.aalam.cloud/store/item/Cinderella?id=606,https://paavay.aalam.cloud/aalam/stock/item/606/image/_/face-img,Paavay,Wine,,XL,Apparel & Accessories > Clothing > Shirts & Tops,517.5 INR,690.0 INR
BELLAREDX,Bella,Bella,in stock,new,https://paavay.aalam.cloud/store/item/Bella?id=607,https://paavay.aalam.cloud/aalam/stock/item/607/image/_/face-img,Paavay,RED,,XS,Apparel & Accessories > Clothing > Shirts & Tops,517.5 INR,690.0 INR
BELLAREDM,Bella,Bella,out of stock,new,https://paavay.aalam.cloud/store/item/Bella?id=608,https://paavay.aalam.cloud/aalam/stock/item/608/image/_/face-img,Paavay,RED,,M,Apparel & Accessories > Clothing > Shirts & Tops,517.5 INR,690.0 INR
BELLAREDS,Bella,Bella,out of stock,new,https://paavay.aalam.cloud/store/item/Bella?id=609,https://paavay.aalam.cloud/aalam/stock/item/609/image/_/face-img,Paavay,RED,,S,Apparel & Accessories > Clothing > Shirts & Tops,517.5 INR,690.0 INR
BELLAREDL,Bella,Bella,out of stock,new,https://paavay.aalam.cloud/store/item/Bella?id=610,https://paavay.aalam.cloud/aalam/stock/item/610/image/_/face-img,Paavay,RED,,L,Apparel & Accessories > Clothing > Shirts & Tops,517.5 INR,690.0 INR
BELLAREDXL,Bella,Bella,out of stock,new,https://paavay.aalam.cloud/store/item/Bella?id=611,https://paavay.aalam.cloud/aalam/stock/item/611/image/_/face-img,Paavay,RED,,XL,Apparel & Accessories > Clothing > Shirts & Tops,517.5 INR,690.0 INR
BELLAWINX,Bella,Bella,in stock,new,https://paavay.aalam.cloud/store/item/Bella?id=612,https://paavay.aalam.cloud/aalam/stock/item/612/image/_/face-img,Paavay,Grape,,XS,Apparel & Accessories > Clothing > Shirts & Tops,517.5 INR,690.0 INR
BELLAWINS,Bella,Bella,out of stock,new,https://paavay.aalam.cloud/store/item/Bella?id=613,https://paavay.aalam.cloud/aalam/stock/item/613/image/_/face-img,Paavay,Grape,,S,Apparel & Accessories > Clothing > Shirts & Tops,517.5 INR,690.0 INR
BELLAWINM,Bella,Bella,out of stock,new,https://paavay.aalam.cloud/store/item/Bella?id=614,https://paavay.aalam.cloud/aalam/stock/item/614/image/_/face-img,Paavay,Grape,,M,Apparel & Accessories > Clothing > Shirts & Tops,517.5 INR,690.0 INR
BELLAWINXL,Bella,Bella,out of stock,new,https://paavay.aalam.cloud/store/item/Bella?id=615,https://paavay.aalam.cloud/aalam/stock/item/615/image/_/face-img,Paavay,Grape,,XL,Apparel & Accessories > Clothing > Shirts & Tops,517.5 INR,690.0 INR
BELLAWINL,Bella,Bella,out of stock,new,https://paavay.aalam.cloud/store/item/Bella?id=616,https://paavay.aalam.cloud/aalam/stock/item/616/image/_/face-img,Paavay,Grape,,L,Apparel & Accessories > Clothing > Shirts & Tops,517.5 INR,690.0 INR
DOLLYREDRTWS,Dolly,Dolly,in stock,new,https://paavay.aalam.cloud/store/item/Dolly?id=617,https://paavay.aalam.cloud/aalam/stock/item/617/image/_/face-img,Paavay,RED,,S,Apparel & Accessories > Clothing > Shirts & Tops,517.5 INR,690.0 INR
DOLLYREDRTWX,Dolly,Dolly,in stock,new,https://paavay.aalam.cloud/store/item/Dolly?id=618,https://paavay.aalam.cloud/aalam/stock/item/618/image/_/face-img,Paavay,RED,,XS,Apparel & Accessories > Clothing > Shirts & Tops,517.5 INR,690.0 INR
DOLLYREDRTWM,Dolly,Dolly,in stock,new,https://paavay.aalam.cloud/store/item/Dolly?id=619,https://paavay.aalam.cloud/aalam/stock/item/619/image/_/face-img,Paavay,RED,,M,Apparel & Accessories > Clothing > Shirts & Tops,517.5 INR,690.0 INR
DOLLYREDRTWL,Dolly,Dolly,in stock,new,https://paavay.aalam.cloud/store/item/Dolly?id=620,https://paavay.aalam.cloud/aalam/stock/item/620/image/_/face-img,Paavay,RED,,L,Apparel & Accessories > Clothing > Shirts & Tops,517.5 INR,690.0 INR
DOLLYREDRTWXL,Dolly,Dolly,in stock,new,https://paavay.aalam.cloud/store/item/Dolly?id=621,https://paavay.aalam.cloud/aalam/stock/item/621/image/_/face-img,Paavay,RED,,XL,Apparel & Accessories > Clothing > Shirts & Tops,517.5 INR,690.0 INR
INUX03,Indian Nude,Indian Nude,out of stock,new,https://paavay.aalam.cloud/store/item/Indian+Nude?id=741,https://paavay.aalam.cloud/aalam/stock/item/741/image/_/face-img,Paavay,Indian Nude,,Skinny,Apparel & Accessories > Clothing > Underwear & Socks > Shapewear,,1190.0 INR
INUS03CL,Indian Nude,Indian Nude,out of stock,new,https://paavay.aalam.cloud/store/item/Indian+Nude?id=742,https://paavay.aalam.cloud/aalam/stock/item/742/image/_/face-img,Paavay,Indian Nude,,Skubby,Apparel & Accessories > Clothing > Underwear & Socks > Shapewear,,1190.0 INR
INUS02CL,Indian Nude,Indian Nude,in stock,new,https://paavay.aalam.cloud/store/item/Indian+Nude?id=743,https://paavay.aalam.cloud/aalam/stock/item/743/image/_/face-img,Paavay,Indian Nude,,Skubby,Apparel & Accessories > Clothing > Underwear & Socks > Shapewear,,1190.0 INR
INUS01CL,Indian Nude,Indian Nude,in stock,new,https://paavay.aalam.cloud/store/item/Indian+Nude?id=744,https://paavay.aalam.cloud/aalam/stock/item/744/image/_/face-img,Paavay,Indian Nude,,Skubby,Apparel & Accessories > Clothing > Underwear & Socks > Shapewear,,1190.0 INR
INUX02CL,Indian Nude,Indian Nude,out of stock,new,https://paavay.aalam.cloud/store/item/Indian+Nude?id=745,https://paavay.aalam.cloud/aalam/stock/item/745/image/_/face-img,Paavay,Indian Nude,,Skinny,Apparel & Accessories > Clothing > Underwear & Socks > Shapewear,,1190.0 INR
INUM03CL,Indian Nude,Indian Nude,out of stock,new,https://paavay.aalam.cloud/store/item/Indian+Nude?id=746,https://paavay.aalam.cloud/aalam/stock/item/746/image/_/face-img,Paavay,Indian Nude,,Plumpy,Apparel & Accessories > Clothing > Underwear & Socks > Shapewear,,1190.0 INR
INUX01CL,Indian Nude,Indian Nude,out of stock,new,https://paavay.aalam.cloud/store/item/Indian+Nude?id=747,https://paavay.aalam.cloud/aalam/stock/item/747/image/_/face-img,Paavay,Indian Nude,,Skinny,Apparel & Accessories > Clothing > Underwear & Socks > Shapewear,,1190.0 INR
INUM02CL,Indian Nude,Indian Nude,in stock,new,https://paavay.aalam.cloud/store/item/Indian+Nude?id=748,https://paavay.aalam.cloud/aalam/stock/item/748/image/_/face-img,Paavay,Indian Nude,,Plumpy,Apparel & Accessories > Clothing > Underwear & Socks > Shapewear,,1190.0 INR
INUL02CL,Indian Nude,Indian Nude,out of stock,new,https://paavay.aalam.cloud/store/item/Indian+Nude?id=749,https://paavay.aalam.cloud/aalam/stock/item/749/image/_/face-img,Paavay,Indian Nude,,Chunky,Apparel & Accessories > Clothing > Underwear & Socks > Shapewear,,1190.0 INR
INUM01CL,Indian Nude,Indian Nude,in stock,new,https://paavay.aalam.cloud/store/item/Indian+Nude?id=750,https://paavay.aalam.cloud/aalam/stock/item/750/image/_/face-img,Paavay,Indian Nude,,Plumpy,Apparel & Accessories > Clothing > Underwear & Socks > Shapewear,,1190.0 INR
INUL03CL,Indian Nude,Indian Nude,out of stock,new,https://paavay.aalam.cloud/store/item/Indian+Nude?id=751,https://paavay.aalam.cloud/aalam/stock/item/751/image/_/face-img,Paavay,Indian Nude,,Chunky,Apparel & Accessories > Clothing > Underwear & Socks > Shapewear,,1190.0 INR
INUL01CL,Indian Nude,Indian Nude,out of stock,new,https://paavay.aalam.cloud/store/item/Indian+Nude?id=753,https://paavay.aalam.cloud/aalam/stock/item/753/image/_/face-img,Paavay,Indian Nude,,Chunky,Apparel & Accessories > Clothing > Underwear & Socks > Shapewear,,1190.0 INR
ALAIORCHIDX,Alai,Alai,in stock,new,https://paavay.aalam.cloud/store/item/Alai?id=1047,https://paavay.aalam.cloud/aalam/stock/item/1047/image/_/face-img,Paavay,ORCHID,,XS,Apparel & Accessories > Clothing > Shirts & Tops,517.5 INR,690.0 INR
ALAIORCHIDS,Alai,Alai,in stock,new,https://paavay.aalam.cloud/store/item/Alai?id=1048,https://paavay.aalam.cloud/aalam/stock/item/1048/image/_/face-img,Paavay,ORCHID,,S,Apparel & Accessories > Clothing > Shirts & Tops,517.5 INR,690.0 INR
ALAIORCHIDM,Alai,Alai,in stock,new,https://paavay.aalam.cloud/store/item/Alai?id=1049,https://paavay.aalam.cloud/aalam/stock/item/1049/image/_/face-img,Paavay,ORCHID,,M,Apparel & Accessories > Clothing > Shirts & Tops,517.5 INR,690.0 INR
ALAIORCHIDL,Alai,Alai,in stock,new,https://paavay.aalam.cloud/store/item/Alai?id=1050,https://paavay.aalam.cloud/aalam/stock/item/1050/image/_/face-img,Paavay,ORCHID,,L,Apparel & Accessories > Clothing > Shirts & Tops,517.5 INR,690.0 INR
ALAIORCHIDXL,Alai,Alai,in stock,new,https://paavay.aalam.cloud/store/item/Alai?id=1051,https://paavay.aalam.cloud/aalam/stock/item/1051/image/_/face-img,Paavay,ORCHID,,XL,Apparel & Accessories > Clothing > Shirts & Tops,517.5 INR,690.0 INR
DOLLYORCHIDX,Dolly,Dolly,in stock,new,https://paavay.aalam.cloud/store/item/Dolly?id=1052,https://paavay.aalam.cloud/aalam/stock/item/1052/image/_/face-img,Paavay,ORCHID,,XS,Apparel & Accessories > Clothing > Shirts & Tops,517.5 INR,690.0 INR
DOLLYORCHIDS,Dolly,Dolly,in stock,new,https://paavay.aalam.cloud/store/item/Dolly?id=1053,https://paavay.aalam.cloud/aalam/stock/item/1053/image/_/face-img,Paavay,ORCHID,,S,Apparel & Accessories > Clothing > Shirts & Tops,517.5 INR,690.0 INR
DOLLYORCHIDXL,Dolly,Dolly,in stock,new,https://paavay.aalam.cloud/store/item/Dolly?id=1054,https://paavay.aalam.cloud/aalam/stock/item/1054/image/_/face-img,Paavay,ORCHID,,XL,Apparel & Accessories > Clothing > Shirts & Tops,517.5 INR,690.0 INR
DOLLYORCHIDL,Dolly,Dolly,in stock,new,https://paavay.aalam.cloud/store/item/Dolly?id=1055,https://paavay.aalam.cloud/aalam/stock/item/1055/image/_/face-img,Paavay,ORCHID,,L,Apparel & Accessories > Clothing > Shirts & Tops,517.5 INR,690.0 INR
DOLLYORCHIDM,Dolly,Dolly,in stock,new,https://paavay.aalam.cloud/store/item/Dolly?id=1056,https://paavay.aalam.cloud/aalam/stock/item/1056/image/_/face-img,Paavay,ORCHID,,M,Apparel & Accessories > Clothing > Shirts & Tops,517.5 INR,690.0 INR
LOX02,Pastel Orange,Pastel Orange,in stock,new,https://paavay.aalam.cloud/store/item/Pastel+Orange?id=1070,https://paavay.aalam.cloud/aalam/stock/item/1070/image/_/face-img,Paavay,Pastel Orange,,Skinny,Apparel & Accessories > Clothing > Underwear & Socks > Shapewear,892.5 INR,1190.0 INR
LOS01,Pastel Orange,Pastel Orange,in stock,new,https://paavay.aalam.cloud/store/item/Pastel+Orange?id=1072,https://paavay.aalam.cloud/aalam/stock/item/1072/image/_/face-img,Paavay,Pastel Orange,,Skubby,Apparel & Accessories > Clothing > Underwear & Socks > Shapewear,892.5 INR,1190.0 INR
LOS02,Pastel Orange,Pastel Orange,out of stock,new,https://paavay.aalam.cloud/store/item/Pastel+Orange?id=1073,https://paavay.aalam.cloud/aalam/stock/item/1073/image/_/face-img,Paavay,Pastel Orange,,Skubby,Apparel & Accessories > Clothing > Underwear & Socks > Shapewear,892.5 INR,1190.0 INR
LOS03,Pastel Orange,Pastel Orange,out of stock,new,https://paavay.aalam.cloud/store/item/Pastel+Orange?id=1074,https://paavay.aalam.cloud/aalam/stock/item/1074/image/_/face-img,Paavay,Pastel Orange,,Skubby,Apparel & Accessories > Clothing > Underwear & Socks > Shapewear,892.5 INR,1190.0 INR
LOM01,Pastel Orange,Pastel Orange,in stock,new,https://paavay.aalam.cloud/store/item/Pastel+Orange?id=1075,https://paavay.aalam.cloud/aalam/stock/item/1075/image/_/face-img,Paavay,Pastel Orange,,Plumpy,Apparel & Accessories > Clothing > Underwear & Socks > Shapewear,892.5 INR,1190.0 INR
LOM02,Pastel Orange,Pastel Orange,in stock,new,https://paavay.aalam.cloud/store/item/Pastel+Orange?id=1076,https://paavay.aalam.cloud/aalam/stock/item/1076/image/_/face-img,Paavay,Pastel Orange,,Plumpy,Apparel & Accessories > Clothing > Underwear & Socks > Shapewear,892.5 INR,1190.0 INR
LOM03,Pastel Orange,Pastel Orange,in stock,new,https://paavay.aalam.cloud/store/item/Pastel+Orange?id=1077,https://paavay.aalam.cloud/aalam/stock/item/1077/image/_/face-img,Paavay,Pastel Orange,,Plumpy,Apparel & Accessories > Clothing > Underwear & Socks > Shapewear,892.5 INR,1190.0 INR
LOL01,Pastel Orange,Pastel Orange,in stock,new,https://paavay.aalam.cloud/store/item/Pastel+Orange?id=1078,https://paavay.aalam.cloud/aalam/stock/item/1078/image/_/face-img,Paavay,Pastel Orange,,Chunky,Apparel & Accessories > Clothing > Underwear & Socks > Shapewear,892.5 INR,1190.0 INR
LOL02,Pastel Orange,Pastel Orange,out of stock,new,https://paavay.aalam.cloud/store/item/Pastel+Orange?id=1079,https://paavay.aalam.cloud/aalam/stock/item/1079/image/_/face-img,Paavay,Pastel Orange,,Chunky,Apparel & Accessories > Clothing > Underwear & Socks > Shapewear,892.5 INR,1190.0 INR
LOL03,Pastel Orange,Pastel Orange,out of stock,new,https://paavay.aalam.cloud/store/item/Pastel+Orange?id=1080,https://paavay.aalam.cloud/aalam/stock/item/1080/image/_/face-img,Paavay,Pastel Orange,,Chunky,Apparel & Accessories > Clothing > Underwear & Socks > Shapewear,892.5 INR,1190.0 INR
CINDORCHIDX,Cinderella,Cinderella,in stock,new,https://paavay.aalam.cloud/store/item/Cinderella?id=1093,https://paavay.aalam.cloud/aalam/stock/item/1093/image/_/face-img,Paavay,Orchid,,XS,Apparel & Accessories > Clothing > Shirts & Tops,517.5 INR,690.0 INR
CINDORCHIDS,Cinderella,Cinderella,in stock,new,https://paavay.aalam.cloud/store/item/Cinderella?id=1094,https://paavay.aalam.cloud/aalam/stock/item/1094/image/_/face-img,Paavay,Orchid,,S,Apparel & Accessories > Clothing > Shirts & Tops,517.5 INR,690.0 INR
CINDORCHIDM,Cinderella,Cinderella,in stock,new,https://paavay.aalam.cloud/store/item/Cinderella?id=1095,https://paavay.aalam.cloud/aalam/stock/item/1095/image/_/face-img,Paavay,Orchid,,M,Apparel & Accessories > Clothing > Shirts & Tops,517.5 INR,690.0 INR
CINDORCHIDL,Cinderella,Cinderella,in stock,new,https://paavay.aalam.cloud/store/item/Cinderella?id=1096,https://paavay.aalam.cloud/aalam/stock/item/1096/image/_/face-img,Paavay,Orchid,,L,Apparel & Accessories > Clothing > Shirts & Tops,517.5 INR,690.0 INR
CINDORCHIDXL,Cinderella,Cinderella,in stock,new,https://paavay.aalam.cloud/store/item/Cinderella?id=1097,https://paavay.aalam.cloud/aalam/stock/item/1097/image/_/face-img,Paavay,Orchid,,XL,Apparel & Accessories > Clothing > Shirts & Tops,517.5 INR,690.0 INR
LGS02,Steel,Steel,out of stock,new,https://paavay.aalam.cloud/store/item/Steel?id=1121,https://paavay.aalam.cloud/aalam/stock/item/1121/image/_/face-img,Paavay,Steel,,Skubby,Apparel & Accessories > Clothing > Underwear & Socks > Shapewear,892.5 INR,1190.0 INR
LOLITABOUGAINVILLEAM,Lolita,Lolita,out of stock,new,https://paavay.aalam.cloud/store/item/Lolita?id=1125,https://paavay.aalam.cloud/aalam/stock/item/1125/image/_/face-img,Paavay,Bougainvillea,,M,Apparel & Accessories > Clothing > Shirts & Tops,517.5 INR,690.0 INR
BELLAORCHIDXS,Bella,Bella,in stock,new,https://paavay.aalam.cloud/store/item/Bella?id=1129,https://paavay.aalam.cloud/aalam/stock/item/1129/image/_/face-img,Paavay,ORCHID,,XS,Apparel & Accessories > Clothing > Shirts & Tops,517.5 INR,690.0 INR
,Bella,Bella,in stock,new,https://paavay.aalam.cloud/store/item/Bella?id=1131,https://paavay.aalam.cloud/aalam/stock/item/1131/image/_/face-img,Paavay,ORCHID,,S,Apparel & Accessories > Clothing > Shirts & Tops,517.5 INR,690.0 INR
,Bella,Bella,in stock,new,https://paavay.aalam.cloud/store/item/Bella?id=1133,https://paavay.aalam.cloud/aalam/stock/item/1133/image/_/face-img,Paavay,ORCHID,,M,Apparel & Accessories > Clothing > Shirts & Tops,517.5 INR,690.0 INR
,Bella,Bella,in stock,new,https://paavay.aalam.cloud/store/item/Bella?id=1134,https://paavay.aalam.cloud/aalam/stock/item/1134/image/_/face-img,Paavay,ORCHID,,L,Apparel & Accessories > Clothing > Shirts & Tops,517.5 INR,690.0 INR
,Bella,Bella,out of stock,new,https://paavay.aalam.cloud/store/item/Bella?id=1135,https://paavay.aalam.cloud/aalam/stock/item/1135/image/_/face-img,Paavay,ORCHID,,XL,Apparel & Accessories > Clothing > Shirts & Tops,517.5 INR,690.0 INR
CINDPEACOCKXS,Cinderella,Cinderella,in stock,new,https://paavay.aalam.cloud/store/item/Cinderella?id=1136,https://paavay.aalam.cloud/aalam/stock/item/1136/image/_/face-img,Paavay,PEACOCK,,XS,Apparel & Accessories > Clothing > Shirts & Tops,517.5 INR,690.0 INR
CINDPEACOCKS,Cinderella,Cinderella,in stock,new,https://paavay.aalam.cloud/store/item/Cinderella?id=1137,https://paavay.aalam.cloud/aalam/stock/item/1137/image/_/face-img,Paavay,PEACOCK,,S,Apparel & Accessories > Clothing > Shirts & Tops,517.5 INR,690.0 INR
CINDPEACOCKM,Cinderella,Cinderella,in stock,new,https://paavay.aalam.cloud/store/item/Cinderella?id=1138,https://paavay.aalam.cloud/aalam/stock/item/1138/image/_/face-img,Paavay,PEACOCK,,M,Apparel & Accessories > Clothing > Shirts & Tops,517.5 INR,690.0 INR
CINDPEACOCKL,Cinderella,Cinderella,in stock,new,https://paavay.aalam.cloud/store/item/Cinderella?id=1139,https://paavay.aalam.cloud/aalam/stock/item/1139/image/_/face-img,Paavay,PEACOCK,,L,Apparel & Accessories > Clothing > Shirts & Tops,517.5 INR,690.0 INR
CINDPEACOCKXL,Cinderella,Cinderella,in stock,new,https://paavay.aalam.cloud/store/item/Cinderella?id=1140,https://paavay.aalam.cloud/aalam/stock/item/1140/image/_/face-img,Paavay,PEACOCK,,XL,Apparel & Accessories > Clothing > Shirts & Tops,517.5 INR,690.0 INR
LOLIORCHIDXS,Lolita,Lolita,in stock,new,https://paavay.aalam.cloud/store/item/Lolita?id=1141,https://paavay.aalam.cloud/aalam/stock/item/1141/image/_/face-img,Paavay,ORCHID,,XS,Apparel & Accessories > Clothing > Shirts & Tops,517.5 INR,690.0 INR
LOLIORCHIDS,Lolita,Lolita,in stock,new,https://paavay.aalam.cloud/store/item/Lolita?id=1142,https://paavay.aalam.cloud/aalam/stock/item/1142/image/_/face-img,Paavay,ORCHID,,S,Apparel & Accessories > Clothing > Shirts & Tops,517.5 INR,690.0 INR
LOLIORCHIDM,Lolita,Lolita,in stock,new,https://paavay.aalam.cloud/store/item/Lolita?id=1143,https://paavay.aalam.cloud/aalam/stock/item/1143/image/_/face-img,Paavay,ORCHID,,M,Apparel & Accessories > Clothing > Shirts & Tops,517.5 INR,690.0 INR
LOLIORCHIDL,Lolita,Lolita,in stock,new,https://paavay.aalam.cloud/store/item/Lolita?id=1144,https://paavay.aalam.cloud/aalam/stock/item/1144/image/_/face-img,Paavay,ORCHID,,L,Apparel & Accessories > Clothing > Shirts & Tops,517.5 INR,690.0 INR
LOLIORCHIDXL,Lolita,Lolita,in stock,new,https://paavay.aalam.cloud/store/item/Lolita?id=1145,https://paavay.aalam.cloud/aalam/stock/item/1145/image/_/face-img,Paavay,ORCHID,,XL,Apparel & Accessories > Clothing > Shirts & Tops,517.5 INR,690.0 INR
LOXS01,Pastel Orange,Pastel Orange,in stock,new,https://paavay.aalam.cloud/store/item/Pastel+Orange?id=1171,https://paavay.aalam.cloud/aalam/stock/item/1171/image/_/face-img,Paavay,Pastel Orange,,Skinny,Apparel & Accessories > Clothing > Underwear & Socks > Shapewear,892.5 INR,1190.0 INR
LORANGEX03,Pastel Orange,Pastel Orange,in stock,new,https://paavay.aalam.cloud/store/item/Pastel+Orange?id=1198,https://paavay.aalam.cloud/aalam/stock/item/1198/image/_/face-img,Paavay,Pastel Orange,,Skinny,Apparel & Accessories > Clothing > Underwear & Socks > Shapewear,892.5 INR,1190.0 INR
DOLLYPINE S,Dolly,Dolly,in stock,new,https://paavay.aalam.cloud/store/item/Dolly?id=1246,https://paavay.aalam.cloud/aalam/stock/item/1246/image/_/face-img,Paavay,Pine,,S,Apparel & Accessories > Clothing > Shirts & Tops,517.5 INR,690.0 INR
DOLLYPINE XL,Dolly,Dolly,in stock,new,https://paavay.aalam.cloud/store/item/Dolly?id=1247,https://paavay.aalam.cloud/aalam/stock/item/1247/image/_/face-img,Paavay,Pine,,XL,Apparel & Accessories > Clothing > Shirts & Tops,517.5 INR,690.0 INR
DOLLYPINEXS,Dolly,Dolly,in stock,new,https://paavay.aalam.cloud/store/item/Dolly?id=1248,https://paavay.aalam.cloud/aalam/stock/item/1248/image/_/face-img,Paavay,Pine,,XS,Apparel & Accessories > Clothing > Shirts & Tops,517.5 INR,690.0 INR
DOLLYPINE M,Dolly,Dolly,in stock,new,https://paavay.aalam.cloud/store/item/Dolly?id=1249,https://paavay.aalam.cloud/aalam/stock/item/1249/image/_/face-img,Paavay,Pine,,M,Apparel & Accessories > Clothing > Shirts & Tops,517.5 INR,690.0 INR
GRAPEX01,Grape,Grape,in stock,new,https://paavay.aalam.cloud/store/item/Grape?id=1251,https://paavay.aalam.cloud/aalam/stock/item/1251/image/_/face-img,Paavay,Grape,,Skinny,Apparel & Accessories > Clothing > Underwear & Socks > Shapewear,892.5 INR,1190.0 INR
GRAPEX02,Grape,Grape,in stock,new,https://paavay.aalam.cloud/store/item/Grape?id=1252,https://paavay.aalam.cloud/aalam/stock/item/1252/image/_/face-img,Paavay,Grape,,Skinny,Apparel & Accessories > Clothing > Underwear & Socks > Shapewear,892.5 INR,1190.0 INR
GRAPEX03,Grape,Grape,in stock,new,https://paavay.aalam.cloud/store/item/Grape?id=1253,https://paavay.aalam.cloud/aalam/stock/item/1253/image/_/face-img,Paavay,Grape,,Skinny,Apparel & Accessories > Clothing > Underwear & Socks > Shapewear,892.5 INR,1190.0 INR
GRAPES01,Grape,Grape,in stock,new,https://paavay.aalam.cloud/store/item/Grape?id=1254,https://paavay.aalam.cloud/aalam/stock/item/1254/image/_/face-img,Paavay,Grape,,Skubby,Apparel & Accessories > Clothing > Underwear & Socks > Shapewear,892.5 INR,1190.0 INR
GRAPES02,Grape,Grape,out of stock,new,https://paavay.aalam.cloud/store/item/Grape?id=1255,https://paavay.aalam.cloud/aalam/stock/item/1255/image/_/face-img,Paavay,Grape,,Skubby,Apparel & Accessories > Clothing > Underwear & Socks > Shapewear,892.5 INR,1190.0 INR
GRAPES03,Grape,Grape,in stock,new,https://paavay.aalam.cloud/store/item/Grape?id=1256,https://paavay.aalam.cloud/aalam/stock/item/1256/image/_/face-img,Paavay,Grape,,Skubby,Apparel & Accessories > Clothing > Underwear & Socks > Shapewear,892.5 INR,1190.0 INR
GRAPEM01,Grape,Grape,in stock,new,https://paavay.aalam.cloud/store/item/Grape?id=1257,https://paavay.aalam.cloud/aalam/stock/item/1257/image/_/face-img,Paavay,Grape,,Plumpy,Apparel & Accessories > Clothing > Underwear & Socks > Shapewear,892.5 INR,1190.0 INR
GRAPEM02,Grape,Grape,in stock,new,https://paavay.aalam.cloud/store/item/Grape?id=1258,https://paavay.aalam.cloud/aalam/stock/item/1258/image/_/face-img,Paavay,Grape,,Plumpy,Apparel & Accessories > Clothing > Underwear & Socks > Shapewear,892.5 INR,1190.0 INR
GRAPEM03,Grape,Grape,out of stock,new,https://paavay.aalam.cloud/store/item/Grape?id=1259,https://paavay.aalam.cloud/aalam/stock/item/1259/image/_/face-img,Paavay,Grape,,Plumpy,Apparel & Accessories > Clothing > Underwear & Socks > Shapewear,892.5 INR,1190.0 INR
GRAPEL02,Grape,Grape,in stock,new,https://paavay.aalam.cloud/store/item/Grape?id=1260,https://paavay.aalam.cloud/aalam/stock/item/1260/image/_/face-img,Paavay,Grape,,Chunky,Apparel & Accessories > Clothing > Underwear & Socks > Shapewear,892.5 INR,1190.0 INR
GRAPEL01,Grape,Grape,in stock,new,https://paavay.aalam.cloud/store/item/Grape?id=1261,https://paavay.aalam.cloud/aalam/stock/item/1261/image/_/face-img,Paavay,Grape,,Chunky,Apparel & Accessories > Clothing > Underwear & Socks > Shapewear,892.5 INR,1190.0 INR
GRAPEL03,Grape,Grape,out of stock,new,https://paavay.aalam.cloud/store/item/Grape?id=1262,https://paavay.aalam.cloud/aalam/stock/item/1262/image/_/face-img,Paavay,Grape,,Chunky,Apparel & Accessories > Clothing > Underwear & Socks > Shapewear,892.5 INR,1190.0 INR
PINEX01,Pine,Pine,in stock,new,https://paavay.aalam.cloud/store/item/Pine?id=1263,https://paavay.aalam.cloud/aalam/stock/item/1263/image/_/face-img,Paavay,Pine,,Skinny,Apparel & Accessories > Clothing > Underwear & Socks > Shapewear,892.5 INR,1190.0 INR
PINEX02,Pine,Pine,in stock,new,https://paavay.aalam.cloud/store/item/Pine?id=1264,https://paavay.aalam.cloud/aalam/stock/item/1264/image/_/face-img,Paavay,Pine,,Skinny,Apparel & Accessories > Clothing > Underwear & Socks > Shapewear,892.5 INR,1190.0 INR
PINEX03,Pine,Pine,in stock,new,https://paavay.aalam.cloud/store/item/Pine?id=1265,https://paavay.aalam.cloud/aalam/stock/item/1265/image/_/face-img,Paavay,Pine,,Skinny,Apparel & Accessories > Clothing > Underwear & Socks > Shapewear,892.5 INR,1190.0 INR
PINES02,Pine,Pine,out of stock,new,https://paavay.aalam.cloud/store/item/Pine?id=1266,https://paavay.aalam.cloud/aalam/stock/item/1266/image/_/face-img,Paavay,Pine,,Skubby,Apparel & Accessories > Clothing > Underwear & Socks > Shapewear,892.5 INR,1190.0 INR
PINES01,Pine,Pine,in stock,new,https://paavay.aalam.cloud/store/item/Pine?id=1267,https://paavay.aalam.cloud/aalam/stock/item/1267/image/_/face-img,Paavay,Pine,,Skubby,Apparel & Accessories > Clothing > Underwear & Socks > Shapewear,892.5 INR,1190.0 INR
PINES03,Pine,Pine,out of stock,new,https://paavay.aalam.cloud/store/item/Pine?id=1268,https://paavay.aalam.cloud/aalam/stock/item/1268/image/_/face-img,Paavay,Pine,,Skubby,Apparel & Accessories > Clothing > Underwear & Socks > Shapewear,892.5 INR,1190.0 INR
PINEM01,Pine,Pine,out of stock,new,https://paavay.aalam.cloud/store/item/Pine?id=1269,https://paavay.aalam.cloud/aalam/stock/item/1269/image/_/face-img,Paavay,Pine,,Plumpy,Apparel & Accessories > Clothing > Underwear & Socks > Shapewear,892.5 INR,1190.0 INR
PINEM02,Pine,Pine,out of stock,new,https://paavay.aalam.cloud/store/item/Pine?id=1270,https://paavay.aalam.cloud/aalam/stock/item/1270/image/_/face-img,Paavay,Pine,,Plumpy,Apparel & Accessories > Clothing > Underwear & Socks > Shapewear,892.5 INR,1190.0 INR
PINEL03,Pine,Pine,out of stock,new,https://paavay.aalam.cloud/store/item/Pine?id=1271,https://paavay.aalam.cloud/aalam/stock/item/1271/image/_/face-img,Paavay,Pine,,Chunky,Apparel & Accessories > Clothing > Underwear & Socks > Shapewear,892.5 INR,1190.0 INR
PINEM03,Pine,Pine,out of stock,new,https://paavay.aalam.cloud/store/item/Pine?id=1272,https://paavay.aalam.cloud/aalam/stock/item/1272/image/_/face-img,Paavay,Pine,,Plumpy,Apparel & Accessories > Clothing > Underwear & Socks > Shapewear,892.5 INR,1190.0 INR
PINEL02,Pine,Pine,out of stock,new,https://paavay.aalam.cloud/store/item/Pine?id=1273,https://paavay.aalam.cloud/aalam/stock/item/1273/image/_/face-img,Paavay,Pine,,Chunky,Apparel & Accessories > Clothing > Underwear & Socks > Shapewear,892.5 INR,1190.0 INR
PINEL01,Pine,Pine,out of stock,new,https://paavay.aalam.cloud/store/item/Pine?id=1274,https://paavay.aalam.cloud/aalam/stock/item/1274/image/_/face-img,Paavay,Pine,,Chunky,Apparel & Accessories > Clothing > Underwear & Socks > Shapewear,892.5 INR,1190.0 INR
JETBLACKXS01,Black,Black,in stock,new,https://paavay.aalam.cloud/store/item/Black?id=1299,https://paavay.aalam.cloud/aalam/stock/item/1299/image/_/face-img,Paavay,Black,,Skinny,Apparel & Accessories > Clothing > Underwear & Socks > Shapewear,,1190.0 INR
JETBLACKXS02,Black,Black,in stock,new,https://paavay.aalam.cloud/store/item/Black?id=1300,https://paavay.aalam.cloud/aalam/stock/item/1300/image/_/face-img,Paavay,Black,,Skinny,Apparel & Accessories > Clothing > Underwear & Socks > Shapewear,,1190.0 INR
JETBLACKXS03,Black,Black,in stock,new,https://paavay.aalam.cloud/store/item/Black?id=1302,https://paavay.aalam.cloud/aalam/stock/item/1302/image/_/face-img,Paavay,Black,,Skinny,Apparel & Accessories > Clothing > Underwear & Socks > Shapewear,,1190.0 INR
JETBLACKS01,Black,Black,in stock,new,https://paavay.aalam.cloud/store/item/Black?id=1303,https://paavay.aalam.cloud/aalam/stock/item/1303/image/_/face-img,Paavay,Black,,Skubby,Apparel & Accessories > Clothing > Underwear & Socks > Shapewear,,1190.0 INR
JETBLACKS02,Black,Black,in stock,new,https://paavay.aalam.cloud/store/item/Black?id=1304,https://paavay.aalam.cloud/aalam/stock/item/1304/image/_/face-img,Paavay,Black,,Skubby,Apparel & Accessories > Clothing > Underwear & Socks > Shapewear,,1190.0 INR
JETBLACKS03,Black,Black,out of stock,new,https://paavay.aalam.cloud/store/item/Black?id=1305,https://paavay.aalam.cloud/aalam/stock/item/1305/image/_/face-img,Paavay,Black,,Skubby,Apparel & Accessories > Clothing > Underwear & Socks > Shapewear,,1190.0 INR
JETBLACKM01,Black,Black,in stock,new,https://paavay.aalam.cloud/store/item/Black?id=1306,https://paavay.aalam.cloud/aalam/stock/item/1306/image/_/face-img,Paavay,Black,,Plumpy,Apparel & Accessories > Clothing > Underwear & Socks > Shapewear,,1190.0 INR
JETBLACKM02,Black,Black,in stock,new,https://paavay.aalam.cloud/store/item/Black?id=1307,https://paavay.aalam.cloud/aalam/stock/item/1307/image/_/face-img,Paavay,Black,,Plumpy,Apparel & Accessories > Clothing > Underwear & Socks > Shapewear,,1190.0 INR
JETBLACK03,Black,Black,out of stock,new,https://paavay.aalam.cloud/store/item/Black?id=1308,https://paavay.aalam.cloud/aalam/stock/item/1308/image/_/face-img,Paavay,Black,,Plumpy,Apparel & Accessories > Clothing > Underwear & Socks > Shapewear,,1190.0 INR
JETBLACKL01,Black,Black,out of stock,new,https://paavay.aalam.cloud/store/item/Black?id=1309,https://paavay.aalam.cloud/aalam/stock/item/1309/image/_/face-img,Paavay,Black,,Chunky,Apparel & Accessories > Clothing > Underwear & Socks > Shapewear,,1190.0 INR
JETBLACKL02,Black,Black,out of stock,new,https://paavay.aalam.cloud/store/item/Black?id=1310,https://paavay.aalam.cloud/aalam/stock/item/1310/image/_/face-img,Paavay,Black,,Chunky,Apparel & Accessories > Clothing > Underwear & Socks > Shapewear,,1190.0 INR
JETBLACKL03,Black,Black,out of stock,new,https://paavay.aalam.cloud/store/item/Black?id=1316,https://paavay.aalam.cloud/aalam/stock/item/1316/image/_/face-img,Paavay,Black,,Chunky,Apparel & Accessories > Clothing > Underwear & Socks > Shapewear,,1190.0 INR
SOLIDBLACKXS,Solid Black Rayon Midi dress,Solid Black Rayon Midi dress,out of stock,new,https://paavay.aalam.cloud/store/item/Solid+Black+Rayon+Midi+dress?id=1674,https://paavay.aalam.cloud/aalam/stock/item/1674/image/_/face-img,Paavay,Black,Cotton,XS,Apparel & Accessories > Clothing > Dresses,1679.18 INR,2098.97 INR
SOLIDBLACKS,Solid Black Rayon Midi dress,Solid Black Rayon Midi dress,in stock,new,https://paavay.aalam.cloud/store/item/Solid+Black+Rayon+Midi+dress?id=1675,https://paavay.aalam.cloud/aalam/stock/item/1675/image/_/face-img,Paavay,Black,Cotton,S,Apparel & Accessories > Clothing > Dresses,1679.18 INR,2098.97 INR
SOLIDBLACKM,Solid Black Rayon Midi dress,Solid Black Rayon Midi dress,in stock,new,https://paavay.aalam.cloud/store/item/Solid+Black+Rayon+Midi+dress?id=1676,https://paavay.aalam.cloud/aalam/stock/item/1676/image/_/face-img,Paavay,Black,Cotton,M,Apparel & Accessories > Clothing > Dresses,1679.18 INR,2098.97 INR
SOLIDBLACKL,Solid Black Rayon Midi dress,Solid Black Rayon Midi dress,in stock,new,https://paavay.aalam.cloud/store/item/Solid+Black+Rayon+Midi+dress?id=1677,https://paavay.aalam.cloud/aalam/stock/item/1677/image/_/face-img,Paavay,Black,Cotton,L,Apparel & Accessories > Clothing > Dresses,1679.18 INR,2098.97 INR
SOLIDBLACKXL,Solid Black Rayon Midi dress,Solid Black Rayon Midi dress,in stock,new,https://paavay.aalam.cloud/store/item/Solid+Black+Rayon+Midi+dress?id=1678,https://paavay.aalam.cloud/aalam/stock/item/1678/image/_/face-img,Paavay,Black,Cotton,XL,Apparel & Accessories > Clothing > Dresses,1679.18 INR,2098.97 INR
SOLIDBLACK2XL,Solid Black Rayon Midi dress,Solid Black Rayon Midi dress,out of stock,new,https://paavay.aalam.cloud/store/item/Solid+Black+Rayon+Midi+dress?id=1679,https://paavay.aalam.cloud/aalam/stock/item/1679/image/_/face-img,Paavay,Black,Cotton,XXL,Apparel & Accessories > Clothing > Dresses,1679.18 INR,2098.97 INR
SOLIDBLACK3XL,Solid Black Rayon Midi dress,Solid Black Rayon Midi dress,out of stock,new,https://paavay.aalam.cloud/store/item/Solid+Black+Rayon+Midi+dress?id=1680,https://paavay.aalam.cloud/aalam/stock/item/1680/image/_/face-img,Paavay,Black,Cotton,XXXL,Apparel & Accessories > Clothing > Dresses,1679.18 INR,2098.97 INR
LILACS01,Lilac,Lilac,out of stock,new,https://paavay.aalam.cloud/store/item/Lilac?id=1722,https://paavay.aalam.cloud/aalam/stock/item/1722/image/_/face-img,Paavay,Lilac,,Skinny,Apparel & Accessories > Clothing > Underwear & Socks > Shapewear,,1190.0 INR
LILACS02,Lilac,Lilac,out of stock,new,https://paavay.aalam.cloud/store/item/Lilac?id=1723,https://paavay.aalam.cloud/aalam/stock/item/1723/image/_/face-img,Paavay,Lilac,,Skinny,Apparel & Accessories > Clothing > Underwear & Socks > Shapewear,,1190.0 INR
LILACS03,Lilac,Lilac,out of stock,new,https://paavay.aalam.cloud/store/item/Lilac?id=1724,https://paavay.aalam.cloud/aalam/stock/item/1724/image/_/face-img,Paavay,Lilac,,Skinny,Apparel & Accessories > Clothing > Underwear & Socks > Shapewear,,1190.0 INR
LILACS04,Lilac,Lilac,out of stock,new,https://paavay.aalam.cloud/store/item/Lilac?id=1725,https://paavay.aalam.cloud/aalam/stock/item/1725/image/_/face-img,Paavay,Lilac,,Skubby,Apparel & Accessories > Clothing > Underwear & Socks > Shapewear,,1190.0 INR
LILACS05,Lilac,Lilac,out of stock,new,https://paavay.aalam.cloud/store/item/Lilac?id=1726,https://paavay.aalam.cloud/aalam/stock/item/1726/image/_/face-img,Paavay,Lilac,,Skubby,Apparel & Accessories > Clothing > Underwear & Socks > Shapewear,,1190.0 INR
LILACS06,Lilac,Lilac,out of stock,new,https://paavay.aalam.cloud/store/item/Lilac?id=1727,https://paavay.aalam.cloud/aalam/stock/item/1727/image/_/face-img,Paavay,Lilac,,Skubby,Apparel & Accessories > Clothing > Underwear & Socks > Shapewear,,1190.0 INR
LILACS07,Lilac,Lilac,out of stock,new,https://paavay.aalam.cloud/store/item/Lilac?id=1728,https://paavay.aalam.cloud/aalam/stock/item/1728/image/_/face-img,Paavay,Lilac,,Plumpy,Apparel & Accessories > Clothing > Underwear & Socks > Shapewear,,1190.0 INR
LILACS08,Lilac,Lilac,out of stock,new,https://paavay.aalam.cloud/store/item/Lilac?id=1729,https://paavay.aalam.cloud/aalam/stock/item/1729/image/_/face-img,Paavay,Lilac,,Plumpy,Apparel & Accessories > Clothing > Underwear & Socks > Shapewear,,1190.0 INR
LILACS09,Lilac,Lilac,out of stock,new,https://paavay.aalam.cloud/store/item/Lilac?id=1730,https://paavay.aalam.cloud/aalam/stock/item/1730/image/_/face-img,Paavay,Lilac,,Plumpy,Apparel & Accessories > Clothing > Underwear & Socks > Shapewear,,1190.0 INR
LILACS010,Lilac,Lilac,out of stock,new,https://paavay.aalam.cloud/store/item/Lilac?id=1731,https://paavay.aalam.cloud/aalam/stock/item/1731/image/_/face-img,Paavay,Lilac,,Chunky,Apparel & Accessories > Clothing > Underwear & Socks > Shapewear,,1190.0 INR
LILACS011,Lilac,Lilac,out of stock,new,https://paavay.aalam.cloud/store/item/Lilac?id=1732,https://paavay.aalam.cloud/aalam/stock/item/1732/image/_/face-img,Paavay,Lilac,,Chunky,Apparel & Accessories > Clothing > Underwear & Socks > Shapewear,,1190.0 INR
LILACS012,Lilac,Lilac,out of stock,new,https://paavay.aalam.cloud/store/item/Lilac?id=1733,https://paavay.aalam.cloud/aalam/stock/item/1733/image/_/face-img,Paavay,Lilac,,Chunky,Apparel & Accessories > Clothing > Underwear & Socks > Shapewear,,1190.0 INR
LW301,Wishing Star Maternity & Feeding Premium Loungewear,Wishing Star Maternity & Feeding Premium Loungewear,out of stock,new,https://paavay.aalam.cloud/store/item/Wishing+Star+Maternity+%26+Feeding+Premium+Loungewear?id=1883,https://paavay.aalam.cloud/aalam/stock/item/1883/image/_/face-img,Paavay,,,XS,Apparel & Accessories > Clothing > Sleepwear & Loungewear > Loungewear,1332.0 INR,1480.0 INR
LW302,Wishing Star Maternity & Feeding Premium Loungewear,Wishing Star Maternity & Feeding Premium Loungewear,in stock,new,https://paavay.aalam.cloud/store/item/Wishing+Star+Maternity+%26+Feeding+Premium+Loungewear?id=1884,https://paavay.aalam.cloud/aalam/stock/item/1884/image/_/face-img,Paavay,,,S,Apparel & Accessories > Clothing > Sleepwear & Loungewear > Loungewear,1332.0 INR,1480.0 INR
LW303,Wishing Star Maternity & Feeding Premium Loungewear,Wishing Star Maternity & Feeding Premium Loungewear,in stock,new,https://paavay.aalam.cloud/store/item/Wishing+Star+Maternity+%26+Feeding+Premium+Loungewear?id=1885,https://paavay.aalam.cloud/aalam/stock/item/1885/image/_/face-img,Paavay,,,M,Apparel & Accessories > Clothing > Sleepwear & Loungewear > Loungewear,1332.0 INR,1480.0 INR
LW304,Wishing Star Maternity & Feeding Premium Loungewear,Wishing Star Maternity & Feeding Premium Loungewear,in stock,new,https://paavay.aalam.cloud/store/item/Wishing+Star+Maternity+%26+Feeding+Premium+Loungewear?id=1886,https://paavay.aalam.cloud/aalam/stock/item/1886/image/_/face-img,Paavay,,,L,Apparel & Accessories > Clothing > Sleepwear & Loungewear > Loungewear,1332.0 INR,1480.0 INR
LW305,Wishing Star Maternity & Feeding Premium Loungewear,Wishing Star Maternity & Feeding Premium Loungewear,in stock,new,https://paavay.aalam.cloud/store/item/Wishing+Star+Maternity+%26+Feeding+Premium+Loungewear?id=1887,https://paavay.aalam.cloud/aalam/stock/item/1887/image/_/face-img,Paavay,,,XL,Apparel & Accessories > Clothing > Sleepwear & Loungewear > Loungewear,1332.0 INR,1480.0 INR
LW306,Wishing Star Maternity & Feeding Premium Loungewear,Wishing Star Maternity & Feeding Premium Loungewear,in stock,new,https://paavay.aalam.cloud/store/item/Wishing+Star+Maternity+%26+Feeding+Premium+Loungewear?id=1888,https://paavay.aalam.cloud/aalam/stock/item/1888/image/_/face-img,Paavay,,,XXL,Apparel & Accessories > Clothing > Sleepwear & Loungewear > Loungewear,1332.0 INR,1480.0 INR
LW307,Wishing Star Maternity & Feeding Premium Loungewear,Wishing Star Maternity & Feeding Premium Loungewear,out of stock,new,https://paavay.aalam.cloud/store/item/Wishing+Star+Maternity+%26+Feeding+Premium+Loungewear?id=1889,https://paavay.aalam.cloud/aalam/stock/item/1889/image/_/face-img,Paavay,,,XS,Apparel & Accessories > Clothing > Sleepwear & Loungewear > Loungewear,1332.0 INR,1480.0 INR
LW308,Wishing Star Maternity & Feeding Premium Loungewear,Wishing Star Maternity & Feeding Premium Loungewear,in stock,new,https://paavay.aalam.cloud/store/item/Wishing+Star+Maternity+%26+Feeding+Premium+Loungewear?id=1890,https://paavay.aalam.cloud/aalam/stock/item/1890/image/_/face-img,Paavay,,,S,Apparel & Accessories > Clothing > Sleepwear & Loungewear > Loungewear,1332.0 INR,1480.0 INR
LW309,Wishing Star Maternity & Feeding Premium Loungewear,Wishing Star Maternity & Feeding Premium Loungewear,in stock,new,https://paavay.aalam.cloud/store/item/Wishing+Star+Maternity+%26+Feeding+Premium+Loungewear?id=1891,https://paavay.aalam.cloud/aalam/stock/item/1891/image/_/face-img,Paavay,,,M,Apparel & Accessories > Clothing > Sleepwear & Loungewear > Loungewear,1332.0 INR,1480.0 INR
LW310,Wishing Star Maternity & Feeding Premium Loungewear,Wishing Star Maternity & Feeding Premium Loungewear,in stock,new,https://paavay.aalam.cloud/store/item/Wishing+Star+Maternity+%26+Feeding+Premium+Loungewear?id=1892,https://paavay.aalam.cloud/aalam/stock/item/1892/image/_/face-img,Paavay,,,L,Apparel & Accessories > Clothing > Sleepwear & Loungewear > Loungewear,1332.0 INR,1480.0 INR
LW311,Wishing Star Maternity & Feeding Premium Loungewear,Wishing Star Maternity & Feeding Premium Loungewear,in stock,new,https://paavay.aalam.cloud/store/item/Wishing+Star+Maternity+%26+Feeding+Premium+Loungewear?id=1893,https://paavay.aalam.cloud/aalam/stock/item/1893/image/_/face-img,Paavay,,,XL,Apparel & Accessories > Clothing > Sleepwear & Loungewear > Loungewear,1332.0 INR,1480.0 INR
LW312,Wishing Star Maternity & Feeding Premium Loungewear,Wishing Star Maternity & Feeding Premium Loungewear,in stock,new,https://paavay.aalam.cloud/store/item/Wishing+Star+Maternity+%26+Feeding+Premium+Loungewear?id=1894,https://paavay.aalam.cloud/aalam/stock/item/1894/image/_/face-img,Paavay,,,XXL,Apparel & Accessories > Clothing > Sleepwear & Loungewear > Loungewear,1332.0 INR,1480.0 INR
LW321,Pink Giraffee Printed Feeding & Maternity Premium Loungewear,Pink Giraffee Printed Feeding & Maternity Premium Loungewear,in stock,new,https://paavay.aalam.cloud/store/item/Pink+Giraffee+Printed+Feeding+%26+Maternity+Premium+Loungewear?id=1898,https://paavay.aalam.cloud/aalam/stock/item/1898/image/_/face-img,Paavay,,,XS,Apparel & Accessories > Clothing > Sleepwear & Loungewear > Loungewear,1332.0 INR,1480.0 INR
LW322,Pink Giraffee Printed Feeding & Maternity Premium Loungewear,Pink Giraffee Printed Feeding & Maternity Premium Loungewear,in stock,new,https://paavay.aalam.cloud/store/item/Pink+Giraffee+Printed+Feeding+%26+Maternity+Premium+Loungewear?id=1899,https://paavay.aalam.cloud/aalam/stock/item/1899/image/_/face-img,Paavay,,,S,Apparel & Accessories > Clothing > Sleepwear & Loungewear > Loungewear,1332.0 INR,1480.0 INR
LW323,Pink Giraffee Printed Feeding & Maternity Premium Loungewear,Pink Giraffee Printed Feeding & Maternity Premium Loungewear,in stock,new,https://paavay.aalam.cloud/store/item/Pink+Giraffee+Printed+Feeding+%26+Maternity+Premium+Loungewear?id=1900,https://paavay.aalam.cloud/aalam/stock/item/1900/image/_/face-img,Paavay,,,M,Apparel & Accessories > Clothing > Sleepwear & Loungewear > Loungewear,1332.0 INR,1480.0 INR
LW324,Pink Giraffee Printed Feeding & Maternity Premium Loungewear,Pink Giraffee Printed Feeding & Maternity Premium Loungewear,in stock,new,https://paavay.aalam.cloud/store/item/Pink+Giraffee+Printed+Feeding+%26+Maternity+Premium+Loungewear?id=1901,https://paavay.aalam.cloud/aalam/stock/item/1901/image/_/face-img,Paavay,,,L,Apparel & Accessories > Clothing > Sleepwear & Loungewear > Loungewear,1332.0 INR,1480.0 INR
LW325,Pink Giraffee Printed Feeding & Maternity Premium Loungewear,Pink Giraffee Printed Feeding & Maternity Premium Loungewear,in stock,new,https://paavay.aalam.cloud/store/item/Pink+Giraffee+Printed+Feeding+%26+Maternity+Premium+Loungewear?id=1902,https://paavay.aalam.cloud/aalam/stock/item/1902/image/_/face-img,Paavay,,,XL,Apparel & Accessories > Clothing > Sleepwear & Loungewear > Loungewear,1332.0 INR,1480.0 INR
LW326,Pink Giraffee Printed Feeding & Maternity Premium Loungewear,Pink Giraffee Printed Feeding & Maternity Premium Loungewear,in stock,new,https://paavay.aalam.cloud/store/item/Pink+Giraffee+Printed+Feeding+%26+Maternity+Premium+Loungewear?id=1903,https://paavay.aalam.cloud/aalam/stock/item/1903/image/_/face-img,Paavay,,,XXL,Apparel & Accessories > Clothing > Sleepwear & Loungewear > Loungewear,1332.0 INR,1480.0 INR
LW327,Pink Giraffee Printed Feeding & Maternity Premium Loungewear,Pink Giraffee Printed Feeding & Maternity Premium Loungewear,in stock,new,https://paavay.aalam.cloud/store/item/Pink+Giraffee+Printed+Feeding+%26+Maternity+Premium+Loungewear?id=1904,https://paavay.aalam.cloud/aalam/stock/item/1904/image/_/face-img,Paavay,,,XS,Apparel & Accessories > Clothing > Sleepwear & Loungewear > Loungewear,1332.0 INR,1480.0 INR
LW328,Pink Giraffee Printed Feeding & Maternity Premium Loungewear,Pink Giraffee Printed Feeding & Maternity Premium Loungewear,in stock,new,https://paavay.aalam.cloud/store/item/Pink+Giraffee+Printed+Feeding+%26+Maternity+Premium+Loungewear?id=1905,https://paavay.aalam.cloud/aalam/stock/item/1905/image/_/face-img,Paavay,,,S,Apparel & Accessories > Clothing > Sleepwear & Loungewear > Loungewear,1332.0 INR,1480.0 INR
LW329,Pink Giraffee Printed Feeding & Maternity Premium Loungewear,Pink Giraffee Printed Feeding & Maternity Premium Loungewear,in stock,new,https://paavay.aalam.cloud/store/item/Pink+Giraffee+Printed+Feeding+%26+Maternity+Premium+Loungewear?id=1906,https://paavay.aalam.cloud/aalam/stock/item/1906/image/_/face-img,Paavay,,,M,Apparel & Accessories > Clothing > Sleepwear & Loungewear > Loungewear,1332.0 INR,1480.0 INR
LW330,Pink Giraffee Printed Feeding & Maternity Premium Loungewear,Pink Giraffee Printed Feeding & Maternity Premium Loungewear,in stock,new,https://paavay.aalam.cloud/store/item/Pink+Giraffee+Printed+Feeding+%26+Maternity+Premium+Loungewear?id=1907,https://paavay.aalam.cloud/aalam/stock/item/1907/image/_/face-img,Paavay,,,L,Apparel & Accessories > Clothing > Sleepwear & Loungewear > Loungewear,1332.0 INR,1480.0 INR
LW331,Pink Giraffee Printed Feeding & Maternity Premium Loungewear,Pink Giraffee Printed Feeding & Maternity Premium Loungewear,in stock,new,https://paavay.aalam.cloud/store/item/Pink+Giraffee+Printed+Feeding+%26+Maternity+Premium+Loungewear?id=1908,https://paavay.aalam.cloud/aalam/stock/item/1908/image/_/face-img,Paavay,,,XL,Apparel & Accessories > Clothing > Sleepwear & Loungewear > Loungewear,1332.0 INR,1480.0 INR
LW332,Pink Giraffee Printed Feeding & Maternity Premium Loungewear,Pink Giraffee Printed Feeding & Maternity Premium Loungewear,in stock,new,https://paavay.aalam.cloud/store/item/Pink+Giraffee+Printed+Feeding+%26+Maternity+Premium+Loungewear?id=1909,https://paavay.aalam.cloud/aalam/stock/item/1909/image/_/face-img,Paavay,,,XXL,Apparel & Accessories > Clothing > Sleepwear & Loungewear > Loungewear,1332.0 INR,1480.0 INR
MAXI1070,Denim Midi dress,Denim Midi dress,out of stock,new,https://paavay.aalam.cloud/store/item/Denim+Midi+dress?id=1982,https://paavay.aalam.cloud/aalam/stock/item/1982/image/_/face-img,Paavay,BLUE,Cotton,XS,Apparel & Accessories > Clothing > Dresses,1512.0 INR,1890.0 INR
MAXI1071,Denim Midi dress,Denim Midi dress,out of stock,new,https://paavay.aalam.cloud/store/item/Denim+Midi+dress?id=1983,https://paavay.aalam.cloud/aalam/stock/item/1983/image/_/face-img,Paavay,BLUE,Cotton,S,Apparel & Accessories > Clothing > Dresses,1512.0 INR,1890.0 INR
MAXI1072,Denim Midi dress,Denim Midi dress,out of stock,new,https://paavay.aalam.cloud/store/item/Denim+Midi+dress?id=1984,https://paavay.aalam.cloud/aalam/stock/item/1984/image/_/face-img,Paavay,BLUE,Cotton,M,Apparel & Accessories > Clothing > Dresses,1512.0 INR,1890.0 INR
MAXI1073,Denim Midi dress,Denim Midi dress,in stock,new,https://paavay.aalam.cloud/store/item/Denim+Midi+dress?id=1985,https://paavay.aalam.cloud/aalam/stock/item/1985/image/_/face-img,Paavay,BLUE,Cotton,L,Apparel & Accessories > Clothing > Dresses,1512.0 INR,1890.0 INR
MAXI1074,Denim Midi dress,Denim Midi dress,out of stock,new,https://paavay.aalam.cloud/store/item/Denim+Midi+dress?id=1986,https://paavay.aalam.cloud/aalam/stock/item/1986/image/_/face-img,Paavay,BLUE,Cotton,XL,Apparel & Accessories > Clothing > Dresses,1512.0 INR,1890.0 INR
MAXI1075,Denim Midi dress,Denim Midi dress,out of stock,new,https://paavay.aalam.cloud/store/item/Denim+Midi+dress?id=1987,https://paavay.aalam.cloud/aalam/stock/item/1987/image/_/face-img,Paavay,BLUE,Cotton,XXL,Apparel & Accessories > Clothing > Dresses,1512.0 INR,1890.0 INR
MAXI1076,Denim Midi dress,Denim Midi dress,out of stock,new,https://paavay.aalam.cloud/store/item/Denim+Midi+dress?id=1988,https://paavay.aalam.cloud/aalam/stock/item/1988/image/_/face-img,Paavay,BLUE,Cotton,XXXL,Apparel & Accessories > Clothing > Dresses,1512.0 INR,1890.0 INR
LW334,Navy Heart Feeding & Maternity Loungewear,Navy Heart Feeding & Maternity Loungewear,out of stock,new,https://paavay.aalam.cloud/store/item/Navy+Heart+Feeding+%26+Maternity+Loungewear?id=2032,https://paavay.aalam.cloud/aalam/stock/item/2032/image/_/face-img,Paavay,,,XS,Apparel & Accessories > Clothing > Sleepwear & Loungewear > Loungewear,1332.0 INR,1480.0 INR
LW335,Navy Heart Feeding & Maternity Loungewear,Navy Heart Feeding & Maternity Loungewear,in stock,new,https://paavay.aalam.cloud/store/item/Navy+Heart+Feeding+%26+Maternity+Loungewear?id=2033,https://paavay.aalam.cloud/aalam/stock/item/2033/image/_/face-img,Paavay,,,S,Apparel & Accessories > Clothing > Sleepwear & Loungewear > Loungewear,1332.0 INR,1480.0 INR
LW336,Navy Heart Feeding & Maternity Loungewear,Navy Heart Feeding & Maternity Loungewear,in stock,new,https://paavay.aalam.cloud/store/item/Navy+Heart+Feeding+%26+Maternity+Loungewear?id=2034,https://paavay.aalam.cloud/aalam/stock/item/2034/image/_/face-img,Paavay,,,M,Apparel & Accessories > Clothing > Sleepwear & Loungewear > Loungewear,1332.0 INR,1480.0 INR
LW337,Navy Heart Feeding & Maternity Loungewear,Navy Heart Feeding & Maternity Loungewear,in stock,new,https://paavay.aalam.cloud/store/item/Navy+Heart+Feeding+%26+Maternity+Loungewear?id=2035,https://paavay.aalam.cloud/aalam/stock/item/2035/image/_/face-img,Paavay,,,L,Apparel & Accessories > Clothing > Sleepwear & Loungewear > Loungewear,1332.0 INR,1480.0 INR
LW338,Navy Heart Feeding & Maternity Loungewear,Navy Heart Feeding & Maternity Loungewear,in stock,new,https://paavay.aalam.cloud/store/item/Navy+Heart+Feeding+%26+Maternity+Loungewear?id=2036,https://paavay.aalam.cloud/aalam/stock/item/2036/image/_/face-img,Paavay,,,XL,Apparel & Accessories > Clothing > Sleepwear & Loungewear > Loungewear,1332.0 INR,1480.0 INR
LW339,Navy Heart Feeding & Maternity Loungewear,Navy Heart Feeding & Maternity Loungewear,in stock,new,https://paavay.aalam.cloud/store/item/Navy+Heart+Feeding+%26+Maternity+Loungewear?id=2037,https://paavay.aalam.cloud/aalam/stock/item/2037/image/_/face-img,Paavay,,,XXL,Apparel & Accessories > Clothing > Sleepwear & Loungewear > Loungewear,1332.0 INR,1480.0 INR
LW340,Navy Heart Feeding & Maternity Loungewear,Navy Heart Feeding & Maternity Loungewear,out of stock,new,https://paavay.aalam.cloud/store/item/Navy+Heart+Feeding+%26+Maternity+Loungewear?id=2038,https://paavay.aalam.cloud/aalam/stock/item/2038/image/_/face-img,Paavay,,,XS,Apparel & Accessories > Clothing > Sleepwear & Loungewear > Loungewear,1332.0 INR,1480.0 INR
LW341,Navy Heart Feeding & Maternity Loungewear,Navy Heart Feeding & Maternity Loungewear,in stock,new,https://paavay.aalam.cloud/store/item/Navy+Heart+Feeding+%26+Maternity+Loungewear?id=2039,https://paavay.aalam.cloud/aalam/stock/item/2039/image/_/face-img,Paavay,,,S,Apparel & Accessories > Clothing > Sleepwear & Loungewear > Loungewear,1332.0 INR,1480.0 INR
LW342,Navy Heart Feeding & Maternity Loungewear,Navy Heart Feeding & Maternity Loungewear,in stock,new,https://paavay.aalam.cloud/store/item/Navy+Heart+Feeding+%26+Maternity+Loungewear?id=2040,https://paavay.aalam.cloud/aalam/stock/item/2040/image/_/face-img,Paavay,,,M,Apparel & Accessories > Clothing > Sleepwear & Loungewear > Loungewear,1332.0 INR,1480.0 INR
LW343,Navy Heart Feeding & Maternity Loungewear,Navy Heart Feeding & Maternity Loungewear,in stock,new,https://paavay.aalam.cloud/store/item/Navy+Heart+Feeding+%26+Maternity+Loungewear?id=2041,https://paavay.aalam.cloud/aalam/stock/item/2041/image/_/face-img,Paavay,,,L,Apparel & Accessories > Clothing > Sleepwear & Loungewear > Loungewear,1332.0 INR,1480.0 INR
LW344,Navy Heart Feeding & Maternity Loungewear,Navy Heart Feeding & Maternity Loungewear,in stock,new,https://paavay.aalam.cloud/store/item/Navy+Heart+Feeding+%26+Maternity+Loungewear?id=2042,https://paavay.aalam.cloud/aalam/stock/item/2042/image/_/face-img,Paavay,,,XL,Apparel & Accessories > Clothing > Sleepwear & Loungewear > Loungewear,1332.0 INR,1480.0 INR
LW345,Navy Heart Feeding & Maternity Loungewear,Navy Heart Feeding & Maternity Loungewear,in stock,new,https://paavay.aalam.cloud/store/item/Navy+Heart+Feeding+%26+Maternity+Loungewear?id=2043,https://paavay.aalam.cloud/aalam/stock/item/2043/image/_/face-img,Paavay,,,XXL,Apparel & Accessories > Clothing > Sleepwear & Loungewear > Loungewear,1332.0 INR,1480.0 INR
TAHIPBLACK,Thook Amma Baby Hip Carrier-LUXE,Thook Amma Baby Hip Carrier-LUXE,in stock,new,https://paavay.aalam.cloud/store/item/Thook+Amma+Baby+Hip+Carrier-LUXE?id=2044,https://paavay.aalam.cloud/aalam/stock/item/2044/image/_/face-img,Paavay,Black,,,Baby & Toddler > Baby Transport > Baby Carriers,3426.5 INR,4895.0 INR
TAHIPBROWN,Thook Amma Baby Hip Carrier-LUXE,Thook Amma Baby Hip Carrier-LUXE,out of stock,new,https://paavay.aalam.cloud/store/item/Thook+Amma+Baby+Hip+Carrier-LUXE?id=2045,https://paavay.aalam.cloud/aalam/stock/item/2045/image/_/face-img,Paavay,Brown,,,Baby & Toddler > Baby Transport > Baby Carriers,3426.5 INR,4895.0 INR
BLACKTUSSAR0S,Black Tussar Kurti & leggings ,Black Tussar Kurti & leggings ,out of stock,new,https://paavay.aalam.cloud/store/item/Black+Tussar+Kurti+%26+leggings+?id=2047,https://paavay.aalam.cloud/aalam/stock/item/2047/image/_/face-img,Paavay,,,S,Apparel & Accessories > Clothing > Dresses,1284.0 INR,2140.0 INR
BLACKTUSSAR0M,Black Tussar Kurti & leggings ,Black Tussar Kurti & leggings ,out of stock,new,https://paavay.aalam.cloud/store/item/Black+Tussar+Kurti+%26+leggings+?id=2048,https://paavay.aalam.cloud/aalam/stock/item/2048/image/_/face-img,Paavay,,,M,Apparel & Accessories > Clothing > Dresses,1284.0 INR,2140.0 INR
BLACKTUSSAR0L,Black Tussar Kurti & leggings ,Black Tussar Kurti & leggings ,out of stock,new,https://paavay.aalam.cloud/store/item/Black+Tussar+Kurti+%26+leggings+?id=2049,https://paavay.aalam.cloud/aalam/stock/item/2049/image/_/face-img,Paavay,,,L,Apparel & Accessories > Clothing > Dresses,1284.0 INR,2140.0 INR
LW0501,Grape Feeding & Maternity Loungewear,Grape Feeding & Maternity Loungewear,out of stock,new,https://paavay.aalam.cloud/store/item/Grape+Feeding+%26+Maternity+Loungewear?id=2067,https://paavay.aalam.cloud/aalam/stock/item/2067/image/_/face-img,Paavay,,,XS,Apparel & Accessories > Clothing > Sleepwear & Loungewear > Loungewear,1332.0 INR,1480.0 INR
LW0502,Grape Feeding & Maternity Loungewear,Grape Feeding & Maternity Loungewear,in stock,new,https://paavay.aalam.cloud/store/item/Grape+Feeding+%26+Maternity+Loungewear?id=2068,https://paavay.aalam.cloud/aalam/stock/item/2068/image/_/face-img,Paavay,,,S,Apparel & Accessories > Clothing > Sleepwear & Loungewear > Loungewear,1332.0 INR,1480.0 INR
LW0503,Grape Feeding & Maternity Loungewear,Grape Feeding & Maternity Loungewear,in stock,new,https://paavay.aalam.cloud/store/item/Grape+Feeding+%26+Maternity+Loungewear?id=2069,https://paavay.aalam.cloud/aalam/stock/item/2069/image/_/face-img,Paavay,,,M,Apparel & Accessories > Clothing > Sleepwear & Loungewear > Loungewear,1332.0 INR,1480.0 INR
LW0504,Grape Feeding & Maternity Loungewear,Grape Feeding & Maternity Loungewear,in stock,new,https://paavay.aalam.cloud/store/item/Grape+Feeding+%26+Maternity+Loungewear?id=2070,https://paavay.aalam.cloud/aalam/stock/item/2070/image/_/face-img,Paavay,,,L,Apparel & Accessories > Clothing > Sleepwear & Loungewear > Loungewear,1332.0 INR,1480.0 INR
LW0505,Grape Feeding & Maternity Loungewear,Grape Feeding & Maternity Loungewear,in stock,new,https://paavay.aalam.cloud/store/item/Grape+Feeding+%26+Maternity+Loungewear?id=2071,https://paavay.aalam.cloud/aalam/stock/item/2071/image/_/face-img,Paavay,,,XL,Apparel & Accessories > Clothing > Sleepwear & Loungewear > Loungewear,1332.0 INR,1480.0 INR
LW0506,Grape Feeding & Maternity Loungewear,Grape Feeding & Maternity Loungewear,in stock,new,https://paavay.aalam.cloud/store/item/Grape+Feeding+%26+Maternity+Loungewear?id=2072,https://paavay.aalam.cloud/aalam/stock/item/2072/image/_/face-img,Paavay,,,XXL,Apparel & Accessories > Clothing > Sleepwear & Loungewear > Loungewear,1332.0 INR,1480.0 INR
LW0507,Grape Feeding & Maternity Loungewear,Grape Feeding & Maternity Loungewear,out of stock,new,https://paavay.aalam.cloud/store/item/Grape+Feeding+%26+Maternity+Loungewear?id=2073,https://paavay.aalam.cloud/aalam/stock/item/2073/image/_/face-img,Paavay,,,XS,Apparel & Accessories > Clothing > Sleepwear & Loungewear > Loungewear,1332.0 INR,1480.0 INR
LW0508,Grape Feeding & Maternity Loungewear,Grape Feeding & Maternity Loungewear,in stock,new,https://paavay.aalam.cloud/store/item/Grape+Feeding+%26+Maternity+Loungewear?id=2074,https://paavay.aalam.cloud/aalam/stock/item/2074/image/_/face-img,Paavay,,,S,Apparel & Accessories > Clothing > Sleepwear & Loungewear > Loungewear,1332.0 INR,1480.0 INR
LW0509,Grape Feeding & Maternity Loungewear,Grape Feeding & Maternity Loungewear,in stock,new,https://paavay.aalam.cloud/store/item/Grape+Feeding+%26+Maternity+Loungewear?id=2075,https://paavay.aalam.cloud/aalam/stock/item/2075/image/_/face-img,Paavay,,,M,Apparel & Accessories > Clothing > Sleepwear & Loungewear > Loungewear,1332.0 INR,1480.0 INR
LW0510,Grape Feeding & Maternity Loungewear,Grape Feeding & Maternity Loungewear,in stock,new,https://paavay.aalam.cloud/store/item/Grape+Feeding+%26+Maternity+Loungewear?id=2076,https://paavay.aalam.cloud/aalam/stock/item/2076/image/_/face-img,Paavay,,,L,Apparel & Accessories > Clothing > Sleepwear & Loungewear > Loungewear,1332.0 INR,1480.0 INR
LW0511,Grape Feeding & Maternity Loungewear,Grape Feeding & Maternity Loungewear,in stock,new,https://paavay.aalam.cloud/store/item/Grape+Feeding+%26+Maternity+Loungewear?id=2077,https://paavay.aalam.cloud/aalam/stock/item/2077/image/_/face-img,Paavay,,,XL,Apparel & Accessories > Clothing > Sleepwear & Loungewear > Loungewear,1332.0 INR,1480.0 INR
LW0512,Grape Feeding & Maternity Loungewear,Grape Feeding & Maternity Loungewear,in stock,new,https://paavay.aalam.cloud/store/item/Grape+Feeding+%26+Maternity+Loungewear?id=2078,https://paavay.aalam.cloud/aalam/stock/item/2078/image/_/face-img,Paavay,,,XXL,Apparel & Accessories > Clothing > Sleepwear & Loungewear > Loungewear,1332.0 INR,1480.0 INR
LW0513,Pine Feeding & Maternity Loungewear,Pine Feeding & Maternity Loungewear,out of stock,new,https://paavay.aalam.cloud/store/item/Pine+Feeding+%26+Maternity+Loungewear?id=2091,https://paavay.aalam.cloud/aalam/stock/item/2091/image/_/face-img,Paavay,,,XS,Apparel & Accessories > Clothing > Sleepwear & Loungewear > Loungewear,1332.0 INR,1480.0 INR
LW0514,Pine Feeding & Maternity Loungewear,Pine Feeding & Maternity Loungewear,in stock,new,https://paavay.aalam.cloud/store/item/Pine+Feeding+%26+Maternity+Loungewear?id=2092,https://paavay.aalam.cloud/aalam/stock/item/2092/image/_/face-img,Paavay,,,S,Apparel & Accessories > Clothing > Sleepwear & Loungewear > Loungewear,1332.0 INR,1480.0 INR
LW0515,Pine Feeding & Maternity Loungewear,Pine Feeding & Maternity Loungewear,in stock,new,https://paavay.aalam.cloud/store/item/Pine+Feeding+%26+Maternity+Loungewear?id=2093,https://paavay.aalam.cloud/aalam/stock/item/2093/image/_/face-img,Paavay,,,M,Apparel & Accessories > Clothing > Sleepwear & Loungewear > Loungewear,1332.0 INR,1480.0 INR
LW0516,Pine Feeding & Maternity Loungewear,Pine Feeding & Maternity Loungewear,in stock,new,https://paavay.aalam.cloud/store/item/Pine+Feeding+%26+Maternity+Loungewear?id=2094,https://paavay.aalam.cloud/aalam/stock/item/2094/image/_/face-img,Paavay,,,L,Apparel & Accessories > Clothing > Sleepwear & Loungewear > Loungewear,1332.0 INR,1480.0 INR
LW0517,Pine Feeding & Maternity Loungewear,Pine Feeding & Maternity Loungewear,in stock,new,https://paavay.aalam.cloud/store/item/Pine+Feeding+%26+Maternity+Loungewear?id=2095,https://paavay.aalam.cloud/aalam/stock/item/2095/image/_/face-img,Paavay,,,XL,Apparel & Accessories > Clothing > Sleepwear & Loungewear > Loungewear,1332.0 INR,1480.0 INR
LW0518,Pine Feeding & Maternity Loungewear,Pine Feeding & Maternity Loungewear,in stock,new,https://paavay.aalam.cloud/store/item/Pine+Feeding+%26+Maternity+Loungewear?id=2096,https://paavay.aalam.cloud/aalam/stock/item/2096/image/_/face-img,Paavay,,,XXL,Apparel & Accessories > Clothing > Sleepwear & Loungewear > Loungewear,1332.0 INR,1480.0 INR
LW0519,Pine Feeding & Maternity Loungewear,Pine Feeding & Maternity Loungewear,out of stock,new,https://paavay.aalam.cloud/store/item/Pine+Feeding+%26+Maternity+Loungewear?id=2097,https://paavay.aalam.cloud/aalam/stock/item/2097/image/_/face-img,Paavay,,,XS,Apparel & Accessories > Clothing > Sleepwear & Loungewear > Loungewear,1332.0 INR,1480.0 INR
LW0520,Pine Feeding & Maternity Loungewear,Pine Feeding & Maternity Loungewear,in stock,new,https://paavay.aalam.cloud/store/item/Pine+Feeding+%26+Maternity+Loungewear?id=2098,https://paavay.aalam.cloud/aalam/stock/item/2098/image/_/face-img,Paavay,,,S,Apparel & Accessories > Clothing > Sleepwear & Loungewear > Loungewear,1332.0 INR,1480.0 INR
LW0521,Pine Feeding & Maternity Loungewear,Pine Feeding & Maternity Loungewear,in stock,new,https://paavay.aalam.cloud/store/item/Pine+Feeding+%26+Maternity+Loungewear?id=2099,https://paavay.aalam.cloud/aalam/stock/item/2099/image/_/face-img,Paavay,,,M,Apparel & Accessories > Clothing > Sleepwear & Loungewear > Loungewear,1332.0 INR,1480.0 INR
LW0522,Pine Feeding & Maternity Loungewear,Pine Feeding & Maternity Loungewear,in stock,new,https://paavay.aalam.cloud/store/item/Pine+Feeding+%26+Maternity+Loungewear?id=2100,https://paavay.aalam.cloud/aalam/stock/item/2100/image/_/face-img,Paavay,,,L,Apparel & Accessories > Clothing > Sleepwear & Loungewear > Loungewear,1332.0 INR,1480.0 INR
LW0523,Pine Feeding & Maternity Loungewear,Pine Feeding & Maternity Loungewear,in stock,new,https://paavay.aalam.cloud/store/item/Pine+Feeding+%26+Maternity+Loungewear?id=2101,https://paavay.aalam.cloud/aalam/stock/item/2101/image/_/face-img,Paavay,,,XL,Apparel & Accessories > Clothing > Sleepwear & Loungewear > Loungewear,1332.0 INR,1480.0 INR
LW0524,Pine Feeding & Maternity Loungewear,Pine Feeding & Maternity Loungewear,in stock,new,https://paavay.aalam.cloud/store/item/Pine+Feeding+%26+Maternity+Loungewear?id=2102,https://paavay.aalam.cloud/aalam/stock/item/2102/image/_/face-img,Paavay,,,XXL,Apparel & Accessories > Clothing > Sleepwear & Loungewear > Loungewear,1332.0 INR,1480.0 INR
MAXI2217,24K Tussar Midi,24K Tussar Midi,out of stock,new,https://paavay.aalam.cloud/store/item/24K+Tussar+Midi?id=2185,https://paavay.aalam.cloud/aalam/stock/item/2185/image/_/face-img,Paavay,,,M,Apparel & Accessories > Clothing > Dresses,868.0 INR,1240.0 INR
MAXI2218,24K Tussar Midi,24K Tussar Midi,out of stock,new,https://paavay.aalam.cloud/store/item/24K+Tussar+Midi?id=2186,https://paavay.aalam.cloud/aalam/stock/item/2186/image/_/face-img,Paavay,,,L,Apparel & Accessories > Clothing > Dresses,868.0 INR,1240.0 INR
MAXI2330,Butterfly Tussar Midi,Butterfly Tussar Midi,out of stock,new,https://paavay.aalam.cloud/store/item/Butterfly+Tussar+Midi?id=2242,https://paavay.aalam.cloud/aalam/stock/item/2242/image/_/face-img,Paavay,,,M,Apparel & Accessories > Clothing > Dresses,992.0 INR,1240.0 INR
MAXI2331,Butterfly Tussar Midi,Butterfly Tussar Midi,out of stock,new,https://paavay.aalam.cloud/store/item/Butterfly+Tussar+Midi?id=2243,https://paavay.aalam.cloud/aalam/stock/item/2243/image/_/face-img,Paavay,,,L,Apparel & Accessories > Clothing > Dresses,992.0 INR,1240.0 INR
MAXI2422,Pitch Black Rayon Midi Dress,Pitch Black Rayon Midi Dress,out of stock,new,https://paavay.aalam.cloud/store/item/Pitch+Black+Rayon+Midi+Dress?id=2261,https://paavay.aalam.cloud/aalam/stock/item/2261/image/_/face-img,Paavay,Black,Cotton,XS,Apparel & Accessories > Clothing > Dresses,1691.5 INR,1990.0 INR
MAXI2423,Pitch Black Rayon Midi Dress,Pitch Black Rayon Midi Dress,in stock,new,https://paavay.aalam.cloud/store/item/Pitch+Black+Rayon+Midi+Dress?id=2262,https://paavay.aalam.cloud/aalam/stock/item/2262/image/_/face-img,Paavay,Black,Cotton,S,Apparel & Accessories > Clothing > Dresses,1691.5 INR,1990.0 INR
MAXI2424,Pitch Black Rayon Midi Dress,Pitch Black Rayon Midi Dress,in stock,new,https://paavay.aalam.cloud/store/item/Pitch+Black+Rayon+Midi+Dress?id=2263,https://paavay.aalam.cloud/aalam/stock/item/2263/image/_/face-img,Paavay,Black,Cotton,M,Apparel & Accessories > Clothing > Dresses,1691.5 INR,1990.0 INR
MAXI2425,Pitch Black Rayon Midi Dress,Pitch Black Rayon Midi Dress,in stock,new,https://paavay.aalam.cloud/store/item/Pitch+Black+Rayon+Midi+Dress?id=2264,https://paavay.aalam.cloud/aalam/stock/item/2264/image/_/face-img,Paavay,Black,Cotton,L,Apparel & Accessories > Clothing > Dresses,1691.5 INR,1990.0 INR
MAXI2426,Pitch Black Rayon Midi Dress,Pitch Black Rayon Midi Dress,in stock,new,https://paavay.aalam.cloud/store/item/Pitch+Black+Rayon+Midi+Dress?id=2265,https://paavay.aalam.cloud/aalam/stock/item/2265/image/_/face-img,Paavay,Black,Cotton,XL,Apparel & Accessories > Clothing > Dresses,1691.5 INR,1990.0 INR
MAXI2427,Pitch Black Rayon Midi Dress,Pitch Black Rayon Midi Dress,in stock,new,https://paavay.aalam.cloud/store/item/Pitch+Black+Rayon+Midi+Dress?id=2266,https://paavay.aalam.cloud/aalam/stock/item/2266/image/_/face-img,Paavay,Black,Cotton,XXL,Apparel & Accessories > Clothing > Dresses,1691.5 INR,1990.0 INR
MAXI2428,Pitch Black Rayon Midi Dress,Pitch Black Rayon Midi Dress,in stock,new,https://paavay.aalam.cloud/store/item/Pitch+Black+Rayon+Midi+Dress?id=2267,https://paavay.aalam.cloud/aalam/stock/item/2267/image/_/face-img,Paavay,Black,Cotton,XXXL,Apparel & Accessories > Clothing > Dresses,1691.5 INR,1990.0 INR
LW2447,BUDGET* Dandelions Feeding & Maternity  Loungewear,BUDGET* Dandelions Feeding & Maternity  Loungewear,out of stock,new,https://paavay.aalam.cloud/store/item/BUDGET%2A+Dandelions+Feeding+%26+Maternity++Loungewear?id=2293,https://paavay.aalam.cloud/aalam/stock/item/2293/image/_/face-img,Paavay,,,XS,Apparel & Accessories > Clothing > Sleepwear & Loungewear > Loungewear,,888.0 INR
LW2448,BUDGET* Dandelions Feeding & Maternity  Loungewear,BUDGET* Dandelions Feeding & Maternity  Loungewear,out of stock,new,https://paavay.aalam.cloud/store/item/BUDGET%2A+Dandelions+Feeding+%26+Maternity++Loungewear?id=2294,https://paavay.aalam.cloud/aalam/stock/item/2294/image/_/face-img,Paavay,,,S,Apparel & Accessories > Clothing > Sleepwear & Loungewear > Loungewear,,888.0 INR
LW2449,BUDGET* Dandelions Feeding & Maternity  Loungewear,BUDGET* Dandelions Feeding & Maternity  Loungewear,out of stock,new,https://paavay.aalam.cloud/store/item/BUDGET%2A+Dandelions+Feeding+%26+Maternity++Loungewear?id=2295,https://paavay.aalam.cloud/aalam/stock/item/2295/image/_/face-img,Paavay,,,M,Apparel & Accessories > Clothing > Sleepwear & Loungewear > Loungewear,,888.0 INR
LW2450,BUDGET* Dandelions Feeding & Maternity  Loungewear,BUDGET* Dandelions Feeding & Maternity  Loungewear,out of stock,new,https://paavay.aalam.cloud/store/item/BUDGET%2A+Dandelions+Feeding+%26+Maternity++Loungewear?id=2296,https://paavay.aalam.cloud/aalam/stock/item/2296/image/_/face-img,Paavay,,,L,Apparel & Accessories > Clothing > Sleepwear & Loungewear > Loungewear,,888.0 INR
LW2451,BUDGET* Dandelions Feeding & Maternity  Loungewear,BUDGET* Dandelions Feeding & Maternity  Loungewear,out of stock,new,https://paavay.aalam.cloud/store/item/BUDGET%2A+Dandelions+Feeding+%26+Maternity++Loungewear?id=2297,https://paavay.aalam.cloud/aalam/stock/item/2297/image/_/face-img,Paavay,,,XL,Apparel & Accessories > Clothing > Sleepwear & Loungewear > Loungewear,,888.0 INR
LW2452,BUDGET* Dandelions Feeding & Maternity  Loungewear,BUDGET* Dandelions Feeding & Maternity  Loungewear,out of stock,new,https://paavay.aalam.cloud/store/item/BUDGET%2A+Dandelions+Feeding+%26+Maternity++Loungewear?id=2298,https://paavay.aalam.cloud/aalam/stock/item/2298/image/_/face-img,Paavay,,,XXL,Apparel & Accessories > Clothing > Sleepwear & Loungewear > Loungewear,,888.0 INR
LW2453,BUDGET* Blue Lotus  Feeding & Maternity  Loungewear,BUDGET* Blue Lotus  Feeding & Maternity  Loungewear,out of stock,new,https://paavay.aalam.cloud/store/item/BUDGET%2A+Blue+Lotus++Feeding+%26+Maternity++Loungewear?id=2299,https://paavay.aalam.cloud/aalam/stock/item/2299/image/_/face-img,Paavay,,,XS,Apparel & Accessories > Clothing > Sleepwear & Loungewear > Loungewear,,888.0 INR
LW2454,BUDGET* Blue Lotus  Feeding & Maternity  Loungewear,BUDGET* Blue Lotus  Feeding & Maternity  Loungewear,out of stock,new,https://paavay.aalam.cloud/store/item/BUDGET%2A+Blue+Lotus++Feeding+%26+Maternity++Loungewear?id=2300,https://paavay.aalam.cloud/aalam/stock/item/2300/image/_/face-img,Paavay,,,S,Apparel & Accessories > Clothing > Sleepwear & Loungewear > Loungewear,,888.0 INR
LW2455,BUDGET* Blue Lotus  Feeding & Maternity  Loungewear,BUDGET* Blue Lotus  Feeding & Maternity  Loungewear,out of stock,new,https://paavay.aalam.cloud/store/item/BUDGET%2A+Blue+Lotus++Feeding+%26+Maternity++Loungewear?id=2301,https://paavay.aalam.cloud/aalam/stock/item/2301/image/_/face-img,Paavay,,,M,Apparel & Accessories > Clothing > Sleepwear & Loungewear > Loungewear,,888.0 INR
LW2456,BUDGET* Blue Lotus  Feeding & Maternity  Loungewear,BUDGET* Blue Lotus  Feeding & Maternity  Loungewear,out of stock,new,https://paavay.aalam.cloud/store/item/BUDGET%2A+Blue+Lotus++Feeding+%26+Maternity++Loungewear?id=2302,https://paavay.aalam.cloud/aalam/stock/item/2302/image/_/face-img,Paavay,,,L,Apparel & Accessories > Clothing > Sleepwear & Loungewear > Loungewear,,888.0 INR
LW2457,BUDGET* Blue Lotus  Feeding & Maternity  Loungewear,BUDGET* Blue Lotus  Feeding & Maternity  Loungewear,out of stock,new,https://paavay.aalam.cloud/store/item/BUDGET%2A+Blue+Lotus++Feeding+%26+Maternity++Loungewear?id=2303,https://paavay.aalam.cloud/aalam/stock/item/2303/image/_/face-img,Paavay,,,XL,Apparel & Accessories > Clothing > Sleepwear & Loungewear > Loungewear,,888.0 INR
LW2458,BUDGET* Blue Lotus  Feeding & Maternity  Loungewear,BUDGET* Blue Lotus  Feeding & Maternity  Loungewear,out of stock,new,https://paavay.aalam.cloud/store/item/BUDGET%2A+Blue+Lotus++Feeding+%26+Maternity++Loungewear?id=2304,https://paavay.aalam.cloud/aalam/stock/item/2304/image/_/face-img,Paavay,,,XXL,Apparel & Accessories > Clothing > Sleepwear & Loungewear > Loungewear,,888.0 INR
LW2460,BUDGET* Ball pattern Feeding / Maternity  Loungewear,BUDGET* Ball pattern Feeding / Maternity  Loungewear,out of stock,new,https://paavay.aalam.cloud/store/item/BUDGET%2A+Ball+pattern+Feeding+%2F+Maternity++Loungewear?id=2417,https://paavay.aalam.cloud/aalam/stock/item/2417/image/_/face-img,Paavay,,,S,Apparel & Accessories > Clothing > Sleepwear & Loungewear > Loungewear,532.8 INR,888.0 INR
LW2461,BUDGET* Ball pattern Feeding / Maternity  Loungewear,BUDGET* Ball pattern Feeding / Maternity  Loungewear,out of stock,new,https://paavay.aalam.cloud/store/item/BUDGET%2A+Ball+pattern+Feeding+%2F+Maternity++Loungewear?id=2418,https://paavay.aalam.cloud/aalam/stock/item/2418/image/_/face-img,Paavay,,,M,Apparel & Accessories > Clothing > Sleepwear & Loungewear > Loungewear,532.8 INR,888.0 INR
LW2462,BUDGET* Ball pattern Feeding / Maternity  Loungewear,BUDGET* Ball pattern Feeding / Maternity  Loungewear,out of stock,new,https://paavay.aalam.cloud/store/item/BUDGET%2A+Ball+pattern+Feeding+%2F+Maternity++Loungewear?id=2419,https://paavay.aalam.cloud/aalam/stock/item/2419/image/_/face-img,Paavay,,,L,Apparel & Accessories > Clothing > Sleepwear & Loungewear > Loungewear,532.8 INR,888.0 INR
LW2463,BUDGET* Ball pattern Feeding / Maternity  Loungewear,BUDGET* Ball pattern Feeding / Maternity  Loungewear,out of stock,new,https://paavay.aalam.cloud/store/item/BUDGET%2A+Ball+pattern+Feeding+%2F+Maternity++Loungewear?id=2420,https://paavay.aalam.cloud/aalam/stock/item/2420/image/_/face-img,Paavay,,,XL,Apparel & Accessories > Clothing > Sleepwear & Loungewear > Loungewear,532.8 INR,888.0 INR
LW2464,BUDGET* Ball pattern Feeding / Maternity  Loungewear,BUDGET* Ball pattern Feeding / Maternity  Loungewear,out of stock,new,https://paavay.aalam.cloud/store/item/BUDGET%2A+Ball+pattern+Feeding+%2F+Maternity++Loungewear?id=2421,https://paavay.aalam.cloud/aalam/stock/item/2421/image/_/face-img,Paavay,,,XXL,Apparel & Accessories > Clothing > Sleepwear & Loungewear > Loungewear,532.8 INR,888.0 INR
MAXI2589,Green Triangular Tussar Midi,Green Triangular Tussar Midi,out of stock,new,https://paavay.aalam.cloud/store/item/Green+Triangular+Tussar+Midi?id=2452,https://paavay.aalam.cloud/aalam/stock/item/2452/image/_/face-img,Paavay,,,M,Apparel & Accessories > Clothing > Dresses,810.0 INR,1350.0 INR
MAXI2590,Green Triangular Tussar Midi,Green Triangular Tussar Midi,out of stock,new,https://paavay.aalam.cloud/store/item/Green+Triangular+Tussar+Midi?id=2453,https://paavay.aalam.cloud/aalam/stock/item/2453/image/_/face-img,Paavay,,,L,Apparel & Accessories > Clothing > Dresses,810.0 INR,1350.0 INR
TAHIPDENIM,Thook Amma Denim Hip Carrier,Thook Amma Denim Hip Carrier,out of stock,new,https://paavay.aalam.cloud/store/item/Thook+Amma+Denim+Hip+Carrier?id=2462,https://paavay.aalam.cloud/aalam/stock/item/2462/image/_/face-img,Paavay,,,,Baby & Toddler > Baby Transport > Baby Carriers,2268.5 INR,3490.0 INR
THOTDENIM,Paavay Thottil,Paavay Thottil,in stock,new,https://paavay.aalam.cloud/store/item/Paavay+Thottil?id=2463,https://paavay.aalam.cloud/aalam/stock/item/2463/image/_/face-img,Paavay,DENIM,,,Baby & Toddler > Baby Transport > Baby Carriers,1620.0 INR,2700.0 INR
LW2459,BUDGET* Ball pattern Feeding / Maternity  Loungewear,BUDGET* Ball pattern Feeding / Maternity  Loungewear,out of stock,new,https://paavay.aalam.cloud/store/item/BUDGET%2A+Ball+pattern+Feeding+%2F+Maternity++Loungewear?id=2465,https://paavay.aalam.cloud/aalam/stock/item/2465/image/_/face-img,Paavay,,,XS,Apparel & Accessories > Clothing > Sleepwear & Loungewear > Loungewear,532.8 INR,888.0 INR
MAXI2629,White Schiffili Midi Dress,White Schiffili Midi Dress,out of stock,new,https://paavay.aalam.cloud/store/item/White+Schiffili+Midi+Dress?id=2596,https://paavay.aalam.cloud/aalam/stock/item/2596/image/_/face-img,Paavay,,,XS,Apparel & Accessories > Clothing > Dresses,1024.0 INR,1280.0 INR
MAXI2630,White Schiffili Midi Dress,White Schiffili Midi Dress,out of stock,new,https://paavay.aalam.cloud/store/item/White+Schiffili+Midi+Dress?id=2597,https://paavay.aalam.cloud/aalam/stock/item/2597/image/_/face-img,Paavay,,,S,Apparel & Accessories > Clothing > Dresses,1024.0 INR,1280.0 INR
MAXI2631,White Schiffili Midi Dress,White Schiffili Midi Dress,out of stock,new,https://paavay.aalam.cloud/store/item/White+Schiffili+Midi+Dress?id=2598,https://paavay.aalam.cloud/aalam/stock/item/2598/image/_/face-img,Paavay,,,M,Apparel & Accessories > Clothing > Dresses,1024.0 INR,1280.0 INR
MAXI2632,White Schiffili Midi Dress,White Schiffili Midi Dress,out of stock,new,https://paavay.aalam.cloud/store/item/White+Schiffili+Midi+Dress?id=2599,https://paavay.aalam.cloud/aalam/stock/item/2599/image/_/face-img,Paavay,,,L,Apparel & Accessories > Clothing > Dresses,1024.0 INR,1280.0 INR
MAXI2633,White Schiffili Midi Dress,White Schiffili Midi Dress,out of stock,new,https://paavay.aalam.cloud/store/item/White+Schiffili+Midi+Dress?id=2600,https://paavay.aalam.cloud/aalam/stock/item/2600/image/_/face-img,Paavay,,,XL,Apparel & Accessories > Clothing > Dresses,1024.0 INR,1280.0 INR
MAXI2634,White Schiffili Midi Dress,White Schiffili Midi Dress,out of stock,new,https://paavay.aalam.cloud/store/item/White+Schiffili+Midi+Dress?id=2601,https://paavay.aalam.cloud/aalam/stock/item/2601/image/_/face-img,Paavay,,,XXL,Apparel & Accessories > Clothing > Dresses,1024.0 INR,1280.0 INR
MAXI2635,White Schiffili Midi Dress,White Schiffili Midi Dress,out of stock,new,https://paavay.aalam.cloud/store/item/White+Schiffili+Midi+Dress?id=2602,https://paavay.aalam.cloud/aalam/stock/item/2602/image/_/face-img,Paavay,,,XXXL,Apparel & Accessories > Clothing > Dresses,1024.0 INR,1280.0 INR
THOTPINK,Paavay Thottil,Paavay Thottil,out of stock,new,https://paavay.aalam.cloud/store/item/Paavay+Thottil?id=2603,https://paavay.aalam.cloud/aalam/stock/item/2603/image/_/face-img,Paavay,Pink,,,Baby & Toddler > Baby Transport > Baby Carriers,1620.0 INR,2700.0 INR
MAXI2650,Navy Leaf Chiffon Midi,Navy Leaf Chiffon Midi,out of stock,new,https://paavay.aalam.cloud/store/item/Navy+Leaf+Chiffon+Midi?id=2655,https://paavay.aalam.cloud/aalam/stock/item/2655/image/_/face-img,Paavay,,,XS,Apparel & Accessories > Clothing > Dresses,966.0 INR,1380.0 INR
MAXI2651,Navy Leaf Chiffon Midi,Navy Leaf Chiffon Midi,out of stock,new,https://paavay.aalam.cloud/store/item/Navy+Leaf+Chiffon+Midi?id=2656,https://paavay.aalam.cloud/aalam/stock/item/2656/image/_/face-img,Paavay,,,S,Apparel & Accessories > Clothing > Dresses,966.0 INR,1380.0 INR
MAXI2652,Navy Leaf Chiffon Midi,Navy Leaf Chiffon Midi,out of stock,new,https://paavay.aalam.cloud/store/item/Navy+Leaf+Chiffon+Midi?id=2657,https://paavay.aalam.cloud/aalam/stock/item/2657/image/_/face-img,Paavay,,,M,Apparel & Accessories > Clothing > Dresses,966.0 INR,1380.0 INR
MAXI2653,Navy Leaf Chiffon Midi,Navy Leaf Chiffon Midi,out of stock,new,https://paavay.aalam.cloud/store/item/Navy+Leaf+Chiffon+Midi?id=2658,https://paavay.aalam.cloud/aalam/stock/item/2658/image/_/face-img,Paavay,,,L,Apparel & Accessories > Clothing > Dresses,966.0 INR,1380.0 INR
MAXI2654,Navy Leaf Chiffon Midi,Navy Leaf Chiffon Midi,out of stock,new,https://paavay.aalam.cloud/store/item/Navy+Leaf+Chiffon+Midi?id=2659,https://paavay.aalam.cloud/aalam/stock/item/2659/image/_/face-img,Paavay,,,XL,Apparel & Accessories > Clothing > Dresses,966.0 INR,1380.0 INR
MAXI2655,Navy Leaf Chiffon Midi,Navy Leaf Chiffon Midi,out of stock,new,https://paavay.aalam.cloud/store/item/Navy+Leaf+Chiffon+Midi?id=2660,https://paavay.aalam.cloud/aalam/stock/item/2660/image/_/face-img,Paavay,,,XXL,Apparel & Accessories > Clothing > Dresses,966.0 INR,1380.0 INR
MAXI2656,Navy Leaf Chiffon Midi,Navy Leaf Chiffon Midi,out of stock,new,https://paavay.aalam.cloud/store/item/Navy+Leaf+Chiffon+Midi?id=2661,https://paavay.aalam.cloud/aalam/stock/item/2661/image/_/face-img,Paavay,,,XXXL,Apparel & Accessories > Clothing > Dresses,966.0 INR,1380.0 INR
,Firefly,Firefly,out of stock,new,https://paavay.aalam.cloud/store/item/Firefly?id=2749,https://paavay.aalam.cloud/aalam/stock/item/2749/image/_/face-img,Paavay,firefly,,Skinny,Apparel & Accessories > Clothing > Underwear & Socks > Shapewear,892.5 INR,1190.0 INR
FIREFLYS014,Firefly,Firefly,out of stock,new,https://paavay.aalam.cloud/store/item/Firefly?id=2751,https://paavay.aalam.cloud/aalam/stock/item/2751/image/_/face-img,Paavay,firefly,,Skinny,Apparel & Accessories > Clothing > Underwear & Socks > Shapewear,892.5 INR,1190.0 INR
FIREFLYS015,Firefly,Firefly,out of stock,new,https://paavay.aalam.cloud/store/item/Firefly?id=2752,https://paavay.aalam.cloud/aalam/stock/item/2752/image/_/face-img,Paavay,firefly,,Skinny,Apparel & Accessories > Clothing > Underwear & Socks > Shapewear,892.5 INR,1190.0 INR
FIREFLYS016,Firefly,Firefly,in stock,new,https://paavay.aalam.cloud/store/item/Firefly?id=2754,https://paavay.aalam.cloud/aalam/stock/item/2754/image/_/face-img,Paavay,firefly,,SKUBBY,Apparel & Accessories > Clothing > Underwear & Socks > Shapewear,892.5 INR,1190.0 INR
FIREFLYS017,Firefly,Firefly,out of stock,new,https://paavay.aalam.cloud/store/item/Firefly?id=2755,https://paavay.aalam.cloud/aalam/stock/item/2755/image/_/face-img,Paavay,firefly,,SKUBBY,Apparel & Accessories > Clothing > Underwear & Socks > Shapewear,892.5 INR,1190.0 INR
FIREFLYSO18,Firefly,Firefly,out of stock,new,https://paavay.aalam.cloud/store/item/Firefly?id=2756,https://paavay.aalam.cloud/aalam/stock/item/2756/image/_/face-img,Paavay,firefly,,SKUBBY,Apparel & Accessories > Clothing > Underwear & Socks > Shapewear,892.5 INR,1190.0 INR
FIREFLYSO19,Firefly,Firefly,out of stock,new,https://paavay.aalam.cloud/store/item/Firefly?id=2757,https://paavay.aalam.cloud/aalam/stock/item/2757/image/_/face-img,Paavay,firefly,,PLUMPY,Apparel & Accessories > Clothing > Underwear & Socks > Shapewear,892.5 INR,1190.0 INR
FIREFLYSO20,Firefly,Firefly,out of stock,new,https://paavay.aalam.cloud/store/item/Firefly?id=2758,https://paavay.aalam.cloud/aalam/stock/item/2758/image/_/face-img,Paavay,firefly,,PLUMPY,Apparel & Accessories > Clothing > Underwear & Socks > Shapewear,892.5 INR,1190.0 INR
FIREFLYSO21,Firefly,Firefly,out of stock,new,https://paavay.aalam.cloud/store/item/Firefly?id=2759,https://paavay.aalam.cloud/aalam/stock/item/2759/image/_/face-img,Paavay,firefly,,PLUMPY,Apparel & Accessories > Clothing > Underwear & Socks > Shapewear,892.5 INR,1190.0 INR
FIREFLYSO22,Firefly,Firefly,out of stock,new,https://paavay.aalam.cloud/store/item/Firefly?id=2760,https://paavay.aalam.cloud/aalam/stock/item/2760/image/_/face-img,Paavay,firefly,,CHUNKY,Apparel & Accessories > Clothing > Underwear & Socks > Shapewear,892.5 INR,1190.0 INR
FIREFLYSO23,Firefly,Firefly,out of stock,new,https://paavay.aalam.cloud/store/item/Firefly?id=2761,https://paavay.aalam.cloud/aalam/stock/item/2761/image/_/face-img,Paavay,firefly,,CHUNKY,Apparel & Accessories > Clothing > Underwear & Socks > Shapewear,892.5 INR,1190.0 INR
FIREFLYSO24,Firefly,Firefly,out of stock,new,https://paavay.aalam.cloud/store/item/Firefly?id=2762,https://paavay.aalam.cloud/aalam/stock/item/2762/image/_/face-img,Paavay,firefly,,CHUNKY,Apparel & Accessories > Clothing > Underwear & Socks > Shapewear,892.5 INR,1190.0 INR
LW0561,Pink Chick Maternity & Feeding Premium Loungewear,Pink Chick Maternity & Feeding Premium Loungewear,out of stock,new,https://paavay.aalam.cloud/store/item/Pink+Chick+Maternity+%26+Feeding+Premium+Loungewear?id=2799,https://paavay.aalam.cloud/aalam/stock/item/2799/image/_/face-img,Paavay,,,XS,Apparel & Accessories > Clothing > Sleepwear & Loungewear > Loungewear,1148.0 INR,1640.0 INR
LW0562,Pink Chick Maternity & Feeding Premium Loungewear,Pink Chick Maternity & Feeding Premium Loungewear,out of stock,new,https://paavay.aalam.cloud/store/item/Pink+Chick+Maternity+%26+Feeding+Premium+Loungewear?id=2800,https://paavay.aalam.cloud/aalam/stock/item/2800/image/_/face-img,Paavay,,,S,Apparel & Accessories > Clothing > Sleepwear & Loungewear > Loungewear,1148.0 INR,1640.0 INR
LW0563,Pink Chick Maternity & Feeding Premium Loungewear,Pink Chick Maternity & Feeding Premium Loungewear,out of stock,new,https://paavay.aalam.cloud/store/item/Pink+Chick+Maternity+%26+Feeding+Premium+Loungewear?id=2801,https://paavay.aalam.cloud/aalam/stock/item/2801/image/_/face-img,Paavay,,,M,Apparel & Accessories > Clothing > Sleepwear & Loungewear > Loungewear,1148.0 INR,1640.0 INR
LW0564,Pink Chick Maternity & Feeding Premium Loungewear,Pink Chick Maternity & Feeding Premium Loungewear,out of stock,new,https://paavay.aalam.cloud/store/item/Pink+Chick+Maternity+%26+Feeding+Premium+Loungewear?id=2802,https://paavay.aalam.cloud/aalam/stock/item/2802/image/_/face-img,Paavay,,,L,Apparel & Accessories > Clothing > Sleepwear & Loungewear > Loungewear,1148.0 INR,1640.0 INR
LW0565,Pink Chick Maternity & Feeding Premium Loungewear,Pink Chick Maternity & Feeding Premium Loungewear,out of stock,new,https://paavay.aalam.cloud/store/item/Pink+Chick+Maternity+%26+Feeding+Premium+Loungewear?id=2803,https://paavay.aalam.cloud/aalam/stock/item/2803/image/_/face-img,Paavay,,,XL,Apparel & Accessories > Clothing > Sleepwear & Loungewear > Loungewear,1148.0 INR,1640.0 INR
LW0566,Pink Chick Maternity & Feeding Premium Loungewear,Pink Chick Maternity & Feeding Premium Loungewear,out of stock,new,https://paavay.aalam.cloud/store/item/Pink+Chick+Maternity+%26+Feeding+Premium+Loungewear?id=2804,https://paavay.aalam.cloud/aalam/stock/item/2804/image/_/face-img,Paavay,,,XXL,Apparel & Accessories > Clothing > Sleepwear & Loungewear > Loungewear,1148.0 INR,1640.0 INR
LW0567,Pink Chick Maternity & Feeding Premium Loungewear,Pink Chick Maternity & Feeding Premium Loungewear,out of stock,new,https://paavay.aalam.cloud/store/item/Pink+Chick+Maternity+%26+Feeding+Premium+Loungewear?id=2805,https://paavay.aalam.cloud/aalam/stock/item/2805/image/_/face-img,Paavay,,,XS,Apparel & Accessories > Clothing > Sleepwear & Loungewear > Loungewear,1148.0 INR,1640.0 INR
LW0568,Pink Chick Maternity & Feeding Premium Loungewear,Pink Chick Maternity & Feeding Premium Loungewear,out of stock,new,https://paavay.aalam.cloud/store/item/Pink+Chick+Maternity+%26+Feeding+Premium+Loungewear?id=2806,https://paavay.aalam.cloud/aalam/stock/item/2806/image/_/face-img,Paavay,,,S,Apparel & Accessories > Clothing > Sleepwear & Loungewear > Loungewear,1148.0 INR,1640.0 INR
LW0569,Pink Chick Maternity & Feeding Premium Loungewear,Pink Chick Maternity & Feeding Premium Loungewear,out of stock,new,https://paavay.aalam.cloud/store/item/Pink+Chick+Maternity+%26+Feeding+Premium+Loungewear?id=2807,https://paavay.aalam.cloud/aalam/stock/item/2807/image/_/face-img,Paavay,,,M,Apparel & Accessories > Clothing > Sleepwear & Loungewear > Loungewear,1148.0 INR,1640.0 INR
LW05673,LUXURY* Blue Lagoon Maternity & Feeding Premium Loungewear,LUXURY* Blue Lagoon Maternity & Feeding Premium Loungewear,out of stock,new,https://paavay.aalam.cloud/store/item/LUXURY%2A+Blue+Lagoon+Maternity+%26+Feeding+Premium+Loungewear?id=2809,https://paavay.aalam.cloud/aalam/stock/item/2809/image/_/face-img,Paavay,,,XS,Apparel & Accessories > Clothing > Sleepwear & Loungewear > Loungewear,820.0 INR,1640.0 INR
LW05674,LUXURY* Blue Lagoon Maternity & Feeding Premium Loungewear,LUXURY* Blue Lagoon Maternity & Feeding Premium Loungewear,out of stock,new,https://paavay.aalam.cloud/store/item/LUXURY%2A+Blue+Lagoon+Maternity+%26+Feeding+Premium+Loungewear?id=2810,https://paavay.aalam.cloud/aalam/stock/item/2810/image/_/face-img,Paavay,,,S,Apparel & Accessories > Clothing > Sleepwear & Loungewear > Loungewear,820.0 INR,1640.0 INR
LW05675,LUXURY* Blue Lagoon Maternity & Feeding Premium Loungewear,LUXURY* Blue Lagoon Maternity & Feeding Premium Loungewear,out of stock,new,https://paavay.aalam.cloud/store/item/LUXURY%2A+Blue+Lagoon+Maternity+%26+Feeding+Premium+Loungewear?id=2811,https://paavay.aalam.cloud/aalam/stock/item/2811/image/_/face-img,Paavay,,,M,Apparel & Accessories > Clothing > Sleepwear & Loungewear > Loungewear,820.0 INR,1640.0 INR
LW0570,Pink Chick Maternity & Feeding Premium Loungewear,Pink Chick Maternity & Feeding Premium Loungewear,out of stock,new,https://paavay.aalam.cloud/store/item/Pink+Chick+Maternity+%26+Feeding+Premium+Loungewear?id=2812,https://paavay.aalam.cloud/aalam/stock/item/2812/image/_/face-img,Paavay,,,L,Apparel & Accessories > Clothing > Sleepwear & Loungewear > Loungewear,1148.0 INR,1640.0 INR
LW05676,LUXURY* Blue Lagoon Maternity & Feeding Premium Loungewear,LUXURY* Blue Lagoon Maternity & Feeding Premium Loungewear,out of stock,new,https://paavay.aalam.cloud/store/item/LUXURY%2A+Blue+Lagoon+Maternity+%26+Feeding+Premium+Loungewear?id=2813,https://paavay.aalam.cloud/aalam/stock/item/2813/image/_/face-img,Paavay,,,L,Apparel & Accessories > Clothing > Sleepwear & Loungewear > Loungewear,820.0 INR,1640.0 INR
LW05677,LUXURY* Blue Lagoon Maternity & Feeding Premium Loungewear,LUXURY* Blue Lagoon Maternity & Feeding Premium Loungewear,out of stock,new,https://paavay.aalam.cloud/store/item/LUXURY%2A+Blue+Lagoon+Maternity+%26+Feeding+Premium+Loungewear?id=2814,https://paavay.aalam.cloud/aalam/stock/item/2814/image/_/face-img,Paavay,,,XL,Apparel & Accessories > Clothing > Sleepwear & Loungewear > Loungewear,820.0 INR,1640.0 INR
LW0571,Pink Chick Maternity & Feeding Premium Loungewear,Pink Chick Maternity & Feeding Premium Loungewear,out of stock,new,https://paavay.aalam.cloud/store/item/Pink+Chick+Maternity+%26+Feeding+Premium+Loungewear?id=2815,https://paavay.aalam.cloud/aalam/stock/item/2815/image/_/face-img,Paavay,,,XL,Apparel & Accessories > Clothing > Sleepwear & Loungewear > Loungewear,1148.0 INR,1640.0 INR
LW0572,Pink Chick Maternity & Feeding Premium Loungewear,Pink Chick Maternity & Feeding Premium Loungewear,out of stock,new,https://paavay.aalam.cloud/store/item/Pink+Chick+Maternity+%26+Feeding+Premium+Loungewear?id=2816,https://paavay.aalam.cloud/aalam/stock/item/2816/image/_/face-img,Paavay,,,XXL,Apparel & Accessories > Clothing > Sleepwear & Loungewear > Loungewear,1148.0 INR,1640.0 INR
LW05678,LUXURY* Blue Lagoon Maternity & Feeding Premium Loungewear,LUXURY* Blue Lagoon Maternity & Feeding Premium Loungewear,out of stock,new,https://paavay.aalam.cloud/store/item/LUXURY%2A+Blue+Lagoon+Maternity+%26+Feeding+Premium+Loungewear?id=2817,https://paavay.aalam.cloud/aalam/stock/item/2817/image/_/face-img,Paavay,,,XXL,Apparel & Accessories > Clothing > Sleepwear & Loungewear > Loungewear,820.0 INR,1640.0 INR
LW05679,LUXURY* Blue Lagoon Maternity & Feeding Premium Loungewear,LUXURY* Blue Lagoon Maternity & Feeding Premium Loungewear,out of stock,new,https://paavay.aalam.cloud/store/item/LUXURY%2A+Blue+Lagoon+Maternity+%26+Feeding+Premium+Loungewear?id=2818,https://paavay.aalam.cloud/aalam/stock/item/2818/image/_/face-img,Paavay,,,XS,Apparel & Accessories > Clothing > Sleepwear & Loungewear > Loungewear,740.0 INR,1480.0 INR
LW05680,LUXURY* Blue Lagoon Maternity & Feeding Premium Loungewear,LUXURY* Blue Lagoon Maternity & Feeding Premium Loungewear,out of stock,new,https://paavay.aalam.cloud/store/item/LUXURY%2A+Blue+Lagoon+Maternity+%26+Feeding+Premium+Loungewear?id=2820,https://paavay.aalam.cloud/aalam/stock/item/2820/image/_/face-img,Paavay,,,S,Apparel & Accessories > Clothing > Sleepwear & Loungewear > Loungewear,740.0 INR,1480.0 INR
LW05681,LUXURY* Blue Lagoon Maternity & Feeding Premium Loungewear,LUXURY* Blue Lagoon Maternity & Feeding Premium Loungewear,out of stock,new,https://paavay.aalam.cloud/store/item/LUXURY%2A+Blue+Lagoon+Maternity+%26+Feeding+Premium+Loungewear?id=2821,https://paavay.aalam.cloud/aalam/stock/item/2821/image/_/face-img,Paavay,,,M,Apparel & Accessories > Clothing > Sleepwear & Loungewear > Loungewear,740.0 INR,1480.0 INR
LW05682,LUXURY* Blue Lagoon Maternity & Feeding Premium Loungewear,LUXURY* Blue Lagoon Maternity & Feeding Premium Loungewear,out of stock,new,https://paavay.aalam.cloud/store/item/LUXURY%2A+Blue+Lagoon+Maternity+%26+Feeding+Premium+Loungewear?id=2822,https://paavay.aalam.cloud/aalam/stock/item/2822/image/_/face-img,Paavay,,,L,Apparel & Accessories > Clothing > Sleepwear & Loungewear > Loungewear,740.0 INR,1480.0 INR
LW05683,LUXURY* Blue Lagoon Maternity & Feeding Premium Loungewear,LUXURY* Blue Lagoon Maternity & Feeding Premium Loungewear,out of stock,new,https://paavay.aalam.cloud/store/item/LUXURY%2A+Blue+Lagoon+Maternity+%26+Feeding+Premium+Loungewear?id=2823,https://paavay.aalam.cloud/aalam/stock/item/2823/image/_/face-img,Paavay,,,XL,Apparel & Accessories > Clothing > Sleepwear & Loungewear > Loungewear,740.0 INR,1480.0 INR
LW0585, Grey Ice Maternity & Feeding Premium Loungewear, Grey Ice Maternity & Feeding Premium Loungewear,out of stock,new,https://paavay.aalam.cloud/store/item/+Grey+Ice+Maternity+%26+Feeding+Premium+Loungewear?id=2824,https://paavay.aalam.cloud/aalam/stock/item/2824/image/_/face-img,Paavay,,,XS,Apparel & Accessories > Clothing > Sleepwear & Loungewear > Loungewear,740.0 INR,1480.0 INR
LW0586, Grey Ice Maternity & Feeding Premium Loungewear, Grey Ice Maternity & Feeding Premium Loungewear,out of stock,new,https://paavay.aalam.cloud/store/item/+Grey+Ice+Maternity+%26+Feeding+Premium+Loungewear?id=2825,https://paavay.aalam.cloud/aalam/stock/item/2825/image/_/face-img,Paavay,,,S,Apparel & Accessories > Clothing > Sleepwear & Loungewear > Loungewear,740.0 INR,1480.0 INR
LW05684,LUXURY* Blue Lagoon Maternity & Feeding Premium Loungewear,LUXURY* Blue Lagoon Maternity & Feeding Premium Loungewear,out of stock,new,https://paavay.aalam.cloud/store/item/LUXURY%2A+Blue+Lagoon+Maternity+%26+Feeding+Premium+Loungewear?id=2826,https://paavay.aalam.cloud/aalam/stock/item/2826/image/_/face-img,Paavay,,,XXL,Apparel & Accessories > Clothing > Sleepwear & Loungewear > Loungewear,740.0 INR,1480.0 INR
LW0587, Grey Ice Maternity & Feeding Premium Loungewear, Grey Ice Maternity & Feeding Premium Loungewear,out of stock,new,https://paavay.aalam.cloud/store/item/+Grey+Ice+Maternity+%26+Feeding+Premium+Loungewear?id=2827,https://paavay.aalam.cloud/aalam/stock/item/2827/image/_/face-img,Paavay,,,M,Apparel & Accessories > Clothing > Sleepwear & Loungewear > Loungewear,740.0 INR,1480.0 INR
LW0588, Grey Ice Maternity & Feeding Premium Loungewear, Grey Ice Maternity & Feeding Premium Loungewear,out of stock,new,https://paavay.aalam.cloud/store/item/+Grey+Ice+Maternity+%26+Feeding+Premium+Loungewear?id=2828,https://paavay.aalam.cloud/aalam/stock/item/2828/image/_/face-img,Paavay,,,L,Apparel & Accessories > Clothing > Sleepwear & Loungewear > Loungewear,740.0 INR,1480.0 INR
LW0589, Grey Ice Maternity & Feeding Premium Loungewear, Grey Ice Maternity & Feeding Premium Loungewear,out of stock,new,https://paavay.aalam.cloud/store/item/+Grey+Ice+Maternity+%26+Feeding+Premium+Loungewear?id=2829,https://paavay.aalam.cloud/aalam/stock/item/2829/image/_/face-img,Paavay,,,XL,Apparel & Accessories > Clothing > Sleepwear & Loungewear > Loungewear,740.0 INR,1480.0 INR
LW0590, Grey Ice Maternity & Feeding Premium Loungewear, Grey Ice Maternity & Feeding Premium Loungewear,out of stock,new,https://paavay.aalam.cloud/store/item/+Grey+Ice+Maternity+%26+Feeding+Premium+Loungewear?id=2831,https://paavay.aalam.cloud/aalam/stock/item/2831/image/_/face-img,Paavay,,,XXL,Apparel & Accessories > Clothing > Sleepwear & Loungewear > Loungewear,740.0 INR,1480.0 INR
LW0591, Grey Ice Maternity & Feeding Premium Loungewear, Grey Ice Maternity & Feeding Premium Loungewear,out of stock,new,https://paavay.aalam.cloud/store/item/+Grey+Ice+Maternity+%26+Feeding+Premium+Loungewear?id=2832,https://paavay.aalam.cloud/aalam/stock/item/2832/image/_/face-img,Paavay,,,XS,Apparel & Accessories > Clothing > Sleepwear & Loungewear > Loungewear,740.0 INR,1480.0 INR
LW05697, Lush Maternity & Feeding Premium Loungewear, Lush Maternity & Feeding Premium Loungewear,out of stock,new,https://paavay.aalam.cloud/store/item/+Lush+Maternity+%26+Feeding+Premium+Loungewear?id=2833,https://paavay.aalam.cloud/aalam/stock/item/2833/image/_/face-img,Paavay,,,XS,Apparel & Accessories > Clothing > Sleepwear & Loungewear > Loungewear,1036.0 INR,1480.0 INR
LW0592, Grey Ice Maternity & Feeding Premium Loungewear, Grey Ice Maternity & Feeding Premium Loungewear,out of stock,new,https://paavay.aalam.cloud/store/item/+Grey+Ice+Maternity+%26+Feeding+Premium+Loungewear?id=2834,https://paavay.aalam.cloud/aalam/stock/item/2834/image/_/face-img,Paavay,,,S,Apparel & Accessories > Clothing > Sleepwear & Loungewear > Loungewear,740.0 INR,1480.0 INR
LW05698, Lush Maternity & Feeding Premium Loungewear, Lush Maternity & Feeding Premium Loungewear,out of stock,new,https://paavay.aalam.cloud/store/item/+Lush+Maternity+%26+Feeding+Premium+Loungewear?id=2835,https://paavay.aalam.cloud/aalam/stock/item/2835/image/_/face-img,Paavay,,,S,Apparel & Accessories > Clothing > Sleepwear & Loungewear > Loungewear,1036.0 INR,1480.0 INR
LW0593, Grey Ice Maternity & Feeding Premium Loungewear, Grey Ice Maternity & Feeding Premium Loungewear,out of stock,new,https://paavay.aalam.cloud/store/item/+Grey+Ice+Maternity+%26+Feeding+Premium+Loungewear?id=2836,https://paavay.aalam.cloud/aalam/stock/item/2836/image/_/face-img,Paavay,,,M,Apparel & Accessories > Clothing > Sleepwear & Loungewear > Loungewear,740.0 INR,1480.0 INR
LW0594, Grey Ice Maternity & Feeding Premium Loungewear, Grey Ice Maternity & Feeding Premium Loungewear,out of stock,new,https://paavay.aalam.cloud/store/item/+Grey+Ice+Maternity+%26+Feeding+Premium+Loungewear?id=2838,https://paavay.aalam.cloud/aalam/stock/item/2838/image/_/face-img,Paavay,,,L,Apparel & Accessories > Clothing > Sleepwear & Loungewear > Loungewear,740.0 INR,1480.0 INR
LW05699, Lush Maternity & Feeding Premium Loungewear, Lush Maternity & Feeding Premium Loungewear,out of stock,new,https://paavay.aalam.cloud/store/item/+Lush+Maternity+%26+Feeding+Premium+Loungewear?id=2839,https://paavay.aalam.cloud/aalam/stock/item/2839/image/_/face-img,Paavay,,,M,Apparel & Accessories > Clothing > Sleepwear & Loungewear > Loungewear,1036.0 INR,1480.0 INR
LW0595, Grey Ice Maternity & Feeding Premium Loungewear, Grey Ice Maternity & Feeding Premium Loungewear,out of stock,new,https://paavay.aalam.cloud/store/item/+Grey+Ice+Maternity+%26+Feeding+Premium+Loungewear?id=2840,https://paavay.aalam.cloud/aalam/stock/item/2840/image/_/face-img,Paavay,,,XL,Apparel & Accessories > Clothing > Sleepwear & Loungewear > Loungewear,740.0 INR,1480.0 INR
LW05700, Lush Maternity & Feeding Premium Loungewear, Lush Maternity & Feeding Premium Loungewear,out of stock,new,https://paavay.aalam.cloud/store/item/+Lush+Maternity+%26+Feeding+Premium+Loungewear?id=2841,https://paavay.aalam.cloud/aalam/stock/item/2841/image/_/face-img,Paavay,,,L,Apparel & Accessories > Clothing > Sleepwear & Loungewear > Loungewear,1036.0 INR,1480.0 INR
LW0596, Grey Ice Maternity & Feeding Premium Loungewear, Grey Ice Maternity & Feeding Premium Loungewear,out of stock,new,https://paavay.aalam.cloud/store/item/+Grey+Ice+Maternity+%26+Feeding+Premium+Loungewear?id=2842,https://paavay.aalam.cloud/aalam/stock/item/2842/image/_/face-img,Paavay,,,XXL,Apparel & Accessories > Clothing > Sleepwear & Loungewear > Loungewear,740.0 INR,1480.0 INR
LW05701, Lush Maternity & Feeding Premium Loungewear, Lush Maternity & Feeding Premium Loungewear,out of stock,new,https://paavay.aalam.cloud/store/item/+Lush+Maternity+%26+Feeding+Premium+Loungewear?id=2843,https://paavay.aalam.cloud/aalam/stock/item/2843/image/_/face-img,Paavay,,,XL,Apparel & Accessories > Clothing > Sleepwear & Loungewear > Loungewear,1036.0 INR,1480.0 INR
LW05702, Lush Maternity & Feeding Premium Loungewear, Lush Maternity & Feeding Premium Loungewear,out of stock,new,https://paavay.aalam.cloud/store/item/+Lush+Maternity+%26+Feeding+Premium+Loungewear?id=2844,https://paavay.aalam.cloud/aalam/stock/item/2844/image/_/face-img,Paavay,,,XXL,Apparel & Accessories > Clothing > Sleepwear & Loungewear > Loungewear,1036.0 INR,1480.0 INR
LW05703, Lush Maternity & Feeding Premium Loungewear, Lush Maternity & Feeding Premium Loungewear,out of stock,new,https://paavay.aalam.cloud/store/item/+Lush+Maternity+%26+Feeding+Premium+Loungewear?id=2845,https://paavay.aalam.cloud/aalam/stock/item/2845/image/_/face-img,Paavay,,,XS,Apparel & Accessories > Clothing > Sleepwear & Loungewear > Loungewear,1036.0 INR,1480.0 INR
LW05704, Lush Maternity & Feeding Premium Loungewear, Lush Maternity & Feeding Premium Loungewear,out of stock,new,https://paavay.aalam.cloud/store/item/+Lush+Maternity+%26+Feeding+Premium+Loungewear?id=2846,https://paavay.aalam.cloud/aalam/stock/item/2846/image/_/face-img,Paavay,,,S,Apparel & Accessories > Clothing > Sleepwear & Loungewear > Loungewear,1036.0 INR,1480.0 INR
LW05705, Lush Maternity & Feeding Premium Loungewear, Lush Maternity & Feeding Premium Loungewear,out of stock,new,https://paavay.aalam.cloud/store/item/+Lush+Maternity+%26+Feeding+Premium+Loungewear?id=2847,https://paavay.aalam.cloud/aalam/stock/item/2847/image/_/face-img,Paavay,,,M,Apparel & Accessories > Clothing > Sleepwear & Loungewear > Loungewear,1036.0 INR,1480.0 INR
LW05706, Lush Maternity & Feeding Premium Loungewear, Lush Maternity & Feeding Premium Loungewear,out of stock,new,https://paavay.aalam.cloud/store/item/+Lush+Maternity+%26+Feeding+Premium+Loungewear?id=2848,https://paavay.aalam.cloud/aalam/stock/item/2848/image/_/face-img,Paavay,,,L,Apparel & Accessories > Clothing > Sleepwear & Loungewear > Loungewear,1036.0 INR,1480.0 INR
LW05707, Lush Maternity & Feeding Premium Loungewear, Lush Maternity & Feeding Premium Loungewear,out of stock,new,https://paavay.aalam.cloud/store/item/+Lush+Maternity+%26+Feeding+Premium+Loungewear?id=2849,https://paavay.aalam.cloud/aalam/stock/item/2849/image/_/face-img,Paavay,,,XL,Apparel & Accessories > Clothing > Sleepwear & Loungewear > Loungewear,1036.0 INR,1480.0 INR
LW05708, Lush Maternity & Feeding Premium Loungewear, Lush Maternity & Feeding Premium Loungewear,out of stock,new,https://paavay.aalam.cloud/store/item/+Lush+Maternity+%26+Feeding+Premium+Loungewear?id=2850,https://paavay.aalam.cloud/aalam/stock/item/2850/image/_/face-img,Paavay,,,XXL,Apparel & Accessories > Clothing > Sleepwear & Loungewear > Loungewear,1036.0 INR,1480.0 INR
CL0055,Orange Duck Printed Feeding & Maternity Cotton Loungewear,Orange Duck Printed Feeding & Maternity Cotton Loungewear,out of stock,new,https://paavay.aalam.cloud/store/item/Orange+Duck+Printed+Feeding+%26+Maternity+Cotton+Loungewear?id=2928,https://paavay.aalam.cloud/aalam/stock/item/2928/image/_/face-img,Paavay,,,XS,Apparel & Accessories > Clothing > Sleepwear & Loungewear > Loungewear,,599.0 INR
CL0056,Orange Duck Printed Feeding & Maternity Cotton Loungewear,Orange Duck Printed Feeding & Maternity Cotton Loungewear,out of stock,new,https://paavay.aalam.cloud/store/item/Orange+Duck+Printed+Feeding+%26+Maternity+Cotton+Loungewear?id=2929,https://paavay.aalam.cloud/aalam/stock/item/2929/image/_/face-img,Paavay,,,S,Apparel & Accessories > Clothing > Sleepwear & Loungewear > Loungewear,,599.0 INR
CL0057,Orange Duck Printed Feeding & Maternity Cotton Loungewear,Orange Duck Printed Feeding & Maternity Cotton Loungewear,out of stock,new,https://paavay.aalam.cloud/store/item/Orange+Duck+Printed+Feeding+%26+Maternity+Cotton+Loungewear?id=2930,https://paavay.aalam.cloud/aalam/stock/item/2930/image/_/face-img,Paavay,,,M,Apparel & Accessories > Clothing > Sleepwear & Loungewear > Loungewear,,599.0 INR
CL0058,Orange Duck Printed Feeding & Maternity Cotton Loungewear,Orange Duck Printed Feeding & Maternity Cotton Loungewear,out of stock,new,https://paavay.aalam.cloud/store/item/Orange+Duck+Printed+Feeding+%26+Maternity+Cotton+Loungewear?id=2931,https://paavay.aalam.cloud/aalam/stock/item/2931/image/_/face-img,Paavay,,,L,Apparel & Accessories > Clothing > Sleepwear & Loungewear > Loungewear,,599.0 INR
CL0059,Orange Duck Printed Feeding & Maternity Cotton Loungewear,Orange Duck Printed Feeding & Maternity Cotton Loungewear,out of stock,new,https://paavay.aalam.cloud/store/item/Orange+Duck+Printed+Feeding+%26+Maternity+Cotton+Loungewear?id=2932,https://paavay.aalam.cloud/aalam/stock/item/2932/image/_/face-img,Paavay,,,XL,Apparel & Accessories > Clothing > Sleepwear & Loungewear > Loungewear,,599.0 INR
CL0060,Orange Duck Printed Feeding & Maternity Cotton Loungewear,Orange Duck Printed Feeding & Maternity Cotton Loungewear,out of stock,new,https://paavay.aalam.cloud/store/item/Orange+Duck+Printed+Feeding+%26+Maternity+Cotton+Loungewear?id=2933,https://paavay.aalam.cloud/aalam/stock/item/2933/image/_/face-img,Paavay,,,XXL,Apparel & Accessories > Clothing > Sleepwear & Loungewear > Loungewear,,599.0 INR
CL0061,Orange Duck Printed Feeding & Maternity Cotton Loungewear,Orange Duck Printed Feeding & Maternity Cotton Loungewear,out of stock,new,https://paavay.aalam.cloud/store/item/Orange+Duck+Printed+Feeding+%26+Maternity+Cotton+Loungewear?id=2934,https://paavay.aalam.cloud/aalam/stock/item/2934/image/_/face-img,Paavay,,,XS,Apparel & Accessories > Clothing > Sleepwear & Loungewear > Loungewear,,599.0 INR
CL0062,Orange Duck Printed Feeding & Maternity Cotton Loungewear,Orange Duck Printed Feeding & Maternity Cotton Loungewear,out of stock,new,https://paavay.aalam.cloud/store/item/Orange+Duck+Printed+Feeding+%26+Maternity+Cotton+Loungewear?id=2935,https://paavay.aalam.cloud/aalam/stock/item/2935/image/_/face-img,Paavay,,,S,Apparel & Accessories > Clothing > Sleepwear & Loungewear > Loungewear,,599.0 INR
CL0063,Orange Duck Printed Feeding & Maternity Cotton Loungewear,Orange Duck Printed Feeding & Maternity Cotton Loungewear,out of stock,new,https://paavay.aalam.cloud/store/item/Orange+Duck+Printed+Feeding+%26+Maternity+Cotton+Loungewear?id=2937,https://paavay.aalam.cloud/aalam/stock/item/2937/image/_/face-img,Paavay,,,M,Apparel & Accessories > Clothing > Sleepwear & Loungewear > Loungewear,,599.0 INR
CL0064,Orange Duck Printed Feeding & Maternity Cotton Loungewear,Orange Duck Printed Feeding & Maternity Cotton Loungewear,out of stock,new,https://paavay.aalam.cloud/store/item/Orange+Duck+Printed+Feeding+%26+Maternity+Cotton+Loungewear?id=2938,https://paavay.aalam.cloud/aalam/stock/item/2938/image/_/face-img,Paavay,,,L,Apparel & Accessories > Clothing > Sleepwear & Loungewear > Loungewear,,599.0 INR
CL0065,Orange Duck Printed Feeding & Maternity Cotton Loungewear,Orange Duck Printed Feeding & Maternity Cotton Loungewear,out of stock,new,https://paavay.aalam.cloud/store/item/Orange+Duck+Printed+Feeding+%26+Maternity+Cotton+Loungewear?id=2939,https://paavay.aalam.cloud/aalam/stock/item/2939/image/_/face-img,Paavay,,,XL,Apparel & Accessories > Clothing > Sleepwear & Loungewear > Loungewear,,599.0 INR
CL0066,Orange Duck Printed Feeding & Maternity Cotton Loungewear,Orange Duck Printed Feeding & Maternity Cotton Loungewear,out of stock,new,https://paavay.aalam.cloud/store/item/Orange+Duck+Printed+Feeding+%26+Maternity+Cotton+Loungewear?id=2940,https://paavay.aalam.cloud/aalam/stock/item/2940/image/_/face-img,Paavay,,,XXL,Apparel & Accessories > Clothing > Sleepwear & Loungewear > Loungewear,,599.0 INR
CL0067,Turquoise Ball Printed Feeding & Maternity Cotton Loungewear,Turquoise Ball Printed Feeding & Maternity Cotton Loungewear,out of stock,new,https://paavay.aalam.cloud/store/item/Turquoise+Ball+Printed+Feeding+%26+Maternity+Cotton+Loungewear?id=2943,https://paavay.aalam.cloud/aalam/stock/item/2943/image/_/face-img,Paavay,,,XS,Apparel & Accessories > Clothing > Sleepwear & Loungewear > Loungewear,,799.0 INR
CL0068,Turquoise Ball Printed Feeding & Maternity Cotton Loungewear,Turquoise Ball Printed Feeding & Maternity Cotton Loungewear,out of stock,new,https://paavay.aalam.cloud/store/item/Turquoise+Ball+Printed+Feeding+%26+Maternity+Cotton+Loungewear?id=2944,https://paavay.aalam.cloud/aalam/stock/item/2944/image/_/face-img,Paavay,,,S,Apparel & Accessories > Clothing > Sleepwear & Loungewear > Loungewear,,799.0 INR
CL0069,Turquoise Ball Printed Feeding & Maternity Cotton Loungewear,Turquoise Ball Printed Feeding & Maternity Cotton Loungewear,out of stock,new,https://paavay.aalam.cloud/store/item/Turquoise+Ball+Printed+Feeding+%26+Maternity+Cotton+Loungewear?id=2945,https://paavay.aalam.cloud/aalam/stock/item/2945/image/_/face-img,Paavay,,,M,Apparel & Accessories > Clothing > Sleepwear & Loungewear > Loungewear,,799.0 INR
CL0070,Turquoise Ball Printed Feeding & Maternity Cotton Loungewear,Turquoise Ball Printed Feeding & Maternity Cotton Loungewear,out of stock,new,https://paavay.aalam.cloud/store/item/Turquoise+Ball+Printed+Feeding+%26+Maternity+Cotton+Loungewear?id=2946,https://paavay.aalam.cloud/aalam/stock/item/2946/image/_/face-img,Paavay,,,L,Apparel & Accessories > Clothing > Sleepwear & Loungewear > Loungewear,,799.0 INR
CL0071,Turquoise Ball Printed Feeding & Maternity Cotton Loungewear,Turquoise Ball Printed Feeding & Maternity Cotton Loungewear,out of stock,new,https://paavay.aalam.cloud/store/item/Turquoise+Ball+Printed+Feeding+%26+Maternity+Cotton+Loungewear?id=2947,https://paavay.aalam.cloud/aalam/stock/item/2947/image/_/face-img,Paavay,,,XL,Apparel & Accessories > Clothing > Sleepwear & Loungewear > Loungewear,,799.0 INR
CL0072,Turquoise Ball Printed Feeding & Maternity Cotton Loungewear,Turquoise Ball Printed Feeding & Maternity Cotton Loungewear,out of stock,new,https://paavay.aalam.cloud/store/item/Turquoise+Ball+Printed+Feeding+%26+Maternity+Cotton+Loungewear?id=2949,https://paavay.aalam.cloud/aalam/stock/item/2949/image/_/face-img,Paavay,,,XXL,Apparel & Accessories > Clothing > Sleepwear & Loungewear > Loungewear,,799.0 INR
CL0073,Turquoise Ball Printed Feeding & Maternity Cotton Loungewear,Turquoise Ball Printed Feeding & Maternity Cotton Loungewear,out of stock,new,https://paavay.aalam.cloud/store/item/Turquoise+Ball+Printed+Feeding+%26+Maternity+Cotton+Loungewear?id=2950,https://paavay.aalam.cloud/aalam/stock/item/2950/image/_/face-img,Paavay,,,XS,Apparel & Accessories > Clothing > Sleepwear & Loungewear > Loungewear,,799.0 INR
CL0074,Turquoise Ball Printed Feeding & Maternity Cotton Loungewear,Turquoise Ball Printed Feeding & Maternity Cotton Loungewear,out of stock,new,https://paavay.aalam.cloud/store/item/Turquoise+Ball+Printed+Feeding+%26+Maternity+Cotton+Loungewear?id=2951,https://paavay.aalam.cloud/aalam/stock/item/2951/image/_/face-img,Paavay,,,S,Apparel & Accessories > Clothing > Sleepwear & Loungewear > Loungewear,,799.0 INR
CL0075,Turquoise Ball Printed Feeding & Maternity Cotton Loungewear,Turquoise Ball Printed Feeding & Maternity Cotton Loungewear,out of stock,new,https://paavay.aalam.cloud/store/item/Turquoise+Ball+Printed+Feeding+%26+Maternity+Cotton+Loungewear?id=2953,https://paavay.aalam.cloud/aalam/stock/item/2953/image/_/face-img,Paavay,,,M,Apparel & Accessories > Clothing > Sleepwear & Loungewear > Loungewear,,799.0 INR
CL0076,Turquoise Ball Printed Feeding & Maternity Cotton Loungewear,Turquoise Ball Printed Feeding & Maternity Cotton Loungewear,out of stock,new,https://paavay.aalam.cloud/store/item/Turquoise+Ball+Printed+Feeding+%26+Maternity+Cotton+Loungewear?id=2954,https://paavay.aalam.cloud/aalam/stock/item/2954/image/_/face-img,Paavay,,,L,Apparel & Accessories > Clothing > Sleepwear & Loungewear > Loungewear,,799.0 INR
CL0077,Turquoise Ball Printed Feeding & Maternity Cotton Loungewear,Turquoise Ball Printed Feeding & Maternity Cotton Loungewear,out of stock,new,https://paavay.aalam.cloud/store/item/Turquoise+Ball+Printed+Feeding+%26+Maternity+Cotton+Loungewear?id=2955,https://paavay.aalam.cloud/aalam/stock/item/2955/image/_/face-img,Paavay,,,XL,Apparel & Accessories > Clothing > Sleepwear & Loungewear > Loungewear,,799.0 INR
CL0078,Turquoise Ball Printed Feeding & Maternity Cotton Loungewear,Turquoise Ball Printed Feeding & Maternity Cotton Loungewear,out of stock,new,https://paavay.aalam.cloud/store/item/Turquoise+Ball+Printed+Feeding+%26+Maternity+Cotton+Loungewear?id=2956,https://paavay.aalam.cloud/aalam/stock/item/2956/image/_/face-img,Paavay,,,XXL,Apparel & Accessories > Clothing > Sleepwear & Loungewear > Loungewear,,799.0 INR
EASYDENIM,Easy Carry,Easy Carry,in stock,new,https://paavay.aalam.cloud/store/item/Easy+Carry?id=3146,https://paavay.aalam.cloud/aalam/stock/item/3146/image/_/face-img,Paavay,Denim,,,Baby & Toddler > Baby Transport > Baby Carriers,999.5 INR,1999.0 INR
EASYPINK,Easy Carry,Easy Carry,in stock,new,https://paavay.aalam.cloud/store/item/Easy+Carry?id=3147,https://paavay.aalam.cloud/aalam/stock/item/3147/image/_/face-img,Paavay,PINK,,,Baby & Toddler > Baby Transport > Baby Carriers,999.5 INR,1999.0 INR
EASYBEIGE,Easy Carry,Easy Carry,in stock,new,https://paavay.aalam.cloud/store/item/Easy+Carry?id=3148,https://paavay.aalam.cloud/aalam/stock/item/3148/image/_/face-img,Paavay,BEIGE,,,Baby & Toddler > Baby Transport > Baby Carriers,999.5 INR,1999.0 INR
TAHIPOYSTER,Thook Amma Baby Hip Carrier-LUXE,Thook Amma Baby Hip Carrier-LUXE,out of stock,new,https://paavay.aalam.cloud/store/item/Thook+Amma+Baby+Hip+Carrier-LUXE?id=3149,https://paavay.aalam.cloud/aalam/stock/item/3149/image/_/face-img,Paavay,OYSTER,,,Baby & Toddler > Baby Transport > Baby Carriers,3426.5 INR,4895.0 INR
BABYCHAIR,Snuggle Seat – Baby Low Chair,Snuggle Seat – Baby Low Chair,in stock,new,https://paavay.aalam.cloud/store/item/Snuggle+Seat+%E2%80%93+Baby+Low+Chair?id=3150,https://paavay.aalam.cloud/aalam/stock/item/3150/image/_/face-img,Paavay,,,,Baby & Toddler > Baby Transport > Baby Carriers,3990.0 INR,7980.0 INR
MAXI2921,Varnam Chiffon Maxi ,Varnam Chiffon Maxi ,out of stock,new,https://paavay.aalam.cloud/store/item/Varnam+Chiffon+Maxi+?id=3191,https://paavay.aalam.cloud/aalam/stock/item/3191/image/_/face-img,Paavay,,Chiffon,XS,Apparel & Accessories > Clothing > Dresses,1853.0 INR,2180.0 INR
MAXI2922,Varnam Chiffon Maxi ,Varnam Chiffon Maxi ,out of stock,new,https://paavay.aalam.cloud/store/item/Varnam+Chiffon+Maxi+?id=3192,https://paavay.aalam.cloud/aalam/stock/item/3192/image/_/face-img,Paavay,,Chiffon,S,Apparel & Accessories > Clothing > Dresses,1853.0 INR,2180.0 INR
MAXI2923,Varnam Chiffon Maxi ,Varnam Chiffon Maxi ,out of stock,new,https://paavay.aalam.cloud/store/item/Varnam+Chiffon+Maxi+?id=3193,https://paavay.aalam.cloud/aalam/stock/item/3193/image/_/face-img,Paavay,,Chiffon,M,Apparel & Accessories > Clothing > Dresses,1853.0 INR,2180.0 INR
MAXI2924,Varnam Chiffon Maxi ,Varnam Chiffon Maxi ,out of stock,new,https://paavay.aalam.cloud/store/item/Varnam+Chiffon+Maxi+?id=3194,https://paavay.aalam.cloud/aalam/stock/item/3194/image/_/face-img,Paavay,,Chiffon,L,Apparel & Accessories > Clothing > Dresses,1853.0 INR,2180.0 INR
MAXI2925,Varnam Chiffon Maxi ,Varnam Chiffon Maxi ,out of stock,new,https://paavay.aalam.cloud/store/item/Varnam+Chiffon+Maxi+?id=3195,https://paavay.aalam.cloud/aalam/stock/item/3195/image/_/face-img,Paavay,,Chiffon,XL,Apparel & Accessories > Clothing > Dresses,1853.0 INR,2180.0 INR
MAXI2926,Varnam Chiffon Maxi ,Varnam Chiffon Maxi ,out of stock,new,https://paavay.aalam.cloud/store/item/Varnam+Chiffon+Maxi+?id=3196,https://paavay.aalam.cloud/aalam/stock/item/3196/image/_/face-img,Paavay,,Chiffon,XXL,Apparel & Accessories > Clothing > Dresses,1853.0 INR,2180.0 INR
MAXI2927,Varnam Chiffon Maxi ,Varnam Chiffon Maxi ,out of stock,new,https://paavay.aalam.cloud/store/item/Varnam+Chiffon+Maxi+?id=3197,https://paavay.aalam.cloud/aalam/stock/item/3197/image/_/face-img,Paavay,,Chiffon,XXXL,Apparel & Accessories > Clothing > Dresses,1853.0 INR,2180.0 INR
MAXI2942,Denim Long Shirt Dress,Denim Long Shirt Dress,out of stock,new,https://paavay.aalam.cloud/store/item/Denim+Long+Shirt+Dress?id=3219,https://paavay.aalam.cloud/aalam/stock/item/3219/image/_/face-img,Paavay,BLUE,Cotton,XS,Apparel & Accessories > Clothing > Dresses,1869.15 INR,2199.0 INR
MAXI2943,Denim Long Shirt Dress,Denim Long Shirt Dress,out of stock,new,https://paavay.aalam.cloud/store/item/Denim+Long+Shirt+Dress?id=3220,https://paavay.aalam.cloud/aalam/stock/item/3220/image/_/face-img,Paavay,BLUE,Cotton,S,Apparel & Accessories > Clothing > Dresses,1869.15 INR,2199.0 INR
MAXI2944,Denim Long Shirt Dress,Denim Long Shirt Dress,in stock,new,https://paavay.aalam.cloud/store/item/Denim+Long+Shirt+Dress?id=3223,https://paavay.aalam.cloud/aalam/stock/item/3223/image/_/face-img,Paavay,BLUE,Cotton,M,Apparel & Accessories > Clothing > Dresses,1869.15 INR,2199.0 INR
MAXI2945,Denim Long Shirt Dress,Denim Long Shirt Dress,in stock,new,https://paavay.aalam.cloud/store/item/Denim+Long+Shirt+Dress?id=3224,https://paavay.aalam.cloud/aalam/stock/item/3224/image/_/face-img,Paavay,BLUE,Cotton,L,Apparel & Accessories > Clothing > Dresses,1869.15 INR,2199.0 INR
MAXI2946,Denim Long Shirt Dress,Denim Long Shirt Dress,out of stock,new,https://paavay.aalam.cloud/store/item/Denim+Long+Shirt+Dress?id=3225,https://paavay.aalam.cloud/aalam/stock/item/3225/image/_/face-img,Paavay,BLUE,Cotton,XL,Apparel & Accessories > Clothing > Dresses,1869.15 INR,2199.0 INR
MAXI2947,Denim Long Shirt Dress,Denim Long Shirt Dress,in stock,new,https://paavay.aalam.cloud/store/item/Denim+Long+Shirt+Dress?id=3226,https://paavay.aalam.cloud/aalam/stock/item/3226/image/_/face-img,Paavay,BLUE,Cotton,XXL,Apparel & Accessories > Clothing > Dresses,1869.15 INR,2199.0 INR
MAXI2948,Denim Long Shirt Dress,Denim Long Shirt Dress,out of stock,new,https://paavay.aalam.cloud/store/item/Denim+Long+Shirt+Dress?id=3228,https://paavay.aalam.cloud/aalam/stock/item/3228/image/_/face-img,Paavay,BLUE,Cotton,XXXL,Apparel & Accessories > Clothing > Dresses,1869.15 INR,2199.0 INR
LW5709,Orange Duck Printed Feeding & Maternity Cotton Loungewear,Orange Duck Printed Feeding & Maternity Cotton Loungewear,out of stock,new,https://paavay.aalam.cloud/store/item/Orange+Duck+Printed+Feeding+%26+Maternity+Cotton+Loungewear?id=3267,https://paavay.aalam.cloud/aalam/stock/item/3267/image/_/face-img,Paavay,,,XS,Apparel & Accessories > Clothing > Sleepwear & Loungewear > Loungewear,599.4 INR,999.0 INR
LW5710,Orange Duck Printed Feeding & Maternity Cotton Loungewear,Orange Duck Printed Feeding & Maternity Cotton Loungewear,out of stock,new,https://paavay.aalam.cloud/store/item/Orange+Duck+Printed+Feeding+%26+Maternity+Cotton+Loungewear?id=3268,https://paavay.aalam.cloud/aalam/stock/item/3268/image/_/face-img,Paavay,,,S,Apparel & Accessories > Clothing > Sleepwear & Loungewear > Loungewear,599.4 INR,999.0 INR
LW5711,Orange Duck Printed Feeding & Maternity Cotton Loungewear,Orange Duck Printed Feeding & Maternity Cotton Loungewear,out of stock,new,https://paavay.aalam.cloud/store/item/Orange+Duck+Printed+Feeding+%26+Maternity+Cotton+Loungewear?id=3269,https://paavay.aalam.cloud/aalam/stock/item/3269/image/_/face-img,Paavay,,,M,Apparel & Accessories > Clothing > Sleepwear & Loungewear > Loungewear,599.4 INR,999.0 INR
LW5712,Orange Duck Printed Feeding & Maternity Cotton Loungewear,Orange Duck Printed Feeding & Maternity Cotton Loungewear,out of stock,new,https://paavay.aalam.cloud/store/item/Orange+Duck+Printed+Feeding+%26+Maternity+Cotton+Loungewear?id=3270,https://paavay.aalam.cloud/aalam/stock/item/3270/image/_/face-img,Paavay,,,L,Apparel & Accessories > Clothing > Sleepwear & Loungewear > Loungewear,599.4 INR,999.0 INR
LW5713,Orange Duck Printed Feeding & Maternity Cotton Loungewear,Orange Duck Printed Feeding & Maternity Cotton Loungewear,out of stock,new,https://paavay.aalam.cloud/store/item/Orange+Duck+Printed+Feeding+%26+Maternity+Cotton+Loungewear?id=3271,https://paavay.aalam.cloud/aalam/stock/item/3271/image/_/face-img,Paavay,,,XL,Apparel & Accessories > Clothing > Sleepwear & Loungewear > Loungewear,599.4 INR,999.0 INR
LW5714,Orange Duck Printed Feeding & Maternity Cotton Loungewear,Orange Duck Printed Feeding & Maternity Cotton Loungewear,out of stock,new,https://paavay.aalam.cloud/store/item/Orange+Duck+Printed+Feeding+%26+Maternity+Cotton+Loungewear?id=3272,https://paavay.aalam.cloud/aalam/stock/item/3272/image/_/face-img,Paavay,,,XXL,Apparel & Accessories > Clothing > Sleepwear & Loungewear > Loungewear,599.4 INR,999.0 INR
LW5715,Orange Duck Printed Feeding & Maternity Cotton Loungewear,Orange Duck Printed Feeding & Maternity Cotton Loungewear,out of stock,new,https://paavay.aalam.cloud/store/item/Orange+Duck+Printed+Feeding+%26+Maternity+Cotton+Loungewear?id=3273,https://paavay.aalam.cloud/aalam/stock/item/3273/image/_/face-img,Paavay,,,XS,Apparel & Accessories > Clothing > Sleepwear & Loungewear > Loungewear,599.4 INR,999.0 INR
LW5716,Orange Duck Printed Feeding & Maternity Cotton Loungewear,Orange Duck Printed Feeding & Maternity Cotton Loungewear,out of stock,new,https://paavay.aalam.cloud/store/item/Orange+Duck+Printed+Feeding+%26+Maternity+Cotton+Loungewear?id=3274,https://paavay.aalam.cloud/aalam/stock/item/3274/image/_/face-img,Paavay,,,S,Apparel & Accessories > Clothing > Sleepwear & Loungewear > Loungewear,599.4 INR,999.0 INR
LW5717,Orange Duck Printed Feeding & Maternity Cotton Loungewear,Orange Duck Printed Feeding & Maternity Cotton Loungewear,out of stock,new,https://paavay.aalam.cloud/store/item/Orange+Duck+Printed+Feeding+%26+Maternity+Cotton+Loungewear?id=3275,https://paavay.aalam.cloud/aalam/stock/item/3275/image/_/face-img,Paavay,,,M,Apparel & Accessories > Clothing > Sleepwear & Loungewear > Loungewear,599.4 INR,999.0 INR
LW5718,Orange Duck Printed Feeding & Maternity Cotton Loungewear,Orange Duck Printed Feeding & Maternity Cotton Loungewear,out of stock,new,https://paavay.aalam.cloud/store/item/Orange+Duck+Printed+Feeding+%26+Maternity+Cotton+Loungewear?id=3276,https://paavay.aalam.cloud/aalam/stock/item/3276/image/_/face-img,Paavay,,,L,Apparel & Accessories > Clothing > Sleepwear & Loungewear > Loungewear,599.4 INR,999.0 INR
LW5719,Orange Duck Printed Feeding & Maternity Cotton Loungewear,Orange Duck Printed Feeding & Maternity Cotton Loungewear,out of stock,new,https://paavay.aalam.cloud/store/item/Orange+Duck+Printed+Feeding+%26+Maternity+Cotton+Loungewear?id=3277,https://paavay.aalam.cloud/aalam/stock/item/3277/image/_/face-img,Paavay,,,XL,Apparel & Accessories > Clothing > Sleepwear & Loungewear > Loungewear,599.4 INR,999.0 INR
LW5720,Orange Duck Printed Feeding & Maternity Cotton Loungewear,Orange Duck Printed Feeding & Maternity Cotton Loungewear,out of stock,new,https://paavay.aalam.cloud/store/item/Orange+Duck+Printed+Feeding+%26+Maternity+Cotton+Loungewear?id=3278,https://paavay.aalam.cloud/aalam/stock/item/3278/image/_/face-img,Paavay,,,XXL,Apparel & Accessories > Clothing > Sleepwear & Loungewear > Loungewear,599.4 INR,999.0 INR
LW5721,Turquoise Ball Printed Feeding & Maternity Cotton Loungewear,Turquoise Ball Printed Feeding & Maternity Cotton Loungewear,out of stock,new,https://paavay.aalam.cloud/store/item/Turquoise+Ball+Printed+Feeding+%26+Maternity+Cotton+Loungewear?id=3279,https://paavay.aalam.cloud/aalam/stock/item/3279/image/_/face-img,Paavay,,,XS,Apparel & Accessories > Clothing > Sleepwear & Loungewear > Loungewear,599.4 INR,999.0 INR
LW5722,Turquoise Ball Printed Feeding & Maternity Cotton Loungewear,Turquoise Ball Printed Feeding & Maternity Cotton Loungewear,out of stock,new,https://paavay.aalam.cloud/store/item/Turquoise+Ball+Printed+Feeding+%26+Maternity+Cotton+Loungewear?id=3280,https://paavay.aalam.cloud/aalam/stock/item/3280/image/_/face-img,Paavay,,,S,Apparel & Accessories > Clothing > Sleepwear & Loungewear > Loungewear,599.4 INR,999.0 INR
LW5723,Turquoise Ball Printed Feeding & Maternity Cotton Loungewear,Turquoise Ball Printed Feeding & Maternity Cotton Loungewear,out of stock,new,https://paavay.aalam.cloud/store/item/Turquoise+Ball+Printed+Feeding+%26+Maternity+Cotton+Loungewear?id=3281,https://paavay.aalam.cloud/aalam/stock/item/3281/image/_/face-img,Paavay,,,M,Apparel & Accessories > Clothing > Sleepwear & Loungewear > Loungewear,599.4 INR,999.0 INR
LW5724,Turquoise Ball Printed Feeding & Maternity Cotton Loungewear,Turquoise Ball Printed Feeding & Maternity Cotton Loungewear,out of stock,new,https://paavay.aalam.cloud/store/item/Turquoise+Ball+Printed+Feeding+%26+Maternity+Cotton+Loungewear?id=3282,https://paavay.aalam.cloud/aalam/stock/item/3282/image/_/face-img,Paavay,,,L,Apparel & Accessories > Clothing > Sleepwear & Loungewear > Loungewear,599.4 INR,999.0 INR
LW5725,Turquoise Ball Printed Feeding & Maternity Cotton Loungewear,Turquoise Ball Printed Feeding & Maternity Cotton Loungewear,out of stock,new,https://paavay.aalam.cloud/store/item/Turquoise+Ball+Printed+Feeding+%26+Maternity+Cotton+Loungewear?id=3283,https://paavay.aalam.cloud/aalam/stock/item/3283/image/_/face-img,Paavay,,,XL,Apparel & Accessories > Clothing > Sleepwear & Loungewear > Loungewear,599.4 INR,999.0 INR
LW5726,Turquoise Ball Printed Feeding & Maternity Cotton Loungewear,Turquoise Ball Printed Feeding & Maternity Cotton Loungewear,out of stock,new,https://paavay.aalam.cloud/store/item/Turquoise+Ball+Printed+Feeding+%26+Maternity+Cotton+Loungewear?id=3284,https://paavay.aalam.cloud/aalam/stock/item/3284/image/_/face-img,Paavay,,,XXL,Apparel & Accessories > Clothing > Sleepwear & Loungewear > Loungewear,599.4 INR,999.0 INR
LW5727,Turquoise Ball Printed Feeding & Maternity Cotton Loungewear,Turquoise Ball Printed Feeding & Maternity Cotton Loungewear,out of stock,new,https://paavay.aalam.cloud/store/item/Turquoise+Ball+Printed+Feeding+%26+Maternity+Cotton+Loungewear?id=3285,https://paavay.aalam.cloud/aalam/stock/item/3285/image/_/face-img,Paavay,,,XS,Apparel & Accessories > Clothing > Sleepwear & Loungewear > Loungewear,599.4 INR,999.0 INR
LW5728,Turquoise Ball Printed Feeding & Maternity Cotton Loungewear,Turquoise Ball Printed Feeding & Maternity Cotton Loungewear,out of stock,new,https://paavay.aalam.cloud/store/item/Turquoise+Ball+Printed+Feeding+%26+Maternity+Cotton+Loungewear?id=3286,https://paavay.aalam.cloud/aalam/stock/item/3286/image/_/face-img,Paavay,,,S,Apparel & Accessories > Clothing > Sleepwear & Loungewear > Loungewear,599.4 INR,999.0 INR
LW5729,Turquoise Ball Printed Feeding & Maternity Cotton Loungewear,Turquoise Ball Printed Feeding & Maternity Cotton Loungewear,out of stock,new,https://paavay.aalam.cloud/store/item/Turquoise+Ball+Printed+Feeding+%26+Maternity+Cotton+Loungewear?id=3287,https://paavay.aalam.cloud/aalam/stock/item/3287/image/_/face-img,Paavay,,,M,Apparel & Accessories > Clothing > Sleepwear & Loungewear > Loungewear,599.4 INR,999.0 INR
LW5730,Turquoise Ball Printed Feeding & Maternity Cotton Loungewear,Turquoise Ball Printed Feeding & Maternity Cotton Loungewear,out of stock,new,https://paavay.aalam.cloud/store/item/Turquoise+Ball+Printed+Feeding+%26+Maternity+Cotton+Loungewear?id=3288,https://paavay.aalam.cloud/aalam/stock/item/3288/image/_/face-img,Paavay,,,L,Apparel & Accessories > Clothing > Sleepwear & Loungewear > Loungewear,599.4 INR,999.0 INR
LW5731,Turquoise Ball Printed Feeding & Maternity Cotton Loungewear,Turquoise Ball Printed Feeding & Maternity Cotton Loungewear,out of stock,new,https://paavay.aalam.cloud/store/item/Turquoise+Ball+Printed+Feeding+%26+Maternity+Cotton+Loungewear?id=3289,https://paavay.aalam.cloud/aalam/stock/item/3289/image/_/face-img,Paavay,,,XL,Apparel & Accessories > Clothing > Sleepwear & Loungewear > Loungewear,599.4 INR,999.0 INR
LW5732,Turquoise Ball Printed Feeding & Maternity Cotton Loungewear,Turquoise Ball Printed Feeding & Maternity Cotton Loungewear,out of stock,new,https://paavay.aalam.cloud/store/item/Turquoise+Ball+Printed+Feeding+%26+Maternity+Cotton+Loungewear?id=3290,https://paavay.aalam.cloud/aalam/stock/item/3290/image/_/face-img,Paavay,,,XXL,Apparel & Accessories > Clothing > Sleepwear & Loungewear > Loungewear,599.4 INR,999.0 INR
SHIRT3021,Black Rayon Shirt,Black Rayon Shirt,in stock,new,https://paavay.aalam.cloud/store/item/Black+Rayon+Shirt?id=3358,https://paavay.aalam.cloud/aalam/stock/item/3358/image/_/face-img,Paavay,Black,Cotton,XS,Apparel & Accessories > Clothing > Dresses,1257.97 INR,1479.96 INR
SHIRT3022,Black Rayon Shirt,Black Rayon Shirt,out of stock,new,https://paavay.aalam.cloud/store/item/Black+Rayon+Shirt?id=3359,https://paavay.aalam.cloud/aalam/stock/item/3359/image/_/face-img,Paavay,Black,Cotton,S,Apparel & Accessories > Clothing > Dresses,1257.97 INR,1479.96 INR
SHIRT3023,Black Rayon Shirt,Black Rayon Shirt,in stock,new,https://paavay.aalam.cloud/store/item/Black+Rayon+Shirt?id=3360,https://paavay.aalam.cloud/aalam/stock/item/3360/image/_/face-img,Paavay,Black,Cotton,M,Apparel & Accessories > Clothing > Dresses,1257.97 INR,1479.96 INR
SHIRT3024,Black Rayon Shirt,Black Rayon Shirt,in stock,new,https://paavay.aalam.cloud/store/item/Black+Rayon+Shirt?id=3361,https://paavay.aalam.cloud/aalam/stock/item/3361/image/_/face-img,Paavay,Black,Cotton,L,Apparel & Accessories > Clothing > Dresses,1257.97 INR,1479.96 INR
SHIRT3025,Black Rayon Shirt,Black Rayon Shirt,in stock,new,https://paavay.aalam.cloud/store/item/Black+Rayon+Shirt?id=3362,https://paavay.aalam.cloud/aalam/stock/item/3362/image/_/face-img,Paavay,Black,Cotton,XL,Apparel & Accessories > Clothing > Dresses,1257.97 INR,1479.96 INR
SHIRT3026,Black Rayon Shirt,Black Rayon Shirt,in stock,new,https://paavay.aalam.cloud/store/item/Black+Rayon+Shirt?id=3363,https://paavay.aalam.cloud/aalam/stock/item/3363/image/_/face-img,Paavay,Black,Cotton,XXL,Apparel & Accessories > Clothing > Dresses,1257.97 INR,1479.96 INR
SHIRT3027,Black Rayon Shirt,Black Rayon Shirt,in stock,new,https://paavay.aalam.cloud/store/item/Black+Rayon+Shirt?id=3364,https://paavay.aalam.cloud/aalam/stock/item/3364/image/_/face-img,Paavay,Black,Cotton,XXXL,Apparel & Accessories > Clothing > Dresses,1257.97 INR,1479.96 INR
ANTIGOLDXS,MIA,MIA,out of stock,new,https://paavay.aalam.cloud/store/item/MIA?id=3468,https://paavay.aalam.cloud/aalam/stock/item/3468/image/_/face-img,Paavay,Antique Gold,,XS,Apparel & Accessories > Clothing > Shirts & Tops,517.5 INR,690.0 INR
ANTIGOLDS,MIA,MIA,in stock,new,https://paavay.aalam.cloud/store/item/MIA?id=3469,https://paavay.aalam.cloud/aalam/stock/item/3469/image/_/face-img,Paavay,Antique Gold,,S,Apparel & Accessories > Clothing > Shirts & Tops,517.5 INR,690.0 INR
ANTIGOLDM,MIA,MIA,out of stock,new,https://paavay.aalam.cloud/store/item/MIA?id=3470,https://paavay.aalam.cloud/aalam/stock/item/3470/image/_/face-img,Paavay,Antique Gold,,M,Apparel & Accessories > Clothing > Shirts & Tops,517.5 INR,690.0 INR
ANTIGOLDL,MIA,MIA,in stock,new,https://paavay.aalam.cloud/store/item/MIA?id=3471,https://paavay.aalam.cloud/aalam/stock/item/3471/image/_/face-img,Paavay,Antique Gold,,L,Apparel & Accessories > Clothing > Shirts & Tops,517.5 INR,690.0 INR
ANTIGOLDXL,MIA,MIA,out of stock,new,https://paavay.aalam.cloud/store/item/MIA?id=3472,https://paavay.aalam.cloud/aalam/stock/item/3472/image/_/face-img,Paavay,Antique Gold,,XL,Apparel & Accessories > Clothing > Shirts & Tops,517.5 INR,690.0 INR
BLACKXS,MIA,MIA,out of stock,new,https://paavay.aalam.cloud/store/item/MIA?id=3473,https://paavay.aalam.cloud/aalam/stock/item/3473/image/_/face-img,Paavay,BLACK,,XS,Apparel & Accessories > Clothing > Shirts & Tops,517.5 INR,690.0 INR
BLACKS,MIA,MIA,out of stock,new,https://paavay.aalam.cloud/store/item/MIA?id=3474,https://paavay.aalam.cloud/aalam/stock/item/3474/image/_/face-img,Paavay,BLACK,,S,Apparel & Accessories > Clothing > Shirts & Tops,517.5 INR,690.0 INR
BLACKM,MIA,MIA,out of stock,new,https://paavay.aalam.cloud/store/item/MIA?id=3475,https://paavay.aalam.cloud/aalam/stock/item/3475/image/_/face-img,Paavay,BLACK,,M,Apparel & Accessories > Clothing > Shirts & Tops,517.5 INR,690.0 INR
BLACKL,MIA,MIA,out of stock,new,https://paavay.aalam.cloud/store/item/MIA?id=3476,https://paavay.aalam.cloud/aalam/stock/item/3476/image/_/face-img,Paavay,BLACK,,L,Apparel & Accessories > Clothing > Shirts & Tops,517.5 INR,690.0 INR
BLACKXL,MIA,MIA,out of stock,new,https://paavay.aalam.cloud/store/item/MIA?id=3477,https://paavay.aalam.cloud/aalam/stock/item/3477/image/_/face-img,Paavay,BLACK,,XL,Apparel & Accessories > Clothing > Shirts & Tops,517.5 INR,690.0 INR
DENIMXS,MIA,MIA,out of stock,new,https://paavay.aalam.cloud/store/item/MIA?id=3478,https://paavay.aalam.cloud/aalam/stock/item/3478/image/_/face-img,Paavay,DENIM,,XS,Apparel & Accessories > Clothing > Shirts & Tops,517.5 INR,690.0 INR
DENIMS,MIA,MIA,in stock,new,https://paavay.aalam.cloud/store/item/MIA?id=3479,https://paavay.aalam.cloud/aalam/stock/item/3479/image/_/face-img,Paavay,DENIM,,S,Apparel & Accessories > Clothing > Shirts & Tops,517.5 INR,690.0 INR
DENIMM,MIA,MIA,in stock,new,https://paavay.aalam.cloud/store/item/MIA?id=3480,https://paavay.aalam.cloud/aalam/stock/item/3480/image/_/face-img,Paavay,DENIM,,M,Apparel & Accessories > Clothing > Shirts & Tops,517.5 INR,690.0 INR
DENIML,MIA,MIA,in stock,new,https://paavay.aalam.cloud/store/item/MIA?id=3481,https://paavay.aalam.cloud/aalam/stock/item/3481/image/_/face-img,Paavay,DENIM,,L,Apparel & Accessories > Clothing > Shirts & Tops,517.5 INR,690.0 INR
DENIMXL,MIA,MIA,out of stock,new,https://paavay.aalam.cloud/store/item/MIA?id=3482,https://paavay.aalam.cloud/aalam/stock/item/3482/image/_/face-img,Paavay,DENIM,,XL,Apparel & Accessories > Clothing > Shirts & Tops,517.5 INR,690.0 INR
ANTIGXS,EMILY,EMILY,out of stock,new,https://paavay.aalam.cloud/store/item/EMILY?id=3484,https://paavay.aalam.cloud/aalam/stock/item/3484/image/_/face-img,Paavay,ANTIQUE GOLD,,XS,Apparel & Accessories > Clothing > Shirts & Tops,517.5 INR,690.0 INR
ANTIGS,EMILY,EMILY,in stock,new,https://paavay.aalam.cloud/store/item/EMILY?id=3485,https://paavay.aalam.cloud/aalam/stock/item/3485/image/_/face-img,Paavay,ANTIQUE GOLD,,S,Apparel & Accessories > Clothing > Shirts & Tops,517.5 INR,690.0 INR
ANTIGM,EMILY,EMILY,out of stock,new,https://paavay.aalam.cloud/store/item/EMILY?id=3486,https://paavay.aalam.cloud/aalam/stock/item/3486/image/_/face-img,Paavay,ANTIQUE GOLD,,M,Apparel & Accessories > Clothing > Shirts & Tops,517.5 INR,690.0 INR
ANTIGL,EMILY,EMILY,out of stock,new,https://paavay.aalam.cloud/store/item/EMILY?id=3487,https://paavay.aalam.cloud/aalam/stock/item/3487/image/_/face-img,Paavay,ANTIQUE GOLD,,L,Apparel & Accessories > Clothing > Shirts & Tops,517.5 INR,690.0 INR
ANTIGXL,EMILY,EMILY,out of stock,new,https://paavay.aalam.cloud/store/item/EMILY?id=3488,https://paavay.aalam.cloud/aalam/stock/item/3488/image/_/face-img,Paavay,ANTIQUE GOLD,,XL,Apparel & Accessories > Clothing > Shirts & Tops,517.5 INR,690.0 INR
BLACK0XS,EMILY,EMILY,out of stock,new,https://paavay.aalam.cloud/store/item/EMILY?id=3491,https://paavay.aalam.cloud/aalam/stock/item/3491/image/_/face-img,Paavay,BLACK,,XS,Apparel & Accessories > Clothing > Shirts & Tops,517.5 INR,690.0 INR
BLACK0S,EMILY,EMILY,out of stock,new,https://paavay.aalam.cloud/store/item/EMILY?id=3492,https://paavay.aalam.cloud/aalam/stock/item/3492/image/_/face-img,Paavay,BLACK,,S,Apparel & Accessories > Clothing > Shirts & Tops,517.5 INR,690.0 INR
BLACK0M,EMILY,EMILY,out of stock,new,https://paavay.aalam.cloud/store/item/EMILY?id=3493,https://paavay.aalam.cloud/aalam/stock/item/3493/image/_/face-img,Paavay,BLACK,,M,Apparel & Accessories > Clothing > Shirts & Tops,517.5 INR,690.0 INR
BLACK0L,EMILY,EMILY,out of stock,new,https://paavay.aalam.cloud/store/item/EMILY?id=3494,https://paavay.aalam.cloud/aalam/stock/item/3494/image/_/face-img,Paavay,BLACK,,L,Apparel & Accessories > Clothing > Shirts & Tops,517.5 INR,690.0 INR
BLACK0XL,EMILY,EMILY,out of stock,new,https://paavay.aalam.cloud/store/item/EMILY?id=3495,https://paavay.aalam.cloud/aalam/stock/item/3495/image/_/face-img,Paavay,BLACK,,XL,Apparel & Accessories > Clothing > Shirts & Tops,517.5 INR,690.0 INR
DENIM0XS,EMILY,EMILY,out of stock,new,https://paavay.aalam.cloud/store/item/EMILY?id=3496,https://paavay.aalam.cloud/aalam/stock/item/3496/image/_/face-img,Paavay,DENIM,,XS,Apparel & Accessories > Clothing > Shirts & Tops,517.5 INR,690.0 INR
DENIM0S,EMILY,EMILY,in stock,new,https://paavay.aalam.cloud/store/item/EMILY?id=3497,https://paavay.aalam.cloud/aalam/stock/item/3497/image/_/face-img,Paavay,DENIM,,S,Apparel & Accessories > Clothing > Shirts & Tops,517.5 INR,690.0 INR
DENIM0M,EMILY,EMILY,out of stock,new,https://paavay.aalam.cloud/store/item/EMILY?id=3498,https://paavay.aalam.cloud/aalam/stock/item/3498/image/_/face-img,Paavay,DENIM,,M,Apparel & Accessories > Clothing > Shirts & Tops,517.5 INR,690.0 INR
DENIM0L,EMILY,EMILY,out of stock,new,https://paavay.aalam.cloud/store/item/EMILY?id=3499,https://paavay.aalam.cloud/aalam/stock/item/3499/image/_/face-img,Paavay,DENIM,,L,Apparel & Accessories > Clothing > Shirts & Tops,517.5 INR,690.0 INR
DENIM0XL,EMILY,EMILY,out of stock,new,https://paavay.aalam.cloud/store/item/EMILY?id=3500,https://paavay.aalam.cloud/aalam/stock/item/3500/image/_/face-img,Paavay,DENIM,,XL,Apparel & Accessories > Clothing > Shirts & Tops,517.5 INR,690.0 INR
TAHIPCHESTNUT,Thook Amma Baby Hip Carrier-LUXE,Thook Amma Baby Hip Carrier-LUXE,in stock,new,https://paavay.aalam.cloud/store/item/Thook+Amma+Baby+Hip+Carrier-LUXE?id=3510,https://paavay.aalam.cloud/aalam/stock/item/3510/image/_/face-img,Paavay,CHESTNUT,,,Baby & Toddler > Baby Transport > Baby Carriers,3426.5 INR,4895.0 INR
MIDI3571,Veronica Pleated Georgette Midi,Veronica Pleated Georgette Midi,out of stock,new,https://paavay.aalam.cloud/store/item/Veronica+Pleated+Georgette+Midi?id=4014,https://paavay.aalam.cloud/aalam/stock/item/4014/image/_/face-img,Paavay,,,XS,Apparel & Accessories > Clothing > Dresses,1134.0 INR,1890.0 INR
MIDI3572,Veronica Pleated Georgette Midi,Veronica Pleated Georgette Midi,out of stock,new,https://paavay.aalam.cloud/store/item/Veronica+Pleated+Georgette+Midi?id=4015,https://paavay.aalam.cloud/aalam/stock/item/4015/image/_/face-img,Paavay,,,S,Apparel & Accessories > Clothing > Dresses,1134.0 INR,1890.0 INR
MIDI3573,Veronica Pleated Georgette Midi,Veronica Pleated Georgette Midi,out of stock,new,https://paavay.aalam.cloud/store/item/Veronica+Pleated+Georgette+Midi?id=4016,https://paavay.aalam.cloud/aalam/stock/item/4016/image/_/face-img,Paavay,,,M,Apparel & Accessories > Clothing > Dresses,1134.0 INR,1890.0 INR
MIDI3574,Veronica Pleated Georgette Midi,Veronica Pleated Georgette Midi,out of stock,new,https://paavay.aalam.cloud/store/item/Veronica+Pleated+Georgette+Midi?id=4017,https://paavay.aalam.cloud/aalam/stock/item/4017/image/_/face-img,Paavay,,,L,Apparel & Accessories > Clothing > Dresses,1134.0 INR,1890.0 INR
MIDI3575,Veronica Pleated Georgette Midi,Veronica Pleated Georgette Midi,out of stock,new,https://paavay.aalam.cloud/store/item/Veronica+Pleated+Georgette+Midi?id=4018,https://paavay.aalam.cloud/aalam/stock/item/4018/image/_/face-img,Paavay,,,XL,Apparel & Accessories > Clothing > Dresses,1134.0 INR,1890.0 INR
MIDI3576,Veronica Pleated Georgette Midi,Veronica Pleated Georgette Midi,out of stock,new,https://paavay.aalam.cloud/store/item/Veronica+Pleated+Georgette+Midi?id=4019,https://paavay.aalam.cloud/aalam/stock/item/4019/image/_/face-img,Paavay,,,XXL,Apparel & Accessories > Clothing > Dresses,1134.0 INR,1890.0 INR
MIDI3577,Veronica Pleated Georgette Midi,Veronica Pleated Georgette Midi,out of stock,new,https://paavay.aalam.cloud/store/item/Veronica+Pleated+Georgette+Midi?id=4020,https://paavay.aalam.cloud/aalam/stock/item/4020/image/_/face-img,Paavay,,,XXXL,Apparel & Accessories > Clothing > Dresses,1134.0 INR,1890.0 INR
,Sleeve,Sleeve,out of stock,new,https://paavay.aalam.cloud/store/item/Sleeve?id=4029,https://paavay.aalam.cloud/aalam/stock/item/4029/image/_/face-img,Paavay,,,,Apparel & Accessories > Clothing > Dresses,,100.0 INR
,Sleeveless,Sleeveless,out of stock,new,https://paavay.aalam.cloud/store/item/Sleeveless?id=4030,https://paavay.aalam.cloud/aalam/stock/item/4030/image/_/face-img,Paavay,,,,Apparel & Accessories > Clothing > Dresses,,100.0 INR
MAXI3578,Blush Fit and Flare Georgette Maxi,Blush Fit and Flare Georgette Maxi,out of stock,new,https://paavay.aalam.cloud/store/item/Blush+Fit+and+Flare+Georgette+Maxi?id=4094,https://paavay.aalam.cloud/aalam/stock/item/4094/image/_/face-img,Paavay,,,XS,Apparel & Accessories > Clothing > Dresses,1344.0 INR,2240.0 INR
MAXI3579,Blush Fit and Flare Georgette Maxi,Blush Fit and Flare Georgette Maxi,out of stock,new,https://paavay.aalam.cloud/store/item/Blush+Fit+and+Flare+Georgette+Maxi?id=4095,https://paavay.aalam.cloud/aalam/stock/item/4095/image/_/face-img,Paavay,,,S,Apparel & Accessories > Clothing > Dresses,1344.0 INR,2240.0 INR
MAXI3580,Blush Fit and Flare Georgette Maxi,Blush Fit and Flare Georgette Maxi,out of stock,new,https://paavay.aalam.cloud/store/item/Blush+Fit+and+Flare+Georgette+Maxi?id=4096,https://paavay.aalam.cloud/aalam/stock/item/4096/image/_/face-img,Paavay,,,M,Apparel & Accessories > Clothing > Dresses,1344.0 INR,2240.0 INR
MAXI3581,Blush Fit and Flare Georgette Maxi,Blush Fit and Flare Georgette Maxi,out of stock,new,https://paavay.aalam.cloud/store/item/Blush+Fit+and+Flare+Georgette+Maxi?id=4097,https://paavay.aalam.cloud/aalam/stock/item/4097/image/_/face-img,Paavay,,,L,Apparel & Accessories > Clothing > Dresses,1344.0 INR,2240.0 INR
MAXI3582,Blush Fit and Flare Georgette Maxi,Blush Fit and Flare Georgette Maxi,out of stock,new,https://paavay.aalam.cloud/store/item/Blush+Fit+and+Flare+Georgette+Maxi?id=4098,https://paavay.aalam.cloud/aalam/stock/item/4098/image/_/face-img,Paavay,,,XL,Apparel & Accessories > Clothing > Dresses,1344.0 INR,2240.0 INR
MAXI3583,Blush Fit and Flare Georgette Maxi,Blush Fit and Flare Georgette Maxi,out of stock,new,https://paavay.aalam.cloud/store/item/Blush+Fit+and+Flare+Georgette+Maxi?id=4099,https://paavay.aalam.cloud/aalam/stock/item/4099/image/_/face-img,Paavay,,,XXL,Apparel & Accessories > Clothing > Dresses,1344.0 INR,2240.0 INR
MAXI3584,Blush Fit and Flare Georgette Maxi,Blush Fit and Flare Georgette Maxi,out of stock,new,https://paavay.aalam.cloud/store/item/Blush+Fit+and+Flare+Georgette+Maxi?id=4100,https://paavay.aalam.cloud/aalam/stock/item/4100/image/_/face-img,Paavay,,,XXXL,Apparel & Accessories > Clothing > Dresses,1344.0 INR,2240.0 INR
MAXI3585,Verdant Flared Georgette Maxi,Verdant Flared Georgette Maxi,out of stock,new,https://paavay.aalam.cloud/store/item/Verdant+Flared+Georgette+Maxi?id=4166,https://paavay.aalam.cloud/aalam/stock/item/4166/image/_/face-img,Paavay,,,XS,Apparel & Accessories > Clothing > Dresses,1344.0 INR,2240.0 INR
MAXI3586,Verdant Flared Georgette Maxi,Verdant Flared Georgette Maxi,out of stock,new,https://paavay.aalam.cloud/store/item/Verdant+Flared+Georgette+Maxi?id=4167,https://paavay.aalam.cloud/aalam/stock/item/4167/image/_/face-img,Paavay,,,S,Apparel & Accessories > Clothing > Dresses,1344.0 INR,2240.0 INR
MAXI3587,Verdant Flared Georgette Maxi,Verdant Flared Georgette Maxi,out of stock,new,https://paavay.aalam.cloud/store/item/Verdant+Flared+Georgette+Maxi?id=4168,https://paavay.aalam.cloud/aalam/stock/item/4168/image/_/face-img,Paavay,,,M,Apparel & Accessories > Clothing > Dresses,1344.0 INR,2240.0 INR
MAXI3588,Verdant Flared Georgette Maxi,Verdant Flared Georgette Maxi,out of stock,new,https://paavay.aalam.cloud/store/item/Verdant+Flared+Georgette+Maxi?id=4169,https://paavay.aalam.cloud/aalam/stock/item/4169/image/_/face-img,Paavay,,,L,Apparel & Accessories > Clothing > Dresses,1344.0 INR,2240.0 INR
MAXI3589,Verdant Flared Georgette Maxi,Verdant Flared Georgette Maxi,out of stock,new,https://paavay.aalam.cloud/store/item/Verdant+Flared+Georgette+Maxi?id=4171,https://paavay.aalam.cloud/aalam/stock/item/4171/image/_/face-img,Paavay,,,XL,Apparel & Accessories > Clothing > Dresses,1344.0 INR,2240.0 INR
MAXI3590,Verdant Flared Georgette Maxi,Verdant Flared Georgette Maxi,out of stock,new,https://paavay.aalam.cloud/store/item/Verdant+Flared+Georgette+Maxi?id=4173,https://paavay.aalam.cloud/aalam/stock/item/4173/image/_/face-img,Paavay,,,XXL,Apparel & Accessories > Clothing > Dresses,1344.0 INR,2240.0 INR
MAXI3591,Verdant Flared Georgette Maxi,Verdant Flared Georgette Maxi,out of stock,new,https://paavay.aalam.cloud/store/item/Verdant+Flared+Georgette+Maxi?id=4174,https://paavay.aalam.cloud/aalam/stock/item/4174/image/_/face-img,Paavay,,,XXXL,Apparel & Accessories > Clothing > Dresses,1344.0 INR,2240.0 INR
MAXI3592,Pastel Pink Floral Chiffon Maxi,Pastel Pink Floral Chiffon Maxi,out of stock,new,https://paavay.aalam.cloud/store/item/Pastel+Pink+Floral+Chiffon+Maxi?id=4183,https://paavay.aalam.cloud/aalam/stock/item/4183/image/_/face-img,Paavay,,,XS,Apparel & Accessories > Clothing > Dresses,1134.0 INR,1890.0 INR
MAXI3593,Pastel Pink Floral Chiffon Maxi,Pastel Pink Floral Chiffon Maxi,out of stock,new,https://paavay.aalam.cloud/store/item/Pastel+Pink+Floral+Chiffon+Maxi?id=4184,https://paavay.aalam.cloud/aalam/stock/item/4184/image/_/face-img,Paavay,,,S,Apparel & Accessories > Clothing > Dresses,1134.0 INR,1890.0 INR
MAXI3594,Pastel Pink Floral Chiffon Maxi,Pastel Pink Floral Chiffon Maxi,out of stock,new,https://paavay.aalam.cloud/store/item/Pastel+Pink+Floral+Chiffon+Maxi?id=4185,https://paavay.aalam.cloud/aalam/stock/item/4185/image/_/face-img,Paavay,,,M,Apparel & Accessories > Clothing > Dresses,1134.0 INR,1890.0 INR
MAXI3595,Pastel Pink Floral Chiffon Maxi,Pastel Pink Floral Chiffon Maxi,out of stock,new,https://paavay.aalam.cloud/store/item/Pastel+Pink+Floral+Chiffon+Maxi?id=4186,https://paavay.aalam.cloud/aalam/stock/item/4186/image/_/face-img,Paavay,,,L,Apparel & Accessories > Clothing > Dresses,1134.0 INR,1890.0 INR
MAXI3596,Pastel Pink Floral Chiffon Maxi,Pastel Pink Floral Chiffon Maxi,out of stock,new,https://paavay.aalam.cloud/store/item/Pastel+Pink+Floral+Chiffon+Maxi?id=4187,https://paavay.aalam.cloud/aalam/stock/item/4187/image/_/face-img,Paavay,,,XL,Apparel & Accessories > Clothing > Dresses,1134.0 INR,1890.0 INR
MAXI3597,Pastel Pink Floral Chiffon Maxi,Pastel Pink Floral Chiffon Maxi,out of stock,new,https://paavay.aalam.cloud/store/item/Pastel+Pink+Floral+Chiffon+Maxi?id=4188,https://paavay.aalam.cloud/aalam/stock/item/4188/image/_/face-img,Paavay,,,XXL,Apparel & Accessories > Clothing > Dresses,1134.0 INR,1890.0 INR
MAXI3598,Pastel Pink Floral Chiffon Maxi,Pastel Pink Floral Chiffon Maxi,out of stock,new,https://paavay.aalam.cloud/store/item/Pastel+Pink+Floral+Chiffon+Maxi?id=4189,https://paavay.aalam.cloud/aalam/stock/item/4189/image/_/face-img,Paavay,,,XXXL,Apparel & Accessories > Clothing > Dresses,1134.0 INR,1890.0 INR
MAXI3599,Mandarin Georgette Maxi,Mandarin Georgette Maxi,out of stock,new,https://paavay.aalam.cloud/store/item/Mandarin+Georgette+Maxi?id=4191,https://paavay.aalam.cloud/aalam/stock/item/4191/image/_/face-img,Paavay,ORANGE,Chiffon,XS,Apparel & Accessories > Clothing > Dresses,1116.0 INR,1860.0 INR
MAXI3600,Mandarin Georgette Maxi,Mandarin Georgette Maxi,out of stock,new,https://paavay.aalam.cloud/store/item/Mandarin+Georgette+Maxi?id=4194,https://paavay.aalam.cloud/aalam/stock/item/4194/image/_/face-img,Paavay,ORANGE,Chiffon,S,Apparel & Accessories > Clothing > Dresses,1116.0 INR,1860.0 INR
MAXI3601,Mandarin Georgette Maxi,Mandarin Georgette Maxi,out of stock,new,https://paavay.aalam.cloud/store/item/Mandarin+Georgette+Maxi?id=4195,https://paavay.aalam.cloud/aalam/stock/item/4195/image/_/face-img,Paavay,ORANGE,Chiffon,M,Apparel & Accessories > Clothing > Dresses,1116.0 INR,1860.0 INR
MAXI3602,Mandarin Georgette Maxi,Mandarin Georgette Maxi,out of stock,new,https://paavay.aalam.cloud/store/item/Mandarin+Georgette+Maxi?id=4196,https://paavay.aalam.cloud/aalam/stock/item/4196/image/_/face-img,Paavay,ORANGE,Chiffon,L,Apparel & Accessories > Clothing > Dresses,1116.0 INR,1860.0 INR
MAXI3603,Mandarin Georgette Maxi,Mandarin Georgette Maxi,out of stock,new,https://paavay.aalam.cloud/store/item/Mandarin+Georgette+Maxi?id=4198,https://paavay.aalam.cloud/aalam/stock/item/4198/image/_/face-img,Paavay,ORANGE,Chiffon,XL,Apparel & Accessories > Clothing > Dresses,1116.0 INR,1860.0 INR
MAXI3604,Mandarin Georgette Maxi,Mandarin Georgette Maxi,out of stock,new,https://paavay.aalam.cloud/store/item/Mandarin+Georgette+Maxi?id=4199,https://paavay.aalam.cloud/aalam/stock/item/4199/image/_/face-img,Paavay,ORANGE,Chiffon,XXL,Apparel & Accessories > Clothing > Dresses,1116.0 INR,1860.0 INR
MAXI3605,Mandarin Georgette Maxi,Mandarin Georgette Maxi,out of stock,new,https://paavay.aalam.cloud/store/item/Mandarin+Georgette+Maxi?id=4200,https://paavay.aalam.cloud/aalam/stock/item/4200/image/_/face-img,Paavay,ORANGE,Chiffon,XXXL,Apparel & Accessories > Clothing > Dresses,1116.0 INR,1860.0 INR
MIDI3606,Floral Sunshine Chiffon Midi,Floral Sunshine Chiffon Midi,out of stock,new,https://paavay.aalam.cloud/store/item/Floral+Sunshine+Chiffon+Midi?id=4202,https://paavay.aalam.cloud/aalam/stock/item/4202/image/_/face-img,Paavay,PURPLE,Chiffon,XS,Apparel & Accessories > Clothing > Dresses,1586.0 INR,2440.0 INR
MIDI3607,Floral Sunshine Chiffon Midi,Floral Sunshine Chiffon Midi,out of stock,new,https://paavay.aalam.cloud/store/item/Floral+Sunshine+Chiffon+Midi?id=4204,https://paavay.aalam.cloud/aalam/stock/item/4204/image/_/face-img,Paavay,PURPLE,Chiffon,S,Apparel & Accessories > Clothing > Dresses,1586.0 INR,2440.0 INR
MIDI3608,Floral Sunshine Chiffon Midi,Floral Sunshine Chiffon Midi,out of stock,new,https://paavay.aalam.cloud/store/item/Floral+Sunshine+Chiffon+Midi?id=4206,https://paavay.aalam.cloud/aalam/stock/item/4206/image/_/face-img,Paavay,PURPLE,Chiffon,M,Apparel & Accessories > Clothing > Dresses,1586.0 INR,2440.0 INR
MIDI3609,Floral Sunshine Chiffon Midi,Floral Sunshine Chiffon Midi,out of stock,new,https://paavay.aalam.cloud/store/item/Floral+Sunshine+Chiffon+Midi?id=4207,https://paavay.aalam.cloud/aalam/stock/item/4207/image/_/face-img,Paavay,PURPLE,Chiffon,L,Apparel & Accessories > Clothing > Dresses,1586.0 INR,2440.0 INR
MIDI2610,Floral Sunshine Chiffon Midi,Floral Sunshine Chiffon Midi,out of stock,new,https://paavay.aalam.cloud/store/item/Floral+Sunshine+Chiffon+Midi?id=4208,https://paavay.aalam.cloud/aalam/stock/item/4208/image/_/face-img,Paavay,PURPLE,Chiffon,XL,Apparel & Accessories > Clothing > Dresses,1586.0 INR,2440.0 INR
MIDI3611,Floral Sunshine Chiffon Midi,Floral Sunshine Chiffon Midi,out of stock,new,https://paavay.aalam.cloud/store/item/Floral+Sunshine+Chiffon+Midi?id=4210,https://paavay.aalam.cloud/aalam/stock/item/4210/image/_/face-img,Paavay,PURPLE,Chiffon,XXL,Apparel & Accessories > Clothing > Dresses,1586.0 INR,2440.0 INR
MIDI3612,Floral Sunshine Chiffon Midi,Floral Sunshine Chiffon Midi,out of stock,new,https://paavay.aalam.cloud/store/item/Floral+Sunshine+Chiffon+Midi?id=4211,https://paavay.aalam.cloud/aalam/stock/item/4211/image/_/face-img,Paavay,PURPLE,Chiffon,XXXL,Apparel & Accessories > Clothing > Dresses,1586.0 INR,2440.0 INR
MIDI3613,Hemicycle Hakoba Midi,Hemicycle Hakoba Midi,out of stock,new,https://paavay.aalam.cloud/store/item/Hemicycle+Hakoba+Midi?id=4213,https://paavay.aalam.cloud/aalam/stock/item/4213/image/_/face-img,Paavay,,Cotton,XS,Apparel & Accessories > Clothing > Dresses,970.0 INR,1940.0 INR
MIDI3614,Hemicycle Hakoba Midi,Hemicycle Hakoba Midi,out of stock,new,https://paavay.aalam.cloud/store/item/Hemicycle+Hakoba+Midi?id=4214,https://paavay.aalam.cloud/aalam/stock/item/4214/image/_/face-img,Paavay,,Cotton,S,Apparel & Accessories > Clothing > Dresses,970.0 INR,1940.0 INR
MIDI3615,Hemicycle Hakoba Midi,Hemicycle Hakoba Midi,out of stock,new,https://paavay.aalam.cloud/store/item/Hemicycle+Hakoba+Midi?id=4215,https://paavay.aalam.cloud/aalam/stock/item/4215/image/_/face-img,Paavay,,Cotton,M,Apparel & Accessories > Clothing > Dresses,970.0 INR,1940.0 INR
MIDI3616,Hemicycle Hakoba Midi,Hemicycle Hakoba Midi,out of stock,new,https://paavay.aalam.cloud/store/item/Hemicycle+Hakoba+Midi?id=4216,https://paavay.aalam.cloud/aalam/stock/item/4216/image/_/face-img,Paavay,,Cotton,L,Apparel & Accessories > Clothing > Dresses,970.0 INR,1940.0 INR
MIDI3617,Hemicycle Hakoba Midi,Hemicycle Hakoba Midi,out of stock,new,https://paavay.aalam.cloud/store/item/Hemicycle+Hakoba+Midi?id=4217,https://paavay.aalam.cloud/aalam/stock/item/4217/image/_/face-img,Paavay,,Cotton,XL,Apparel & Accessories > Clothing > Dresses,970.0 INR,1940.0 INR
MIDI3618,Hemicycle Hakoba Midi,Hemicycle Hakoba Midi,out of stock,new,https://paavay.aalam.cloud/store/item/Hemicycle+Hakoba+Midi?id=4218,https://paavay.aalam.cloud/aalam/stock/item/4218/image/_/face-img,Paavay,,Cotton,XXL,Apparel & Accessories > Clothing > Dresses,970.0 INR,1940.0 INR
MIDI3619,Hemicycle Hakoba Midi,Hemicycle Hakoba Midi,out of stock,new,https://paavay.aalam.cloud/store/item/Hemicycle+Hakoba+Midi?id=4219,https://paavay.aalam.cloud/aalam/stock/item/4219/image/_/face-img,Paavay,,Cotton,XXXL,Apparel & Accessories > Clothing > Dresses,970.0 INR,1940.0 INR
MAXI3620,Magenta Floral Chiffon Maxi,Magenta Floral Chiffon Maxi,out of stock,new,https://paavay.aalam.cloud/store/item/Magenta+Floral+Chiffon+Maxi?id=4221,https://paavay.aalam.cloud/aalam/stock/item/4221/image/_/face-img,Paavay,PURPLE,Chiffon,XS,Apparel & Accessories > Clothing > Dresses,,2440.0 INR
MAXI3621,Magenta Floral Chiffon Maxi,Magenta Floral Chiffon Maxi,out of stock,new,https://paavay.aalam.cloud/store/item/Magenta+Floral+Chiffon+Maxi?id=4222,https://paavay.aalam.cloud/aalam/stock/item/4222/image/_/face-img,Paavay,PURPLE,Chiffon,S,Apparel & Accessories > Clothing > Dresses,,2440.0 INR
MAXI3622,Magenta Floral Chiffon Maxi,Magenta Floral Chiffon Maxi,out of stock,new,https://paavay.aalam.cloud/store/item/Magenta+Floral+Chiffon+Maxi?id=4223,https://paavay.aalam.cloud/aalam/stock/item/4223/image/_/face-img,Paavay,PURPLE,Chiffon,M,Apparel & Accessories > Clothing > Dresses,,2440.0 INR
MAXI3623,Magenta Floral Chiffon Maxi,Magenta Floral Chiffon Maxi,out of stock,new,https://paavay.aalam.cloud/store/item/Magenta+Floral+Chiffon+Maxi?id=4224,https://paavay.aalam.cloud/aalam/stock/item/4224/image/_/face-img,Paavay,PURPLE,Chiffon,L,Apparel & Accessories > Clothing > Dresses,,2440.0 INR
MAXI3624,Magenta Floral Chiffon Maxi,Magenta Floral Chiffon Maxi,out of stock,new,https://paavay.aalam.cloud/store/item/Magenta+Floral+Chiffon+Maxi?id=4225,https://paavay.aalam.cloud/aalam/stock/item/4225/image/_/face-img,Paavay,PURPLE,Chiffon,XL,Apparel & Accessories > Clothing > Dresses,,2440.0 INR
MAXI3625,Magenta Floral Chiffon Maxi,Magenta Floral Chiffon Maxi,out of stock,new,https://paavay.aalam.cloud/store/item/Magenta+Floral+Chiffon+Maxi?id=4226,https://paavay.aalam.cloud/aalam/stock/item/4226/image/_/face-img,Paavay,PURPLE,Chiffon,XXL,Apparel & Accessories > Clothing > Dresses,,2440.0 INR
MAXI3626,Magenta Floral Chiffon Maxi,Magenta Floral Chiffon Maxi,out of stock,new,https://paavay.aalam.cloud/store/item/Magenta+Floral+Chiffon+Maxi?id=4227,https://paavay.aalam.cloud/aalam/stock/item/4227/image/_/face-img,Paavay,PURPLE,Chiffon,XXXL,Apparel & Accessories > Clothing > Dresses,,2440.0 INR
MAXI3641,Floral  Orange Leaf Pleated Midi,Floral  Orange Leaf Pleated Midi,out of stock,new,https://paavay.aalam.cloud/store/item/Floral++Orange+Leaf+Pleated+Midi?id=4246,https://paavay.aalam.cloud/aalam/stock/item/4246/image/_/face-img,Paavay,ORANGE,Cotton,XS,Apparel & Accessories > Clothing > Dresses,1470.0 INR,1960.0 INR
MAXI3642,Floral  Orange Leaf Pleated Midi,Floral  Orange Leaf Pleated Midi,out of stock,new,https://paavay.aalam.cloud/store/item/Floral++Orange+Leaf+Pleated+Midi?id=4247,https://paavay.aalam.cloud/aalam/stock/item/4247/image/_/face-img,Paavay,ORANGE,Cotton,S,Apparel & Accessories > Clothing > Dresses,1470.0 INR,1960.0 INR
MAXI3643,Floral  Orange Leaf Pleated Midi,Floral  Orange Leaf Pleated Midi,out of stock,new,https://paavay.aalam.cloud/store/item/Floral++Orange+Leaf+Pleated+Midi?id=4248,https://paavay.aalam.cloud/aalam/stock/item/4248/image/_/face-img,Paavay,ORANGE,Cotton,M,Apparel & Accessories > Clothing > Dresses,1470.0 INR,1960.0 INR
MAXI3644,Floral  Orange Leaf Pleated Midi,Floral  Orange Leaf Pleated Midi,out of stock,new,https://paavay.aalam.cloud/store/item/Floral++Orange+Leaf+Pleated+Midi?id=4249,https://paavay.aalam.cloud/aalam/stock/item/4249/image/_/face-img,Paavay,ORANGE,Cotton,L,Apparel & Accessories > Clothing > Dresses,1470.0 INR,1960.0 INR
MAXI3645,Floral  Orange Leaf Pleated Midi,Floral  Orange Leaf Pleated Midi,out of stock,new,https://paavay.aalam.cloud/store/item/Floral++Orange+Leaf+Pleated+Midi?id=4250,https://paavay.aalam.cloud/aalam/stock/item/4250/image/_/face-img,Paavay,ORANGE,Cotton,XL,Apparel & Accessories > Clothing > Dresses,1470.0 INR,1960.0 INR
MAXI3646,Floral  Orange Leaf Pleated Midi,Floral  Orange Leaf Pleated Midi,out of stock,new,https://paavay.aalam.cloud/store/item/Floral++Orange+Leaf+Pleated+Midi?id=4251,https://paavay.aalam.cloud/aalam/stock/item/4251/image/_/face-img,Paavay,ORANGE,Cotton,XXL,Apparel & Accessories > Clothing > Dresses,1470.0 INR,1960.0 INR
MAXI3647,Floral  Orange Leaf Pleated Midi,Floral  Orange Leaf Pleated Midi,out of stock,new,https://paavay.aalam.cloud/store/item/Floral++Orange+Leaf+Pleated+Midi?id=4252,https://paavay.aalam.cloud/aalam/stock/item/4252/image/_/face-img,Paavay,ORANGE,Cotton,XXXL,Apparel & Accessories > Clothing > Dresses,1470.0 INR,1960.0 INR
MIDI3648,Smiling Nut Pleated Georgette Midi,Smiling Nut Pleated Georgette Midi,out of stock,new,https://paavay.aalam.cloud/store/item/Smiling+Nut+Pleated+Georgette+Midi?id=4254,https://paavay.aalam.cloud/aalam/stock/item/4254/image/_/face-img,Paavay,,,XS,Apparel & Accessories > Clothing > Dresses,1368.0 INR,2280.0 INR
MIDI3649,Smiling Nut Pleated Georgette Midi,Smiling Nut Pleated Georgette Midi,out of stock,new,https://paavay.aalam.cloud/store/item/Smiling+Nut+Pleated+Georgette+Midi?id=4255,https://paavay.aalam.cloud/aalam/stock/item/4255/image/_/face-img,Paavay,,,S,Apparel & Accessories > Clothing > Dresses,1368.0 INR,2280.0 INR
MIDI3650,Smiling Nut Pleated Georgette Midi,Smiling Nut Pleated Georgette Midi,out of stock,new,https://paavay.aalam.cloud/store/item/Smiling+Nut+Pleated+Georgette+Midi?id=4256,https://paavay.aalam.cloud/aalam/stock/item/4256/image/_/face-img,Paavay,,,M,Apparel & Accessories > Clothing > Dresses,1368.0 INR,2280.0 INR
MIDI3651,Smiling Nut Pleated Georgette Midi,Smiling Nut Pleated Georgette Midi,out of stock,new,https://paavay.aalam.cloud/store/item/Smiling+Nut+Pleated+Georgette+Midi?id=4257,https://paavay.aalam.cloud/aalam/stock/item/4257/image/_/face-img,Paavay,,,L,Apparel & Accessories > Clothing > Dresses,1368.0 INR,2280.0 INR
MIDI3652,Smiling Nut Pleated Georgette Midi,Smiling Nut Pleated Georgette Midi,out of stock,new,https://paavay.aalam.cloud/store/item/Smiling+Nut+Pleated+Georgette+Midi?id=4258,https://paavay.aalam.cloud/aalam/stock/item/4258/image/_/face-img,Paavay,,,XL,Apparel & Accessories > Clothing > Dresses,1368.0 INR,2280.0 INR
MIDI3653,Smiling Nut Pleated Georgette Midi,Smiling Nut Pleated Georgette Midi,out of stock,new,https://paavay.aalam.cloud/store/item/Smiling+Nut+Pleated+Georgette+Midi?id=4259,https://paavay.aalam.cloud/aalam/stock/item/4259/image/_/face-img,Paavay,,,XXL,Apparel & Accessories > Clothing > Dresses,1368.0 INR,2280.0 INR
MIDI3654,Smiling Nut Pleated Georgette Midi,Smiling Nut Pleated Georgette Midi,out of stock,new,https://paavay.aalam.cloud/store/item/Smiling+Nut+Pleated+Georgette+Midi?id=4260,https://paavay.aalam.cloud/aalam/stock/item/4260/image/_/face-img,Paavay,,,XXXL,Apparel & Accessories > Clothing > Dresses,1368.0 INR,2280.0 INR
MAXI3655,Jasmine Floral Georgette Maxi,Jasmine Floral Georgette Maxi,out of stock,new,https://paavay.aalam.cloud/store/item/Jasmine+Floral+Georgette+Maxi?id=4262,https://paavay.aalam.cloud/aalam/stock/item/4262/image/_/face-img,Paavay,ORANGE,Chiffon,XS,Apparel & Accessories > Clothing > Dresses,1209.0 INR,1860.0 INR
MAXI3656,Jasmine Floral Georgette Maxi,Jasmine Floral Georgette Maxi,out of stock,new,https://paavay.aalam.cloud/store/item/Jasmine+Floral+Georgette+Maxi?id=4263,https://paavay.aalam.cloud/aalam/stock/item/4263/image/_/face-img,Paavay,ORANGE,Chiffon,S,Apparel & Accessories > Clothing > Dresses,1209.0 INR,1860.0 INR
MAXI3657,Jasmine Floral Georgette Maxi,Jasmine Floral Georgette Maxi,out of stock,new,https://paavay.aalam.cloud/store/item/Jasmine+Floral+Georgette+Maxi?id=4264,https://paavay.aalam.cloud/aalam/stock/item/4264/image/_/face-img,Paavay,ORANGE,Chiffon,M,Apparel & Accessories > Clothing > Dresses,1209.0 INR,1860.0 INR
MAXI3658,Jasmine Floral Georgette Maxi,Jasmine Floral Georgette Maxi,out of stock,new,https://paavay.aalam.cloud/store/item/Jasmine+Floral+Georgette+Maxi?id=4265,https://paavay.aalam.cloud/aalam/stock/item/4265/image/_/face-img,Paavay,ORANGE,Chiffon,L,Apparel & Accessories > Clothing > Dresses,1209.0 INR,1860.0 INR
MAXI3659,Jasmine Floral Georgette Maxi,Jasmine Floral Georgette Maxi,out of stock,new,https://paavay.aalam.cloud/store/item/Jasmine+Floral+Georgette+Maxi?id=4266,https://paavay.aalam.cloud/aalam/stock/item/4266/image/_/face-img,Paavay,ORANGE,Chiffon,XL,Apparel & Accessories > Clothing > Dresses,1209.0 INR,1860.0 INR
MAXI3660,Jasmine Floral Georgette Maxi,Jasmine Floral Georgette Maxi,out of stock,new,https://paavay.aalam.cloud/store/item/Jasmine+Floral+Georgette+Maxi?id=4268,https://paavay.aalam.cloud/aalam/stock/item/4268/image/_/face-img,Paavay,ORANGE,Chiffon,XXL,Apparel & Accessories > Clothing > Dresses,1209.0 INR,1860.0 INR
MAXI3661,Jasmine Floral Georgette Maxi,Jasmine Floral Georgette Maxi,out of stock,new,https://paavay.aalam.cloud/store/item/Jasmine+Floral+Georgette+Maxi?id=4269,https://paavay.aalam.cloud/aalam/stock/item/4269/image/_/face-img,Paavay,ORANGE,Chiffon,XXXL,Apparel & Accessories > Clothing > Dresses,1209.0 INR,1860.0 INR
MAXI3662,Cloud Stone Chiffon Maxi,Cloud Stone Chiffon Maxi,out of stock,new,https://paavay.aalam.cloud/store/item/Cloud+Stone+Chiffon+Maxi?id=4271,https://paavay.aalam.cloud/aalam/stock/item/4271/image/_/face-img,Paavay,,,XS,Apparel & Accessories > Clothing > Dresses,1134.0 INR,1890.0 INR
MAXI3663,Cloud Stone Chiffon Maxi,Cloud Stone Chiffon Maxi,out of stock,new,https://paavay.aalam.cloud/store/item/Cloud+Stone+Chiffon+Maxi?id=4272,https://paavay.aalam.cloud/aalam/stock/item/4272/image/_/face-img,Paavay,,,S,Apparel & Accessories > Clothing > Dresses,1134.0 INR,1890.0 INR
MAXI3664,Cloud Stone Chiffon Maxi,Cloud Stone Chiffon Maxi,out of stock,new,https://paavay.aalam.cloud/store/item/Cloud+Stone+Chiffon+Maxi?id=4273,https://paavay.aalam.cloud/aalam/stock/item/4273/image/_/face-img,Paavay,,,M,Apparel & Accessories > Clothing > Dresses,1134.0 INR,1890.0 INR
MAXI3665,Cloud Stone Chiffon Maxi,Cloud Stone Chiffon Maxi,out of stock,new,https://paavay.aalam.cloud/store/item/Cloud+Stone+Chiffon+Maxi?id=4274,https://paavay.aalam.cloud/aalam/stock/item/4274/image/_/face-img,Paavay,,,L,Apparel & Accessories > Clothing > Dresses,1134.0 INR,1890.0 INR
MAXI3666,Cloud Stone Chiffon Maxi,Cloud Stone Chiffon Maxi,out of stock,new,https://paavay.aalam.cloud/store/item/Cloud+Stone+Chiffon+Maxi?id=4275,https://paavay.aalam.cloud/aalam/stock/item/4275/image/_/face-img,Paavay,,,XL,Apparel & Accessories > Clothing > Dresses,1134.0 INR,1890.0 INR
MAXI3667,Cloud Stone Chiffon Maxi,Cloud Stone Chiffon Maxi,out of stock,new,https://paavay.aalam.cloud/store/item/Cloud+Stone+Chiffon+Maxi?id=4276,https://paavay.aalam.cloud/aalam/stock/item/4276/image/_/face-img,Paavay,,,XXL,Apparel & Accessories > Clothing > Dresses,1134.0 INR,1890.0 INR
MAXI3668,Cloud Stone Chiffon Maxi,Cloud Stone Chiffon Maxi,out of stock,new,https://paavay.aalam.cloud/store/item/Cloud+Stone+Chiffon+Maxi?id=4277,https://paavay.aalam.cloud/aalam/stock/item/4277/image/_/face-img,Paavay,,,XXXL,Apparel & Accessories > Clothing > Dresses,1134.0 INR,1890.0 INR
MIDI3669,Icy Bloom Chiffon Midi,Icy Bloom Chiffon Midi,out of stock,new,https://paavay.aalam.cloud/store/item/Icy+Bloom+Chiffon+Midi?id=4279,https://paavay.aalam.cloud/aalam/stock/item/4279/image/_/face-img,Paavay,,,XS,Apparel & Accessories > Clothing > Dresses,,1895.0 INR
MIDI3670,Icy Bloom Chiffon Midi,Icy Bloom Chiffon Midi,out of stock,new,https://paavay.aalam.cloud/store/item/Icy+Bloom+Chiffon+Midi?id=4280,https://paavay.aalam.cloud/aalam/stock/item/4280/image/_/face-img,Paavay,,,S,Apparel & Accessories > Clothing > Dresses,,1895.0 INR
MIDI3671,Icy Bloom Chiffon Midi,Icy Bloom Chiffon Midi,out of stock,new,https://paavay.aalam.cloud/store/item/Icy+Bloom+Chiffon+Midi?id=4281,https://paavay.aalam.cloud/aalam/stock/item/4281/image/_/face-img,Paavay,,,M,Apparel & Accessories > Clothing > Dresses,,1895.0 INR
MIDI3672,Icy Bloom Chiffon Midi,Icy Bloom Chiffon Midi,out of stock,new,https://paavay.aalam.cloud/store/item/Icy+Bloom+Chiffon+Midi?id=4282,https://paavay.aalam.cloud/aalam/stock/item/4282/image/_/face-img,Paavay,,,L,Apparel & Accessories > Clothing > Dresses,,1895.0 INR
MIDI3673,Icy Bloom Chiffon Midi,Icy Bloom Chiffon Midi,out of stock,new,https://paavay.aalam.cloud/store/item/Icy+Bloom+Chiffon+Midi?id=4283,https://paavay.aalam.cloud/aalam/stock/item/4283/image/_/face-img,Paavay,,,XL,Apparel & Accessories > Clothing > Dresses,,1895.0 INR
MIDI3674,Icy Bloom Chiffon Midi,Icy Bloom Chiffon Midi,out of stock,new,https://paavay.aalam.cloud/store/item/Icy+Bloom+Chiffon+Midi?id=4284,https://paavay.aalam.cloud/aalam/stock/item/4284/image/_/face-img,Paavay,,,XXL,Apparel & Accessories > Clothing > Dresses,,1895.0 INR
MIDI3675,Icy Bloom Chiffon Midi,Icy Bloom Chiffon Midi,out of stock,new,https://paavay.aalam.cloud/store/item/Icy+Bloom+Chiffon+Midi?id=4285,https://paavay.aalam.cloud/aalam/stock/item/4285/image/_/face-img,Paavay,,,XXXL,Apparel & Accessories > Clothing > Dresses,,1895.0 INR
MIDI3676,Rosy Radiance Georgette Midi,Rosy Radiance Georgette Midi,out of stock,new,https://paavay.aalam.cloud/store/item/Rosy+Radiance+Georgette+Midi?id=4287,https://paavay.aalam.cloud/aalam/stock/item/4287/image/_/face-img,Paavay,PINK,Chiffon,XS,Apparel & Accessories > Clothing > Dresses,920.0 INR,1840.0 INR
MIDI3677,Rosy Radiance Georgette Midi,Rosy Radiance Georgette Midi,out of stock,new,https://paavay.aalam.cloud/store/item/Rosy+Radiance+Georgette+Midi?id=4288,https://paavay.aalam.cloud/aalam/stock/item/4288/image/_/face-img,Paavay,PINK,Chiffon,S,Apparel & Accessories > Clothing > Dresses,920.0 INR,1840.0 INR
MIDI3678,Rosy Radiance Georgette Midi,Rosy Radiance Georgette Midi,out of stock,new,https://paavay.aalam.cloud/store/item/Rosy+Radiance+Georgette+Midi?id=4289,https://paavay.aalam.cloud/aalam/stock/item/4289/image/_/face-img,Paavay,PINK,Chiffon,M,Apparel & Accessories > Clothing > Dresses,920.0 INR,1840.0 INR
MIDI3679,Rosy Radiance Georgette Midi,Rosy Radiance Georgette Midi,out of stock,new,https://paavay.aalam.cloud/store/item/Rosy+Radiance+Georgette+Midi?id=4290,https://paavay.aalam.cloud/aalam/stock/item/4290/image/_/face-img,Paavay,PINK,Chiffon,L,Apparel & Accessories > Clothing > Dresses,920.0 INR,1840.0 INR
MIDI3680,Rosy Radiance Georgette Midi,Rosy Radiance Georgette Midi,out of stock,new,https://paavay.aalam.cloud/store/item/Rosy+Radiance+Georgette+Midi?id=4291,https://paavay.aalam.cloud/aalam/stock/item/4291/image/_/face-img,Paavay,PINK,Chiffon,XL,Apparel & Accessories > Clothing > Dresses,920.0 INR,1840.0 INR
MIDI3681,Rosy Radiance Georgette Midi,Rosy Radiance Georgette Midi,out of stock,new,https://paavay.aalam.cloud/store/item/Rosy+Radiance+Georgette+Midi?id=4292,https://paavay.aalam.cloud/aalam/stock/item/4292/image/_/face-img,Paavay,PINK,Chiffon,XXL,Apparel & Accessories > Clothing > Dresses,920.0 INR,1840.0 INR
MIDI3682,Rosy Radiance Georgette Midi,Rosy Radiance Georgette Midi,out of stock,new,https://paavay.aalam.cloud/store/item/Rosy+Radiance+Georgette+Midi?id=4293,https://paavay.aalam.cloud/aalam/stock/item/4293/image/_/face-img,Paavay,PINK,Chiffon,XXXL,Apparel & Accessories > Clothing > Dresses,920.0 INR,1840.0 INR
MIDI3683,Melon Magic Georgette Maxi,Melon Magic Georgette Maxi,out of stock,new,https://paavay.aalam.cloud/store/item/Melon+Magic+Georgette+Maxi?id=4309,https://paavay.aalam.cloud/aalam/stock/item/4309/image/_/face-img,Paavay,ORANGE,Chiffon,XS,Apparel & Accessories > Clothing > Dresses,990.0 INR,1980.0 INR
MIDI3684,Melon Magic Georgette Maxi,Melon Magic Georgette Maxi,in stock,new,https://paavay.aalam.cloud/store/item/Melon+Magic+Georgette+Maxi?id=4310,https://paavay.aalam.cloud/aalam/stock/item/4310/image/_/face-img,Paavay,ORANGE,Chiffon,S,Apparel & Accessories > Clothing > Dresses,990.0 INR,1980.0 INR
MIDI3685,Melon Magic Georgette Maxi,Melon Magic Georgette Maxi,in stock,new,https://paavay.aalam.cloud/store/item/Melon+Magic+Georgette+Maxi?id=4311,https://paavay.aalam.cloud/aalam/stock/item/4311/image/_/face-img,Paavay,ORANGE,Chiffon,M,Apparel & Accessories > Clothing > Dresses,990.0 INR,1980.0 INR
MIDI3686,Melon Magic Georgette Maxi,Melon Magic Georgette Maxi,out of stock,new,https://paavay.aalam.cloud/store/item/Melon+Magic+Georgette+Maxi?id=4312,https://paavay.aalam.cloud/aalam/stock/item/4312/image/_/face-img,Paavay,ORANGE,Chiffon,L,Apparel & Accessories > Clothing > Dresses,990.0 INR,1980.0 INR
MIDI3687,Melon Magic Georgette Maxi,Melon Magic Georgette Maxi,out of stock,new,https://paavay.aalam.cloud/store/item/Melon+Magic+Georgette+Maxi?id=4313,https://paavay.aalam.cloud/aalam/stock/item/4313/image/_/face-img,Paavay,ORANGE,Chiffon,XL,Apparel & Accessories > Clothing > Dresses,990.0 INR,1980.0 INR
MIDI3688,Melon Magic Georgette Maxi,Melon Magic Georgette Maxi,out of stock,new,https://paavay.aalam.cloud/store/item/Melon+Magic+Georgette+Maxi?id=4314,https://paavay.aalam.cloud/aalam/stock/item/4314/image/_/face-img,Paavay,ORANGE,Chiffon,XXL,Apparel & Accessories > Clothing > Dresses,990.0 INR,1980.0 INR
MIDI3689,Melon Magic Georgette Maxi,Melon Magic Georgette Maxi,out of stock,new,https://paavay.aalam.cloud/store/item/Melon+Magic+Georgette+Maxi?id=4315,https://paavay.aalam.cloud/aalam/stock/item/4315/image/_/face-img,Paavay,ORANGE,Chiffon,XXXL,Apparel & Accessories > Clothing > Dresses,990.0 INR,1980.0 INR
MIDI3690,Leafy Cascade Chiffon Maxi,Leafy Cascade Chiffon Maxi,out of stock,new,https://paavay.aalam.cloud/store/item/Leafy+Cascade+Chiffon+Maxi?id=4317,https://paavay.aalam.cloud/aalam/stock/item/4317/image/_/face-img,Paavay,PINK,Chiffon,XS,Apparel & Accessories > Clothing > Dresses,1140.0 INR,2280.0 INR
MIDI3691,Leafy Cascade Chiffon Maxi,Leafy Cascade Chiffon Maxi,out of stock,new,https://paavay.aalam.cloud/store/item/Leafy+Cascade+Chiffon+Maxi?id=4318,https://paavay.aalam.cloud/aalam/stock/item/4318/image/_/face-img,Paavay,PINK,Chiffon,S,Apparel & Accessories > Clothing > Dresses,1140.0 INR,2280.0 INR
MIDI3692,Leafy Cascade Chiffon Maxi,Leafy Cascade Chiffon Maxi,out of stock,new,https://paavay.aalam.cloud/store/item/Leafy+Cascade+Chiffon+Maxi?id=4319,https://paavay.aalam.cloud/aalam/stock/item/4319/image/_/face-img,Paavay,PINK,Chiffon,M,Apparel & Accessories > Clothing > Dresses,1140.0 INR,2280.0 INR
MIDI3693,Leafy Cascade Chiffon Maxi,Leafy Cascade Chiffon Maxi,out of stock,new,https://paavay.aalam.cloud/store/item/Leafy+Cascade+Chiffon+Maxi?id=4320,https://paavay.aalam.cloud/aalam/stock/item/4320/image/_/face-img,Paavay,PINK,Chiffon,L,Apparel & Accessories > Clothing > Dresses,1140.0 INR,2280.0 INR
MIDI3694,Leafy Cascade Chiffon Maxi,Leafy Cascade Chiffon Maxi,out of stock,new,https://paavay.aalam.cloud/store/item/Leafy+Cascade+Chiffon+Maxi?id=4321,https://paavay.aalam.cloud/aalam/stock/item/4321/image/_/face-img,Paavay,PINK,Chiffon,XL,Apparel & Accessories > Clothing > Dresses,1140.0 INR,2280.0 INR
MIDI3695,Leafy Cascade Chiffon Maxi,Leafy Cascade Chiffon Maxi,out of stock,new,https://paavay.aalam.cloud/store/item/Leafy+Cascade+Chiffon+Maxi?id=4322,https://paavay.aalam.cloud/aalam/stock/item/4322/image/_/face-img,Paavay,PINK,Chiffon,XXL,Apparel & Accessories > Clothing > Dresses,1140.0 INR,2280.0 INR
MIDI3696,Leafy Cascade Chiffon Maxi,Leafy Cascade Chiffon Maxi,out of stock,new,https://paavay.aalam.cloud/store/item/Leafy+Cascade+Chiffon+Maxi?id=4323,https://paavay.aalam.cloud/aalam/stock/item/4323/image/_/face-img,Paavay,PINK,Chiffon,XXXL,Apparel & Accessories > Clothing > Dresses,1140.0 INR,2280.0 INR
MAXI3697,Twilight Bloom Chiffon Maxi,Twilight Bloom Chiffon Maxi,out of stock,new,https://paavay.aalam.cloud/store/item/Twilight+Bloom+Chiffon+Maxi?id=4325,https://paavay.aalam.cloud/aalam/stock/item/4325/image/_/face-img,Paavay,PINK,Chiffon,XS,Apparel & Accessories > Clothing > Dresses,1228.5 INR,1890.0 INR
MAXI3698,Twilight Bloom Chiffon Maxi,Twilight Bloom Chiffon Maxi,out of stock,new,https://paavay.aalam.cloud/store/item/Twilight+Bloom+Chiffon+Maxi?id=4326,https://paavay.aalam.cloud/aalam/stock/item/4326/image/_/face-img,Paavay,PINK,Chiffon,S,Apparel & Accessories > Clothing > Dresses,1228.5 INR,1890.0 INR
MAXI3699,Twilight Bloom Chiffon Maxi,Twilight Bloom Chiffon Maxi,out of stock,new,https://paavay.aalam.cloud/store/item/Twilight+Bloom+Chiffon+Maxi?id=4327,https://paavay.aalam.cloud/aalam/stock/item/4327/image/_/face-img,Paavay,PINK,Chiffon,M,Apparel & Accessories > Clothing > Dresses,1228.5 INR,1890.0 INR
MAXI3700,Twilight Bloom Chiffon Maxi,Twilight Bloom Chiffon Maxi,out of stock,new,https://paavay.aalam.cloud/store/item/Twilight+Bloom+Chiffon+Maxi?id=4328,https://paavay.aalam.cloud/aalam/stock/item/4328/image/_/face-img,Paavay,PINK,Chiffon,L,Apparel & Accessories > Clothing > Dresses,1228.5 INR,1890.0 INR
MAXI3701,Twilight Bloom Chiffon Maxi,Twilight Bloom Chiffon Maxi,out of stock,new,https://paavay.aalam.cloud/store/item/Twilight+Bloom+Chiffon+Maxi?id=4329,https://paavay.aalam.cloud/aalam/stock/item/4329/image/_/face-img,Paavay,PINK,Chiffon,XL,Apparel & Accessories > Clothing > Dresses,1228.5 INR,1890.0 INR
MAXI3702,Twilight Bloom Chiffon Maxi,Twilight Bloom Chiffon Maxi,out of stock,new,https://paavay.aalam.cloud/store/item/Twilight+Bloom+Chiffon+Maxi?id=4330,https://paavay.aalam.cloud/aalam/stock/item/4330/image/_/face-img,Paavay,PINK,Chiffon,XXL,Apparel & Accessories > Clothing > Dresses,1228.5 INR,1890.0 INR
MAXI3703,Twilight Bloom Chiffon Maxi,Twilight Bloom Chiffon Maxi,out of stock,new,https://paavay.aalam.cloud/store/item/Twilight+Bloom+Chiffon+Maxi?id=4331,https://paavay.aalam.cloud/aalam/stock/item/4331/image/_/face-img,Paavay,PINK,Chiffon,XXXL,Apparel & Accessories > Clothing > Dresses,1228.5 INR,1890.0 INR
MIDI3704,Rosette Ruffle Georgette Midi,Rosette Ruffle Georgette Midi,out of stock,new,https://paavay.aalam.cloud/store/item/Rosette+Ruffle+Georgette+Midi?id=4340,https://paavay.aalam.cloud/aalam/stock/item/4340/image/_/face-img,Paavay,,,XS,Apparel & Accessories > Clothing > Dresses,1104.0 INR,1840.0 INR
MIDI3705,Rosette Ruffle Georgette Midi,Rosette Ruffle Georgette Midi,out of stock,new,https://paavay.aalam.cloud/store/item/Rosette+Ruffle+Georgette+Midi?id=4341,https://paavay.aalam.cloud/aalam/stock/item/4341/image/_/face-img,Paavay,,,S,Apparel & Accessories > Clothing > Dresses,1104.0 INR,1840.0 INR
MIDI3706,Rosette Ruffle Georgette Midi,Rosette Ruffle Georgette Midi,out of stock,new,https://paavay.aalam.cloud/store/item/Rosette+Ruffle+Georgette+Midi?id=4342,https://paavay.aalam.cloud/aalam/stock/item/4342/image/_/face-img,Paavay,,,M,Apparel & Accessories > Clothing > Dresses,1104.0 INR,1840.0 INR
MIDI3707,Rosette Ruffle Georgette Midi,Rosette Ruffle Georgette Midi,out of stock,new,https://paavay.aalam.cloud/store/item/Rosette+Ruffle+Georgette+Midi?id=4343,https://paavay.aalam.cloud/aalam/stock/item/4343/image/_/face-img,Paavay,,,L,Apparel & Accessories > Clothing > Dresses,1104.0 INR,1840.0 INR
Maxi3708,Coral Reff Chiffon Maxi,Coral Reff Chiffon Maxi,out of stock,new,https://paavay.aalam.cloud/store/item/Coral+Reff+Chiffon+Maxi?id=4345,https://paavay.aalam.cloud/aalam/stock/item/4345/image/_/face-img,Paavay,,Chiffon,XS,Apparel & Accessories > Clothing > Dresses,796.0 INR,1990.0 INR
MAXI3709,Coral Reff Chiffon Maxi,Coral Reff Chiffon Maxi,out of stock,new,https://paavay.aalam.cloud/store/item/Coral+Reff+Chiffon+Maxi?id=4346,https://paavay.aalam.cloud/aalam/stock/item/4346/image/_/face-img,Paavay,,Chiffon,S,Apparel & Accessories > Clothing > Dresses,796.0 INR,1990.0 INR
MAXI3710,Coral Reff Chiffon Maxi,Coral Reff Chiffon Maxi,out of stock,new,https://paavay.aalam.cloud/store/item/Coral+Reff+Chiffon+Maxi?id=4347,https://paavay.aalam.cloud/aalam/stock/item/4347/image/_/face-img,Paavay,,Chiffon,M,Apparel & Accessories > Clothing > Dresses,796.0 INR,1990.0 INR
MAXI3711,Coral Reff Chiffon Maxi,Coral Reff Chiffon Maxi,out of stock,new,https://paavay.aalam.cloud/store/item/Coral+Reff+Chiffon+Maxi?id=4348,https://paavay.aalam.cloud/aalam/stock/item/4348/image/_/face-img,Paavay,,Chiffon,L,Apparel & Accessories > Clothing > Dresses,796.0 INR,1990.0 INR
MAXI3712,Brumbee Layered Chiffon Midi,Brumbee Layered Chiffon Midi,out of stock,new,https://paavay.aalam.cloud/store/item/Brumbee+Layered+Chiffon+Midi?id=4390,https://paavay.aalam.cloud/aalam/stock/item/4390/image/_/face-img,Paavay,BLUE,Chiffon,XS,Apparel & Accessories > Clothing > Dresses,,2480.0 INR
MAXI3713,Brumbee Layered Chiffon Midi,Brumbee Layered Chiffon Midi,out of stock,new,https://paavay.aalam.cloud/store/item/Brumbee+Layered+Chiffon+Midi?id=4391,https://paavay.aalam.cloud/aalam/stock/item/4391/image/_/face-img,Paavay,BLUE,Chiffon,S,Apparel & Accessories > Clothing > Dresses,,2480.0 INR
MAXI3714,Brumbee Layered Chiffon Midi,Brumbee Layered Chiffon Midi,out of stock,new,https://paavay.aalam.cloud/store/item/Brumbee+Layered+Chiffon+Midi?id=4392,https://paavay.aalam.cloud/aalam/stock/item/4392/image/_/face-img,Paavay,BLUE,Chiffon,M,Apparel & Accessories > Clothing > Dresses,,2480.0 INR
MAXI3715,Brumbee Layered Chiffon Midi,Brumbee Layered Chiffon Midi,out of stock,new,https://paavay.aalam.cloud/store/item/Brumbee+Layered+Chiffon+Midi?id=4393,https://paavay.aalam.cloud/aalam/stock/item/4393/image/_/face-img,Paavay,BLUE,Chiffon,L,Apparel & Accessories > Clothing > Dresses,,2480.0 INR
MAXI3716,Brumbee Layered Chiffon Midi,Brumbee Layered Chiffon Midi,out of stock,new,https://paavay.aalam.cloud/store/item/Brumbee+Layered+Chiffon+Midi?id=4394,https://paavay.aalam.cloud/aalam/stock/item/4394/image/_/face-img,Paavay,BLUE,Chiffon,XL,Apparel & Accessories > Clothing > Dresses,,2480.0 INR
MAXI3717,Brumbee Layered Chiffon Midi,Brumbee Layered Chiffon Midi,out of stock,new,https://paavay.aalam.cloud/store/item/Brumbee+Layered+Chiffon+Midi?id=4395,https://paavay.aalam.cloud/aalam/stock/item/4395/image/_/face-img,Paavay,BLUE,Chiffon,XXL,Apparel & Accessories > Clothing > Dresses,,2480.0 INR
MAXI3718,Leafy Lagoon Chiffon Midi,Leafy Lagoon Chiffon Midi,out of stock,new,https://paavay.aalam.cloud/store/item/Leafy+Lagoon+Chiffon+Midi?id=4397,https://paavay.aalam.cloud/aalam/stock/item/4397/image/_/face-img,Paavay,,,XS,Apparel & Accessories > Clothing > Dresses,1116.0 INR,1860.0 INR
MAXI3719,Leafy Lagoon Chiffon Midi,Leafy Lagoon Chiffon Midi,out of stock,new,https://paavay.aalam.cloud/store/item/Leafy+Lagoon+Chiffon+Midi?id=4398,https://paavay.aalam.cloud/aalam/stock/item/4398/image/_/face-img,Paavay,,,S,Apparel & Accessories > Clothing > Dresses,1116.0 INR,1860.0 INR
MAXI3720,Leafy Lagoon Chiffon Midi,Leafy Lagoon Chiffon Midi,out of stock,new,https://paavay.aalam.cloud/store/item/Leafy+Lagoon+Chiffon+Midi?id=4399,https://paavay.aalam.cloud/aalam/stock/item/4399/image/_/face-img,Paavay,,,M,Apparel & Accessories > Clothing > Dresses,1116.0 INR,1860.0 INR
MAXI3721,Leafy Lagoon Chiffon Midi,Leafy Lagoon Chiffon Midi,out of stock,new,https://paavay.aalam.cloud/store/item/Leafy+Lagoon+Chiffon+Midi?id=4400,https://paavay.aalam.cloud/aalam/stock/item/4400/image/_/face-img,Paavay,,,L,Apparel & Accessories > Clothing > Dresses,1116.0 INR,1860.0 INR
MAXI3722,Leafy Lagoon Chiffon Midi,Leafy Lagoon Chiffon Midi,out of stock,new,https://paavay.aalam.cloud/store/item/Leafy+Lagoon+Chiffon+Midi?id=4401,https://paavay.aalam.cloud/aalam/stock/item/4401/image/_/face-img,Paavay,,,XL,Apparel & Accessories > Clothing > Dresses,1116.0 INR,1860.0 INR
MAXI3723,Leafy Lagoon Chiffon Midi,Leafy Lagoon Chiffon Midi,out of stock,new,https://paavay.aalam.cloud/store/item/Leafy+Lagoon+Chiffon+Midi?id=4402,https://paavay.aalam.cloud/aalam/stock/item/4402/image/_/face-img,Paavay,,,XXL,Apparel & Accessories > Clothing > Dresses,1116.0 INR,1860.0 INR
MAXI3724,Leafy Lagoon Chiffon Midi,Leafy Lagoon Chiffon Midi,out of stock,new,https://paavay.aalam.cloud/store/item/Leafy+Lagoon+Chiffon+Midi?id=4403,https://paavay.aalam.cloud/aalam/stock/item/4403/image/_/face-img,Paavay,,,XXXL,Apparel & Accessories > Clothing > Dresses,1116.0 INR,1860.0 INR
MIDI3725,Denim Casual Midi,Denim Casual Midi,in stock,new,https://paavay.aalam.cloud/store/item/Denim+Casual+Midi?id=4405,https://paavay.aalam.cloud/aalam/stock/item/4405/image/_/face-img,Paavay,BLUE,Denim,XS,Apparel & Accessories > Clothing > Dresses,,1699.0 INR
MIDI3726,Denim Casual Midi,Denim Casual Midi,in stock,new,https://paavay.aalam.cloud/store/item/Denim+Casual+Midi?id=4406,https://paavay.aalam.cloud/aalam/stock/item/4406/image/_/face-img,Paavay,BLUE,Denim,S,Apparel & Accessories > Clothing > Dresses,,1699.0 INR
MIDI3727,Denim Casual Midi,Denim Casual Midi,in stock,new,https://paavay.aalam.cloud/store/item/Denim+Casual+Midi?id=4408,https://paavay.aalam.cloud/aalam/stock/item/4408/image/_/face-img,Paavay,BLUE,Denim,M,Apparel & Accessories > Clothing > Dresses,,1699.0 INR
MIDI3728,Denim Casual Midi,Denim Casual Midi,in stock,new,https://paavay.aalam.cloud/store/item/Denim+Casual+Midi?id=4409,https://paavay.aalam.cloud/aalam/stock/item/4409/image/_/face-img,Paavay,BLUE,Denim,L,Apparel & Accessories > Clothing > Dresses,,1699.0 INR
MIDI3729,Denim Casual Midi,Denim Casual Midi,in stock,new,https://paavay.aalam.cloud/store/item/Denim+Casual+Midi?id=4410,https://paavay.aalam.cloud/aalam/stock/item/4410/image/_/face-img,Paavay,BLUE,Denim,XL,Apparel & Accessories > Clothing > Dresses,,1699.0 INR
MIDI3730,Denim Casual Midi,Denim Casual Midi,in stock,new,https://paavay.aalam.cloud/store/item/Denim+Casual+Midi?id=4411,https://paavay.aalam.cloud/aalam/stock/item/4411/image/_/face-img,Paavay,BLUE,Denim,XXL,Apparel & Accessories > Clothing > Dresses,,1699.0 INR
MIDI3731,Denim Casual Midi,Denim Casual Midi,out of stock,new,https://paavay.aalam.cloud/store/item/Denim+Casual+Midi?id=4412,https://paavay.aalam.cloud/aalam/stock/item/4412/image/_/face-img,Paavay,BLUE,Denim,XXXL,Apparel & Accessories > Clothing > Dresses,,1699.0 INR
MIDI3732,Sunlit Palm Midi,Sunlit Palm Midi,out of stock,new,https://paavay.aalam.cloud/store/item/Sunlit+Palm+Midi?id=4414,https://paavay.aalam.cloud/aalam/stock/item/4414/image/_/face-img,Paavay,,,XS,Apparel & Accessories > Clothing > Dresses,,1880.0 INR
MIDI3733,Sunlit Palm Midi,Sunlit Palm Midi,out of stock,new,https://paavay.aalam.cloud/store/item/Sunlit+Palm+Midi?id=4415,https://paavay.aalam.cloud/aalam/stock/item/4415/image/_/face-img,Paavay,,,S,Apparel & Accessories > Clothing > Dresses,,1880.0 INR
MIDI3734,Sunlit Palm Midi,Sunlit Palm Midi,out of stock,new,https://paavay.aalam.cloud/store/item/Sunlit+Palm+Midi?id=4416,https://paavay.aalam.cloud/aalam/stock/item/4416/image/_/face-img,Paavay,,,M,Apparel & Accessories > Clothing > Dresses,,1880.0 INR
MIDI3735,Sunlit Palm Midi,Sunlit Palm Midi,out of stock,new,https://paavay.aalam.cloud/store/item/Sunlit+Palm+Midi?id=4417,https://paavay.aalam.cloud/aalam/stock/item/4417/image/_/face-img,Paavay,,,L,Apparel & Accessories > Clothing > Dresses,,1880.0 INR
MIDI3736,Sunlit Palm Midi,Sunlit Palm Midi,out of stock,new,https://paavay.aalam.cloud/store/item/Sunlit+Palm+Midi?id=4418,https://paavay.aalam.cloud/aalam/stock/item/4418/image/_/face-img,Paavay,,,XL,Apparel & Accessories > Clothing > Dresses,,1880.0 INR
MIDI3737,Sunlit Palm Midi,Sunlit Palm Midi,out of stock,new,https://paavay.aalam.cloud/store/item/Sunlit+Palm+Midi?id=4419,https://paavay.aalam.cloud/aalam/stock/item/4419/image/_/face-img,Paavay,,,XXL,Apparel & Accessories > Clothing > Dresses,,1880.0 INR
MIDI3738,Sunlit Palm Midi,Sunlit Palm Midi,out of stock,new,https://paavay.aalam.cloud/store/item/Sunlit+Palm+Midi?id=4420,https://paavay.aalam.cloud/aalam/stock/item/4420/image/_/face-img,Paavay,,,XXXL,Apparel & Accessories > Clothing > Dresses,,1880.0 INR
,Sunlit Palm Midi,Sunlit Palm Midi,out of stock,new,https://paavay.aalam.cloud/store/item/Sunlit+Palm+Midi?id=4421,https://paavay.aalam.cloud/aalam/stock/item/4421/image/_/face-img,Paavay,,,XS,Apparel & Accessories > Clothing > Dresses,,1880.0 INR
,Sunlit Palm Midi,Sunlit Palm Midi,out of stock,new,https://paavay.aalam.cloud/store/item/Sunlit+Palm+Midi?id=4422,https://paavay.aalam.cloud/aalam/stock/item/4422/image/_/face-img,Paavay,,,S,Apparel & Accessories > Clothing > Dresses,,1880.0 INR
,Sunlit Palm Midi,Sunlit Palm Midi,out of stock,new,https://paavay.aalam.cloud/store/item/Sunlit+Palm+Midi?id=4423,https://paavay.aalam.cloud/aalam/stock/item/4423/image/_/face-img,Paavay,,,M,Apparel & Accessories > Clothing > Dresses,,1880.0 INR
,Sunlit Palm Midi,Sunlit Palm Midi,out of stock,new,https://paavay.aalam.cloud/store/item/Sunlit+Palm+Midi?id=4424,https://paavay.aalam.cloud/aalam/stock/item/4424/image/_/face-img,Paavay,,,L,Apparel & Accessories > Clothing > Dresses,,1880.0 INR
,Sunlit Palm Midi,Sunlit Palm Midi,out of stock,new,https://paavay.aalam.cloud/store/item/Sunlit+Palm+Midi?id=4425,https://paavay.aalam.cloud/aalam/stock/item/4425/image/_/face-img,Paavay,,,XL,Apparel & Accessories > Clothing > Dresses,,1880.0 INR
,Sunlit Palm Midi,Sunlit Palm Midi,out of stock,new,https://paavay.aalam.cloud/store/item/Sunlit+Palm+Midi?id=4426,https://paavay.aalam.cloud/aalam/stock/item/4426/image/_/face-img,Paavay,,,XXL,Apparel & Accessories > Clothing > Dresses,,1880.0 INR
,Sunlit Palm Midi,Sunlit Palm Midi,out of stock,new,https://paavay.aalam.cloud/store/item/Sunlit+Palm+Midi?id=4427,https://paavay.aalam.cloud/aalam/stock/item/4427/image/_/face-img,Paavay,,,XXXL,Apparel & Accessories > Clothing > Dresses,,1880.0 INR
MIDI3739,Whimsical Blush Chiffon Midi,Whimsical Blush Chiffon Midi,out of stock,new,https://paavay.aalam.cloud/store/item/Whimsical+Blush+Chiffon+Midi?id=4429,https://paavay.aalam.cloud/aalam/stock/item/4429/image/_/face-img,Paavay,,,XS,Apparel & Accessories > Clothing > Dresses,,1895.0 INR
MIDI3740,Whimsical Blush Chiffon Midi,Whimsical Blush Chiffon Midi,out of stock,new,https://paavay.aalam.cloud/store/item/Whimsical+Blush+Chiffon+Midi?id=4430,https://paavay.aalam.cloud/aalam/stock/item/4430/image/_/face-img,Paavay,,,S,Apparel & Accessories > Clothing > Dresses,,1895.0 INR
MIDI3741,Whimsical Blush Chiffon Midi,Whimsical Blush Chiffon Midi,out of stock,new,https://paavay.aalam.cloud/store/item/Whimsical+Blush+Chiffon+Midi?id=4431,https://paavay.aalam.cloud/aalam/stock/item/4431/image/_/face-img,Paavay,,,M,Apparel & Accessories > Clothing > Dresses,,1895.0 INR
MIDI3742,Whimsical Blush Chiffon Midi,Whimsical Blush Chiffon Midi,out of stock,new,https://paavay.aalam.cloud/store/item/Whimsical+Blush+Chiffon+Midi?id=4432,https://paavay.aalam.cloud/aalam/stock/item/4432/image/_/face-img,Paavay,,,L,Apparel & Accessories > Clothing > Dresses,,1895.0 INR
MIDI3743,Whimsical Blush Chiffon Midi,Whimsical Blush Chiffon Midi,out of stock,new,https://paavay.aalam.cloud/store/item/Whimsical+Blush+Chiffon+Midi?id=4433,https://paavay.aalam.cloud/aalam/stock/item/4433/image/_/face-img,Paavay,,,XL,Apparel & Accessories > Clothing > Dresses,,1895.0 INR
MIDI3744,Whimsical Blush Chiffon Midi,Whimsical Blush Chiffon Midi,out of stock,new,https://paavay.aalam.cloud/store/item/Whimsical+Blush+Chiffon+Midi?id=4434,https://paavay.aalam.cloud/aalam/stock/item/4434/image/_/face-img,Paavay,,,XXL,Apparel & Accessories > Clothing > Dresses,,1895.0 INR
MIDI3745,Whimsical Blush Chiffon Midi,Whimsical Blush Chiffon Midi,out of stock,new,https://paavay.aalam.cloud/store/item/Whimsical+Blush+Chiffon+Midi?id=4435,https://paavay.aalam.cloud/aalam/stock/item/4435/image/_/face-img,Paavay,,,XXXL,Apparel & Accessories > Clothing > Dresses,,1895.0 INR
Midi3746,Paisley Twirl Maxi  Dress,Paisley Twirl Maxi  Dress,out of stock,new,https://paavay.aalam.cloud/store/item/Paisley+Twirl+Maxi++Dress?id=4437,https://paavay.aalam.cloud/aalam/stock/item/4437/image/_/face-img,Paavay,,Chiffon,XS,Apparel & Accessories > Clothing > Dresses,1824.0 INR,2280.0 INR
Midi3747,Paisley Twirl Maxi  Dress,Paisley Twirl Maxi  Dress,out of stock,new,https://paavay.aalam.cloud/store/item/Paisley+Twirl+Maxi++Dress?id=4438,https://paavay.aalam.cloud/aalam/stock/item/4438/image/_/face-img,Paavay,,Chiffon,S,Apparel & Accessories > Clothing > Dresses,1824.0 INR,2280.0 INR
Midi3748,Paisley Twirl Maxi  Dress,Paisley Twirl Maxi  Dress,out of stock,new,https://paavay.aalam.cloud/store/item/Paisley+Twirl+Maxi++Dress?id=4439,https://paavay.aalam.cloud/aalam/stock/item/4439/image/_/face-img,Paavay,,Chiffon,M,Apparel & Accessories > Clothing > Dresses,1824.0 INR,2280.0 INR
Midi3749,Paisley Twirl Maxi  Dress,Paisley Twirl Maxi  Dress,out of stock,new,https://paavay.aalam.cloud/store/item/Paisley+Twirl+Maxi++Dress?id=4440,https://paavay.aalam.cloud/aalam/stock/item/4440/image/_/face-img,Paavay,,Chiffon,L,Apparel & Accessories > Clothing > Dresses,1824.0 INR,2280.0 INR
Midi3750,Paisley Twirl Maxi  Dress,Paisley Twirl Maxi  Dress,out of stock,new,https://paavay.aalam.cloud/store/item/Paisley+Twirl+Maxi++Dress?id=4441,https://paavay.aalam.cloud/aalam/stock/item/4441/image/_/face-img,Paavay,,Chiffon,XL,Apparel & Accessories > Clothing > Dresses,1824.0 INR,2280.0 INR
Midi3751,Paisley Twirl Maxi  Dress,Paisley Twirl Maxi  Dress,out of stock,new,https://paavay.aalam.cloud/store/item/Paisley+Twirl+Maxi++Dress?id=4442,https://paavay.aalam.cloud/aalam/stock/item/4442/image/_/face-img,Paavay,,Chiffon,XXL,Apparel & Accessories > Clothing > Dresses,1824.0 INR,2280.0 INR
Midi3752,Paisley Twirl Maxi  Dress,Paisley Twirl Maxi  Dress,out of stock,new,https://paavay.aalam.cloud/store/item/Paisley+Twirl+Maxi++Dress?id=4443,https://paavay.aalam.cloud/aalam/stock/item/4443/image/_/face-img,Paavay,,Chiffon,XXXL,Apparel & Accessories > Clothing > Dresses,1824.0 INR,2280.0 INR
MIDI3753,Tangerine Dream Chiffon Maxi,Tangerine Dream Chiffon Maxi,out of stock,new,https://paavay.aalam.cloud/store/item/Tangerine+Dream+Chiffon+Maxi?id=4470,https://paavay.aalam.cloud/aalam/stock/item/4470/image/_/face-img,Paavay,ORANGE,,XS,Apparel & Accessories > Clothing > Dresses,,1990.0 INR
MIDI3754,Tangerine Dream Chiffon Maxi,Tangerine Dream Chiffon Maxi,out of stock,new,https://paavay.aalam.cloud/store/item/Tangerine+Dream+Chiffon+Maxi?id=4471,https://paavay.aalam.cloud/aalam/stock/item/4471/image/_/face-img,Paavay,ORANGE,,S,Apparel & Accessories > Clothing > Dresses,,1990.0 INR
MIDI3755,Tangerine Dream Chiffon Maxi,Tangerine Dream Chiffon Maxi,out of stock,new,https://paavay.aalam.cloud/store/item/Tangerine+Dream+Chiffon+Maxi?id=4472,https://paavay.aalam.cloud/aalam/stock/item/4472/image/_/face-img,Paavay,ORANGE,,M,Apparel & Accessories > Clothing > Dresses,,1990.0 INR
MIDI3756,Tangerine Dream Chiffon Maxi,Tangerine Dream Chiffon Maxi,out of stock,new,https://paavay.aalam.cloud/store/item/Tangerine+Dream+Chiffon+Maxi?id=4473,https://paavay.aalam.cloud/aalam/stock/item/4473/image/_/face-img,Paavay,ORANGE,,L,Apparel & Accessories > Clothing > Dresses,,1990.0 INR
MIDI3757,Tangerine Dream Chiffon Maxi,Tangerine Dream Chiffon Maxi,out of stock,new,https://paavay.aalam.cloud/store/item/Tangerine+Dream+Chiffon+Maxi?id=4474,https://paavay.aalam.cloud/aalam/stock/item/4474/image/_/face-img,Paavay,ORANGE,,XL,Apparel & Accessories > Clothing > Dresses,,1990.0 INR
MIDI3758,Tangerine Dream Chiffon Maxi,Tangerine Dream Chiffon Maxi,out of stock,new,https://paavay.aalam.cloud/store/item/Tangerine+Dream+Chiffon+Maxi?id=4475,https://paavay.aalam.cloud/aalam/stock/item/4475/image/_/face-img,Paavay,ORANGE,,XXL,Apparel & Accessories > Clothing > Dresses,,1990.0 INR
MIDI3759,Tangerine Dream Chiffon Maxi,Tangerine Dream Chiffon Maxi,out of stock,new,https://paavay.aalam.cloud/store/item/Tangerine+Dream+Chiffon+Maxi?id=4476,https://paavay.aalam.cloud/aalam/stock/item/4476/image/_/face-img,Paavay,ORANGE,,XXXL,Apparel & Accessories > Clothing > Dresses,,1990.0 INR
LW201, Mint Maternity & Feeding Premium Loungewear, Mint Maternity & Feeding Premium Loungewear,out of stock,new,https://paavay.aalam.cloud/store/item/+Mint+Maternity+%26+Feeding+Premium+Loungewear?id=4478,https://paavay.aalam.cloud/aalam/stock/item/4478/image/_/face-img,Paavay,,,XS,Apparel & Accessories > Clothing > Sleepwear & Loungewear > Loungewear,1332.0 INR,1480.0 INR
LW202, Mint Maternity & Feeding Premium Loungewear, Mint Maternity & Feeding Premium Loungewear,out of stock,new,https://paavay.aalam.cloud/store/item/+Mint+Maternity+%26+Feeding+Premium+Loungewear?id=4479,https://paavay.aalam.cloud/aalam/stock/item/4479/image/_/face-img,Paavay,,,S,Apparel & Accessories > Clothing > Sleepwear & Loungewear > Loungewear,1332.0 INR,1480.0 INR
LW203, Mint Maternity & Feeding Premium Loungewear, Mint Maternity & Feeding Premium Loungewear,in stock,new,https://paavay.aalam.cloud/store/item/+Mint+Maternity+%26+Feeding+Premium+Loungewear?id=4480,https://paavay.aalam.cloud/aalam/stock/item/4480/image/_/face-img,Paavay,,,M,Apparel & Accessories > Clothing > Sleepwear & Loungewear > Loungewear,1332.0 INR,1480.0 INR
LW205, Mint Maternity & Feeding Premium Loungewear, Mint Maternity & Feeding Premium Loungewear,in stock,new,https://paavay.aalam.cloud/store/item/+Mint+Maternity+%26+Feeding+Premium+Loungewear?id=4481,https://paavay.aalam.cloud/aalam/stock/item/4481/image/_/face-img,Paavay,,,L,Apparel & Accessories > Clothing > Sleepwear & Loungewear > Loungewear,1332.0 INR,1480.0 INR
LW206, Mint Maternity & Feeding Premium Loungewear, Mint Maternity & Feeding Premium Loungewear,in stock,new,https://paavay.aalam.cloud/store/item/+Mint+Maternity+%26+Feeding+Premium+Loungewear?id=4482,https://paavay.aalam.cloud/aalam/stock/item/4482/image/_/face-img,Paavay,,,XL,Apparel & Accessories > Clothing > Sleepwear & Loungewear > Loungewear,1332.0 INR,1480.0 INR
LW204, Mint Maternity & Feeding Premium Loungewear, Mint Maternity & Feeding Premium Loungewear,out of stock,new,https://paavay.aalam.cloud/store/item/+Mint+Maternity+%26+Feeding+Premium+Loungewear?id=4483,https://paavay.aalam.cloud/aalam/stock/item/4483/image/_/face-img,Paavay,,,XXL,Apparel & Accessories > Clothing > Sleepwear & Loungewear > Loungewear,1332.0 INR,1480.0 INR
LW208, Mint Maternity & Feeding Premium Loungewear, Mint Maternity & Feeding Premium Loungewear,out of stock,new,https://paavay.aalam.cloud/store/item/+Mint+Maternity+%26+Feeding+Premium+Loungewear?id=4485,https://paavay.aalam.cloud/aalam/stock/item/4485/image/_/face-img,Paavay,,,XS,Apparel & Accessories > Clothing > Sleepwear & Loungewear > Loungewear,1332.0 INR,1480.0 INR
LW209, Mint Maternity & Feeding Premium Loungewear, Mint Maternity & Feeding Premium Loungewear,out of stock,new,https://paavay.aalam.cloud/store/item/+Mint+Maternity+%26+Feeding+Premium+Loungewear?id=4486,https://paavay.aalam.cloud/aalam/stock/item/4486/image/_/face-img,Paavay,,,S,Apparel & Accessories > Clothing > Sleepwear & Loungewear > Loungewear,1332.0 INR,1480.0 INR
LW210, Mint Maternity & Feeding Premium Loungewear, Mint Maternity & Feeding Premium Loungewear,in stock,new,https://paavay.aalam.cloud/store/item/+Mint+Maternity+%26+Feeding+Premium+Loungewear?id=4487,https://paavay.aalam.cloud/aalam/stock/item/4487/image/_/face-img,Paavay,,,M,Apparel & Accessories > Clothing > Sleepwear & Loungewear > Loungewear,1332.0 INR,1480.0 INR
LW211, Mint Maternity & Feeding Premium Loungewear, Mint Maternity & Feeding Premium Loungewear,in stock,new,https://paavay.aalam.cloud/store/item/+Mint+Maternity+%26+Feeding+Premium+Loungewear?id=4488,https://paavay.aalam.cloud/aalam/stock/item/4488/image/_/face-img,Paavay,,,L,Apparel & Accessories > Clothing > Sleepwear & Loungewear > Loungewear,1332.0 INR,1480.0 INR
LW212, Mint Maternity & Feeding Premium Loungewear, Mint Maternity & Feeding Premium Loungewear,in stock,new,https://paavay.aalam.cloud/store/item/+Mint+Maternity+%26+Feeding+Premium+Loungewear?id=4489,https://paavay.aalam.cloud/aalam/stock/item/4489/image/_/face-img,Paavay,,,XL,Apparel & Accessories > Clothing > Sleepwear & Loungewear > Loungewear,1332.0 INR,1480.0 INR
LW213, Mint Maternity & Feeding Premium Loungewear, Mint Maternity & Feeding Premium Loungewear,in stock,new,https://paavay.aalam.cloud/store/item/+Mint+Maternity+%26+Feeding+Premium+Loungewear?id=4490,https://paavay.aalam.cloud/aalam/stock/item/4490/image/_/face-img,Paavay,,,XXL,Apparel & Accessories > Clothing > Sleepwear & Loungewear > Loungewear,1332.0 INR,1480.0 INR
LW215, Fushia Maternity & Feeding Premium Loungewear, Fushia Maternity & Feeding Premium Loungewear,out of stock,new,https://paavay.aalam.cloud/store/item/+Fushia+Maternity+%26+Feeding+Premium+Loungewear?id=4494,https://paavay.aalam.cloud/aalam/stock/item/4494/image/_/face-img,Paavay,,,XS,Apparel & Accessories > Clothing > Sleepwear & Loungewear > Loungewear,1332.0 INR,1480.0 INR
LW216, Fushia Maternity & Feeding Premium Loungewear, Fushia Maternity & Feeding Premium Loungewear,out of stock,new,https://paavay.aalam.cloud/store/item/+Fushia+Maternity+%26+Feeding+Premium+Loungewear?id=4495,https://paavay.aalam.cloud/aalam/stock/item/4495/image/_/face-img,Paavay,,,S,Apparel & Accessories > Clothing > Sleepwear & Loungewear > Loungewear,1332.0 INR,1480.0 INR
LW217, Fushia Maternity & Feeding Premium Loungewear, Fushia Maternity & Feeding Premium Loungewear,out of stock,new,https://paavay.aalam.cloud/store/item/+Fushia+Maternity+%26+Feeding+Premium+Loungewear?id=4496,https://paavay.aalam.cloud/aalam/stock/item/4496/image/_/face-img,Paavay,,,M,Apparel & Accessories > Clothing > Sleepwear & Loungewear > Loungewear,1332.0 INR,1480.0 INR
LW218, Fushia Maternity & Feeding Premium Loungewear, Fushia Maternity & Feeding Premium Loungewear,in stock,new,https://paavay.aalam.cloud/store/item/+Fushia+Maternity+%26+Feeding+Premium+Loungewear?id=4497,https://paavay.aalam.cloud/aalam/stock/item/4497/image/_/face-img,Paavay,,,L,Apparel & Accessories > Clothing > Sleepwear & Loungewear > Loungewear,1332.0 INR,1480.0 INR
LW219, Fushia Maternity & Feeding Premium Loungewear, Fushia Maternity & Feeding Premium Loungewear,in stock,new,https://paavay.aalam.cloud/store/item/+Fushia+Maternity+%26+Feeding+Premium+Loungewear?id=4498,https://paavay.aalam.cloud/aalam/stock/item/4498/image/_/face-img,Paavay,,,XL,Apparel & Accessories > Clothing > Sleepwear & Loungewear > Loungewear,1332.0 INR,1480.0 INR
LW220, Fushia Maternity & Feeding Premium Loungewear, Fushia Maternity & Feeding Premium Loungewear,in stock,new,https://paavay.aalam.cloud/store/item/+Fushia+Maternity+%26+Feeding+Premium+Loungewear?id=4501,https://paavay.aalam.cloud/aalam/stock/item/4501/image/_/face-img,Paavay,,,XXL,Apparel & Accessories > Clothing > Sleepwear & Loungewear > Loungewear,1332.0 INR,1480.0 INR
LW222, Fushia Maternity & Feeding Premium Loungewear, Fushia Maternity & Feeding Premium Loungewear,out of stock,new,https://paavay.aalam.cloud/store/item/+Fushia+Maternity+%26+Feeding+Premium+Loungewear?id=4503,https://paavay.aalam.cloud/aalam/stock/item/4503/image/_/face-img,Paavay,,,XS,Apparel & Accessories > Clothing > Sleepwear & Loungewear > Loungewear,1332.0 INR,1480.0 INR
LW223, Fushia Maternity & Feeding Premium Loungewear, Fushia Maternity & Feeding Premium Loungewear,out of stock,new,https://paavay.aalam.cloud/store/item/+Fushia+Maternity+%26+Feeding+Premium+Loungewear?id=4504,https://paavay.aalam.cloud/aalam/stock/item/4504/image/_/face-img,Paavay,,,S,Apparel & Accessories > Clothing > Sleepwear & Loungewear > Loungewear,1332.0 INR,1480.0 INR
LW224, Fushia Maternity & Feeding Premium Loungewear, Fushia Maternity & Feeding Premium Loungewear,in stock,new,https://paavay.aalam.cloud/store/item/+Fushia+Maternity+%26+Feeding+Premium+Loungewear?id=4505,https://paavay.aalam.cloud/aalam/stock/item/4505/image/_/face-img,Paavay,,,M,Apparel & Accessories > Clothing > Sleepwear & Loungewear > Loungewear,1332.0 INR,1480.0 INR
LW225, Fushia Maternity & Feeding Premium Loungewear, Fushia Maternity & Feeding Premium Loungewear,in stock,new,https://paavay.aalam.cloud/store/item/+Fushia+Maternity+%26+Feeding+Premium+Loungewear?id=4506,https://paavay.aalam.cloud/aalam/stock/item/4506/image/_/face-img,Paavay,,,L,Apparel & Accessories > Clothing > Sleepwear & Loungewear > Loungewear,1332.0 INR,1480.0 INR
LW226, Fushia Maternity & Feeding Premium Loungewear, Fushia Maternity & Feeding Premium Loungewear,in stock,new,https://paavay.aalam.cloud/store/item/+Fushia+Maternity+%26+Feeding+Premium+Loungewear?id=4507,https://paavay.aalam.cloud/aalam/stock/item/4507/image/_/face-img,Paavay,,,XL,Apparel & Accessories > Clothing > Sleepwear & Loungewear > Loungewear,1332.0 INR,1480.0 INR
LW227, Fushia Maternity & Feeding Premium Loungewear, Fushia Maternity & Feeding Premium Loungewear,in stock,new,https://paavay.aalam.cloud/store/item/+Fushia+Maternity+%26+Feeding+Premium+Loungewear?id=4508,https://paavay.aalam.cloud/aalam/stock/item/4508/image/_/face-img,Paavay,,,XXL,Apparel & Accessories > Clothing > Sleepwear & Loungewear > Loungewear,1332.0 INR,1480.0 INR
LW229, Indian Cherry Maternity & Feeding Premium Loungewear, Indian Cherry Maternity & Feeding Premium Loungewear,out of stock,new,https://paavay.aalam.cloud/store/item/+Indian+Cherry+Maternity+%26+Feeding+Premium+Loungewear?id=4511,https://paavay.aalam.cloud/aalam/stock/item/4511/image/_/face-img,Paavay,,,XS,Apparel & Accessories > Clothing > Sleepwear & Loungewear > Loungewear,1332.0 INR,1480.0 INR
LW230, Indian Cherry Maternity & Feeding Premium Loungewear, Indian Cherry Maternity & Feeding Premium Loungewear,out of stock,new,https://paavay.aalam.cloud/store/item/+Indian+Cherry+Maternity+%26+Feeding+Premium+Loungewear?id=4512,https://paavay.aalam.cloud/aalam/stock/item/4512/image/_/face-img,Paavay,,,S,Apparel & Accessories > Clothing > Sleepwear & Loungewear > Loungewear,1332.0 INR,1480.0 INR
LW231, Indian Cherry Maternity & Feeding Premium Loungewear, Indian Cherry Maternity & Feeding Premium Loungewear,out of stock,new,https://paavay.aalam.cloud/store/item/+Indian+Cherry+Maternity+%26+Feeding+Premium+Loungewear?id=4513,https://paavay.aalam.cloud/aalam/stock/item/4513/image/_/face-img,Paavay,,,M,Apparel & Accessories > Clothing > Sleepwear & Loungewear > Loungewear,1332.0 INR,1480.0 INR
LW232, Indian Cherry Maternity & Feeding Premium Loungewear, Indian Cherry Maternity & Feeding Premium Loungewear,out of stock,new,https://paavay.aalam.cloud/store/item/+Indian+Cherry+Maternity+%26+Feeding+Premium+Loungewear?id=4514,https://paavay.aalam.cloud/aalam/stock/item/4514/image/_/face-img,Paavay,,,L,Apparel & Accessories > Clothing > Sleepwear & Loungewear > Loungewear,1332.0 INR,1480.0 INR
LW233, Indian Cherry Maternity & Feeding Premium Loungewear, Indian Cherry Maternity & Feeding Premium Loungewear,out of stock,new,https://paavay.aalam.cloud/store/item/+Indian+Cherry+Maternity+%26+Feeding+Premium+Loungewear?id=4515,https://paavay.aalam.cloud/aalam/stock/item/4515/image/_/face-img,Paavay,,,XL,Apparel & Accessories > Clothing > Sleepwear & Loungewear > Loungewear,1332.0 INR,1480.0 INR
LW234, Indian Cherry Maternity & Feeding Premium Loungewear, Indian Cherry Maternity & Feeding Premium Loungewear,out of stock,new,https://paavay.aalam.cloud/store/item/+Indian+Cherry+Maternity+%26+Feeding+Premium+Loungewear?id=4516,https://paavay.aalam.cloud/aalam/stock/item/4516/image/_/face-img,Paavay,,,XXL,Apparel & Accessories > Clothing > Sleepwear & Loungewear > Loungewear,1332.0 INR,1480.0 INR
LW235, Indian Cherry Maternity & Feeding Premium Loungewear, Indian Cherry Maternity & Feeding Premium Loungewear,out of stock,new,https://paavay.aalam.cloud/store/item/+Indian+Cherry+Maternity+%26+Feeding+Premium+Loungewear?id=4517,https://paavay.aalam.cloud/aalam/stock/item/4517/image/_/face-img,Paavay,,,XS,Apparel & Accessories > Clothing > Sleepwear & Loungewear > Loungewear,1332.0 INR,1480.0 INR
LW236, Indian Cherry Maternity & Feeding Premium Loungewear, Indian Cherry Maternity & Feeding Premium Loungewear,out of stock,new,https://paavay.aalam.cloud/store/item/+Indian+Cherry+Maternity+%26+Feeding+Premium+Loungewear?id=4518,https://paavay.aalam.cloud/aalam/stock/item/4518/image/_/face-img,Paavay,,,S,Apparel & Accessories > Clothing > Sleepwear & Loungewear > Loungewear,1332.0 INR,1480.0 INR
LW237, Indian Cherry Maternity & Feeding Premium Loungewear, Indian Cherry Maternity & Feeding Premium Loungewear,in stock,new,https://paavay.aalam.cloud/store/item/+Indian+Cherry+Maternity+%26+Feeding+Premium+Loungewear?id=4519,https://paavay.aalam.cloud/aalam/stock/item/4519/image/_/face-img,Paavay,,,M,Apparel & Accessories > Clothing > Sleepwear & Loungewear > Loungewear,1332.0 INR,1480.0 INR
LW238, Indian Cherry Maternity & Feeding Premium Loungewear, Indian Cherry Maternity & Feeding Premium Loungewear,in stock,new,https://paavay.aalam.cloud/store/item/+Indian+Cherry+Maternity+%26+Feeding+Premium+Loungewear?id=4520,https://paavay.aalam.cloud/aalam/stock/item/4520/image/_/face-img,Paavay,,,L,Apparel & Accessories > Clothing > Sleepwear & Loungewear > Loungewear,1332.0 INR,1480.0 INR
LW239, Indian Cherry Maternity & Feeding Premium Loungewear, Indian Cherry Maternity & Feeding Premium Loungewear,in stock,new,https://paavay.aalam.cloud/store/item/+Indian+Cherry+Maternity+%26+Feeding+Premium+Loungewear?id=4521,https://paavay.aalam.cloud/aalam/stock/item/4521/image/_/face-img,Paavay,,,XL,Apparel & Accessories > Clothing > Sleepwear & Loungewear > Loungewear,1332.0 INR,1480.0 INR
LW240, Indian Cherry Maternity & Feeding Premium Loungewear, Indian Cherry Maternity & Feeding Premium Loungewear,in stock,new,https://paavay.aalam.cloud/store/item/+Indian+Cherry+Maternity+%26+Feeding+Premium+Loungewear?id=4522,https://paavay.aalam.cloud/aalam/stock/item/4522/image/_/face-img,Paavay,,,XXL,Apparel & Accessories > Clothing > Sleepwear & Loungewear > Loungewear,1332.0 INR,1480.0 INR
LW241, Purple Kitty Maternity & Feeding Premium Loungewear, Purple Kitty Maternity & Feeding Premium Loungewear,out of stock,new,https://paavay.aalam.cloud/store/item/+Purple+Kitty+Maternity+%26+Feeding+Premium+Loungewear?id=4524,https://paavay.aalam.cloud/aalam/stock/item/4524/image/_/face-img,Paavay,,,XS,Apparel & Accessories > Clothing > Sleepwear & Loungewear > Loungewear,1332.0 INR,1480.0 INR
LW242, Purple Kitty Maternity & Feeding Premium Loungewear, Purple Kitty Maternity & Feeding Premium Loungewear,out of stock,new,https://paavay.aalam.cloud/store/item/+Purple+Kitty+Maternity+%26+Feeding+Premium+Loungewear?id=4525,https://paavay.aalam.cloud/aalam/stock/item/4525/image/_/face-img,Paavay,,,S,Apparel & Accessories > Clothing > Sleepwear & Loungewear > Loungewear,1332.0 INR,1480.0 INR
LW243, Purple Kitty Maternity & Feeding Premium Loungewear, Purple Kitty Maternity & Feeding Premium Loungewear,in stock,new,https://paavay.aalam.cloud/store/item/+Purple+Kitty+Maternity+%26+Feeding+Premium+Loungewear?id=4526,https://paavay.aalam.cloud/aalam/stock/item/4526/image/_/face-img,Paavay,,,M,Apparel & Accessories > Clothing > Sleepwear & Loungewear > Loungewear,1332.0 INR,1480.0 INR
LW244, Purple Kitty Maternity & Feeding Premium Loungewear, Purple Kitty Maternity & Feeding Premium Loungewear,out of stock,new,https://paavay.aalam.cloud/store/item/+Purple+Kitty+Maternity+%26+Feeding+Premium+Loungewear?id=4527,https://paavay.aalam.cloud/aalam/stock/item/4527/image/_/face-img,Paavay,,,L,Apparel & Accessories > Clothing > Sleepwear & Loungewear > Loungewear,1332.0 INR,1480.0 INR
LW245, Purple Kitty Maternity & Feeding Premium Loungewear, Purple Kitty Maternity & Feeding Premium Loungewear,out of stock,new,https://paavay.aalam.cloud/store/item/+Purple+Kitty+Maternity+%26+Feeding+Premium+Loungewear?id=4528,https://paavay.aalam.cloud/aalam/stock/item/4528/image/_/face-img,Paavay,,,XL,Apparel & Accessories > Clothing > Sleepwear & Loungewear > Loungewear,1332.0 INR,1480.0 INR
LW246, Purple Kitty Maternity & Feeding Premium Loungewear, Purple Kitty Maternity & Feeding Premium Loungewear,out of stock,new,https://paavay.aalam.cloud/store/item/+Purple+Kitty+Maternity+%26+Feeding+Premium+Loungewear?id=4529,https://paavay.aalam.cloud/aalam/stock/item/4529/image/_/face-img,Paavay,,,XXL,Apparel & Accessories > Clothing > Sleepwear & Loungewear > Loungewear,1332.0 INR,1480.0 INR
LW247, Purple Kitty Maternity & Feeding Premium Loungewear, Purple Kitty Maternity & Feeding Premium Loungewear,in stock,new,https://paavay.aalam.cloud/store/item/+Purple+Kitty+Maternity+%26+Feeding+Premium+Loungewear?id=4530,https://paavay.aalam.cloud/aalam/stock/item/4530/image/_/face-img,Paavay,,,XS,Apparel & Accessories > Clothing > Sleepwear & Loungewear > Loungewear,1332.0 INR,1480.0 INR
LW248, Purple Kitty Maternity & Feeding Premium Loungewear, Purple Kitty Maternity & Feeding Premium Loungewear,out of stock,new,https://paavay.aalam.cloud/store/item/+Purple+Kitty+Maternity+%26+Feeding+Premium+Loungewear?id=4531,https://paavay.aalam.cloud/aalam/stock/item/4531/image/_/face-img,Paavay,,,S,Apparel & Accessories > Clothing > Sleepwear & Loungewear > Loungewear,1332.0 INR,1480.0 INR
LW249, Purple Kitty Maternity & Feeding Premium Loungewear, Purple Kitty Maternity & Feeding Premium Loungewear,in stock,new,https://paavay.aalam.cloud/store/item/+Purple+Kitty+Maternity+%26+Feeding+Premium+Loungewear?id=4532,https://paavay.aalam.cloud/aalam/stock/item/4532/image/_/face-img,Paavay,,,M,Apparel & Accessories > Clothing > Sleepwear & Loungewear > Loungewear,1332.0 INR,1480.0 INR
LW250, Purple Kitty Maternity & Feeding Premium Loungewear, Purple Kitty Maternity & Feeding Premium Loungewear,out of stock,new,https://paavay.aalam.cloud/store/item/+Purple+Kitty+Maternity+%26+Feeding+Premium+Loungewear?id=4534,https://paavay.aalam.cloud/aalam/stock/item/4534/image/_/face-img,Paavay,,,L,Apparel & Accessories > Clothing > Sleepwear & Loungewear > Loungewear,1332.0 INR,1480.0 INR
LW251, Purple Kitty Maternity & Feeding Premium Loungewear, Purple Kitty Maternity & Feeding Premium Loungewear,in stock,new,https://paavay.aalam.cloud/store/item/+Purple+Kitty+Maternity+%26+Feeding+Premium+Loungewear?id=4535,https://paavay.aalam.cloud/aalam/stock/item/4535/image/_/face-img,Paavay,,,XL,Apparel & Accessories > Clothing > Sleepwear & Loungewear > Loungewear,1332.0 INR,1480.0 INR
LW252, Purple Kitty Maternity & Feeding Premium Loungewear, Purple Kitty Maternity & Feeding Premium Loungewear,in stock,new,https://paavay.aalam.cloud/store/item/+Purple+Kitty+Maternity+%26+Feeding+Premium+Loungewear?id=4536,https://paavay.aalam.cloud/aalam/stock/item/4536/image/_/face-img,Paavay,,,XXL,Apparel & Accessories > Clothing > Sleepwear & Loungewear > Loungewear,1332.0 INR,1480.0 INR
LW253, Brown Bear Maternity & Feeding Premium Loungewear, Brown Bear Maternity & Feeding Premium Loungewear,out of stock,new,https://paavay.aalam.cloud/store/item/+Brown+Bear+Maternity+%26+Feeding+Premium+Loungewear?id=4538,https://paavay.aalam.cloud/aalam/stock/item/4538/image/_/face-img,Paavay,,,XS,Apparel & Accessories > Clothing > Sleepwear & Loungewear > Loungewear,1332.0 INR,1480.0 INR
LW254, Brown Bear Maternity & Feeding Premium Loungewear, Brown Bear Maternity & Feeding Premium Loungewear,out of stock,new,https://paavay.aalam.cloud/store/item/+Brown+Bear+Maternity+%26+Feeding+Premium+Loungewear?id=4539,https://paavay.aalam.cloud/aalam/stock/item/4539/image/_/face-img,Paavay,,,S,Apparel & Accessories > Clothing > Sleepwear & Loungewear > Loungewear,1332.0 INR,1480.0 INR
LW255, Brown Bear Maternity & Feeding Premium Loungewear, Brown Bear Maternity & Feeding Premium Loungewear,out of stock,new,https://paavay.aalam.cloud/store/item/+Brown+Bear+Maternity+%26+Feeding+Premium+Loungewear?id=4540,https://paavay.aalam.cloud/aalam/stock/item/4540/image/_/face-img,Paavay,,,M,Apparel & Accessories > Clothing > Sleepwear & Loungewear > Loungewear,1332.0 INR,1480.0 INR
LW256, Brown Bear Maternity & Feeding Premium Loungewear, Brown Bear Maternity & Feeding Premium Loungewear,out of stock,new,https://paavay.aalam.cloud/store/item/+Brown+Bear+Maternity+%26+Feeding+Premium+Loungewear?id=4541,https://paavay.aalam.cloud/aalam/stock/item/4541/image/_/face-img,Paavay,,,L,Apparel & Accessories > Clothing > Sleepwear & Loungewear > Loungewear,1332.0 INR,1480.0 INR
LW257, Brown Bear Maternity & Feeding Premium Loungewear, Brown Bear Maternity & Feeding Premium Loungewear,in stock,new,https://paavay.aalam.cloud/store/item/+Brown+Bear+Maternity+%26+Feeding+Premium+Loungewear?id=4543,https://paavay.aalam.cloud/aalam/stock/item/4543/image/_/face-img,Paavay,,,XL,Apparel & Accessories > Clothing > Sleepwear & Loungewear > Loungewear,1332.0 INR,1480.0 INR
LW258, Brown Bear Maternity & Feeding Premium Loungewear, Brown Bear Maternity & Feeding Premium Loungewear,in stock,new,https://paavay.aalam.cloud/store/item/+Brown+Bear+Maternity+%26+Feeding+Premium+Loungewear?id=4544,https://paavay.aalam.cloud/aalam/stock/item/4544/image/_/face-img,Paavay,,,XXL,Apparel & Accessories > Clothing > Sleepwear & Loungewear > Loungewear,1332.0 INR,1480.0 INR
LW259, Brown Bear Maternity & Feeding Premium Loungewear, Brown Bear Maternity & Feeding Premium Loungewear,out of stock,new,https://paavay.aalam.cloud/store/item/+Brown+Bear+Maternity+%26+Feeding+Premium+Loungewear?id=4545,https://paavay.aalam.cloud/aalam/stock/item/4545/image/_/face-img,Paavay,,,XS,Apparel & Accessories > Clothing > Sleepwear & Loungewear > Loungewear,1332.0 INR,1480.0 INR
LW260, Brown Bear Maternity & Feeding Premium Loungewear, Brown Bear Maternity & Feeding Premium Loungewear,out of stock,new,https://paavay.aalam.cloud/store/item/+Brown+Bear+Maternity+%26+Feeding+Premium+Loungewear?id=4546,https://paavay.aalam.cloud/aalam/stock/item/4546/image/_/face-img,Paavay,,,S,Apparel & Accessories > Clothing > Sleepwear & Loungewear > Loungewear,1332.0 INR,1480.0 INR
LW261, Brown Bear Maternity & Feeding Premium Loungewear, Brown Bear Maternity & Feeding Premium Loungewear,in stock,new,https://paavay.aalam.cloud/store/item/+Brown+Bear+Maternity+%26+Feeding+Premium+Loungewear?id=4548,https://paavay.aalam.cloud/aalam/stock/item/4548/image/_/face-img,Paavay,,,M,Apparel & Accessories > Clothing > Sleepwear & Loungewear > Loungewear,1332.0 INR,1480.0 INR
LW262, Brown Bear Maternity & Feeding Premium Loungewear, Brown Bear Maternity & Feeding Premium Loungewear,in stock,new,https://paavay.aalam.cloud/store/item/+Brown+Bear+Maternity+%26+Feeding+Premium+Loungewear?id=4549,https://paavay.aalam.cloud/aalam/stock/item/4549/image/_/face-img,Paavay,,,L,Apparel & Accessories > Clothing > Sleepwear & Loungewear > Loungewear,1332.0 INR,1480.0 INR
LW263, Brown Bear Maternity & Feeding Premium Loungewear, Brown Bear Maternity & Feeding Premium Loungewear,in stock,new,https://paavay.aalam.cloud/store/item/+Brown+Bear+Maternity+%26+Feeding+Premium+Loungewear?id=4550,https://paavay.aalam.cloud/aalam/stock/item/4550/image/_/face-img,Paavay,,,XL,Apparel & Accessories > Clothing > Sleepwear & Loungewear > Loungewear,1332.0 INR,1480.0 INR
LW264, Brown Bear Maternity & Feeding Premium Loungewear, Brown Bear Maternity & Feeding Premium Loungewear,in stock,new,https://paavay.aalam.cloud/store/item/+Brown+Bear+Maternity+%26+Feeding+Premium+Loungewear?id=4551,https://paavay.aalam.cloud/aalam/stock/item/4551/image/_/face-img,Paavay,,,XXL,Apparel & Accessories > Clothing > Sleepwear & Loungewear > Loungewear,1332.0 INR,1480.0 INR
LW265, Dusky Rose Maternity & Feeding Premium Loungewear, Dusky Rose Maternity & Feeding Premium Loungewear,out of stock,new,https://paavay.aalam.cloud/store/item/+Dusky+Rose+Maternity+%26+Feeding+Premium+Loungewear?id=4553,https://paavay.aalam.cloud/aalam/stock/item/4553/image/_/face-img,Paavay,,,XS,Apparel & Accessories > Clothing > Sleepwear & Loungewear > Loungewear,1332.0 INR,1480.0 INR
LW266, Dusky Rose Maternity & Feeding Premium Loungewear, Dusky Rose Maternity & Feeding Premium Loungewear,out of stock,new,https://paavay.aalam.cloud/store/item/+Dusky+Rose+Maternity+%26+Feeding+Premium+Loungewear?id=4554,https://paavay.aalam.cloud/aalam/stock/item/4554/image/_/face-img,Paavay,,,S,Apparel & Accessories > Clothing > Sleepwear & Loungewear > Loungewear,1332.0 INR,1480.0 INR
LW267, Dusky Rose Maternity & Feeding Premium Loungewear, Dusky Rose Maternity & Feeding Premium Loungewear,in stock,new,https://paavay.aalam.cloud/store/item/+Dusky+Rose+Maternity+%26+Feeding+Premium+Loungewear?id=4555,https://paavay.aalam.cloud/aalam/stock/item/4555/image/_/face-img,Paavay,,,M,Apparel & Accessories > Clothing > Sleepwear & Loungewear > Loungewear,1332.0 INR,1480.0 INR
LW268, Dusky Rose Maternity & Feeding Premium Loungewear, Dusky Rose Maternity & Feeding Premium Loungewear,out of stock,new,https://paavay.aalam.cloud/store/item/+Dusky+Rose+Maternity+%26+Feeding+Premium+Loungewear?id=4558,https://paavay.aalam.cloud/aalam/stock/item/4558/image/_/face-img,Paavay,,,L,Apparel & Accessories > Clothing > Sleepwear & Loungewear > Loungewear,1332.0 INR,1480.0 INR
LW269, Dusky Rose Maternity & Feeding Premium Loungewear, Dusky Rose Maternity & Feeding Premium Loungewear,in stock,new,https://paavay.aalam.cloud/store/item/+Dusky+Rose+Maternity+%26+Feeding+Premium+Loungewear?id=4559,https://paavay.aalam.cloud/aalam/stock/item/4559/image/_/face-img,Paavay,,,XL,Apparel & Accessories > Clothing > Sleepwear & Loungewear > Loungewear,1332.0 INR,1480.0 INR
LW270, Dusky Rose Maternity & Feeding Premium Loungewear, Dusky Rose Maternity & Feeding Premium Loungewear,in stock,new,https://paavay.aalam.cloud/store/item/+Dusky+Rose+Maternity+%26+Feeding+Premium+Loungewear?id=4560,https://paavay.aalam.cloud/aalam/stock/item/4560/image/_/face-img,Paavay,,,XXL,Apparel & Accessories > Clothing > Sleepwear & Loungewear > Loungewear,1332.0 INR,1480.0 INR
LW271, Dusky Rose Maternity & Feeding Premium Loungewear, Dusky Rose Maternity & Feeding Premium Loungewear,out of stock,new,https://paavay.aalam.cloud/store/item/+Dusky+Rose+Maternity+%26+Feeding+Premium+Loungewear?id=4561,https://paavay.aalam.cloud/aalam/stock/item/4561/image/_/face-img,Paavay,,,XS,Apparel & Accessories > Clothing > Sleepwear & Loungewear > Loungewear,1332.0 INR,1480.0 INR
LW272, Dusky Rose Maternity & Feeding Premium Loungewear, Dusky Rose Maternity & Feeding Premium Loungewear,out of stock,new,https://paavay.aalam.cloud/store/item/+Dusky+Rose+Maternity+%26+Feeding+Premium+Loungewear?id=4562,https://paavay.aalam.cloud/aalam/stock/item/4562/image/_/face-img,Paavay,,,S,Apparel & Accessories > Clothing > Sleepwear & Loungewear > Loungewear,1332.0 INR,1480.0 INR
LW273, Dusky Rose Maternity & Feeding Premium Loungewear, Dusky Rose Maternity & Feeding Premium Loungewear,in stock,new,https://paavay.aalam.cloud/store/item/+Dusky+Rose+Maternity+%26+Feeding+Premium+Loungewear?id=4563,https://paavay.aalam.cloud/aalam/stock/item/4563/image/_/face-img,Paavay,,,M,Apparel & Accessories > Clothing > Sleepwear & Loungewear > Loungewear,1332.0 INR,1480.0 INR
LW274, Dusky Rose Maternity & Feeding Premium Loungewear, Dusky Rose Maternity & Feeding Premium Loungewear,in stock,new,https://paavay.aalam.cloud/store/item/+Dusky+Rose+Maternity+%26+Feeding+Premium+Loungewear?id=4564,https://paavay.aalam.cloud/aalam/stock/item/4564/image/_/face-img,Paavay,,,L,Apparel & Accessories > Clothing > Sleepwear & Loungewear > Loungewear,1332.0 INR,1480.0 INR
LW275, Dusky Rose Maternity & Feeding Premium Loungewear, Dusky Rose Maternity & Feeding Premium Loungewear,in stock,new,https://paavay.aalam.cloud/store/item/+Dusky+Rose+Maternity+%26+Feeding+Premium+Loungewear?id=4566,https://paavay.aalam.cloud/aalam/stock/item/4566/image/_/face-img,Paavay,,,XL,Apparel & Accessories > Clothing > Sleepwear & Loungewear > Loungewear,1332.0 INR,1480.0 INR
LW276, Dusky Rose Maternity & Feeding Premium Loungewear, Dusky Rose Maternity & Feeding Premium Loungewear,in stock,new,https://paavay.aalam.cloud/store/item/+Dusky+Rose+Maternity+%26+Feeding+Premium+Loungewear?id=4567,https://paavay.aalam.cloud/aalam/stock/item/4567/image/_/face-img,Paavay,,,XXL,Apparel & Accessories > Clothing > Sleepwear & Loungewear > Loungewear,1332.0 INR,1480.0 INR
TOP101,Denim Casual Top,Denim Casual Top,out of stock,new,https://paavay.aalam.cloud/store/item/Denim+Casual+Top?id=4576,https://paavay.aalam.cloud/aalam/stock/item/4576/image/_/face-img,Paavay,BLUE,Denim,XS,Apparel & Accessories > Clothing > Dresses,1352.0 INR,1690.0 INR
TOP102,Denim Casual Top,Denim Casual Top,out of stock,new,https://paavay.aalam.cloud/store/item/Denim+Casual+Top?id=4577,https://paavay.aalam.cloud/aalam/stock/item/4577/image/_/face-img,Paavay,BLUE,Denim,S,Apparel & Accessories > Clothing > Dresses,1352.0 INR,1690.0 INR
TOP103,Denim Casual Top,Denim Casual Top,out of stock,new,https://paavay.aalam.cloud/store/item/Denim+Casual+Top?id=4578,https://paavay.aalam.cloud/aalam/stock/item/4578/image/_/face-img,Paavay,BLUE,Denim,M,Apparel & Accessories > Clothing > Dresses,1352.0 INR,1690.0 INR
TOP104,Denim Casual Top,Denim Casual Top,out of stock,new,https://paavay.aalam.cloud/store/item/Denim+Casual+Top?id=4579,https://paavay.aalam.cloud/aalam/stock/item/4579/image/_/face-img,Paavay,BLUE,Denim,L,Apparel & Accessories > Clothing > Dresses,1352.0 INR,1690.0 INR
TOP105,Denim Casual Top,Denim Casual Top,out of stock,new,https://paavay.aalam.cloud/store/item/Denim+Casual+Top?id=4580,https://paavay.aalam.cloud/aalam/stock/item/4580/image/_/face-img,Paavay,BLUE,Denim,XL,Apparel & Accessories > Clothing > Dresses,1352.0 INR,1690.0 INR
TOP111,Denim Casual Top,Denim Casual Top,out of stock,new,https://paavay.aalam.cloud/store/item/Denim+Casual+Top?id=4581,https://paavay.aalam.cloud/aalam/stock/item/4581/image/_/face-img,Paavay,BLUE,Denim,XXL,Apparel & Accessories > Clothing > Dresses,1352.0 INR,1690.0 INR
TOP112,Denim Casual Top,Denim Casual Top,out of stock,new,https://paavay.aalam.cloud/store/item/Denim+Casual+Top?id=4582,https://paavay.aalam.cloud/aalam/stock/item/4582/image/_/face-img,Paavay,BLUE,Denim,XXXL,Apparel & Accessories > Clothing > Dresses,1352.0 INR,1690.0 INR
MAXI3760,Mulberry Chiffon Layered Maxi,Mulberry Chiffon Layered Maxi,out of stock,new,https://paavay.aalam.cloud/store/item/Mulberry+Chiffon+Layered+Maxi?id=4591,https://paavay.aalam.cloud/aalam/stock/item/4591/image/_/face-img,Paavay,PURPLE,Chiffon,XS,Apparel & Accessories > Clothing > Dresses,,1860.0 INR
MAXI3761,Mulberry Chiffon Layered Maxi,Mulberry Chiffon Layered Maxi,out of stock,new,https://paavay.aalam.cloud/store/item/Mulberry+Chiffon+Layered+Maxi?id=4592,https://paavay.aalam.cloud/aalam/stock/item/4592/image/_/face-img,Paavay,PURPLE,Chiffon,S,Apparel & Accessories > Clothing > Dresses,,1860.0 INR
MAXI3762,Mulberry Chiffon Layered Maxi,Mulberry Chiffon Layered Maxi,out of stock,new,https://paavay.aalam.cloud/store/item/Mulberry+Chiffon+Layered+Maxi?id=4593,https://paavay.aalam.cloud/aalam/stock/item/4593/image/_/face-img,Paavay,PURPLE,Chiffon,M,Apparel & Accessories > Clothing > Dresses,,1860.0 INR
MAXI3763,Mulberry Chiffon Layered Maxi,Mulberry Chiffon Layered Maxi,out of stock,new,https://paavay.aalam.cloud/store/item/Mulberry+Chiffon+Layered+Maxi?id=4594,https://paavay.aalam.cloud/aalam/stock/item/4594/image/_/face-img,Paavay,PURPLE,Chiffon,L,Apparel & Accessories > Clothing > Dresses,,1860.0 INR
MAXI3764,Mulberry Chiffon Layered Maxi,Mulberry Chiffon Layered Maxi,out of stock,new,https://paavay.aalam.cloud/store/item/Mulberry+Chiffon+Layered+Maxi?id=4595,https://paavay.aalam.cloud/aalam/stock/item/4595/image/_/face-img,Paavay,PURPLE,Chiffon,XL,Apparel & Accessories > Clothing > Dresses,,1860.0 INR
MAXI3765,Mulberry Chiffon Layered Maxi,Mulberry Chiffon Layered Maxi,out of stock,new,https://paavay.aalam.cloud/store/item/Mulberry+Chiffon+Layered+Maxi?id=4596,https://paavay.aalam.cloud/aalam/stock/item/4596/image/_/face-img,Paavay,PURPLE,Chiffon,XXL,Apparel & Accessories > Clothing > Dresses,,1860.0 INR
MAXI3766,Mulberry Chiffon Layered Maxi,Mulberry Chiffon Layered Maxi,out of stock,new,https://paavay.aalam.cloud/store/item/Mulberry+Chiffon+Layered+Maxi?id=4597,https://paavay.aalam.cloud/aalam/stock/item/4597/image/_/face-img,Paavay,PURPLE,Chiffon,XXXL,Apparel & Accessories > Clothing > Dresses,,1860.0 INR
MAXI3767,White Whisper Chiffon Maxi,White Whisper Chiffon Maxi,out of stock,new,https://paavay.aalam.cloud/store/item/White+Whisper+Chiffon+Maxi?id=4599,https://paavay.aalam.cloud/aalam/stock/item/4599/image/_/face-img,Paavay,WHITE,Chiffon,XS,Apparel & Accessories > Clothing > Dresses,945.0 INR,1890.0 INR
MAXI3768,White Whisper Chiffon Maxi,White Whisper Chiffon Maxi,out of stock,new,https://paavay.aalam.cloud/store/item/White+Whisper+Chiffon+Maxi?id=4600,https://paavay.aalam.cloud/aalam/stock/item/4600/image/_/face-img,Paavay,WHITE,Chiffon,S,Apparel & Accessories > Clothing > Dresses,945.0 INR,1890.0 INR
MAXI3769,White Whisper Chiffon Maxi,White Whisper Chiffon Maxi,out of stock,new,https://paavay.aalam.cloud/store/item/White+Whisper+Chiffon+Maxi?id=4601,https://paavay.aalam.cloud/aalam/stock/item/4601/image/_/face-img,Paavay,WHITE,Chiffon,M,Apparel & Accessories > Clothing > Dresses,945.0 INR,1890.0 INR
MAXI3770,White Whisper Chiffon Maxi,White Whisper Chiffon Maxi,out of stock,new,https://paavay.aalam.cloud/store/item/White+Whisper+Chiffon+Maxi?id=4602,https://paavay.aalam.cloud/aalam/stock/item/4602/image/_/face-img,Paavay,WHITE,Chiffon,L,Apparel & Accessories > Clothing > Dresses,945.0 INR,1890.0 INR
MAXI3771,White Whisper Chiffon Maxi,White Whisper Chiffon Maxi,out of stock,new,https://paavay.aalam.cloud/store/item/White+Whisper+Chiffon+Maxi?id=4603,https://paavay.aalam.cloud/aalam/stock/item/4603/image/_/face-img,Paavay,WHITE,Chiffon,XL,Apparel & Accessories > Clothing > Dresses,945.0 INR,1890.0 INR
MAXI3772,White Whisper Chiffon Maxi,White Whisper Chiffon Maxi,out of stock,new,https://paavay.aalam.cloud/store/item/White+Whisper+Chiffon+Maxi?id=4604,https://paavay.aalam.cloud/aalam/stock/item/4604/image/_/face-img,Paavay,WHITE,Chiffon,XXL,Apparel & Accessories > Clothing > Dresses,945.0 INR,1890.0 INR
MAXI3773,White Whisper Chiffon Maxi,White Whisper Chiffon Maxi,out of stock,new,https://paavay.aalam.cloud/store/item/White+Whisper+Chiffon+Maxi?id=4605,https://paavay.aalam.cloud/aalam/stock/item/4605/image/_/face-img,Paavay,WHITE,Chiffon,XXXL,Apparel & Accessories > Clothing > Dresses,945.0 INR,1890.0 INR
MIDI3774,Sea Breeze Organza Midi,Sea Breeze Organza Midi,out of stock,new,https://paavay.aalam.cloud/store/item/Sea+Breeze+Organza+Midi?id=4607,https://paavay.aalam.cloud/aalam/stock/item/4607/image/_/face-img,Paavay,BLUE,,XS,Apparel & Accessories > Clothing > Dresses,1228.5 INR,1890.0 INR
MIDI3775,Sea Breeze Organza Midi,Sea Breeze Organza Midi,out of stock,new,https://paavay.aalam.cloud/store/item/Sea+Breeze+Organza+Midi?id=4608,https://paavay.aalam.cloud/aalam/stock/item/4608/image/_/face-img,Paavay,BLUE,,S,Apparel & Accessories > Clothing > Dresses,1228.5 INR,1890.0 INR
MIDI3776,Sea Breeze Organza Midi,Sea Breeze Organza Midi,out of stock,new,https://paavay.aalam.cloud/store/item/Sea+Breeze+Organza+Midi?id=4609,https://paavay.aalam.cloud/aalam/stock/item/4609/image/_/face-img,Paavay,BLUE,,M,Apparel & Accessories > Clothing > Dresses,1228.5 INR,1890.0 INR
MIDI3777,Sea Breeze Organza Midi,Sea Breeze Organza Midi,out of stock,new,https://paavay.aalam.cloud/store/item/Sea+Breeze+Organza+Midi?id=4610,https://paavay.aalam.cloud/aalam/stock/item/4610/image/_/face-img,Paavay,BLUE,,L,Apparel & Accessories > Clothing > Dresses,1228.5 INR,1890.0 INR
MIDI3778,Sea Breeze Organza Midi,Sea Breeze Organza Midi,out of stock,new,https://paavay.aalam.cloud/store/item/Sea+Breeze+Organza+Midi?id=4611,https://paavay.aalam.cloud/aalam/stock/item/4611/image/_/face-img,Paavay,BLUE,,XL,Apparel & Accessories > Clothing > Dresses,1228.5 INR,1890.0 INR
MIDI3779,Sea Breeze Organza Midi,Sea Breeze Organza Midi,out of stock,new,https://paavay.aalam.cloud/store/item/Sea+Breeze+Organza+Midi?id=4612,https://paavay.aalam.cloud/aalam/stock/item/4612/image/_/face-img,Paavay,BLUE,,XXL,Apparel & Accessories > Clothing > Dresses,1228.5 INR,1890.0 INR
MIDI3780,Sea Breeze Organza Midi,Sea Breeze Organza Midi,out of stock,new,https://paavay.aalam.cloud/store/item/Sea+Breeze+Organza+Midi?id=4613,https://paavay.aalam.cloud/aalam/stock/item/4613/image/_/face-img,Paavay,BLUE,,XXXL,Apparel & Accessories > Clothing > Dresses,1228.5 INR,1890.0 INR
,Unicorn Georgette Midi Dress,Unicorn Georgette Midi Dress,out of stock,new,https://paavay.aalam.cloud/store/item/Unicorn+Georgette+Midi+Dress?id=4618,https://paavay.aalam.cloud/aalam/stock/item/4618/image/_/face-img,Paavay,,,S,Apparel & Accessories > Clothing > Dresses,1456.0 INR,2080.0 INR
MIDI301,Unicorn Georgette Midi Dress,Unicorn Georgette Midi Dress,out of stock,new,https://paavay.aalam.cloud/store/item/Unicorn+Georgette+Midi+Dress?id=4619,https://paavay.aalam.cloud/aalam/stock/item/4619/image/_/face-img,Paavay,,,M,Apparel & Accessories > Clothing > Dresses,1456.0 INR,2080.0 INR
,Black Floral Georgette Midi,Black Floral Georgette Midi,out of stock,new,https://paavay.aalam.cloud/store/item/Black+Floral+Georgette+Midi?id=4620,https://paavay.aalam.cloud/aalam/stock/item/4620/image/_/face-img,Paavay,,,S,Apparel & Accessories > Clothing > Dresses,,1340.0 INR
MIDI302,Black Floral Georgette Midi,Black Floral Georgette Midi,out of stock,new,https://paavay.aalam.cloud/store/item/Black+Floral+Georgette+Midi?id=4621,https://paavay.aalam.cloud/aalam/stock/item/4621/image/_/face-img,Paavay,,,M,Apparel & Accessories > Clothing > Dresses,,1340.0 INR
MAXI002,Emerald Lake Ruffle Midi,Emerald Lake Ruffle Midi,out of stock,new,https://paavay.aalam.cloud/store/item/Emerald+Lake+Ruffle+Midi?id=4624,https://paavay.aalam.cloud/aalam/stock/item/4624/image/_/face-img,Paavay,GREEN,Chiffon,S,Apparel & Accessories > Clothing > Dresses,,2280.0 INR
MAXI003,Emerald Lake Ruffle Midi,Emerald Lake Ruffle Midi,out of stock,new,https://paavay.aalam.cloud/store/item/Emerald+Lake+Ruffle+Midi?id=4625,https://paavay.aalam.cloud/aalam/stock/item/4625/image/_/face-img,Paavay,GREEN,Chiffon,M,Apparel & Accessories > Clothing > Dresses,,2280.0 INR
MAXI004,Emerald Lake Ruffle Midi,Emerald Lake Ruffle Midi,out of stock,new,https://paavay.aalam.cloud/store/item/Emerald+Lake+Ruffle+Midi?id=4626,https://paavay.aalam.cloud/aalam/stock/item/4626/image/_/face-img,Paavay,GREEN,Chiffon,L,Apparel & Accessories > Clothing > Dresses,,2280.0 INR
MAXI005,Emerald Lake Ruffle Midi,Emerald Lake Ruffle Midi,out of stock,new,https://paavay.aalam.cloud/store/item/Emerald+Lake+Ruffle+Midi?id=4627,https://paavay.aalam.cloud/aalam/stock/item/4627/image/_/face-img,Paavay,GREEN,Chiffon,XL,Apparel & Accessories > Clothing > Dresses,,2280.0 INR
MAXI006,Emerald Lake Ruffle Midi,Emerald Lake Ruffle Midi,out of stock,new,https://paavay.aalam.cloud/store/item/Emerald+Lake+Ruffle+Midi?id=4628,https://paavay.aalam.cloud/aalam/stock/item/4628/image/_/face-img,Paavay,GREEN,Chiffon,XXL,Apparel & Accessories > Clothing > Dresses,,2280.0 INR
MAXI007,Emerald Lake Ruffle Midi,Emerald Lake Ruffle Midi,out of stock,new,https://paavay.aalam.cloud/store/item/Emerald+Lake+Ruffle+Midi?id=4629,https://paavay.aalam.cloud/aalam/stock/item/4629/image/_/face-img,Paavay,GREEN,Chiffon,XXXL,Apparel & Accessories > Clothing > Dresses,,2280.0 INR
MAXI008,Amber Bloom Chiffon Maxi,Amber Bloom Chiffon Maxi,out of stock,new,https://paavay.aalam.cloud/store/item/Amber+Bloom+Chiffon+Maxi?id=4631,https://paavay.aalam.cloud/aalam/stock/item/4631/image/_/face-img,Paavay,,,XS,Apparel & Accessories > Clothing > Dresses,1110.0 INR,1850.0 INR
MAXI009,Amber Bloom Chiffon Maxi,Amber Bloom Chiffon Maxi,out of stock,new,https://paavay.aalam.cloud/store/item/Amber+Bloom+Chiffon+Maxi?id=4632,https://paavay.aalam.cloud/aalam/stock/item/4632/image/_/face-img,Paavay,,,S,Apparel & Accessories > Clothing > Dresses,1110.0 INR,1850.0 INR
MAXI010,Amber Bloom Chiffon Maxi,Amber Bloom Chiffon Maxi,out of stock,new,https://paavay.aalam.cloud/store/item/Amber+Bloom+Chiffon+Maxi?id=4633,https://paavay.aalam.cloud/aalam/stock/item/4633/image/_/face-img,Paavay,,,M,Apparel & Accessories > Clothing > Dresses,1110.0 INR,1850.0 INR
MAXI011,Amber Bloom Chiffon Maxi,Amber Bloom Chiffon Maxi,out of stock,new,https://paavay.aalam.cloud/store/item/Amber+Bloom+Chiffon+Maxi?id=4634,https://paavay.aalam.cloud/aalam/stock/item/4634/image/_/face-img,Paavay,,,L,Apparel & Accessories > Clothing > Dresses,1110.0 INR,1850.0 INR
MAXI012,Amber Bloom Chiffon Maxi,Amber Bloom Chiffon Maxi,out of stock,new,https://paavay.aalam.cloud/store/item/Amber+Bloom+Chiffon+Maxi?id=4635,https://paavay.aalam.cloud/aalam/stock/item/4635/image/_/face-img,Paavay,,,XL,Apparel & Accessories > Clothing > Dresses,1110.0 INR,1850.0 INR
MAXI013,Amber Bloom Chiffon Maxi,Amber Bloom Chiffon Maxi,out of stock,new,https://paavay.aalam.cloud/store/item/Amber+Bloom+Chiffon+Maxi?id=4636,https://paavay.aalam.cloud/aalam/stock/item/4636/image/_/face-img,Paavay,,,XXL,Apparel & Accessories > Clothing > Dresses,1110.0 INR,1850.0 INR
MAXI014,Amber Bloom Chiffon Maxi,Amber Bloom Chiffon Maxi,out of stock,new,https://paavay.aalam.cloud/store/item/Amber+Bloom+Chiffon+Maxi?id=4637,https://paavay.aalam.cloud/aalam/stock/item/4637/image/_/face-img,Paavay,,,XXXL,Apparel & Accessories > Clothing > Dresses,1110.0 INR,1850.0 INR
MAXI015,Velvet Garden Chiffon Maxi,Velvet Garden Chiffon Maxi,out of stock,new,https://paavay.aalam.cloud/store/item/Velvet+Garden+Chiffon+Maxi?id=4640,https://paavay.aalam.cloud/aalam/stock/item/4640/image/_/face-img,Paavay,PINK,Chiffon,XS,Apparel & Accessories > Clothing > Dresses,,2180.0 INR
MAXI016,Velvet Garden Chiffon Maxi,Velvet Garden Chiffon Maxi,out of stock,new,https://paavay.aalam.cloud/store/item/Velvet+Garden+Chiffon+Maxi?id=4642,https://paavay.aalam.cloud/aalam/stock/item/4642/image/_/face-img,Paavay,PINK,Chiffon,S,Apparel & Accessories > Clothing > Dresses,,2180.0 INR
MAXI017,Velvet Garden Chiffon Maxi,Velvet Garden Chiffon Maxi,out of stock,new,https://paavay.aalam.cloud/store/item/Velvet+Garden+Chiffon+Maxi?id=4643,https://paavay.aalam.cloud/aalam/stock/item/4643/image/_/face-img,Paavay,PINK,Chiffon,M,Apparel & Accessories > Clothing > Dresses,,2180.0 INR
MAXI018,Velvet Garden Chiffon Maxi,Velvet Garden Chiffon Maxi,out of stock,new,https://paavay.aalam.cloud/store/item/Velvet+Garden+Chiffon+Maxi?id=4644,https://paavay.aalam.cloud/aalam/stock/item/4644/image/_/face-img,Paavay,PINK,Chiffon,L,Apparel & Accessories > Clothing > Dresses,,2180.0 INR
MAXI019,Velvet Garden Chiffon Maxi,Velvet Garden Chiffon Maxi,out of stock,new,https://paavay.aalam.cloud/store/item/Velvet+Garden+Chiffon+Maxi?id=4645,https://paavay.aalam.cloud/aalam/stock/item/4645/image/_/face-img,Paavay,PINK,Chiffon,XL,Apparel & Accessories > Clothing > Dresses,,2180.0 INR
MAXI020,Velvet Garden Chiffon Maxi,Velvet Garden Chiffon Maxi,out of stock,new,https://paavay.aalam.cloud/store/item/Velvet+Garden+Chiffon+Maxi?id=4646,https://paavay.aalam.cloud/aalam/stock/item/4646/image/_/face-img,Paavay,PINK,Chiffon,XXL,Apparel & Accessories > Clothing > Dresses,,2180.0 INR
MAXI021,Velvet Garden Chiffon Maxi,Velvet Garden Chiffon Maxi,out of stock,new,https://paavay.aalam.cloud/store/item/Velvet+Garden+Chiffon+Maxi?id=4647,https://paavay.aalam.cloud/aalam/stock/item/4647/image/_/face-img,Paavay,PINK,Chiffon,XXXL,Apparel & Accessories > Clothing > Dresses,,2180.0 INR
MAXI022,Noire Chiffon Maxi,Noire Chiffon Maxi,out of stock,new,https://paavay.aalam.cloud/store/item/Noire+Chiffon+Maxi?id=4649,https://paavay.aalam.cloud/aalam/stock/item/4649/image/_/face-img,Paavay,,,XS,Apparel & Accessories > Clothing > Dresses,1344.0 INR,2240.0 INR
MAXI023,Noire Chiffon Maxi,Noire Chiffon Maxi,out of stock,new,https://paavay.aalam.cloud/store/item/Noire+Chiffon+Maxi?id=4650,https://paavay.aalam.cloud/aalam/stock/item/4650/image/_/face-img,Paavay,,,S,Apparel & Accessories > Clothing > Dresses,1344.0 INR,2240.0 INR
MAXI024,Noire Chiffon Maxi,Noire Chiffon Maxi,out of stock,new,https://paavay.aalam.cloud/store/item/Noire+Chiffon+Maxi?id=4651,https://paavay.aalam.cloud/aalam/stock/item/4651/image/_/face-img,Paavay,,,M,Apparel & Accessories > Clothing > Dresses,1344.0 INR,2240.0 INR
MAXI025,Noire Chiffon Maxi,Noire Chiffon Maxi,out of stock,new,https://paavay.aalam.cloud/store/item/Noire+Chiffon+Maxi?id=4652,https://paavay.aalam.cloud/aalam/stock/item/4652/image/_/face-img,Paavay,,,L,Apparel & Accessories > Clothing > Dresses,1344.0 INR,2240.0 INR
MAXI026,Noire Chiffon Maxi,Noire Chiffon Maxi,out of stock,new,https://paavay.aalam.cloud/store/item/Noire+Chiffon+Maxi?id=4653,https://paavay.aalam.cloud/aalam/stock/item/4653/image/_/face-img,Paavay,,,XL,Apparel & Accessories > Clothing > Dresses,1344.0 INR,2240.0 INR
MAXI027,Noire Chiffon Maxi,Noire Chiffon Maxi,out of stock,new,https://paavay.aalam.cloud/store/item/Noire+Chiffon+Maxi?id=4654,https://paavay.aalam.cloud/aalam/stock/item/4654/image/_/face-img,Paavay,,,XXL,Apparel & Accessories > Clothing > Dresses,1344.0 INR,2240.0 INR
MAXI028,Noire Chiffon Maxi,Noire Chiffon Maxi,out of stock,new,https://paavay.aalam.cloud/store/item/Noire+Chiffon+Maxi?id=4655,https://paavay.aalam.cloud/aalam/stock/item/4655/image/_/face-img,Paavay,,,XXXL,Apparel & Accessories > Clothing > Dresses,1344.0 INR,2240.0 INR
MAXI029,Nor Scalloped Maxi,Nor Scalloped Maxi,out of stock,new,https://paavay.aalam.cloud/store/item/Nor+Scalloped+Maxi?id=4657,https://paavay.aalam.cloud/aalam/stock/item/4657/image/_/face-img,Paavay,Black,Cotton,XS,Apparel & Accessories > Clothing > Dresses,1564.0 INR,1840.0 INR
MAXI030,Nor Scalloped Maxi,Nor Scalloped Maxi,in stock,new,https://paavay.aalam.cloud/store/item/Nor+Scalloped+Maxi?id=4658,https://paavay.aalam.cloud/aalam/stock/item/4658/image/_/face-img,Paavay,Black,Cotton,S,Apparel & Accessories > Clothing > Dresses,1564.0 INR,1840.0 INR
MAXI031,Nor Scalloped Maxi,Nor Scalloped Maxi,in stock,new,https://paavay.aalam.cloud/store/item/Nor+Scalloped+Maxi?id=4659,https://paavay.aalam.cloud/aalam/stock/item/4659/image/_/face-img,Paavay,Black,Cotton,M,Apparel & Accessories > Clothing > Dresses,1564.0 INR,1840.0 INR
MAXI032,Nor Scalloped Maxi,Nor Scalloped Maxi,in stock,new,https://paavay.aalam.cloud/store/item/Nor+Scalloped+Maxi?id=4660,https://paavay.aalam.cloud/aalam/stock/item/4660/image/_/face-img,Paavay,Black,Cotton,L,Apparel & Accessories > Clothing > Dresses,1564.0 INR,1840.0 INR
MAXI033,Nor Scalloped Maxi,Nor Scalloped Maxi,in stock,new,https://paavay.aalam.cloud/store/item/Nor+Scalloped+Maxi?id=4661,https://paavay.aalam.cloud/aalam/stock/item/4661/image/_/face-img,Paavay,Black,Cotton,XL,Apparel & Accessories > Clothing > Dresses,1564.0 INR,1840.0 INR
MAXI034,Nor Scalloped Maxi,Nor Scalloped Maxi,in stock,new,https://paavay.aalam.cloud/store/item/Nor+Scalloped+Maxi?id=4663,https://paavay.aalam.cloud/aalam/stock/item/4663/image/_/face-img,Paavay,Black,Cotton,XXL,Apparel & Accessories > Clothing > Dresses,1564.0 INR,1840.0 INR
MAXI035,Nor Scalloped Maxi,Nor Scalloped Maxi,out of stock,new,https://paavay.aalam.cloud/store/item/Nor+Scalloped+Maxi?id=4664,https://paavay.aalam.cloud/aalam/stock/item/4664/image/_/face-img,Paavay,Black,Cotton,XXXL,Apparel & Accessories > Clothing > Dresses,1564.0 INR,1840.0 INR
MAXI036,Red Echo Buttondown Maxi,Red Echo Buttondown Maxi,out of stock,new,https://paavay.aalam.cloud/store/item/Red+Echo+Buttondown+Maxi?id=4666,https://paavay.aalam.cloud/aalam/stock/item/4666/image/_/face-img,Paavay,RED,Chiffon,XS,Apparel & Accessories > Clothing > Dresses,1104.0 INR,1840.0 INR
MAXI037,Red Echo Buttondown Maxi,Red Echo Buttondown Maxi,out of stock,new,https://paavay.aalam.cloud/store/item/Red+Echo+Buttondown+Maxi?id=4667,https://paavay.aalam.cloud/aalam/stock/item/4667/image/_/face-img,Paavay,RED,Chiffon,S,Apparel & Accessories > Clothing > Dresses,1104.0 INR,1840.0 INR
MAXI038,Red Echo Buttondown Maxi,Red Echo Buttondown Maxi,out of stock,new,https://paavay.aalam.cloud/store/item/Red+Echo+Buttondown+Maxi?id=4668,https://paavay.aalam.cloud/aalam/stock/item/4668/image/_/face-img,Paavay,RED,Chiffon,M,Apparel & Accessories > Clothing > Dresses,1104.0 INR,1840.0 INR
MAXI039,Red Echo Buttondown Maxi,Red Echo Buttondown Maxi,out of stock,new,https://paavay.aalam.cloud/store/item/Red+Echo+Buttondown+Maxi?id=4669,https://paavay.aalam.cloud/aalam/stock/item/4669/image/_/face-img,Paavay,RED,Chiffon,L,Apparel & Accessories > Clothing > Dresses,1104.0 INR,1840.0 INR
MAXI040,Red Echo Buttondown Maxi,Red Echo Buttondown Maxi,out of stock,new,https://paavay.aalam.cloud/store/item/Red+Echo+Buttondown+Maxi?id=4670,https://paavay.aalam.cloud/aalam/stock/item/4670/image/_/face-img,Paavay,RED,Chiffon,XL,Apparel & Accessories > Clothing > Dresses,1104.0 INR,1840.0 INR
MAXI041,Red Echo Buttondown Maxi,Red Echo Buttondown Maxi,out of stock,new,https://paavay.aalam.cloud/store/item/Red+Echo+Buttondown+Maxi?id=4671,https://paavay.aalam.cloud/aalam/stock/item/4671/image/_/face-img,Paavay,RED,Chiffon,XXL,Apparel & Accessories > Clothing > Dresses,1104.0 INR,1840.0 INR
MAXI042,Red Echo Buttondown Maxi,Red Echo Buttondown Maxi,out of stock,new,https://paavay.aalam.cloud/store/item/Red+Echo+Buttondown+Maxi?id=4672,https://paavay.aalam.cloud/aalam/stock/item/4672/image/_/face-img,Paavay,RED,Chiffon,XXXL,Apparel & Accessories > Clothing > Dresses,1104.0 INR,1840.0 INR
SHIRT043,Denim Scalloped Shirt,Denim Scalloped Shirt,in stock,new,https://paavay.aalam.cloud/store/item/Denim+Scalloped+Shirt?id=4676,https://paavay.aalam.cloud/aalam/stock/item/4676/image/_/face-img,Paavay,BLUE,Denim,XS,Apparel & Accessories > Clothing > Dresses,1258.0 INR,1480.0 INR
SHIRT044,Denim Scalloped Shirt,Denim Scalloped Shirt,out of stock,new,https://paavay.aalam.cloud/store/item/Denim+Scalloped+Shirt?id=4679,https://paavay.aalam.cloud/aalam/stock/item/4679/image/_/face-img,Paavay,BLUE,Denim,S,Apparel & Accessories > Clothing > Dresses,1258.0 INR,1480.0 INR
SHIRT045,Denim Scalloped Shirt,Denim Scalloped Shirt,out of stock,new,https://paavay.aalam.cloud/store/item/Denim+Scalloped+Shirt?id=4680,https://paavay.aalam.cloud/aalam/stock/item/4680/image/_/face-img,Paavay,BLUE,Denim,M,Apparel & Accessories > Clothing > Dresses,1258.0 INR,1480.0 INR
SHIRT046,Denim Scalloped Shirt,Denim Scalloped Shirt,in stock,new,https://paavay.aalam.cloud/store/item/Denim+Scalloped+Shirt?id=4681,https://paavay.aalam.cloud/aalam/stock/item/4681/image/_/face-img,Paavay,BLUE,Denim,L,Apparel & Accessories > Clothing > Dresses,1258.0 INR,1480.0 INR
SHIRT047,Denim Scalloped Shirt,Denim Scalloped Shirt,in stock,new,https://paavay.aalam.cloud/store/item/Denim+Scalloped+Shirt?id=4682,https://paavay.aalam.cloud/aalam/stock/item/4682/image/_/face-img,Paavay,BLUE,Denim,XL,Apparel & Accessories > Clothing > Dresses,1258.0 INR,1480.0 INR
SHIRT048,Denim Scalloped Shirt,Denim Scalloped Shirt,in stock,new,https://paavay.aalam.cloud/store/item/Denim+Scalloped+Shirt?id=4683,https://paavay.aalam.cloud/aalam/stock/item/4683/image/_/face-img,Paavay,BLUE,Denim,XXL,Apparel & Accessories > Clothing > Dresses,1258.0 INR,1480.0 INR
SHIRT049,Denim Scalloped Shirt,Denim Scalloped Shirt,out of stock,new,https://paavay.aalam.cloud/store/item/Denim+Scalloped+Shirt?id=4684,https://paavay.aalam.cloud/aalam/stock/item/4684/image/_/face-img,Paavay,BLUE,Denim,XXXL,Apparel & Accessories > Clothing > Dresses,1258.0 INR,1480.0 INR
MAXI050,Earthdown Chiffon Maxi,Earthdown Chiffon Maxi,out of stock,new,https://paavay.aalam.cloud/store/item/Earthdown+Chiffon+Maxi?id=4693,https://paavay.aalam.cloud/aalam/stock/item/4693/image/_/face-img,Paavay,GREEN,Chiffon,XS,Apparel & Accessories > Clothing > Dresses,1188.0 INR,1980.0 INR
MAXI051,Earthdown Chiffon Maxi,Earthdown Chiffon Maxi,out of stock,new,https://paavay.aalam.cloud/store/item/Earthdown+Chiffon+Maxi?id=4695,https://paavay.aalam.cloud/aalam/stock/item/4695/image/_/face-img,Paavay,GREEN,Chiffon,S,Apparel & Accessories > Clothing > Dresses,1188.0 INR,1980.0 INR
MAXI052,Earthdown Chiffon Maxi,Earthdown Chiffon Maxi,out of stock,new,https://paavay.aalam.cloud/store/item/Earthdown+Chiffon+Maxi?id=4696,https://paavay.aalam.cloud/aalam/stock/item/4696/image/_/face-img,Paavay,GREEN,Chiffon,M,Apparel & Accessories > Clothing > Dresses,1188.0 INR,1980.0 INR
MAXI053,Earthdown Chiffon Maxi,Earthdown Chiffon Maxi,out of stock,new,https://paavay.aalam.cloud/store/item/Earthdown+Chiffon+Maxi?id=4697,https://paavay.aalam.cloud/aalam/stock/item/4697/image/_/face-img,Paavay,GREEN,Chiffon,L,Apparel & Accessories > Clothing > Dresses,1188.0 INR,1980.0 INR
MAXI054,Earthdown Chiffon Maxi,Earthdown Chiffon Maxi,out of stock,new,https://paavay.aalam.cloud/store/item/Earthdown+Chiffon+Maxi?id=4698,https://paavay.aalam.cloud/aalam/stock/item/4698/image/_/face-img,Paavay,GREEN,Chiffon,XL,Apparel & Accessories > Clothing > Dresses,1188.0 INR,1980.0 INR
MAXI055,Earthdown Chiffon Maxi,Earthdown Chiffon Maxi,out of stock,new,https://paavay.aalam.cloud/store/item/Earthdown+Chiffon+Maxi?id=4699,https://paavay.aalam.cloud/aalam/stock/item/4699/image/_/face-img,Paavay,GREEN,Chiffon,XXL,Apparel & Accessories > Clothing > Dresses,1188.0 INR,1980.0 INR
MAXI056,Earthdown Chiffon Maxi,Earthdown Chiffon Maxi,out of stock,new,https://paavay.aalam.cloud/store/item/Earthdown+Chiffon+Maxi?id=4700,https://paavay.aalam.cloud/aalam/stock/item/4700/image/_/face-img,Paavay,GREEN,Chiffon,XXXL,Apparel & Accessories > Clothing > Dresses,1188.0 INR,1980.0 INR
MAXI057,Sunlit Midi Dress,Sunlit Midi Dress,out of stock,new,https://paavay.aalam.cloud/store/item/Sunlit+Midi+Dress?id=4702,https://paavay.aalam.cloud/aalam/stock/item/4702/image/_/face-img,Paavay,,Cotton,XS,Apparel & Accessories > Clothing > Dresses,,1890.0 INR
MAXI058,Sunlit Midi Dress,Sunlit Midi Dress,out of stock,new,https://paavay.aalam.cloud/store/item/Sunlit+Midi+Dress?id=4703,https://paavay.aalam.cloud/aalam/stock/item/4703/image/_/face-img,Paavay,,Cotton,S,Apparel & Accessories > Clothing > Dresses,,1890.0 INR
MAXI059,Sunlit Midi Dress,Sunlit Midi Dress,out of stock,new,https://paavay.aalam.cloud/store/item/Sunlit+Midi+Dress?id=4704,https://paavay.aalam.cloud/aalam/stock/item/4704/image/_/face-img,Paavay,,Cotton,M,Apparel & Accessories > Clothing > Dresses,,1890.0 INR
MAXI060,Sunlit Midi Dress,Sunlit Midi Dress,out of stock,new,https://paavay.aalam.cloud/store/item/Sunlit+Midi+Dress?id=4706,https://paavay.aalam.cloud/aalam/stock/item/4706/image/_/face-img,Paavay,,Cotton,L,Apparel & Accessories > Clothing > Dresses,,1890.0 INR
MAXI061,Sunlit Midi Dress,Sunlit Midi Dress,out of stock,new,https://paavay.aalam.cloud/store/item/Sunlit+Midi+Dress?id=4708,https://paavay.aalam.cloud/aalam/stock/item/4708/image/_/face-img,Paavay,,Cotton,XL,Apparel & Accessories > Clothing > Dresses,,1890.0 INR
MAXI062,Sunlit Midi Dress,Sunlit Midi Dress,out of stock,new,https://paavay.aalam.cloud/store/item/Sunlit+Midi+Dress?id=4710,https://paavay.aalam.cloud/aalam/stock/item/4710/image/_/face-img,Paavay,,Cotton,XXL,Apparel & Accessories > Clothing > Dresses,,1890.0 INR
MAXI063,Sunlit Midi Dress,Sunlit Midi Dress,out of stock,new,https://paavay.aalam.cloud/store/item/Sunlit+Midi+Dress?id=4712,https://paavay.aalam.cloud/aalam/stock/item/4712/image/_/face-img,Paavay,,Cotton,XXXL,Apparel & Accessories > Clothing > Dresses,,1890.0 INR
MAXI064,Onyx Checked Maxi,Onyx Checked Maxi,out of stock,new,https://paavay.aalam.cloud/store/item/Onyx+Checked+Maxi?id=4780,https://paavay.aalam.cloud/aalam/stock/item/4780/image/_/face-img,Paavay,Black,Cotton,XS,Apparel & Accessories > Clothing > Dresses,1302.0 INR,1860.0 INR
MAXI065,Onyx Checked Maxi,Onyx Checked Maxi,out of stock,new,https://paavay.aalam.cloud/store/item/Onyx+Checked+Maxi?id=4781,https://paavay.aalam.cloud/aalam/stock/item/4781/image/_/face-img,Paavay,Black,Cotton,S,Apparel & Accessories > Clothing > Dresses,1302.0 INR,1860.0 INR
MAXI066,Onyx Checked Maxi,Onyx Checked Maxi,out of stock,new,https://paavay.aalam.cloud/store/item/Onyx+Checked+Maxi?id=4782,https://paavay.aalam.cloud/aalam/stock/item/4782/image/_/face-img,Paavay,Black,Cotton,M,Apparel & Accessories > Clothing > Dresses,1302.0 INR,1860.0 INR
MAXI067,Onyx Checked Maxi,Onyx Checked Maxi,out of stock,new,https://paavay.aalam.cloud/store/item/Onyx+Checked+Maxi?id=4783,https://paavay.aalam.cloud/aalam/stock/item/4783/image/_/face-img,Paavay,Black,Cotton,L,Apparel & Accessories > Clothing > Dresses,1302.0 INR,1860.0 INR
MAXI068,Onyx Checked Maxi,Onyx Checked Maxi,out of stock,new,https://paavay.aalam.cloud/store/item/Onyx+Checked+Maxi?id=4784,https://paavay.aalam.cloud/aalam/stock/item/4784/image/_/face-img,Paavay,Black,Cotton,XL,Apparel & Accessories > Clothing > Dresses,1302.0 INR,1860.0 INR
MAXI069,Onyx Checked Maxi,Onyx Checked Maxi,out of stock,new,https://paavay.aalam.cloud/store/item/Onyx+Checked+Maxi?id=4785,https://paavay.aalam.cloud/aalam/stock/item/4785/image/_/face-img,Paavay,Black,Cotton,XXL,Apparel & Accessories > Clothing > Dresses,1302.0 INR,1860.0 INR
MAXI070,Onyx Checked Maxi,Onyx Checked Maxi,out of stock,new,https://paavay.aalam.cloud/store/item/Onyx+Checked+Maxi?id=4786,https://paavay.aalam.cloud/aalam/stock/item/4786/image/_/face-img,Paavay,Black,Cotton,XXXL,Apparel & Accessories > Clothing > Dresses,1302.0 INR,1860.0 INR
AT01,Antique Gold Leggings,Antique Gold Leggings,in stock,new,https://paavay.aalam.cloud/store/item/Antique+Gold+Leggings?id=4796,https://paavay.aalam.cloud/aalam/stock/item/4796/image/_/face-img,Paavay,,,S,Apparel & Accessories > Clothing > Shirts & Tops,399.2 INR,499.0 INR
AT02,Antique Gold Leggings,Antique Gold Leggings,out of stock,new,https://paavay.aalam.cloud/store/item/Antique+Gold+Leggings?id=4797,https://paavay.aalam.cloud/aalam/stock/item/4797/image/_/face-img,Paavay,,,M,Apparel & Accessories > Clothing > Shirts & Tops,399.2 INR,499.0 INR
AT03,Antique Gold Leggings,Antique Gold Leggings,out of stock,new,https://paavay.aalam.cloud/store/item/Antique+Gold+Leggings?id=4798,https://paavay.aalam.cloud/aalam/stock/item/4798/image/_/face-img,Paavay,,,L,Apparel & Accessories > Clothing > Shirts & Tops,399.2 INR,499.0 INR
AT04,Antique Gold Leggings,Antique Gold Leggings,in stock,new,https://paavay.aalam.cloud/store/item/Antique+Gold+Leggings?id=4799,https://paavay.aalam.cloud/aalam/stock/item/4799/image/_/face-img,Paavay,,,XL,Apparel & Accessories > Clothing > Shirts & Tops,399.2 INR,499.0 INR
AT05,Antique Gold Leggings,Antique Gold Leggings,in stock,new,https://paavay.aalam.cloud/store/item/Antique+Gold+Leggings?id=4801,https://paavay.aalam.cloud/aalam/stock/item/4801/image/_/face-img,Paavay,,,XXL,Apparel & Accessories > Clothing > Shirts & Tops,399.2 INR,499.0 INR
D01,Denim Leggings,Denim Leggings,in stock,new,https://paavay.aalam.cloud/store/item/Denim+Leggings?id=4803,https://paavay.aalam.cloud/aalam/stock/item/4803/image/_/face-img,Paavay,,,S,Apparel & Accessories > Clothing > Shirts & Tops,399.2 INR,499.0 INR
D02,Denim Leggings,Denim Leggings,in stock,new,https://paavay.aalam.cloud/store/item/Denim+Leggings?id=4804,https://paavay.aalam.cloud/aalam/stock/item/4804/image/_/face-img,Paavay,,,M,Apparel & Accessories > Clothing > Shirts & Tops,399.2 INR,499.0 INR
D03,Denim Leggings,Denim Leggings,in stock,new,https://paavay.aalam.cloud/store/item/Denim+Leggings?id=4805,https://paavay.aalam.cloud/aalam/stock/item/4805/image/_/face-img,Paavay,,,L,Apparel & Accessories > Clothing > Shirts & Tops,399.2 INR,499.0 INR
D04,Denim Leggings,Denim Leggings,in stock,new,https://paavay.aalam.cloud/store/item/Denim+Leggings?id=4806,https://paavay.aalam.cloud/aalam/stock/item/4806/image/_/face-img,Paavay,,,XL,Apparel & Accessories > Clothing > Shirts & Tops,399.2 INR,499.0 INR
D05,Denim Leggings,Denim Leggings,in stock,new,https://paavay.aalam.cloud/store/item/Denim+Leggings?id=4807,https://paavay.aalam.cloud/aalam/stock/item/4807/image/_/face-img,Paavay,,,XXL,Apparel & Accessories > Clothing > Shirts & Tops,399.2 INR,499.0 INR
BL01,Black Leggings,Black Leggings,in stock,new,https://paavay.aalam.cloud/store/item/Black+Leggings?id=4809,https://paavay.aalam.cloud/aalam/stock/item/4809/image/_/face-img,Paavay,,,S,Apparel & Accessories > Clothing > Shirts & Tops,399.2 INR,499.0 INR
BL02,Black Leggings,Black Leggings,in stock,new,https://paavay.aalam.cloud/store/item/Black+Leggings?id=4810,https://paavay.aalam.cloud/aalam/stock/item/4810/image/_/face-img,Paavay,,,M,Apparel & Accessories > Clothing > Shirts & Tops,399.2 INR,499.0 INR
BL03,Black Leggings,Black Leggings,in stock,new,https://paavay.aalam.cloud/store/item/Black+Leggings?id=4811,https://paavay.aalam.cloud/aalam/stock/item/4811/image/_/face-img,Paavay,,,L,Apparel & Accessories > Clothing > Shirts & Tops,399.2 INR,499.0 INR
BL04,Black Leggings,Black Leggings,in stock,new,https://paavay.aalam.cloud/store/item/Black+Leggings?id=4812,https://paavay.aalam.cloud/aalam/stock/item/4812/image/_/face-img,Paavay,,,XL,Apparel & Accessories > Clothing > Shirts & Tops,399.2 INR,499.0 INR
BL05,Black Leggings,Black Leggings,in stock,new,https://paavay.aalam.cloud/store/item/Black+Leggings?id=4813,https://paavay.aalam.cloud/aalam/stock/item/4813/image/_/face-img,Paavay,,,XXL,Apparel & Accessories > Clothing > Shirts & Tops,399.2 INR,499.0 INR
MAXI071,Mystic Ikkat Maxi,Mystic Ikkat Maxi,out of stock,new,https://paavay.aalam.cloud/store/item/Mystic+Ikkat+Maxi?id=4842,https://paavay.aalam.cloud/aalam/stock/item/4842/image/_/face-img,Paavay,Black,Chiffon,XS,Apparel & Accessories > Clothing > Dresses,1188.0 INR,1980.0 INR
MAXI072,Mystic Ikkat Maxi,Mystic Ikkat Maxi,out of stock,new,https://paavay.aalam.cloud/store/item/Mystic+Ikkat+Maxi?id=4843,https://paavay.aalam.cloud/aalam/stock/item/4843/image/_/face-img,Paavay,Black,Chiffon,S,Apparel & Accessories > Clothing > Dresses,1188.0 INR,1980.0 INR
MAXI073,Mystic Ikkat Maxi,Mystic Ikkat Maxi,out of stock,new,https://paavay.aalam.cloud/store/item/Mystic+Ikkat+Maxi?id=4844,https://paavay.aalam.cloud/aalam/stock/item/4844/image/_/face-img,Paavay,Black,Chiffon,M,Apparel & Accessories > Clothing > Dresses,1188.0 INR,1980.0 INR
MAXI074,Mystic Ikkat Maxi,Mystic Ikkat Maxi,out of stock,new,https://paavay.aalam.cloud/store/item/Mystic+Ikkat+Maxi?id=4845,https://paavay.aalam.cloud/aalam/stock/item/4845/image/_/face-img,Paavay,Black,Chiffon,L,Apparel & Accessories > Clothing > Dresses,1188.0 INR,1980.0 INR
MAXI075,Mystic Ikkat Maxi,Mystic Ikkat Maxi,out of stock,new,https://paavay.aalam.cloud/store/item/Mystic+Ikkat+Maxi?id=4846,https://paavay.aalam.cloud/aalam/stock/item/4846/image/_/face-img,Paavay,Black,Chiffon,XL,Apparel & Accessories > Clothing > Dresses,1188.0 INR,1980.0 INR
MAXI076,Mystic Ikkat Maxi,Mystic Ikkat Maxi,out of stock,new,https://paavay.aalam.cloud/store/item/Mystic+Ikkat+Maxi?id=4847,https://paavay.aalam.cloud/aalam/stock/item/4847/image/_/face-img,Paavay,Black,Chiffon,XXL,Apparel & Accessories > Clothing > Dresses,1188.0 INR,1980.0 INR
MAXI077,Mystic Ikkat Maxi,Mystic Ikkat Maxi,out of stock,new,https://paavay.aalam.cloud/store/item/Mystic+Ikkat+Maxi?id=4848,https://paavay.aalam.cloud/aalam/stock/item/4848/image/_/face-img,Paavay,Black,Chiffon,XXXL,Apparel & Accessories > Clothing > Dresses,1188.0 INR,1980.0 INR
MAXI078,Rosette Georgette Maxi,Rosette Georgette Maxi,out of stock,new,https://paavay.aalam.cloud/store/item/Rosette+Georgette+Maxi?id=5125,https://paavay.aalam.cloud/aalam/stock/item/5125/image/_/face-img,Paavay,WHITE,Chiffon,XS,Apparel & Accessories > Clothing > Dresses,,2180.0 INR
MAXI079,Rosette Georgette Maxi,Rosette Georgette Maxi,out of stock,new,https://paavay.aalam.cloud/store/item/Rosette+Georgette+Maxi?id=5126,https://paavay.aalam.cloud/aalam/stock/item/5126/image/_/face-img,Paavay,WHITE,Chiffon,S,Apparel & Accessories > Clothing > Dresses,,2180.0 INR
MAXI080,Rosette Georgette Maxi,Rosette Georgette Maxi,out of stock,new,https://paavay.aalam.cloud/store/item/Rosette+Georgette+Maxi?id=5127,https://paavay.aalam.cloud/aalam/stock/item/5127/image/_/face-img,Paavay,WHITE,Chiffon,M,Apparel & Accessories > Clothing > Dresses,,2180.0 INR
MAXI081,Rosette Georgette Maxi,Rosette Georgette Maxi,out of stock,new,https://paavay.aalam.cloud/store/item/Rosette+Georgette+Maxi?id=5128,https://paavay.aalam.cloud/aalam/stock/item/5128/image/_/face-img,Paavay,WHITE,Chiffon,L,Apparel & Accessories > Clothing > Dresses,,2180.0 INR
MAXI082,Rosette Georgette Maxi,Rosette Georgette Maxi,out of stock,new,https://paavay.aalam.cloud/store/item/Rosette+Georgette+Maxi?id=5129,https://paavay.aalam.cloud/aalam/stock/item/5129/image/_/face-img,Paavay,WHITE,Chiffon,XL,Apparel & Accessories > Clothing > Dresses,,2180.0 INR
MAXI083,Rosette Georgette Maxi,Rosette Georgette Maxi,out of stock,new,https://paavay.aalam.cloud/store/item/Rosette+Georgette+Maxi?id=5130,https://paavay.aalam.cloud/aalam/stock/item/5130/image/_/face-img,Paavay,WHITE,Chiffon,XXL,Apparel & Accessories > Clothing > Dresses,,2180.0 INR
MAXI084,Rosette Georgette Maxi,Rosette Georgette Maxi,out of stock,new,https://paavay.aalam.cloud/store/item/Rosette+Georgette+Maxi?id=5131,https://paavay.aalam.cloud/aalam/stock/item/5131/image/_/face-img,Paavay,WHITE,Chiffon,XXXL,Apparel & Accessories > Clothing > Dresses,,2180.0 INR
MAXI085,Icy Bloom Pleated Maxi,Icy Bloom Pleated Maxi,out of stock,new,https://paavay.aalam.cloud/store/item/Icy+Bloom+Pleated+Maxi?id=5133,https://paavay.aalam.cloud/aalam/stock/item/5133/image/_/face-img,Paavay,,Chiffon,S,Apparel & Accessories > Clothing > Dresses,,2240.0 INR
MAXI086,Icy Bloom Pleated Maxi,Icy Bloom Pleated Maxi,out of stock,new,https://paavay.aalam.cloud/store/item/Icy+Bloom+Pleated+Maxi?id=5134,https://paavay.aalam.cloud/aalam/stock/item/5134/image/_/face-img,Paavay,,Chiffon,M,Apparel & Accessories > Clothing > Dresses,,2240.0 INR
MAXI087,Icy Bloom Pleated Maxi,Icy Bloom Pleated Maxi,out of stock,new,https://paavay.aalam.cloud/store/item/Icy+Bloom+Pleated+Maxi?id=5135,https://paavay.aalam.cloud/aalam/stock/item/5135/image/_/face-img,Paavay,,Chiffon,L,Apparel & Accessories > Clothing > Dresses,,2240.0 INR
MAXI088,Icy Bloom Pleated Maxi,Icy Bloom Pleated Maxi,out of stock,new,https://paavay.aalam.cloud/store/item/Icy+Bloom+Pleated+Maxi?id=5136,https://paavay.aalam.cloud/aalam/stock/item/5136/image/_/face-img,Paavay,,Chiffon,XL,Apparel & Accessories > Clothing > Dresses,,2240.0 INR
MAXI089,Icy Bloom Pleated Maxi,Icy Bloom Pleated Maxi,out of stock,new,https://paavay.aalam.cloud/store/item/Icy+Bloom+Pleated+Maxi?id=5137,https://paavay.aalam.cloud/aalam/stock/item/5137/image/_/face-img,Paavay,,Chiffon,XXL,Apparel & Accessories > Clothing > Dresses,,2240.0 INR
MIDI89,Blue Georgette Midi,Blue Georgette Midi,out of stock,new,https://paavay.aalam.cloud/store/item/Blue+Georgette+Midi?id=5139,https://paavay.aalam.cloud/aalam/stock/item/5139/image/_/face-img,Paavay,,,S,Apparel & Accessories > Clothing > Dresses,990.0 INR,1980.0 INR
MAXI90,Blue Georgette Midi,Blue Georgette Midi,out of stock,new,https://paavay.aalam.cloud/store/item/Blue+Georgette+Midi?id=5140,https://paavay.aalam.cloud/aalam/stock/item/5140/image/_/face-img,Paavay,,,M,Apparel & Accessories > Clothing > Dresses,990.0 INR,1980.0 INR
MIDI91,White Schiffili Midi,White Schiffili Midi,out of stock,new,https://paavay.aalam.cloud/store/item/White+Schiffili+Midi?id=5142,https://paavay.aalam.cloud/aalam/stock/item/5142/image/_/face-img,Paavay,,,S,Apparel & Accessories > Clothing > Dresses,,1280.0 INR
MIDI92,White Schiffili Midi,White Schiffili Midi,out of stock,new,https://paavay.aalam.cloud/store/item/White+Schiffili+Midi?id=5143,https://paavay.aalam.cloud/aalam/stock/item/5143/image/_/face-img,Paavay,,,M,Apparel & Accessories > Clothing > Dresses,,1280.0 INR
MIDI93,Colour Pop Chiffon Midi,Colour Pop Chiffon Midi,out of stock,new,https://paavay.aalam.cloud/store/item/Colour+Pop+Chiffon+Midi?id=5145,https://paavay.aalam.cloud/aalam/stock/item/5145/image/_/face-img,Paavay,,,S,Apparel & Accessories > Clothing > Dresses,,1099.0 INR
MIDI94,Colour Pop Chiffon Midi,Colour Pop Chiffon Midi,out of stock,new,https://paavay.aalam.cloud/store/item/Colour+Pop+Chiffon+Midi?id=5146,https://paavay.aalam.cloud/aalam/stock/item/5146/image/_/face-img,Paavay,,,M,Apparel & Accessories > Clothing > Dresses,,1099.0 INR
MIDI95,Stripes Green Midi,Stripes Green Midi,out of stock,new,https://paavay.aalam.cloud/store/item/Stripes+Green+Midi?id=5148,https://paavay.aalam.cloud/aalam/stock/item/5148/image/_/face-img,Paavay,,,S,Apparel & Accessories > Clothing > Dresses,,1140.0 INR
MIDI96,Stripes Green Midi,Stripes Green Midi,out of stock,new,https://paavay.aalam.cloud/store/item/Stripes+Green+Midi?id=5150,https://paavay.aalam.cloud/aalam/stock/item/5150/image/_/face-img,Paavay,,,M,Apparel & Accessories > Clothing > Dresses,,1140.0 INR
Maxi97,BlueBell Dream Chiffon Midi,BlueBell Dream Chiffon Midi,out of stock,new,https://paavay.aalam.cloud/store/item/BlueBell+Dream+Chiffon+Midi?id=5152,https://paavay.aalam.cloud/aalam/stock/item/5152/image/_/face-img,Paavay,BLUE,Chiffon,XS,Apparel & Accessories > Clothing > Dresses,1456.0 INR,2240.0 INR
MAXI98,BlueBell Dream Chiffon Midi,BlueBell Dream Chiffon Midi,out of stock,new,https://paavay.aalam.cloud/store/item/BlueBell+Dream+Chiffon+Midi?id=5153,https://paavay.aalam.cloud/aalam/stock/item/5153/image/_/face-img,Paavay,BLUE,Chiffon,S,Apparel & Accessories > Clothing > Dresses,1456.0 INR,2240.0 INR
MAXI100,BlueBell Dream Chiffon Midi,BlueBell Dream Chiffon Midi,out of stock,new,https://paavay.aalam.cloud/store/item/BlueBell+Dream+Chiffon+Midi?id=5154,https://paavay.aalam.cloud/aalam/stock/item/5154/image/_/face-img,Paavay,BLUE,Chiffon,M,Apparel & Accessories > Clothing > Dresses,1456.0 INR,2240.0 INR
MAXI101,BlueBell Dream Chiffon Midi,BlueBell Dream Chiffon Midi,out of stock,new,https://paavay.aalam.cloud/store/item/BlueBell+Dream+Chiffon+Midi?id=5155,https://paavay.aalam.cloud/aalam/stock/item/5155/image/_/face-img,Paavay,BLUE,Chiffon,L,Apparel & Accessories > Clothing > Dresses,1456.0 INR,2240.0 INR
MAXI102,BlueBell Dream Chiffon Midi,BlueBell Dream Chiffon Midi,out of stock,new,https://paavay.aalam.cloud/store/item/BlueBell+Dream+Chiffon+Midi?id=5157,https://paavay.aalam.cloud/aalam/stock/item/5157/image/_/face-img,Paavay,BLUE,Chiffon,XL,Apparel & Accessories > Clothing > Dresses,1456.0 INR,2240.0 INR
MAXI103,BlueBell Dream Chiffon Midi,BlueBell Dream Chiffon Midi,out of stock,new,https://paavay.aalam.cloud/store/item/BlueBell+Dream+Chiffon+Midi?id=5158,https://paavay.aalam.cloud/aalam/stock/item/5158/image/_/face-img,Paavay,BLUE,Chiffon,XXL,Apparel & Accessories > Clothing > Dresses,1456.0 INR,2240.0 INR
MAXI104,BlueBell Dream Chiffon Midi,BlueBell Dream Chiffon Midi,out of stock,new,https://paavay.aalam.cloud/store/item/BlueBell+Dream+Chiffon+Midi?id=5159,https://paavay.aalam.cloud/aalam/stock/item/5159/image/_/face-img,Paavay,BLUE,Chiffon,XXXL,Apparel & Accessories > Clothing > Dresses,1456.0 INR,2240.0 INR
MAXI105,Green Leopard Panel  Midi,Green Leopard Panel  Midi,out of stock,new,https://paavay.aalam.cloud/store/item/Green+Leopard+Panel++Midi?id=5161,https://paavay.aalam.cloud/aalam/stock/item/5161/image/_/face-img,Paavay,GREEN,Chiffon,XS,Apparel & Accessories > Clothing > Dresses,1953.0 INR,2170.0 INR
MAXI106,Green Leopard Panel  Midi,Green Leopard Panel  Midi,out of stock,new,https://paavay.aalam.cloud/store/item/Green+Leopard+Panel++Midi?id=5162,https://paavay.aalam.cloud/aalam/stock/item/5162/image/_/face-img,Paavay,GREEN,Chiffon,S,Apparel & Accessories > Clothing > Dresses,1953.0 INR,2170.0 INR
MAXI107,Green Leopard Panel  Midi,Green Leopard Panel  Midi,out of stock,new,https://paavay.aalam.cloud/store/item/Green+Leopard+Panel++Midi?id=5163,https://paavay.aalam.cloud/aalam/stock/item/5163/image/_/face-img,Paavay,GREEN,Chiffon,M,Apparel & Accessories > Clothing > Dresses,1953.0 INR,2170.0 INR
MAXI108,Green Leopard Panel  Midi,Green Leopard Panel  Midi,out of stock,new,https://paavay.aalam.cloud/store/item/Green+Leopard+Panel++Midi?id=5164,https://paavay.aalam.cloud/aalam/stock/item/5164/image/_/face-img,Paavay,GREEN,Chiffon,L,Apparel & Accessories > Clothing > Dresses,1953.0 INR,2170.0 INR
MAXI109,Green Leopard Panel  Midi,Green Leopard Panel  Midi,out of stock,new,https://paavay.aalam.cloud/store/item/Green+Leopard+Panel++Midi?id=5166,https://paavay.aalam.cloud/aalam/stock/item/5166/image/_/face-img,Paavay,GREEN,Chiffon,XL,Apparel & Accessories > Clothing > Dresses,1953.0 INR,2170.0 INR
MAXI110,Green Leopard Panel  Midi,Green Leopard Panel  Midi,out of stock,new,https://paavay.aalam.cloud/store/item/Green+Leopard+Panel++Midi?id=5167,https://paavay.aalam.cloud/aalam/stock/item/5167/image/_/face-img,Paavay,GREEN,Chiffon,XXL,Apparel & Accessories > Clothing > Dresses,1953.0 INR,2170.0 INR
MAXI111,Green Leopard Panel  Midi,Green Leopard Panel  Midi,out of stock,new,https://paavay.aalam.cloud/store/item/Green+Leopard+Panel++Midi?id=5168,https://paavay.aalam.cloud/aalam/stock/item/5168/image/_/face-img,Paavay,GREEN,Chiffon,XXXL,Apparel & Accessories > Clothing > Dresses,1953.0 INR,2170.0 INR
MAXI112,Cherry Chant Maxi,Cherry Chant Maxi,out of stock,new,https://paavay.aalam.cloud/store/item/Cherry+Chant+Maxi?id=5170,https://paavay.aalam.cloud/aalam/stock/item/5170/image/_/face-img,Paavay,RED,Chiffon,XS,Apparel & Accessories > Clothing > Dresses,1386.0 INR,1980.0 INR
MAXI113,Cherry Chant Maxi,Cherry Chant Maxi,out of stock,new,https://paavay.aalam.cloud/store/item/Cherry+Chant+Maxi?id=5171,https://paavay.aalam.cloud/aalam/stock/item/5171/image/_/face-img,Paavay,RED,Chiffon,S,Apparel & Accessories > Clothing > Dresses,1386.0 INR,1980.0 INR
MAXI114,Cherry Chant Maxi,Cherry Chant Maxi,out of stock,new,https://paavay.aalam.cloud/store/item/Cherry+Chant+Maxi?id=5172,https://paavay.aalam.cloud/aalam/stock/item/5172/image/_/face-img,Paavay,RED,Chiffon,M,Apparel & Accessories > Clothing > Dresses,1386.0 INR,1980.0 INR
MAXI115,Cherry Chant Maxi,Cherry Chant Maxi,out of stock,new,https://paavay.aalam.cloud/store/item/Cherry+Chant+Maxi?id=5173,https://paavay.aalam.cloud/aalam/stock/item/5173/image/_/face-img,Paavay,RED,Chiffon,L,Apparel & Accessories > Clothing > Dresses,1386.0 INR,1980.0 INR
MAXI116,Cherry Chant Maxi,Cherry Chant Maxi,out of stock,new,https://paavay.aalam.cloud/store/item/Cherry+Chant+Maxi?id=5174,https://paavay.aalam.cloud/aalam/stock/item/5174/image/_/face-img,Paavay,RED,Chiffon,XL,Apparel & Accessories > Clothing > Dresses,1386.0 INR,1980.0 INR
MAXI117,Cherry Chant Maxi,Cherry Chant Maxi,out of stock,new,https://paavay.aalam.cloud/store/item/Cherry+Chant+Maxi?id=5175,https://paavay.aalam.cloud/aalam/stock/item/5175/image/_/face-img,Paavay,RED,Chiffon,XXL,Apparel & Accessories > Clothing > Dresses,1386.0 INR,1980.0 INR
MAXI118,Cherry Chant Maxi,Cherry Chant Maxi,out of stock,new,https://paavay.aalam.cloud/store/item/Cherry+Chant+Maxi?id=5176,https://paavay.aalam.cloud/aalam/stock/item/5176/image/_/face-img,Paavay,RED,Chiffon,XXXL,Apparel & Accessories > Clothing > Dresses,1386.0 INR,1980.0 INR
MAXI119,Green Raga Panel Maxi,Green Raga Panel Maxi,out of stock,new,https://paavay.aalam.cloud/store/item/Green+Raga+Panel+Maxi?id=5178,https://paavay.aalam.cloud/aalam/stock/item/5178/image/_/face-img,Paavay,GREEN,Chiffon,XS,Apparel & Accessories > Clothing > Dresses,1296.0 INR,2160.0 INR
MAXI120,Green Raga Panel Maxi,Green Raga Panel Maxi,out of stock,new,https://paavay.aalam.cloud/store/item/Green+Raga+Panel+Maxi?id=5179,https://paavay.aalam.cloud/aalam/stock/item/5179/image/_/face-img,Paavay,GREEN,Chiffon,S,Apparel & Accessories > Clothing > Dresses,1296.0 INR,2160.0 INR
MAXI121,Green Raga Panel Maxi,Green Raga Panel Maxi,out of stock,new,https://paavay.aalam.cloud/store/item/Green+Raga+Panel+Maxi?id=5180,https://paavay.aalam.cloud/aalam/stock/item/5180/image/_/face-img,Paavay,GREEN,Chiffon,M,Apparel & Accessories > Clothing > Dresses,1296.0 INR,2160.0 INR
MAXI122,Green Raga Panel Maxi,Green Raga Panel Maxi,out of stock,new,https://paavay.aalam.cloud/store/item/Green+Raga+Panel+Maxi?id=5181,https://paavay.aalam.cloud/aalam/stock/item/5181/image/_/face-img,Paavay,GREEN,Chiffon,L,Apparel & Accessories > Clothing > Dresses,1296.0 INR,2160.0 INR
MAXI123,Green Raga Panel Maxi,Green Raga Panel Maxi,out of stock,new,https://paavay.aalam.cloud/store/item/Green+Raga+Panel+Maxi?id=5182,https://paavay.aalam.cloud/aalam/stock/item/5182/image/_/face-img,Paavay,GREEN,Chiffon,XL,Apparel & Accessories > Clothing > Dresses,1296.0 INR,2160.0 INR
MAXI124,Green Raga Panel Maxi,Green Raga Panel Maxi,out of stock,new,https://paavay.aalam.cloud/store/item/Green+Raga+Panel+Maxi?id=5183,https://paavay.aalam.cloud/aalam/stock/item/5183/image/_/face-img,Paavay,GREEN,Chiffon,XXL,Apparel & Accessories > Clothing > Dresses,1296.0 INR,2160.0 INR
MAXI125,Green Raga Panel Maxi,Green Raga Panel Maxi,out of stock,new,https://paavay.aalam.cloud/store/item/Green+Raga+Panel+Maxi?id=5184,https://paavay.aalam.cloud/aalam/stock/item/5184/image/_/face-img,Paavay,GREEN,Chiffon,XXXL,Apparel & Accessories > Clothing > Dresses,1296.0 INR,2160.0 INR
MAXI126,Berry Burst Chiffon Maxi,Berry Burst Chiffon Maxi,out of stock,new,https://paavay.aalam.cloud/store/item/Berry+Burst+Chiffon+Maxi?id=5186,https://paavay.aalam.cloud/aalam/stock/item/5186/image/_/face-img,Paavay,RED,Chiffon,XS,Apparel & Accessories > Clothing > Dresses,,2080.0 INR
MAXI127,Berry Burst Chiffon Maxi,Berry Burst Chiffon Maxi,out of stock,new,https://paavay.aalam.cloud/store/item/Berry+Burst+Chiffon+Maxi?id=5187,https://paavay.aalam.cloud/aalam/stock/item/5187/image/_/face-img,Paavay,RED,Chiffon,S,Apparel & Accessories > Clothing > Dresses,,2080.0 INR
MAXI128,Berry Burst Chiffon Maxi,Berry Burst Chiffon Maxi,out of stock,new,https://paavay.aalam.cloud/store/item/Berry+Burst+Chiffon+Maxi?id=5188,https://paavay.aalam.cloud/aalam/stock/item/5188/image/_/face-img,Paavay,RED,Chiffon,M,Apparel & Accessories > Clothing > Dresses,,2080.0 INR
MAXI129,Berry Burst Chiffon Maxi,Berry Burst Chiffon Maxi,out of stock,new,https://paavay.aalam.cloud/store/item/Berry+Burst+Chiffon+Maxi?id=5189,https://paavay.aalam.cloud/aalam/stock/item/5189/image/_/face-img,Paavay,RED,Chiffon,L,Apparel & Accessories > Clothing > Dresses,,2080.0 INR
MAXI130,Berry Burst Chiffon Maxi,Berry Burst Chiffon Maxi,out of stock,new,https://paavay.aalam.cloud/store/item/Berry+Burst+Chiffon+Maxi?id=5190,https://paavay.aalam.cloud/aalam/stock/item/5190/image/_/face-img,Paavay,RED,Chiffon,XL,Apparel & Accessories > Clothing > Dresses,,2080.0 INR
MAXI131,Berry Burst Chiffon Maxi,Berry Burst Chiffon Maxi,out of stock,new,https://paavay.aalam.cloud/store/item/Berry+Burst+Chiffon+Maxi?id=5191,https://paavay.aalam.cloud/aalam/stock/item/5191/image/_/face-img,Paavay,RED,Chiffon,XXL,Apparel & Accessories > Clothing > Dresses,,2080.0 INR
MAXI132,Berry Burst Chiffon Maxi,Berry Burst Chiffon Maxi,out of stock,new,https://paavay.aalam.cloud/store/item/Berry+Burst+Chiffon+Maxi?id=5192,https://paavay.aalam.cloud/aalam/stock/item/5192/image/_/face-img,Paavay,RED,Chiffon,XXXL,Apparel & Accessories > Clothing > Dresses,,2080.0 INR
MAXI133,Raspberry Radiant Pleated Maxi,Raspberry Radiant Pleated Maxi,out of stock,new,https://paavay.aalam.cloud/store/item/Raspberry+Radiant+Pleated+Maxi?id=5194,https://paavay.aalam.cloud/aalam/stock/item/5194/image/_/face-img,Paavay,PINK,Chiffon,XS,Apparel & Accessories > Clothing > Dresses,1296.0 INR,2160.0 INR
MAXI134,Raspberry Radiant Pleated Maxi,Raspberry Radiant Pleated Maxi,out of stock,new,https://paavay.aalam.cloud/store/item/Raspberry+Radiant+Pleated+Maxi?id=5195,https://paavay.aalam.cloud/aalam/stock/item/5195/image/_/face-img,Paavay,PINK,Chiffon,S,Apparel & Accessories > Clothing > Dresses,1296.0 INR,2160.0 INR
MAXI135,Raspberry Radiant Pleated Maxi,Raspberry Radiant Pleated Maxi,out of stock,new,https://paavay.aalam.cloud/store/item/Raspberry+Radiant+Pleated+Maxi?id=5198,https://paavay.aalam.cloud/aalam/stock/item/5198/image/_/face-img,Paavay,PINK,Chiffon,M,Apparel & Accessories > Clothing > Dresses,1296.0 INR,2160.0 INR
MAXI136,Raspberry Radiant Pleated Maxi,Raspberry Radiant Pleated Maxi,out of stock,new,https://paavay.aalam.cloud/store/item/Raspberry+Radiant+Pleated+Maxi?id=5199,https://paavay.aalam.cloud/aalam/stock/item/5199/image/_/face-img,Paavay,PINK,Chiffon,L,Apparel & Accessories > Clothing > Dresses,1296.0 INR,2160.0 INR
MAXI137,Raspberry Radiant Pleated Maxi,Raspberry Radiant Pleated Maxi,out of stock,new,https://paavay.aalam.cloud/store/item/Raspberry+Radiant+Pleated+Maxi?id=5200,https://paavay.aalam.cloud/aalam/stock/item/5200/image/_/face-img,Paavay,PINK,Chiffon,XL,Apparel & Accessories > Clothing > Dresses,1296.0 INR,2160.0 INR
MAXI138,Raspberry Radiant Pleated Maxi,Raspberry Radiant Pleated Maxi,out of stock,new,https://paavay.aalam.cloud/store/item/Raspberry+Radiant+Pleated+Maxi?id=5201,https://paavay.aalam.cloud/aalam/stock/item/5201/image/_/face-img,Paavay,PINK,Chiffon,XXL,Apparel & Accessories > Clothing > Dresses,1296.0 INR,2160.0 INR
MAXI139,Raspberry Radiant Pleated Maxi,Raspberry Radiant Pleated Maxi,out of stock,new,https://paavay.aalam.cloud/store/item/Raspberry+Radiant+Pleated+Maxi?id=5202,https://paavay.aalam.cloud/aalam/stock/item/5202/image/_/face-img,Paavay,PINK,Chiffon,XXXL,Apparel & Accessories > Clothing > Dresses,1296.0 INR,2160.0 INR
MAXI140,Pink Mirage Chiffon Maxi,Pink Mirage Chiffon Maxi,out of stock,new,https://paavay.aalam.cloud/store/item/Pink+Mirage+Chiffon+Maxi?id=5206,https://paavay.aalam.cloud/aalam/stock/item/5206/image/_/face-img,Paavay,PINK,Chiffon,XS,Apparel & Accessories > Clothing > Dresses,1188.0 INR,1980.0 INR
MAXI141,Pink Mirage Chiffon Maxi,Pink Mirage Chiffon Maxi,out of stock,new,https://paavay.aalam.cloud/store/item/Pink+Mirage+Chiffon+Maxi?id=5207,https://paavay.aalam.cloud/aalam/stock/item/5207/image/_/face-img,Paavay,PINK,Chiffon,S,Apparel & Accessories > Clothing > Dresses,1188.0 INR,1980.0 INR
MAXI142,Pink Mirage Chiffon Maxi,Pink Mirage Chiffon Maxi,out of stock,new,https://paavay.aalam.cloud/store/item/Pink+Mirage+Chiffon+Maxi?id=5208,https://paavay.aalam.cloud/aalam/stock/item/5208/image/_/face-img,Paavay,PINK,Chiffon,M,Apparel & Accessories > Clothing > Dresses,1188.0 INR,1980.0 INR
MAXI143,Pink Mirage Chiffon Maxi,Pink Mirage Chiffon Maxi,out of stock,new,https://paavay.aalam.cloud/store/item/Pink+Mirage+Chiffon+Maxi?id=5209,https://paavay.aalam.cloud/aalam/stock/item/5209/image/_/face-img,Paavay,PINK,Chiffon,L,Apparel & Accessories > Clothing > Dresses,1188.0 INR,1980.0 INR
MAXI144,Pink Mirage Chiffon Maxi,Pink Mirage Chiffon Maxi,out of stock,new,https://paavay.aalam.cloud/store/item/Pink+Mirage+Chiffon+Maxi?id=5210,https://paavay.aalam.cloud/aalam/stock/item/5210/image/_/face-img,Paavay,PINK,Chiffon,XL,Apparel & Accessories > Clothing > Dresses,1188.0 INR,1980.0 INR
MAXI145,Pink Mirage Chiffon Maxi,Pink Mirage Chiffon Maxi,out of stock,new,https://paavay.aalam.cloud/store/item/Pink+Mirage+Chiffon+Maxi?id=5211,https://paavay.aalam.cloud/aalam/stock/item/5211/image/_/face-img,Paavay,PINK,Chiffon,XXL,Apparel & Accessories > Clothing > Dresses,1188.0 INR,1980.0 INR
MAXI146,Pink Mirage Chiffon Maxi,Pink Mirage Chiffon Maxi,out of stock,new,https://paavay.aalam.cloud/store/item/Pink+Mirage+Chiffon+Maxi?id=5212,https://paavay.aalam.cloud/aalam/stock/item/5212/image/_/face-img,Paavay,PINK,Chiffon,XXXL,Apparel & Accessories > Clothing > Dresses,1188.0 INR,1980.0 INR
MAXI147,Aegean Leaf Chiffon Maxi,Aegean Leaf Chiffon Maxi,out of stock,new,https://paavay.aalam.cloud/store/item/Aegean+Leaf+Chiffon+Maxi?id=5214,https://paavay.aalam.cloud/aalam/stock/item/5214/image/_/face-img,Paavay,BLUE,Chiffon,XS,Apparel & Accessories > Clothing > Dresses,,2090.0 INR
MAXI148,Aegean Leaf Chiffon Maxi,Aegean Leaf Chiffon Maxi,out of stock,new,https://paavay.aalam.cloud/store/item/Aegean+Leaf+Chiffon+Maxi?id=5215,https://paavay.aalam.cloud/aalam/stock/item/5215/image/_/face-img,Paavay,BLUE,Chiffon,S,Apparel & Accessories > Clothing > Dresses,,2090.0 INR
MAXI149,Aegean Leaf Chiffon Maxi,Aegean Leaf Chiffon Maxi,out of stock,new,https://paavay.aalam.cloud/store/item/Aegean+Leaf+Chiffon+Maxi?id=5216,https://paavay.aalam.cloud/aalam/stock/item/5216/image/_/face-img,Paavay,BLUE,Chiffon,M,Apparel & Accessories > Clothing > Dresses,,2090.0 INR
MAXI150,Aegean Leaf Chiffon Maxi,Aegean Leaf Chiffon Maxi,out of stock,new,https://paavay.aalam.cloud/store/item/Aegean+Leaf+Chiffon+Maxi?id=5219,https://paavay.aalam.cloud/aalam/stock/item/5219/image/_/face-img,Paavay,BLUE,Chiffon,L,Apparel & Accessories > Clothing > Dresses,,2090.0 INR
MAXI151,Aegean Leaf Chiffon Maxi,Aegean Leaf Chiffon Maxi,out of stock,new,https://paavay.aalam.cloud/store/item/Aegean+Leaf+Chiffon+Maxi?id=5220,https://paavay.aalam.cloud/aalam/stock/item/5220/image/_/face-img,Paavay,BLUE,Chiffon,XL,Apparel & Accessories > Clothing > Dresses,,2090.0 INR
MAXI152,Aegean Leaf Chiffon Maxi,Aegean Leaf Chiffon Maxi,out of stock,new,https://paavay.aalam.cloud/store/item/Aegean+Leaf+Chiffon+Maxi?id=5221,https://paavay.aalam.cloud/aalam/stock/item/5221/image/_/face-img,Paavay,BLUE,Chiffon,XXL,Apparel & Accessories > Clothing > Dresses,,2090.0 INR
MAXI153,Aegean Leaf Chiffon Maxi,Aegean Leaf Chiffon Maxi,out of stock,new,https://paavay.aalam.cloud/store/item/Aegean+Leaf+Chiffon+Maxi?id=5223,https://paavay.aalam.cloud/aalam/stock/item/5223/image/_/face-img,Paavay,BLUE,Chiffon,XXXL,Apparel & Accessories > Clothing > Dresses,,2090.0 INR
MAXI154,Spring Muse Chiffon Maxi,Spring Muse Chiffon Maxi,out of stock,new,https://paavay.aalam.cloud/store/item/Spring+Muse+Chiffon+Maxi?id=5561,https://paavay.aalam.cloud/aalam/stock/item/5561/image/_/face-img,Paavay,,Chiffon,XS,Apparel & Accessories > Clothing > Dresses,1194.0 INR,1990.0 INR
MAXI155,Spring Muse Chiffon Maxi,Spring Muse Chiffon Maxi,out of stock,new,https://paavay.aalam.cloud/store/item/Spring+Muse+Chiffon+Maxi?id=5562,https://paavay.aalam.cloud/aalam/stock/item/5562/image/_/face-img,Paavay,,Chiffon,S,Apparel & Accessories > Clothing > Dresses,1194.0 INR,1990.0 INR
MAXI156,Spring Muse Chiffon Maxi,Spring Muse Chiffon Maxi,out of stock,new,https://paavay.aalam.cloud/store/item/Spring+Muse+Chiffon+Maxi?id=5563,https://paavay.aalam.cloud/aalam/stock/item/5563/image/_/face-img,Paavay,,Chiffon,M,Apparel & Accessories > Clothing > Dresses,1194.0 INR,1990.0 INR
MAXI157,Spring Muse Chiffon Maxi,Spring Muse Chiffon Maxi,out of stock,new,https://paavay.aalam.cloud/store/item/Spring+Muse+Chiffon+Maxi?id=5564,https://paavay.aalam.cloud/aalam/stock/item/5564/image/_/face-img,Paavay,,Chiffon,L,Apparel & Accessories > Clothing > Dresses,1194.0 INR,1990.0 INR
MAXI158,Spring Muse Chiffon Maxi,Spring Muse Chiffon Maxi,out of stock,new,https://paavay.aalam.cloud/store/item/Spring+Muse+Chiffon+Maxi?id=5565,https://paavay.aalam.cloud/aalam/stock/item/5565/image/_/face-img,Paavay,,Chiffon,XL,Apparel & Accessories > Clothing > Dresses,1194.0 INR,1990.0 INR
MAXI159,Spring Muse Chiffon Maxi,Spring Muse Chiffon Maxi,out of stock,new,https://paavay.aalam.cloud/store/item/Spring+Muse+Chiffon+Maxi?id=5566,https://paavay.aalam.cloud/aalam/stock/item/5566/image/_/face-img,Paavay,,Chiffon,XXL,Apparel & Accessories > Clothing > Dresses,1194.0 INR,1990.0 INR
MAXI160,Spring Muse Chiffon Maxi,Spring Muse Chiffon Maxi,out of stock,new,https://paavay.aalam.cloud/store/item/Spring+Muse+Chiffon+Maxi?id=5567,https://paavay.aalam.cloud/aalam/stock/item/5567/image/_/face-img,Paavay,,Chiffon,XXXL,Apparel & Accessories > Clothing > Dresses,1194.0 INR,1990.0 INR
MAXI161,Ruby Garden Chiffon Maxi,Ruby Garden Chiffon Maxi,out of stock,new,https://paavay.aalam.cloud/store/item/Ruby+Garden+Chiffon+Maxi?id=5569,https://paavay.aalam.cloud/aalam/stock/item/5569/image/_/face-img,Paavay,BLUE,Chiffon,XS,Apparel & Accessories > Clothing > Dresses,1568.0 INR,2240.0 INR
MAXI162,Ruby Garden Chiffon Maxi,Ruby Garden Chiffon Maxi,out of stock,new,https://paavay.aalam.cloud/store/item/Ruby+Garden+Chiffon+Maxi?id=5571,https://paavay.aalam.cloud/aalam/stock/item/5571/image/_/face-img,Paavay,BLUE,Chiffon,S,Apparel & Accessories > Clothing > Dresses,1568.0 INR,2240.0 INR
MAXI163,Ruby Garden Chiffon Maxi,Ruby Garden Chiffon Maxi,out of stock,new,https://paavay.aalam.cloud/store/item/Ruby+Garden+Chiffon+Maxi?id=5572,https://paavay.aalam.cloud/aalam/stock/item/5572/image/_/face-img,Paavay,BLUE,Chiffon,M,Apparel & Accessories > Clothing > Dresses,1568.0 INR,2240.0 INR
MAXI164,Ruby Garden Chiffon Maxi,Ruby Garden Chiffon Maxi,out of stock,new,https://paavay.aalam.cloud/store/item/Ruby+Garden+Chiffon+Maxi?id=5573,https://paavay.aalam.cloud/aalam/stock/item/5573/image/_/face-img,Paavay,BLUE,Chiffon,L,Apparel & Accessories > Clothing > Dresses,1568.0 INR,2240.0 INR
MAXI165,Ruby Garden Chiffon Maxi,Ruby Garden Chiffon Maxi,out of stock,new,https://paavay.aalam.cloud/store/item/Ruby+Garden+Chiffon+Maxi?id=5574,https://paavay.aalam.cloud/aalam/stock/item/5574/image/_/face-img,Paavay,BLUE,Chiffon,XL,Apparel & Accessories > Clothing > Dresses,1568.0 INR,2240.0 INR
MAXI166,Ruby Garden Chiffon Maxi,Ruby Garden Chiffon Maxi,out of stock,new,https://paavay.aalam.cloud/store/item/Ruby+Garden+Chiffon+Maxi?id=5576,https://paavay.aalam.cloud/aalam/stock/item/5576/image/_/face-img,Paavay,BLUE,Chiffon,XXL,Apparel & Accessories > Clothing > Dresses,1568.0 INR,2240.0 INR
MAXI167,Ruby Garden Chiffon Maxi,Ruby Garden Chiffon Maxi,out of stock,new,https://paavay.aalam.cloud/store/item/Ruby+Garden+Chiffon+Maxi?id=5577,https://paavay.aalam.cloud/aalam/stock/item/5577/image/_/face-img,Paavay,BLUE,Chiffon,XXXL,Apparel & Accessories > Clothing > Dresses,1568.0 INR,2240.0 INR
MAXI168,Peachwood Chiffon Maxi,Peachwood Chiffon Maxi,out of stock,new,https://paavay.aalam.cloud/store/item/Peachwood+Chiffon+Maxi?id=5579,https://paavay.aalam.cloud/aalam/stock/item/5579/image/_/face-img,Paavay,PINK,Chiffon,XS,Apparel & Accessories > Clothing > Dresses,1194.0 INR,1990.0 INR
MAXI169,Peachwood Chiffon Maxi,Peachwood Chiffon Maxi,out of stock,new,https://paavay.aalam.cloud/store/item/Peachwood+Chiffon+Maxi?id=5580,https://paavay.aalam.cloud/aalam/stock/item/5580/image/_/face-img,Paavay,PINK,Chiffon,S,Apparel & Accessories > Clothing > Dresses,1194.0 INR,1990.0 INR
MAXI170,Peachwood Chiffon Maxi,Peachwood Chiffon Maxi,out of stock,new,https://paavay.aalam.cloud/store/item/Peachwood+Chiffon+Maxi?id=5581,https://paavay.aalam.cloud/aalam/stock/item/5581/image/_/face-img,Paavay,PINK,Chiffon,M,Apparel & Accessories > Clothing > Dresses,1194.0 INR,1990.0 INR
MAXI171,Peachwood Chiffon Maxi,Peachwood Chiffon Maxi,out of stock,new,https://paavay.aalam.cloud/store/item/Peachwood+Chiffon+Maxi?id=5583,https://paavay.aalam.cloud/aalam/stock/item/5583/image/_/face-img,Paavay,PINK,Chiffon,L,Apparel & Accessories > Clothing > Dresses,1194.0 INR,1990.0 INR
MAXI172,Peachwood Chiffon Maxi,Peachwood Chiffon Maxi,out of stock,new,https://paavay.aalam.cloud/store/item/Peachwood+Chiffon+Maxi?id=5584,https://paavay.aalam.cloud/aalam/stock/item/5584/image/_/face-img,Paavay,PINK,Chiffon,XL,Apparel & Accessories > Clothing > Dresses,1194.0 INR,1990.0 INR
MAXI173,Peachwood Chiffon Maxi,Peachwood Chiffon Maxi,out of stock,new,https://paavay.aalam.cloud/store/item/Peachwood+Chiffon+Maxi?id=5585,https://paavay.aalam.cloud/aalam/stock/item/5585/image/_/face-img,Paavay,PINK,Chiffon,XXL,Apparel & Accessories > Clothing > Dresses,1194.0 INR,1990.0 INR
MAXI174,Peachwood Chiffon Maxi,Peachwood Chiffon Maxi,out of stock,new,https://paavay.aalam.cloud/store/item/Peachwood+Chiffon+Maxi?id=5586,https://paavay.aalam.cloud/aalam/stock/item/5586/image/_/face-img,Paavay,PINK,Chiffon,XXXL,Apparel & Accessories > Clothing > Dresses,1194.0 INR,1990.0 INR
MAXI175,Ivy Hakoba Midi,Ivy Hakoba Midi,out of stock,new,https://paavay.aalam.cloud/store/item/Ivy+Hakoba+Midi?id=5588,https://paavay.aalam.cloud/aalam/stock/item/5588/image/_/face-img,Paavay,GREEN,Cotton,XS,Apparel & Accessories > Clothing > Dresses,,1980.0 INR
MAXI176,Ivy Hakoba Midi,Ivy Hakoba Midi,out of stock,new,https://paavay.aalam.cloud/store/item/Ivy+Hakoba+Midi?id=5589,https://paavay.aalam.cloud/aalam/stock/item/5589/image/_/face-img,Paavay,GREEN,Cotton,S,Apparel & Accessories > Clothing > Dresses,,1980.0 INR
MAXI177,Ivy Hakoba Midi,Ivy Hakoba Midi,out of stock,new,https://paavay.aalam.cloud/store/item/Ivy+Hakoba+Midi?id=5590,https://paavay.aalam.cloud/aalam/stock/item/5590/image/_/face-img,Paavay,GREEN,Cotton,M,Apparel & Accessories > Clothing > Dresses,,1980.0 INR
MAXI178,Ivy Hakoba Midi,Ivy Hakoba Midi,out of stock,new,https://paavay.aalam.cloud/store/item/Ivy+Hakoba+Midi?id=5592,https://paavay.aalam.cloud/aalam/stock/item/5592/image/_/face-img,Paavay,GREEN,Cotton,L,Apparel & Accessories > Clothing > Dresses,,1980.0 INR
MAXI179,Ivy Hakoba Midi,Ivy Hakoba Midi,out of stock,new,https://paavay.aalam.cloud/store/item/Ivy+Hakoba+Midi?id=5593,https://paavay.aalam.cloud/aalam/stock/item/5593/image/_/face-img,Paavay,GREEN,Cotton,XL,Apparel & Accessories > Clothing > Dresses,,1980.0 INR
MAXI180,Ivy Hakoba Midi,Ivy Hakoba Midi,out of stock,new,https://paavay.aalam.cloud/store/item/Ivy+Hakoba+Midi?id=5594,https://paavay.aalam.cloud/aalam/stock/item/5594/image/_/face-img,Paavay,GREEN,Cotton,XXL,Apparel & Accessories > Clothing > Dresses,,1980.0 INR
MAXI181,Ivy Hakoba Midi,Ivy Hakoba Midi,out of stock,new,https://paavay.aalam.cloud/store/item/Ivy+Hakoba+Midi?id=5595,https://paavay.aalam.cloud/aalam/stock/item/5595/image/_/face-img,Paavay,GREEN,Cotton,XXXL,Apparel & Accessories > Clothing > Dresses,,1980.0 INR
MAXI182,Calm Currents Hakoba Maxi,Calm Currents Hakoba Maxi,out of stock,new,https://paavay.aalam.cloud/store/item/Calm+Currents+Hakoba+Maxi?id=5597,https://paavay.aalam.cloud/aalam/stock/item/5597/image/_/face-img,Paavay,WHITE,Cotton,XS,Apparel & Accessories > Clothing > Dresses,1254.0 INR,2090.0 INR
MAXI183,Calm Currents Hakoba Maxi,Calm Currents Hakoba Maxi,out of stock,new,https://paavay.aalam.cloud/store/item/Calm+Currents+Hakoba+Maxi?id=5598,https://paavay.aalam.cloud/aalam/stock/item/5598/image/_/face-img,Paavay,WHITE,Cotton,S,Apparel & Accessories > Clothing > Dresses,1254.0 INR,2090.0 INR
MAXI184,Calm Currents Hakoba Maxi,Calm Currents Hakoba Maxi,out of stock,new,https://paavay.aalam.cloud/store/item/Calm+Currents+Hakoba+Maxi?id=5600,https://paavay.aalam.cloud/aalam/stock/item/5600/image/_/face-img,Paavay,WHITE,Cotton,M,Apparel & Accessories > Clothing > Dresses,1254.0 INR,2090.0 INR
MAXI185,Calm Currents Hakoba Maxi,Calm Currents Hakoba Maxi,out of stock,new,https://paavay.aalam.cloud/store/item/Calm+Currents+Hakoba+Maxi?id=5601,https://paavay.aalam.cloud/aalam/stock/item/5601/image/_/face-img,Paavay,WHITE,Cotton,L,Apparel & Accessories > Clothing > Dresses,1254.0 INR,2090.0 INR
MAXI186,Calm Currents Hakoba Maxi,Calm Currents Hakoba Maxi,out of stock,new,https://paavay.aalam.cloud/store/item/Calm+Currents+Hakoba+Maxi?id=5602,https://paavay.aalam.cloud/aalam/stock/item/5602/image/_/face-img,Paavay,WHITE,Cotton,XL,Apparel & Accessories > Clothing > Dresses,1254.0 INR,2090.0 INR
MAXI187,Calm Currents Hakoba Maxi,Calm Currents Hakoba Maxi,out of stock,new,https://paavay.aalam.cloud/store/item/Calm+Currents+Hakoba+Maxi?id=5603,https://paavay.aalam.cloud/aalam/stock/item/5603/image/_/face-img,Paavay,WHITE,Cotton,XXL,Apparel & Accessories > Clothing > Dresses,1254.0 INR,2090.0 INR
MAXI188,Calm Currents Hakoba Maxi,Calm Currents Hakoba Maxi,out of stock,new,https://paavay.aalam.cloud/store/item/Calm+Currents+Hakoba+Maxi?id=5604,https://paavay.aalam.cloud/aalam/stock/item/5604/image/_/face-img,Paavay,WHITE,Cotton,XXXL,Apparel & Accessories > Clothing > Dresses,1254.0 INR,2090.0 INR
MAXI189,Sheer Blossom Chiffon Maxi,Sheer Blossom Chiffon Maxi,out of stock,new,https://paavay.aalam.cloud/store/item/Sheer+Blossom+Chiffon+Maxi?id=5612,https://paavay.aalam.cloud/aalam/stock/item/5612/image/_/face-img,Paavay,RED,Chiffon,XS,Apparel & Accessories > Clothing > Dresses,1946.5 INR,2290.0 INR
MAXI190,Sheer Blossom Chiffon Maxi,Sheer Blossom Chiffon Maxi,in stock,new,https://paavay.aalam.cloud/store/item/Sheer+Blossom+Chiffon+Maxi?id=5613,https://paavay.aalam.cloud/aalam/stock/item/5613/image/_/face-img,Paavay,RED,Chiffon,S,Apparel & Accessories > Clothing > Dresses,1946.5 INR,2290.0 INR
MAXI191,Sheer Blossom Chiffon Maxi,Sheer Blossom Chiffon Maxi,in stock,new,https://paavay.aalam.cloud/store/item/Sheer+Blossom+Chiffon+Maxi?id=5614,https://paavay.aalam.cloud/aalam/stock/item/5614/image/_/face-img,Paavay,RED,Chiffon,M,Apparel & Accessories > Clothing > Dresses,1946.5 INR,2290.0 INR
MAXI192,Sheer Blossom Chiffon Maxi,Sheer Blossom Chiffon Maxi,in stock,new,https://paavay.aalam.cloud/store/item/Sheer+Blossom+Chiffon+Maxi?id=5615,https://paavay.aalam.cloud/aalam/stock/item/5615/image/_/face-img,Paavay,RED,Chiffon,L,Apparel & Accessories > Clothing > Dresses,1946.5 INR,2290.0 INR
MAXI193,Sheer Blossom Chiffon Maxi,Sheer Blossom Chiffon Maxi,in stock,new,https://paavay.aalam.cloud/store/item/Sheer+Blossom+Chiffon+Maxi?id=5616,https://paavay.aalam.cloud/aalam/stock/item/5616/image/_/face-img,Paavay,RED,Chiffon,XL,Apparel & Accessories > Clothing > Dresses,1946.5 INR,2290.0 INR
MAXI194,Sheer Blossom Chiffon Maxi,Sheer Blossom Chiffon Maxi,in stock,new,https://paavay.aalam.cloud/store/item/Sheer+Blossom+Chiffon+Maxi?id=5617,https://paavay.aalam.cloud/aalam/stock/item/5617/image/_/face-img,Paavay,RED,Chiffon,XXL,Apparel & Accessories > Clothing > Dresses,1946.5 INR,2290.0 INR
MAXI195,Sheer Blossom Chiffon Maxi,Sheer Blossom Chiffon Maxi,in stock,new,https://paavay.aalam.cloud/store/item/Sheer+Blossom+Chiffon+Maxi?id=5618,https://paavay.aalam.cloud/aalam/stock/item/5618/image/_/face-img,Paavay,RED,Chiffon,XXXL,Apparel & Accessories > Clothing > Dresses,1946.5 INR,2290.0 INR
MAXI196,Chintz Blue Panel Midi,Chintz Blue Panel Midi,out of stock,new,https://paavay.aalam.cloud/store/item/Chintz+Blue+Panel+Midi?id=5620,https://paavay.aalam.cloud/aalam/stock/item/5620/image/_/face-img,Paavay,BLUE,Chiffon,XS,Apparel & Accessories > Clothing > Dresses,1695.75 INR,1995.0 INR
MAXI197,Chintz Blue Panel Midi,Chintz Blue Panel Midi,out of stock,new,https://paavay.aalam.cloud/store/item/Chintz+Blue+Panel+Midi?id=5621,https://paavay.aalam.cloud/aalam/stock/item/5621/image/_/face-img,Paavay,BLUE,Chiffon,S,Apparel & Accessories > Clothing > Dresses,1695.75 INR,1995.0 INR
MAXI198,Chintz Blue Panel Midi,Chintz Blue Panel Midi,in stock,new,https://paavay.aalam.cloud/store/item/Chintz+Blue+Panel+Midi?id=5622,https://paavay.aalam.cloud/aalam/stock/item/5622/image/_/face-img,Paavay,BLUE,Chiffon,M,Apparel & Accessories > Clothing > Dresses,1695.75 INR,1995.0 INR
MAXI199,Chintz Blue Panel Midi,Chintz Blue Panel Midi,out of stock,new,https://paavay.aalam.cloud/store/item/Chintz+Blue+Panel+Midi?id=5623,https://paavay.aalam.cloud/aalam/stock/item/5623/image/_/face-img,Paavay,BLUE,Chiffon,L,Apparel & Accessories > Clothing > Dresses,1695.75 INR,1995.0 INR
MAXI200,Chintz Blue Panel Midi,Chintz Blue Panel Midi,out of stock,new,https://paavay.aalam.cloud/store/item/Chintz+Blue+Panel+Midi?id=5624,https://paavay.aalam.cloud/aalam/stock/item/5624/image/_/face-img,Paavay,BLUE,Chiffon,XL,Apparel & Accessories > Clothing > Dresses,1695.75 INR,1995.0 INR
MAXI201,Chintz Blue Panel Midi,Chintz Blue Panel Midi,out of stock,new,https://paavay.aalam.cloud/store/item/Chintz+Blue+Panel+Midi?id=5625,https://paavay.aalam.cloud/aalam/stock/item/5625/image/_/face-img,Paavay,BLUE,Chiffon,XXL,Apparel & Accessories > Clothing > Dresses,1695.75 INR,1995.0 INR
MAXI202,Chintz Blue Panel Midi,Chintz Blue Panel Midi,out of stock,new,https://paavay.aalam.cloud/store/item/Chintz+Blue+Panel+Midi?id=5626,https://paavay.aalam.cloud/aalam/stock/item/5626/image/_/face-img,Paavay,BLUE,Chiffon,XXXL,Apparel & Accessories > Clothing > Dresses,1695.75 INR,1995.0 INR
MAXI203,Palace Petals Panel Maxi,Palace Petals Panel Maxi,out of stock,new,https://paavay.aalam.cloud/store/item/Palace+Petals+Panel+Maxi?id=5628,https://paavay.aalam.cloud/aalam/stock/item/5628/image/_/face-img,Paavay,BLUE,Chiffon,XS,Apparel & Accessories > Clothing > Dresses,1946.5 INR,2290.0 INR
MAXI204,Palace Petals Panel Maxi,Palace Petals Panel Maxi,in stock,new,https://paavay.aalam.cloud/store/item/Palace+Petals+Panel+Maxi?id=5629,https://paavay.aalam.cloud/aalam/stock/item/5629/image/_/face-img,Paavay,BLUE,Chiffon,S,Apparel & Accessories > Clothing > Dresses,1946.5 INR,2290.0 INR
MAXI205,Palace Petals Panel Maxi,Palace Petals Panel Maxi,in stock,new,https://paavay.aalam.cloud/store/item/Palace+Petals+Panel+Maxi?id=5630,https://paavay.aalam.cloud/aalam/stock/item/5630/image/_/face-img,Paavay,BLUE,Chiffon,M,Apparel & Accessories > Clothing > Dresses,1946.5 INR,2290.0 INR
MAXI206,Palace Petals Panel Maxi,Palace Petals Panel Maxi,in stock,new,https://paavay.aalam.cloud/store/item/Palace+Petals+Panel+Maxi?id=5631,https://paavay.aalam.cloud/aalam/stock/item/5631/image/_/face-img,Paavay,BLUE,Chiffon,L,Apparel & Accessories > Clothing > Dresses,1946.5 INR,2290.0 INR
MAXI207,Palace Petals Panel Maxi,Palace Petals Panel Maxi,in stock,new,https://paavay.aalam.cloud/store/item/Palace+Petals+Panel+Maxi?id=5632,https://paavay.aalam.cloud/aalam/stock/item/5632/image/_/face-img,Paavay,BLUE,Chiffon,XL,Apparel & Accessories > Clothing > Dresses,1946.5 INR,2290.0 INR
MAXI208,Palace Petals Panel Maxi,Palace Petals Panel Maxi,in stock,new,https://paavay.aalam.cloud/store/item/Palace+Petals+Panel+Maxi?id=5633,https://paavay.aalam.cloud/aalam/stock/item/5633/image/_/face-img,Paavay,BLUE,Chiffon,XXL,Apparel & Accessories > Clothing > Dresses,1946.5 INR,2290.0 INR
MAXI209,Palace Petals Panel Maxi,Palace Petals Panel Maxi,in stock,new,https://paavay.aalam.cloud/store/item/Palace+Petals+Panel+Maxi?id=5634,https://paavay.aalam.cloud/aalam/stock/item/5634/image/_/face-img,Paavay,BLUE,Chiffon,XXXL,Apparel & Accessories > Clothing > Dresses,1946.5 INR,2290.0 INR
MAXI211,Denim Panel Midi,Denim Panel Midi,out of stock,new,https://paavay.aalam.cloud/store/item/Denim+Panel+Midi?id=5637,https://paavay.aalam.cloud/aalam/stock/item/5637/image/_/face-img,Paavay,BLUE,Denim,S,Apparel & Accessories > Clothing > Dresses,1687.25 INR,1985.0 INR
MAXI212,Denim Panel Midi,Denim Panel Midi,out of stock,new,https://paavay.aalam.cloud/store/item/Denim+Panel+Midi?id=5638,https://paavay.aalam.cloud/aalam/stock/item/5638/image/_/face-img,Paavay,BLUE,Denim,M,Apparel & Accessories > Clothing > Dresses,1687.25 INR,1985.0 INR
MAXI213,Denim Panel Midi,Denim Panel Midi,in stock,new,https://paavay.aalam.cloud/store/item/Denim+Panel+Midi?id=5639,https://paavay.aalam.cloud/aalam/stock/item/5639/image/_/face-img,Paavay,BLUE,Denim,L,Apparel & Accessories > Clothing > Dresses,1687.25 INR,1985.0 INR
MAXI214,Denim Panel Midi,Denim Panel Midi,in stock,new,https://paavay.aalam.cloud/store/item/Denim+Panel+Midi?id=5640,https://paavay.aalam.cloud/aalam/stock/item/5640/image/_/face-img,Paavay,BLUE,Denim,XL,Apparel & Accessories > Clothing > Dresses,1687.25 INR,1985.0 INR
MAXI215,Denim Panel Midi,Denim Panel Midi,out of stock,new,https://paavay.aalam.cloud/store/item/Denim+Panel+Midi?id=5641,https://paavay.aalam.cloud/aalam/stock/item/5641/image/_/face-img,Paavay,BLUE,Denim,XXL,Apparel & Accessories > Clothing > Dresses,1687.25 INR,1985.0 INR
MAXI216,Denim Panel Midi,Denim Panel Midi,out of stock,new,https://paavay.aalam.cloud/store/item/Denim+Panel+Midi?id=5642,https://paavay.aalam.cloud/aalam/stock/item/5642/image/_/face-img,Paavay,BLUE,Denim,XXXL,Apparel & Accessories > Clothing > Dresses,1687.25 INR,1985.0 INR
MAXI217,Painterly Chiffon Maxi,Painterly Chiffon Maxi,out of stock,new,https://paavay.aalam.cloud/store/item/Painterly+Chiffon+Maxi?id=5648,https://paavay.aalam.cloud/aalam/stock/item/5648/image/_/face-img,Paavay,,Chiffon,XS,Apparel & Accessories > Clothing > Dresses,1364.35 INR,2099.0 INR
MAXI218,Painterly Chiffon Maxi,Painterly Chiffon Maxi,out of stock,new,https://paavay.aalam.cloud/store/item/Painterly+Chiffon+Maxi?id=5649,https://paavay.aalam.cloud/aalam/stock/item/5649/image/_/face-img,Paavay,,Chiffon,S,Apparel & Accessories > Clothing > Dresses,1364.35 INR,2099.0 INR
MAXI219,Painterly Chiffon Maxi,Painterly Chiffon Maxi,out of stock,new,https://paavay.aalam.cloud/store/item/Painterly+Chiffon+Maxi?id=5650,https://paavay.aalam.cloud/aalam/stock/item/5650/image/_/face-img,Paavay,,Chiffon,M,Apparel & Accessories > Clothing > Dresses,1364.35 INR,2099.0 INR
MAXI220,Painterly Chiffon Maxi,Painterly Chiffon Maxi,out of stock,new,https://paavay.aalam.cloud/store/item/Painterly+Chiffon+Maxi?id=5652,https://paavay.aalam.cloud/aalam/stock/item/5652/image/_/face-img,Paavay,,Chiffon,L,Apparel & Accessories > Clothing > Dresses,1364.35 INR,2099.0 INR
MAXI221,Painterly Chiffon Maxi,Painterly Chiffon Maxi,out of stock,new,https://paavay.aalam.cloud/store/item/Painterly+Chiffon+Maxi?id=5653,https://paavay.aalam.cloud/aalam/stock/item/5653/image/_/face-img,Paavay,,Chiffon,XL,Apparel & Accessories > Clothing > Dresses,1364.35 INR,2099.0 INR
MAXI222,Painterly Chiffon Maxi,Painterly Chiffon Maxi,out of stock,new,https://paavay.aalam.cloud/store/item/Painterly+Chiffon+Maxi?id=5654,https://paavay.aalam.cloud/aalam/stock/item/5654/image/_/face-img,Paavay,,Chiffon,XXL,Apparel & Accessories > Clothing > Dresses,1364.35 INR,2099.0 INR
MAXI223,Painterly Chiffon Maxi,Painterly Chiffon Maxi,out of stock,new,https://paavay.aalam.cloud/store/item/Painterly+Chiffon+Maxi?id=5655,https://paavay.aalam.cloud/aalam/stock/item/5655/image/_/face-img,Paavay,,Chiffon,XXXL,Apparel & Accessories > Clothing > Dresses,1364.35 INR,2099.0 INR
MAXI1224,Multi Petals Chiffon Maxi,Multi Petals Chiffon Maxi,out of stock,new,https://paavay.aalam.cloud/store/item/Multi+Petals+Chiffon+Maxi?id=5657,https://paavay.aalam.cloud/aalam/stock/item/5657/image/_/face-img,Paavay,ORANGE,Chiffon,XS,Apparel & Accessories > Clothing > Dresses,1197.0 INR,1995.0 INR
MAXI1225,Multi Petals Chiffon Maxi,Multi Petals Chiffon Maxi,out of stock,new,https://paavay.aalam.cloud/store/item/Multi+Petals+Chiffon+Maxi?id=5658,https://paavay.aalam.cloud/aalam/stock/item/5658/image/_/face-img,Paavay,ORANGE,Chiffon,S,Apparel & Accessories > Clothing > Dresses,1197.0 INR,1995.0 INR
MAXI1226,Multi Petals Chiffon Maxi,Multi Petals Chiffon Maxi,in stock,new,https://paavay.aalam.cloud/store/item/Multi+Petals+Chiffon+Maxi?id=5659,https://paavay.aalam.cloud/aalam/stock/item/5659/image/_/face-img,Paavay,ORANGE,Chiffon,M,Apparel & Accessories > Clothing > Dresses,1197.0 INR,1995.0 INR
MAXI1227,Multi Petals Chiffon Maxi,Multi Petals Chiffon Maxi,in stock,new,https://paavay.aalam.cloud/store/item/Multi+Petals+Chiffon+Maxi?id=5660,https://paavay.aalam.cloud/aalam/stock/item/5660/image/_/face-img,Paavay,ORANGE,Chiffon,L,Apparel & Accessories > Clothing > Dresses,1197.0 INR,1995.0 INR
MAXI1228,Multi Petals Chiffon Maxi,Multi Petals Chiffon Maxi,in stock,new,https://paavay.aalam.cloud/store/item/Multi+Petals+Chiffon+Maxi?id=5661,https://paavay.aalam.cloud/aalam/stock/item/5661/image/_/face-img,Paavay,ORANGE,Chiffon,XL,Apparel & Accessories > Clothing > Dresses,1197.0 INR,1995.0 INR
MAXI1229,Multi Petals Chiffon Maxi,Multi Petals Chiffon Maxi,in stock,new,https://paavay.aalam.cloud/store/item/Multi+Petals+Chiffon+Maxi?id=5662,https://paavay.aalam.cloud/aalam/stock/item/5662/image/_/face-img,Paavay,ORANGE,Chiffon,XXL,Apparel & Accessories > Clothing > Dresses,1197.0 INR,1995.0 INR
MAXI1230,Multi Petals Chiffon Maxi,Multi Petals Chiffon Maxi,out of stock,new,https://paavay.aalam.cloud/store/item/Multi+Petals+Chiffon+Maxi?id=5663,https://paavay.aalam.cloud/aalam/stock/item/5663/image/_/face-img,Paavay,ORANGE,Chiffon,XXXL,Apparel & Accessories > Clothing > Dresses,1197.0 INR,1995.0 INR
,Denim Panel Midi,Denim Panel Midi,out of stock,new,https://paavay.aalam.cloud/store/item/Denim+Panel+Midi?id=5664,https://paavay.aalam.cloud/aalam/stock/item/5664/image/_/face-img,Paavay,BLUE,Denim,XS,Apparel & Accessories > Clothing > Dresses,1687.25 INR,1985.0 INR
MAXI1231,Dream Petal Pleated Maxi,Dream Petal Pleated Maxi,out of stock,new,https://paavay.aalam.cloud/store/item/Dream+Petal+Pleated+Maxi?id=5665,https://paavay.aalam.cloud/aalam/stock/item/5665/image/_/face-img,Paavay,PURPLE,Chiffon,XS,Apparel & Accessories > Clothing > Dresses,1393.0 INR,1990.0 INR
MAXI1232,Dream Petal Pleated Maxi,Dream Petal Pleated Maxi,out of stock,new,https://paavay.aalam.cloud/store/item/Dream+Petal+Pleated+Maxi?id=5666,https://paavay.aalam.cloud/aalam/stock/item/5666/image/_/face-img,Paavay,PURPLE,Chiffon,S,Apparel & Accessories > Clothing > Dresses,1393.0 INR,1990.0 INR
MAXI1233,Dream Petal Pleated Maxi,Dream Petal Pleated Maxi,out of stock,new,https://paavay.aalam.cloud/store/item/Dream+Petal+Pleated+Maxi?id=5667,https://paavay.aalam.cloud/aalam/stock/item/5667/image/_/face-img,Paavay,PURPLE,Chiffon,M,Apparel & Accessories > Clothing > Dresses,1393.0 INR,1990.0 INR
MAXI1234,Dream Petal Pleated Maxi,Dream Petal Pleated Maxi,out of stock,new,https://paavay.aalam.cloud/store/item/Dream+Petal+Pleated+Maxi?id=5668,https://paavay.aalam.cloud/aalam/stock/item/5668/image/_/face-img,Paavay,PURPLE,Chiffon,L,Apparel & Accessories > Clothing > Dresses,1393.0 INR,1990.0 INR
MAXI1235,Dream Petal Pleated Maxi,Dream Petal Pleated Maxi,out of stock,new,https://paavay.aalam.cloud/store/item/Dream+Petal+Pleated+Maxi?id=5669,https://paavay.aalam.cloud/aalam/stock/item/5669/image/_/face-img,Paavay,PURPLE,Chiffon,XL,Apparel & Accessories > Clothing > Dresses,1393.0 INR,1990.0 INR
MAXI1236,Dream Petal Pleated Maxi,Dream Petal Pleated Maxi,out of stock,new,https://paavay.aalam.cloud/store/item/Dream+Petal+Pleated+Maxi?id=5670,https://paavay.aalam.cloud/aalam/stock/item/5670/image/_/face-img,Paavay,PURPLE,Chiffon,XXL,Apparel & Accessories > Clothing > Dresses,1393.0 INR,1990.0 INR
MAXI1237,Dream Petal Pleated Maxi,Dream Petal Pleated Maxi,out of stock,new,https://paavay.aalam.cloud/store/item/Dream+Petal+Pleated+Maxi?id=5671,https://paavay.aalam.cloud/aalam/stock/item/5671/image/_/face-img,Paavay,PURPLE,Chiffon,XXXL,Apparel & Accessories > Clothing > Dresses,1393.0 INR,1990.0 INR
MAXI1238,Azure Chiffon Midi,Azure Chiffon Midi,out of stock,new,https://paavay.aalam.cloud/store/item/Azure+Chiffon+Midi?id=5672,https://paavay.aalam.cloud/aalam/stock/item/5672/image/_/face-img,Paavay,BLUE,Chiffon,XS,Apparel & Accessories > Clothing > Dresses,1592.0 INR,1990.0 INR
MAXI1239,Azure Chiffon Midi,Azure Chiffon Midi,out of stock,new,https://paavay.aalam.cloud/store/item/Azure+Chiffon+Midi?id=5673,https://paavay.aalam.cloud/aalam/stock/item/5673/image/_/face-img,Paavay,BLUE,Chiffon,S,Apparel & Accessories > Clothing > Dresses,1592.0 INR,1990.0 INR
MAXI1240,Azure Chiffon Midi,Azure Chiffon Midi,out of stock,new,https://paavay.aalam.cloud/store/item/Azure+Chiffon+Midi?id=5674,https://paavay.aalam.cloud/aalam/stock/item/5674/image/_/face-img,Paavay,BLUE,Chiffon,M,Apparel & Accessories > Clothing > Dresses,1592.0 INR,1990.0 INR
MAXI1241,Azure Chiffon Midi,Azure Chiffon Midi,out of stock,new,https://paavay.aalam.cloud/store/item/Azure+Chiffon+Midi?id=5675,https://paavay.aalam.cloud/aalam/stock/item/5675/image/_/face-img,Paavay,BLUE,Chiffon,L,Apparel & Accessories > Clothing > Dresses,1592.0 INR,1990.0 INR
MAXI1242,Azure Chiffon Midi,Azure Chiffon Midi,out of stock,new,https://paavay.aalam.cloud/store/item/Azure+Chiffon+Midi?id=5676,https://paavay.aalam.cloud/aalam/stock/item/5676/image/_/face-img,Paavay,BLUE,Chiffon,XL,Apparel & Accessories > Clothing > Dresses,1592.0 INR,1990.0 INR
MAXI1243,Azure Chiffon Midi,Azure Chiffon Midi,out of stock,new,https://paavay.aalam.cloud/store/item/Azure+Chiffon+Midi?id=5677,https://paavay.aalam.cloud/aalam/stock/item/5677/image/_/face-img,Paavay,BLUE,Chiffon,XXL,Apparel & Accessories > Clothing > Dresses,1592.0 INR,1990.0 INR
MAXI1244,Azure Chiffon Midi,Azure Chiffon Midi,out of stock,new,https://paavay.aalam.cloud/store/item/Azure+Chiffon+Midi?id=5678,https://paavay.aalam.cloud/aalam/stock/item/5678/image/_/face-img,Paavay,BLUE,Chiffon,XXXL,Apparel & Accessories > Clothing > Dresses,1592.0 INR,1990.0 INR
MAXI1245,Petal Storm Panel Maxi,Petal Storm Panel Maxi,out of stock,new,https://paavay.aalam.cloud/store/item/Petal+Storm+Panel+Maxi?id=5679,https://paavay.aalam.cloud/aalam/stock/item/5679/image/_/face-img,Paavay,RED,Chiffon,XS,Apparel & Accessories > Clothing > Dresses,1970.97 INR,2189.97 INR
MAXI1246,Petal Storm Panel Maxi,Petal Storm Panel Maxi,out of stock,new,https://paavay.aalam.cloud/store/item/Petal+Storm+Panel+Maxi?id=5680,https://paavay.aalam.cloud/aalam/stock/item/5680/image/_/face-img,Paavay,RED,Chiffon,S,Apparel & Accessories > Clothing > Dresses,1970.97 INR,2189.97 INR
MAXI1247,Petal Storm Panel Maxi,Petal Storm Panel Maxi,in stock,new,https://paavay.aalam.cloud/store/item/Petal+Storm+Panel+Maxi?id=5681,https://paavay.aalam.cloud/aalam/stock/item/5681/image/_/face-img,Paavay,RED,Chiffon,M,Apparel & Accessories > Clothing > Dresses,1970.97 INR,2189.97 INR
MAXI1248,Petal Storm Panel Maxi,Petal Storm Panel Maxi,in stock,new,https://paavay.aalam.cloud/store/item/Petal+Storm+Panel+Maxi?id=5682,https://paavay.aalam.cloud/aalam/stock/item/5682/image/_/face-img,Paavay,RED,Chiffon,L,Apparel & Accessories > Clothing > Dresses,1970.97 INR,2189.97 INR
MAXI1249,Petal Storm Panel Maxi,Petal Storm Panel Maxi,out of stock,new,https://paavay.aalam.cloud/store/item/Petal+Storm+Panel+Maxi?id=5683,https://paavay.aalam.cloud/aalam/stock/item/5683/image/_/face-img,Paavay,RED,Chiffon,XL,Apparel & Accessories > Clothing > Dresses,1970.97 INR,2189.97 INR
MAXI1250,Petal Storm Panel Maxi,Petal Storm Panel Maxi,out of stock,new,https://paavay.aalam.cloud/store/item/Petal+Storm+Panel+Maxi?id=5684,https://paavay.aalam.cloud/aalam/stock/item/5684/image/_/face-img,Paavay,RED,Chiffon,XXL,Apparel & Accessories > Clothing > Dresses,1970.97 INR,2189.97 INR
MAXI1251,Petal Storm Panel Maxi,Petal Storm Panel Maxi,out of stock,new,https://paavay.aalam.cloud/store/item/Petal+Storm+Panel+Maxi?id=5685,https://paavay.aalam.cloud/aalam/stock/item/5685/image/_/face-img,Paavay,RED,Chiffon,XXXL,Apparel & Accessories > Clothing > Dresses,1970.97 INR,2189.97 INR
MAXI252,RetroRuby Chiffon  Midi,RetroRuby Chiffon  Midi,out of stock,new,https://paavay.aalam.cloud/store/item/RetroRuby+Chiffon++Midi?id=5686,https://paavay.aalam.cloud/aalam/stock/item/5686/image/_/face-img,Paavay,RED,Chiffon,XS,Apparel & Accessories > Clothing > Dresses,1134.0 INR,1890.0 INR
MAXI253,RetroRuby Chiffon  Midi,RetroRuby Chiffon  Midi,out of stock,new,https://paavay.aalam.cloud/store/item/RetroRuby+Chiffon++Midi?id=5687,https://paavay.aalam.cloud/aalam/stock/item/5687/image/_/face-img,Paavay,RED,Chiffon,S,Apparel & Accessories > Clothing > Dresses,1134.0 INR,1890.0 INR
MAXI254,RetroRuby Chiffon  Midi,RetroRuby Chiffon  Midi,out of stock,new,https://paavay.aalam.cloud/store/item/RetroRuby+Chiffon++Midi?id=5688,https://paavay.aalam.cloud/aalam/stock/item/5688/image/_/face-img,Paavay,RED,Chiffon,M,Apparel & Accessories > Clothing > Dresses,1134.0 INR,1890.0 INR
MAXI255,RetroRuby Chiffon  Midi,RetroRuby Chiffon  Midi,out of stock,new,https://paavay.aalam.cloud/store/item/RetroRuby+Chiffon++Midi?id=5689,https://paavay.aalam.cloud/aalam/stock/item/5689/image/_/face-img,Paavay,RED,Chiffon,L,Apparel & Accessories > Clothing > Dresses,1134.0 INR,1890.0 INR
MAXI256,RetroRuby Chiffon  Midi,RetroRuby Chiffon  Midi,out of stock,new,https://paavay.aalam.cloud/store/item/RetroRuby+Chiffon++Midi?id=5690,https://paavay.aalam.cloud/aalam/stock/item/5690/image/_/face-img,Paavay,RED,Chiffon,XL,Apparel & Accessories > Clothing > Dresses,1134.0 INR,1890.0 INR
MAXI257,RetroRuby Chiffon  Midi,RetroRuby Chiffon  Midi,out of stock,new,https://paavay.aalam.cloud/store/item/RetroRuby+Chiffon++Midi?id=5692,https://paavay.aalam.cloud/aalam/stock/item/5692/image/_/face-img,Paavay,RED,Chiffon,XXL,Apparel & Accessories > Clothing > Dresses,1134.0 INR,1890.0 INR
MAXI258,RetroRuby Chiffon  Midi,RetroRuby Chiffon  Midi,out of stock,new,https://paavay.aalam.cloud/store/item/RetroRuby+Chiffon++Midi?id=5693,https://paavay.aalam.cloud/aalam/stock/item/5693/image/_/face-img,Paavay,RED,Chiffon,XXXL,Apparel & Accessories > Clothing > Dresses,1134.0 INR,1890.0 INR
MAXI261,Coral Vinez Panel Maxi,Coral Vinez Panel Maxi,out of stock,new,https://paavay.aalam.cloud/store/item/Coral+Vinez+Panel+Maxi?id=5696,https://paavay.aalam.cloud/aalam/stock/item/5696/image/_/face-img,Paavay,Peach,Chiffon,M,Apparel & Accessories > Clothing > Dresses,1533.0 INR,2190.0 INR
MAXI259,Coral Vinez Panel Maxi,Coral Vinez Panel Maxi,out of stock,new,https://paavay.aalam.cloud/store/item/Coral+Vinez+Panel+Maxi?id=5697,https://paavay.aalam.cloud/aalam/stock/item/5697/image/_/face-img,Paavay,Peach,Chiffon,XS,Apparel & Accessories > Clothing > Dresses,1533.0 INR,2190.0 INR
MAXI260,Coral Vinez Panel Maxi,Coral Vinez Panel Maxi,out of stock,new,https://paavay.aalam.cloud/store/item/Coral+Vinez+Panel+Maxi?id=5698,https://paavay.aalam.cloud/aalam/stock/item/5698/image/_/face-img,Paavay,Peach,Chiffon,S,Apparel & Accessories > Clothing > Dresses,1533.0 INR,2190.0 INR
MAXI262,Coral Vinez Panel Maxi,Coral Vinez Panel Maxi,out of stock,new,https://paavay.aalam.cloud/store/item/Coral+Vinez+Panel+Maxi?id=5699,https://paavay.aalam.cloud/aalam/stock/item/5699/image/_/face-img,Paavay,Peach,Chiffon,L,Apparel & Accessories > Clothing > Dresses,1533.0 INR,2190.0 INR
MAXI263,Coral Vinez Panel Maxi,Coral Vinez Panel Maxi,out of stock,new,https://paavay.aalam.cloud/store/item/Coral+Vinez+Panel+Maxi?id=5700,https://paavay.aalam.cloud/aalam/stock/item/5700/image/_/face-img,Paavay,Peach,Chiffon,XL,Apparel & Accessories > Clothing > Dresses,1533.0 INR,2190.0 INR
MAXI264,Coral Vinez Panel Maxi,Coral Vinez Panel Maxi,out of stock,new,https://paavay.aalam.cloud/store/item/Coral+Vinez+Panel+Maxi?id=5701,https://paavay.aalam.cloud/aalam/stock/item/5701/image/_/face-img,Paavay,Peach,Chiffon,XXL,Apparel & Accessories > Clothing > Dresses,1533.0 INR,2190.0 INR
MAXI265,Coral Vinez Panel Maxi,Coral Vinez Panel Maxi,out of stock,new,https://paavay.aalam.cloud/store/item/Coral+Vinez+Panel+Maxi?id=5702,https://paavay.aalam.cloud/aalam/stock/item/5702/image/_/face-img,Paavay,Peach,Chiffon,XXXL,Apparel & Accessories > Clothing > Dresses,1533.0 INR,2190.0 INR
MAXI266,Classic Checkered Midi,Classic Checkered Midi,out of stock,new,https://paavay.aalam.cloud/store/item/Classic+Checkered+Midi?id=5703,https://paavay.aalam.cloud/aalam/stock/item/5703/image/_/face-img,Paavay,,Cotton,S,Apparel & Accessories > Clothing > Dresses,899.5 INR,1799.0 INR
MAXI267,Classic Checkered Midi,Classic Checkered Midi,in stock,new,https://paavay.aalam.cloud/store/item/Classic+Checkered+Midi?id=5704,https://paavay.aalam.cloud/aalam/stock/item/5704/image/_/face-img,Paavay,,Cotton,M,Apparel & Accessories > Clothing > Dresses,899.5 INR,1799.0 INR
MAXI268,Classic Checkered Midi,Classic Checkered Midi,out of stock,new,https://paavay.aalam.cloud/store/item/Classic+Checkered+Midi?id=5705,https://paavay.aalam.cloud/aalam/stock/item/5705/image/_/face-img,Paavay,,Cotton,L,Apparel & Accessories > Clothing > Dresses,899.5 INR,1799.0 INR
MAXI269,Classic Checkered Midi,Classic Checkered Midi,out of stock,new,https://paavay.aalam.cloud/store/item/Classic+Checkered+Midi?id=5706,https://paavay.aalam.cloud/aalam/stock/item/5706/image/_/face-img,Paavay,,Cotton,XL,Apparel & Accessories > Clothing > Dresses,899.5 INR,1799.0 INR
MAXI270,Navy Front-Slit Casual Midi,Navy Front-Slit Casual Midi,in stock,new,https://paavay.aalam.cloud/store/item/Navy+Front-Slit+Casual+Midi?id=5707,https://paavay.aalam.cloud/aalam/stock/item/5707/image/_/face-img,Paavay,BLUE,Cotton,S,Apparel & Accessories > Clothing > Dresses,1521.5 INR,1790.0 INR
MAXI272,Navy Front-Slit Casual Midi,Navy Front-Slit Casual Midi,in stock,new,https://paavay.aalam.cloud/store/item/Navy+Front-Slit+Casual+Midi?id=5708,https://paavay.aalam.cloud/aalam/stock/item/5708/image/_/face-img,Paavay,BLUE,Cotton,M,Apparel & Accessories > Clothing > Dresses,1521.5 INR,1790.0 INR
MAXI273,Navy Front-Slit Casual Midi,Navy Front-Slit Casual Midi,in stock,new,https://paavay.aalam.cloud/store/item/Navy+Front-Slit+Casual+Midi?id=5710,https://paavay.aalam.cloud/aalam/stock/item/5710/image/_/face-img,Paavay,BLUE,Cotton,L,Apparel & Accessories > Clothing > Dresses,1521.5 INR,1790.0 INR
MAXI274,Navy Front-Slit Casual Midi,Navy Front-Slit Casual Midi,in stock,new,https://paavay.aalam.cloud/store/item/Navy+Front-Slit+Casual+Midi?id=5711,https://paavay.aalam.cloud/aalam/stock/item/5711/image/_/face-img,Paavay,BLUE,Cotton,XL,Apparel & Accessories > Clothing > Dresses,1521.5 INR,1790.0 INR
MAXI275,Wild Hibicus Chiffon Midi,Wild Hibicus Chiffon Midi,out of stock,new,https://paavay.aalam.cloud/store/item/Wild+Hibicus+Chiffon+Midi?id=5712,https://paavay.aalam.cloud/aalam/stock/item/5712/image/_/face-img,Paavay,RED,Chiffon,S,Apparel & Accessories > Clothing > Dresses,,1890.0 INR
MAXI276,Wild Hibicus Chiffon Midi,Wild Hibicus Chiffon Midi,out of stock,new,https://paavay.aalam.cloud/store/item/Wild+Hibicus+Chiffon+Midi?id=5713,https://paavay.aalam.cloud/aalam/stock/item/5713/image/_/face-img,Paavay,RED,Chiffon,M,Apparel & Accessories > Clothing > Dresses,,1890.0 INR
MAXI277,Wild Hibicus Chiffon Midi,Wild Hibicus Chiffon Midi,out of stock,new,https://paavay.aalam.cloud/store/item/Wild+Hibicus+Chiffon+Midi?id=5714,https://paavay.aalam.cloud/aalam/stock/item/5714/image/_/face-img,Paavay,RED,Chiffon,L,Apparel & Accessories > Clothing > Dresses,,1890.0 INR
MAXI278,Wild Hibicus Chiffon Midi,Wild Hibicus Chiffon Midi,out of stock,new,https://paavay.aalam.cloud/store/item/Wild+Hibicus+Chiffon+Midi?id=5715,https://paavay.aalam.cloud/aalam/stock/item/5715/image/_/face-img,Paavay,RED,Chiffon,XL,Apparel & Accessories > Clothing > Dresses,,1890.0 INR
MAXI279,Wild Hibicus Chiffon Midi,Wild Hibicus Chiffon Midi,out of stock,new,https://paavay.aalam.cloud/store/item/Wild+Hibicus+Chiffon+Midi?id=5716,https://paavay.aalam.cloud/aalam/stock/item/5716/image/_/face-img,Paavay,RED,Chiffon,XXL,Apparel & Accessories > Clothing > Dresses,,1890.0 INR
MAXI280,Wild Hibicus Chiffon Midi,Wild Hibicus Chiffon Midi,out of stock,new,https://paavay.aalam.cloud/store/item/Wild+Hibicus+Chiffon+Midi?id=5717,https://paavay.aalam.cloud/aalam/stock/item/5717/image/_/face-img,Paavay,RED,Chiffon,XXXL,Apparel & Accessories > Clothing > Dresses,,1890.0 INR
MAXI282,Beryl Chiffon Maxi,Beryl Chiffon Maxi,in stock,new,https://paavay.aalam.cloud/store/item/Beryl+Chiffon+Maxi?id=5718,https://paavay.aalam.cloud/aalam/stock/item/5718/image/_/face-img,Paavay,BLUE,Chiffon,S,Apparel & Accessories > Clothing > Dresses,1853.0 INR,2180.0 INR
MAXI281,Beryl Chiffon Maxi,Beryl Chiffon Maxi,out of stock,new,https://paavay.aalam.cloud/store/item/Beryl+Chiffon+Maxi?id=5719,https://paavay.aalam.cloud/aalam/stock/item/5719/image/_/face-img,Paavay,BLUE,Chiffon,XS,Apparel & Accessories > Clothing > Dresses,1853.0 INR,2180.0 INR
MAXI283,Beryl Chiffon Maxi,Beryl Chiffon Maxi,in stock,new,https://paavay.aalam.cloud/store/item/Beryl+Chiffon+Maxi?id=5720,https://paavay.aalam.cloud/aalam/stock/item/5720/image/_/face-img,Paavay,BLUE,Chiffon,M,Apparel & Accessories > Clothing > Dresses,1853.0 INR,2180.0 INR
MAXI284,Beryl Chiffon Maxi,Beryl Chiffon Maxi,in stock,new,https://paavay.aalam.cloud/store/item/Beryl+Chiffon+Maxi?id=5721,https://paavay.aalam.cloud/aalam/stock/item/5721/image/_/face-img,Paavay,BLUE,Chiffon,L,Apparel & Accessories > Clothing > Dresses,1853.0 INR,2180.0 INR
MAXI285,Beryl Chiffon Maxi,Beryl Chiffon Maxi,in stock,new,https://paavay.aalam.cloud/store/item/Beryl+Chiffon+Maxi?id=5722,https://paavay.aalam.cloud/aalam/stock/item/5722/image/_/face-img,Paavay,BLUE,Chiffon,XL,Apparel & Accessories > Clothing > Dresses,1853.0 INR,2180.0 INR
MAXI286,Beryl Chiffon Maxi,Beryl Chiffon Maxi,out of stock,new,https://paavay.aalam.cloud/store/item/Beryl+Chiffon+Maxi?id=5723,https://paavay.aalam.cloud/aalam/stock/item/5723/image/_/face-img,Paavay,BLUE,Chiffon,XXL,Apparel & Accessories > Clothing > Dresses,1853.0 INR,2180.0 INR
MAXI287,Beryl Chiffon Maxi,Beryl Chiffon Maxi,out of stock,new,https://paavay.aalam.cloud/store/item/Beryl+Chiffon+Maxi?id=5724,https://paavay.aalam.cloud/aalam/stock/item/5724/image/_/face-img,Paavay,BLUE,Chiffon,XXXL,Apparel & Accessories > Clothing > Dresses,1853.0 INR,2180.0 INR
MAXI288,Marigold Meadow Panel Midi,Marigold Meadow Panel Midi,out of stock,new,https://paavay.aalam.cloud/store/item/Marigold+Meadow+Panel+Midi?id=5725,https://paavay.aalam.cloud/aalam/stock/item/5725/image/_/face-img,Paavay,WHITE,Cotton,XS,Apparel & Accessories > Clothing > Dresses,1861.5 INR,2190.0 INR
MAXI289,Marigold Meadow Panel Midi,Marigold Meadow Panel Midi,out of stock,new,https://paavay.aalam.cloud/store/item/Marigold+Meadow+Panel+Midi?id=5726,https://paavay.aalam.cloud/aalam/stock/item/5726/image/_/face-img,Paavay,WHITE,Cotton,S,Apparel & Accessories > Clothing > Dresses,1861.5 INR,2190.0 INR
MAXI290,Marigold Meadow Panel Midi,Marigold Meadow Panel Midi,out of stock,new,https://paavay.aalam.cloud/store/item/Marigold+Meadow+Panel+Midi?id=5727,https://paavay.aalam.cloud/aalam/stock/item/5727/image/_/face-img,Paavay,WHITE,Cotton,M,Apparel & Accessories > Clothing > Dresses,1861.5 INR,2190.0 INR
MAXI291,Marigold Meadow Panel Midi,Marigold Meadow Panel Midi,out of stock,new,https://paavay.aalam.cloud/store/item/Marigold+Meadow+Panel+Midi?id=5728,https://paavay.aalam.cloud/aalam/stock/item/5728/image/_/face-img,Paavay,WHITE,Cotton,L,Apparel & Accessories > Clothing > Dresses,1861.5 INR,2190.0 INR
MAXI292,Marigold Meadow Panel Midi,Marigold Meadow Panel Midi,out of stock,new,https://paavay.aalam.cloud/store/item/Marigold+Meadow+Panel+Midi?id=5729,https://paavay.aalam.cloud/aalam/stock/item/5729/image/_/face-img,Paavay,WHITE,Cotton,XL,Apparel & Accessories > Clothing > Dresses,1861.5 INR,2190.0 INR
MAXI293,Marigold Meadow Panel Midi,Marigold Meadow Panel Midi,out of stock,new,https://paavay.aalam.cloud/store/item/Marigold+Meadow+Panel+Midi?id=5730,https://paavay.aalam.cloud/aalam/stock/item/5730/image/_/face-img,Paavay,WHITE,Cotton,XXL,Apparel & Accessories > Clothing > Dresses,1861.5 INR,2190.0 INR
MAXI294,Marigold Meadow Panel Midi,Marigold Meadow Panel Midi,out of stock,new,https://paavay.aalam.cloud/store/item/Marigold+Meadow+Panel+Midi?id=5731,https://paavay.aalam.cloud/aalam/stock/item/5731/image/_/face-img,Paavay,WHITE,Cotton,XXXL,Apparel & Accessories > Clothing > Dresses,1861.5 INR,2190.0 INR
,Mono Mirage Panel Maxi,Mono Mirage Panel Maxi,out of stock,new,https://paavay.aalam.cloud/store/item/Mono+Mirage+Panel+Maxi?id=5732,https://paavay.aalam.cloud/aalam/stock/item/5732/image/_/face-img,Paavay,Black,Chiffon,XS,Apparel & Accessories > Clothing > Dresses,1748.0 INR,2185.0 INR
MAXI295,Mono Mirage Panel Maxi,Mono Mirage Panel Maxi,out of stock,new,https://paavay.aalam.cloud/store/item/Mono+Mirage+Panel+Maxi?id=5734,https://paavay.aalam.cloud/aalam/stock/item/5734/image/_/face-img,Paavay,Black,Chiffon,S,Apparel & Accessories > Clothing > Dresses,1748.0 INR,2185.0 INR
MAXI296,Mono Mirage Panel Maxi,Mono Mirage Panel Maxi,out of stock,new,https://paavay.aalam.cloud/store/item/Mono+Mirage+Panel+Maxi?id=5735,https://paavay.aalam.cloud/aalam/stock/item/5735/image/_/face-img,Paavay,Black,Chiffon,M,Apparel & Accessories > Clothing > Dresses,1748.0 INR,2185.0 INR
MAXI297,Mono Mirage Panel Maxi,Mono Mirage Panel Maxi,out of stock,new,https://paavay.aalam.cloud/store/item/Mono+Mirage+Panel+Maxi?id=5736,https://paavay.aalam.cloud/aalam/stock/item/5736/image/_/face-img,Paavay,Black,Chiffon,L,Apparel & Accessories > Clothing > Dresses,1748.0 INR,2185.0 INR
MAXI298,Mono Mirage Panel Maxi,Mono Mirage Panel Maxi,out of stock,new,https://paavay.aalam.cloud/store/item/Mono+Mirage+Panel+Maxi?id=5737,https://paavay.aalam.cloud/aalam/stock/item/5737/image/_/face-img,Paavay,Black,Chiffon,XL,Apparel & Accessories > Clothing > Dresses,1748.0 INR,2185.0 INR
MAXI299,Mono Mirage Panel Maxi,Mono Mirage Panel Maxi,out of stock,new,https://paavay.aalam.cloud/store/item/Mono+Mirage+Panel+Maxi?id=5738,https://paavay.aalam.cloud/aalam/stock/item/5738/image/_/face-img,Paavay,Black,Chiffon,XXL,Apparel & Accessories > Clothing > Dresses,1748.0 INR,2185.0 INR
MAXI300,Mono Mirage Panel Maxi,Mono Mirage Panel Maxi,out of stock,new,https://paavay.aalam.cloud/store/item/Mono+Mirage+Panel+Maxi?id=5739,https://paavay.aalam.cloud/aalam/stock/item/5739/image/_/face-img,Paavay,Black,Chiffon,XXXL,Apparel & Accessories > Clothing > Dresses,1748.0 INR,2185.0 INR
MAXI302,Seaform Daisy Chiffon Maxi,Seaform Daisy Chiffon Maxi,out of stock,new,https://paavay.aalam.cloud/store/item/Seaform+Daisy+Chiffon+Maxi?id=5741,https://paavay.aalam.cloud/aalam/stock/item/5741/image/_/face-img,Paavay,GREEN,Chiffon,S,Apparel & Accessories > Clothing > Dresses,,1995.0 INR
MAXI303,Seaform Daisy Chiffon Maxi,Seaform Daisy Chiffon Maxi,out of stock,new,https://paavay.aalam.cloud/store/item/Seaform+Daisy+Chiffon+Maxi?id=5742,https://paavay.aalam.cloud/aalam/stock/item/5742/image/_/face-img,Paavay,GREEN,Chiffon,M,Apparel & Accessories > Clothing > Dresses,,1995.0 INR
MAXI304,Seaform Daisy Chiffon Maxi,Seaform Daisy Chiffon Maxi,out of stock,new,https://paavay.aalam.cloud/store/item/Seaform+Daisy+Chiffon+Maxi?id=5743,https://paavay.aalam.cloud/aalam/stock/item/5743/image/_/face-img,Paavay,GREEN,Chiffon,L,Apparel & Accessories > Clothing > Dresses,,1995.0 INR
MAXI305,Seaform Daisy Chiffon Maxi,Seaform Daisy Chiffon Maxi,out of stock,new,https://paavay.aalam.cloud/store/item/Seaform+Daisy+Chiffon+Maxi?id=5744,https://paavay.aalam.cloud/aalam/stock/item/5744/image/_/face-img,Paavay,GREEN,Chiffon,XL,Apparel & Accessories > Clothing > Dresses,,1995.0 INR
MAXI306,Seaform Daisy Chiffon Maxi,Seaform Daisy Chiffon Maxi,out of stock,new,https://paavay.aalam.cloud/store/item/Seaform+Daisy+Chiffon+Maxi?id=5745,https://paavay.aalam.cloud/aalam/stock/item/5745/image/_/face-img,Paavay,GREEN,Chiffon,XXL,Apparel & Accessories > Clothing > Dresses,,1995.0 INR
MAXI307,Seaform Daisy Chiffon Maxi,Seaform Daisy Chiffon Maxi,out of stock,new,https://paavay.aalam.cloud/store/item/Seaform+Daisy+Chiffon+Maxi?id=5746,https://paavay.aalam.cloud/aalam/stock/item/5746/image/_/face-img,Paavay,GREEN,Chiffon,XXXL,Apparel & Accessories > Clothing > Dresses,,1995.0 INR
MIDI309,Infinity Hakoba Midi,Infinity Hakoba Midi,out of stock,new,https://paavay.aalam.cloud/store/item/Infinity+Hakoba+Midi?id=5747,https://paavay.aalam.cloud/aalam/stock/item/5747/image/_/face-img,Paavay,WHITE,Cotton,S,Apparel & Accessories > Clothing > Dresses,1584.0 INR,1980.0 INR
MIDI308,Infinity Hakoba Midi,Infinity Hakoba Midi,out of stock,new,https://paavay.aalam.cloud/store/item/Infinity+Hakoba+Midi?id=5748,https://paavay.aalam.cloud/aalam/stock/item/5748/image/_/face-img,Paavay,WHITE,Cotton,XS,Apparel & Accessories > Clothing > Dresses,1584.0 INR,1980.0 INR
MIDI310,Infinity Hakoba Midi,Infinity Hakoba Midi,out of stock,new,https://paavay.aalam.cloud/store/item/Infinity+Hakoba+Midi?id=5749,https://paavay.aalam.cloud/aalam/stock/item/5749/image/_/face-img,Paavay,WHITE,Cotton,M,Apparel & Accessories > Clothing > Dresses,1584.0 INR,1980.0 INR
MIDI311,Infinity Hakoba Midi,Infinity Hakoba Midi,out of stock,new,https://paavay.aalam.cloud/store/item/Infinity+Hakoba+Midi?id=5750,https://paavay.aalam.cloud/aalam/stock/item/5750/image/_/face-img,Paavay,WHITE,Cotton,L,Apparel & Accessories > Clothing > Dresses,1584.0 INR,1980.0 INR
MIDI312,Infinity Hakoba Midi,Infinity Hakoba Midi,out of stock,new,https://paavay.aalam.cloud/store/item/Infinity+Hakoba+Midi?id=5751,https://paavay.aalam.cloud/aalam/stock/item/5751/image/_/face-img,Paavay,WHITE,Cotton,XL,Apparel & Accessories > Clothing > Dresses,1584.0 INR,1980.0 INR
MIDI313,Infinity Hakoba Midi,Infinity Hakoba Midi,out of stock,new,https://paavay.aalam.cloud/store/item/Infinity+Hakoba+Midi?id=5752,https://paavay.aalam.cloud/aalam/stock/item/5752/image/_/face-img,Paavay,WHITE,Cotton,XXL,Apparel & Accessories > Clothing > Dresses,1584.0 INR,1980.0 INR
MIDI314,Infinity Hakoba Midi,Infinity Hakoba Midi,out of stock,new,https://paavay.aalam.cloud/store/item/Infinity+Hakoba+Midi?id=5753,https://paavay.aalam.cloud/aalam/stock/item/5753/image/_/face-img,Paavay,WHITE,Cotton,XXXL,Apparel & Accessories > Clothing > Dresses,1584.0 INR,1980.0 INR
MIDI316,Daffodil Chiffon Midi,Daffodil Chiffon Midi,in stock,new,https://paavay.aalam.cloud/store/item/Daffodil+Chiffon+Midi?id=5754,https://paavay.aalam.cloud/aalam/stock/item/5754/image/_/face-img,Paavay,GREEN,Chiffon,S,Apparel & Accessories > Clothing > Dresses,1592.0 INR,1990.0 INR
MIDI315,Daffodil Chiffon Midi,Daffodil Chiffon Midi,out of stock,new,https://paavay.aalam.cloud/store/item/Daffodil+Chiffon+Midi?id=5755,https://paavay.aalam.cloud/aalam/stock/item/5755/image/_/face-img,Paavay,GREEN,Chiffon,XS,Apparel & Accessories > Clothing > Dresses,1592.0 INR,1990.0 INR
MIDI317,Daffodil Chiffon Midi,Daffodil Chiffon Midi,out of stock,new,https://paavay.aalam.cloud/store/item/Daffodil+Chiffon+Midi?id=5756,https://paavay.aalam.cloud/aalam/stock/item/5756/image/_/face-img,Paavay,GREEN,Chiffon,M,Apparel & Accessories > Clothing > Dresses,1592.0 INR,1990.0 INR
MIDI318,Daffodil Chiffon Midi,Daffodil Chiffon Midi,out of stock,new,https://paavay.aalam.cloud/store/item/Daffodil+Chiffon+Midi?id=5757,https://paavay.aalam.cloud/aalam/stock/item/5757/image/_/face-img,Paavay,GREEN,Chiffon,L,Apparel & Accessories > Clothing > Dresses,1592.0 INR,1990.0 INR
MIDI319,Daffodil Chiffon Midi,Daffodil Chiffon Midi,out of stock,new,https://paavay.aalam.cloud/store/item/Daffodil+Chiffon+Midi?id=5758,https://paavay.aalam.cloud/aalam/stock/item/5758/image/_/face-img,Paavay,GREEN,Chiffon,XL,Apparel & Accessories > Clothing > Dresses,1592.0 INR,1990.0 INR
MIDI320,Daffodil Chiffon Midi,Daffodil Chiffon Midi,out of stock,new,https://paavay.aalam.cloud/store/item/Daffodil+Chiffon+Midi?id=5759,https://paavay.aalam.cloud/aalam/stock/item/5759/image/_/face-img,Paavay,GREEN,Chiffon,XXL,Apparel & Accessories > Clothing > Dresses,1592.0 INR,1990.0 INR
MIDI321,Daffodil Chiffon Midi,Daffodil Chiffon Midi,out of stock,new,https://paavay.aalam.cloud/store/item/Daffodil+Chiffon+Midi?id=5760,https://paavay.aalam.cloud/aalam/stock/item/5760/image/_/face-img,Paavay,GREEN,Chiffon,XXXL,Apparel & Accessories > Clothing > Dresses,1592.0 INR,1990.0 INR
MAXI323,Copper Blossoms Chiffon maxi,Copper Blossoms Chiffon maxi,out of stock,new,https://paavay.aalam.cloud/store/item/Copper+Blossoms+Chiffon+maxi?id=5761,https://paavay.aalam.cloud/aalam/stock/item/5761/image/_/face-img,Paavay,,Chiffon,S,Apparel & Accessories > Clothing > Dresses,1691.5 INR,1990.0 INR
MAXI322,Copper Blossoms Chiffon maxi,Copper Blossoms Chiffon maxi,out of stock,new,https://paavay.aalam.cloud/store/item/Copper+Blossoms+Chiffon+maxi?id=5762,https://paavay.aalam.cloud/aalam/stock/item/5762/image/_/face-img,Paavay,,Chiffon,XS,Apparel & Accessories > Clothing > Dresses,1691.5 INR,1990.0 INR
MAXI325,Copper Blossoms Chiffon maxi,Copper Blossoms Chiffon maxi,in stock,new,https://paavay.aalam.cloud/store/item/Copper+Blossoms+Chiffon+maxi?id=5763,https://paavay.aalam.cloud/aalam/stock/item/5763/image/_/face-img,Paavay,,Chiffon,M,Apparel & Accessories > Clothing > Dresses,1691.5 INR,1990.0 INR
MAXI326,Copper Blossoms Chiffon maxi,Copper Blossoms Chiffon maxi,in stock,new,https://paavay.aalam.cloud/store/item/Copper+Blossoms+Chiffon+maxi?id=5764,https://paavay.aalam.cloud/aalam/stock/item/5764/image/_/face-img,Paavay,,Chiffon,L,Apparel & Accessories > Clothing > Dresses,1691.5 INR,1990.0 INR
MAXI327,Copper Blossoms Chiffon maxi,Copper Blossoms Chiffon maxi,in stock,new,https://paavay.aalam.cloud/store/item/Copper+Blossoms+Chiffon+maxi?id=5765,https://paavay.aalam.cloud/aalam/stock/item/5765/image/_/face-img,Paavay,,Chiffon,XL,Apparel & Accessories > Clothing > Dresses,1691.5 INR,1990.0 INR
MAXI328,Copper Blossoms Chiffon maxi,Copper Blossoms Chiffon maxi,out of stock,new,https://paavay.aalam.cloud/store/item/Copper+Blossoms+Chiffon+maxi?id=5766,https://paavay.aalam.cloud/aalam/stock/item/5766/image/_/face-img,Paavay,,Chiffon,XXL,Apparel & Accessories > Clothing > Dresses,1691.5 INR,1990.0 INR
MAXI329,Copper Blossoms Chiffon maxi,Copper Blossoms Chiffon maxi,out of stock,new,https://paavay.aalam.cloud/store/item/Copper+Blossoms+Chiffon+maxi?id=5767,https://paavay.aalam.cloud/aalam/stock/item/5767/image/_/face-img,Paavay,,Chiffon,XXXL,Apparel & Accessories > Clothing > Dresses,1691.5 INR,1990.0 INR
MAXI331,Clover Field Panel Maxi,Clover Field Panel Maxi,out of stock,new,https://paavay.aalam.cloud/store/item/Clover+Field+Panel+Maxi?id=5768,https://paavay.aalam.cloud/aalam/stock/item/5768/image/_/face-img,Paavay,WHITE,Cotton,S,Apparel & Accessories > Clothing > Dresses,1848.75 INR,2175.0 INR
MAXI332,Clover Field Panel Maxi,Clover Field Panel Maxi,out of stock,new,https://paavay.aalam.cloud/store/item/Clover+Field+Panel+Maxi?id=5770,https://paavay.aalam.cloud/aalam/stock/item/5770/image/_/face-img,Paavay,WHITE,Cotton,M,Apparel & Accessories > Clothing > Dresses,1848.75 INR,2175.0 INR
MAXI333,Clover Field Panel Maxi,Clover Field Panel Maxi,out of stock,new,https://paavay.aalam.cloud/store/item/Clover+Field+Panel+Maxi?id=5771,https://paavay.aalam.cloud/aalam/stock/item/5771/image/_/face-img,Paavay,WHITE,Cotton,L,Apparel & Accessories > Clothing > Dresses,1848.75 INR,2175.0 INR
MAXI334,Clover Field Panel Maxi,Clover Field Panel Maxi,in stock,new,https://paavay.aalam.cloud/store/item/Clover+Field+Panel+Maxi?id=5772,https://paavay.aalam.cloud/aalam/stock/item/5772/image/_/face-img,Paavay,WHITE,Cotton,XL,Apparel & Accessories > Clothing > Dresses,1848.75 INR,2175.0 INR
MAXI335,Clover Field Panel Maxi,Clover Field Panel Maxi,in stock,new,https://paavay.aalam.cloud/store/item/Clover+Field+Panel+Maxi?id=5773,https://paavay.aalam.cloud/aalam/stock/item/5773/image/_/face-img,Paavay,WHITE,Cotton,XXL,Apparel & Accessories > Clothing > Dresses,1848.75 INR,2175.0 INR
MAXI336,Clover Field Panel Maxi,Clover Field Panel Maxi,out of stock,new,https://paavay.aalam.cloud/store/item/Clover+Field+Panel+Maxi?id=5774,https://paavay.aalam.cloud/aalam/stock/item/5774/image/_/face-img,Paavay,WHITE,Cotton,XXXL,Apparel & Accessories > Clothing > Dresses,1848.75 INR,2175.0 INR
MAXI337,Jade Bloom Chiffon Maxi,Jade Bloom Chiffon Maxi,in stock,new,https://paavay.aalam.cloud/store/item/Jade+Bloom+Chiffon+Maxi?id=5775,https://paavay.aalam.cloud/aalam/stock/item/5775/image/_/face-img,Paavay,GREEN,Chiffon,S,Apparel & Accessories > Clothing > Dresses,997.5 INR,1995.0 INR
MAXI338,Jade Bloom Chiffon Maxi,Jade Bloom Chiffon Maxi,in stock,new,https://paavay.aalam.cloud/store/item/Jade+Bloom+Chiffon+Maxi?id=5776,https://paavay.aalam.cloud/aalam/stock/item/5776/image/_/face-img,Paavay,GREEN,Chiffon,M,Apparel & Accessories > Clothing > Dresses,997.5 INR,1995.0 INR
MAXI339,Jade Bloom Chiffon Maxi,Jade Bloom Chiffon Maxi,in stock,new,https://paavay.aalam.cloud/store/item/Jade+Bloom+Chiffon+Maxi?id=5777,https://paavay.aalam.cloud/aalam/stock/item/5777/image/_/face-img,Paavay,GREEN,Chiffon,L,Apparel & Accessories > Clothing > Dresses,997.5 INR,1995.0 INR
MAXI340,Jade Bloom Chiffon Maxi,Jade Bloom Chiffon Maxi,out of stock,new,https://paavay.aalam.cloud/store/item/Jade+Bloom+Chiffon+Maxi?id=5778,https://paavay.aalam.cloud/aalam/stock/item/5778/image/_/face-img,Paavay,GREEN,Chiffon,XL,Apparel & Accessories > Clothing > Dresses,997.5 INR,1995.0 INR
MAXI341,Jade Bloom Chiffon Maxi,Jade Bloom Chiffon Maxi,out of stock,new,https://paavay.aalam.cloud/store/item/Jade+Bloom+Chiffon+Maxi?id=5779,https://paavay.aalam.cloud/aalam/stock/item/5779/image/_/face-img,Paavay,GREEN,Chiffon,XXL,Apparel & Accessories > Clothing > Dresses,997.5 INR,1995.0 INR
MAXI342,Jade Bloom Chiffon Maxi,Jade Bloom Chiffon Maxi,out of stock,new,https://paavay.aalam.cloud/store/item/Jade+Bloom+Chiffon+Maxi?id=5780,https://paavay.aalam.cloud/aalam/stock/item/5780/image/_/face-img,Paavay,GREEN,Chiffon,XXXL,Apparel & Accessories > Clothing > Dresses,997.5 INR,1995.0 INR
MAXI343,A-Line Denim Casual Maxi,A-Line Denim Casual Maxi,out of stock,new,https://paavay.aalam.cloud/store/item/A-Line+Denim+Casual+Maxi?id=5781,https://paavay.aalam.cloud/aalam/stock/item/5781/image/_/face-img,Paavay,BLUE,Denim,XS,Apparel & Accessories > Clothing > Dresses,1564.0 INR,1840.0 INR
MAXI344,A-Line Denim Casual Maxi,A-Line Denim Casual Maxi,out of stock,new,https://paavay.aalam.cloud/store/item/A-Line+Denim+Casual+Maxi?id=5782,https://paavay.aalam.cloud/aalam/stock/item/5782/image/_/face-img,Paavay,BLUE,Denim,S,Apparel & Accessories > Clothing > Dresses,1564.0 INR,1840.0 INR
MAXI245,A-Line Denim Casual Maxi,A-Line Denim Casual Maxi,in stock,new,https://paavay.aalam.cloud/store/item/A-Line+Denim+Casual+Maxi?id=5783,https://paavay.aalam.cloud/aalam/stock/item/5783/image/_/face-img,Paavay,BLUE,Denim,M,Apparel & Accessories > Clothing > Dresses,1564.0 INR,1840.0 INR
MAXI346,A-Line Denim Casual Maxi,A-Line Denim Casual Maxi,in stock,new,https://paavay.aalam.cloud/store/item/A-Line+Denim+Casual+Maxi?id=5784,https://paavay.aalam.cloud/aalam/stock/item/5784/image/_/face-img,Paavay,BLUE,Denim,L,Apparel & Accessories > Clothing > Dresses,1564.0 INR,1840.0 INR
MAXI347,A-Line Denim Casual Maxi,A-Line Denim Casual Maxi,in stock,new,https://paavay.aalam.cloud/store/item/A-Line+Denim+Casual+Maxi?id=5785,https://paavay.aalam.cloud/aalam/stock/item/5785/image/_/face-img,Paavay,BLUE,Denim,XL,Apparel & Accessories > Clothing > Dresses,1564.0 INR,1840.0 INR
MAXI348,A-Line Denim Casual Maxi,A-Line Denim Casual Maxi,in stock,new,https://paavay.aalam.cloud/store/item/A-Line+Denim+Casual+Maxi?id=5786,https://paavay.aalam.cloud/aalam/stock/item/5786/image/_/face-img,Paavay,BLUE,Denim,XXL,Apparel & Accessories > Clothing > Dresses,1564.0 INR,1840.0 INR
MAXI349,A-Line Denim Casual Maxi,A-Line Denim Casual Maxi,out of stock,new,https://paavay.aalam.cloud/store/item/A-Line+Denim+Casual+Maxi?id=5787,https://paavay.aalam.cloud/aalam/stock/item/5787/image/_/face-img,Paavay,BLUE,Denim,XXXL,Apparel & Accessories > Clothing > Dresses,1564.0 INR,1840.0 INR
MIDI350,Denim Coastal Collar Midi,Denim Coastal Collar Midi,out of stock,new,https://paavay.aalam.cloud/store/item/Denim+Coastal+Collar+Midi?id=5788,https://paavay.aalam.cloud/aalam/stock/item/5788/image/_/face-img,Paavay,BLUE,Denim,XS,Apparel & Accessories > Clothing > Dresses,1734.0 INR,2040.0 INR
MIDI351,Denim Coastal Collar Midi,Denim Coastal Collar Midi,out of stock,new,https://paavay.aalam.cloud/store/item/Denim+Coastal+Collar+Midi?id=5789,https://paavay.aalam.cloud/aalam/stock/item/5789/image/_/face-img,Paavay,BLUE,Denim,S,Apparel & Accessories > Clothing > Dresses,1734.0 INR,2040.0 INR
MIDI352,Denim Coastal Collar Midi,Denim Coastal Collar Midi,out of stock,new,https://paavay.aalam.cloud/store/item/Denim+Coastal+Collar+Midi?id=5790,https://paavay.aalam.cloud/aalam/stock/item/5790/image/_/face-img,Paavay,BLUE,Denim,M,Apparel & Accessories > Clothing > Dresses,1734.0 INR,2040.0 INR
MIDI353,Denim Coastal Collar Midi,Denim Coastal Collar Midi,out of stock,new,https://paavay.aalam.cloud/store/item/Denim+Coastal+Collar+Midi?id=5791,https://paavay.aalam.cloud/aalam/stock/item/5791/image/_/face-img,Paavay,BLUE,Denim,L,Apparel & Accessories > Clothing > Dresses,1734.0 INR,2040.0 INR
MIDI354,Denim Coastal Collar Midi,Denim Coastal Collar Midi,out of stock,new,https://paavay.aalam.cloud/store/item/Denim+Coastal+Collar+Midi?id=5793,https://paavay.aalam.cloud/aalam/stock/item/5793/image/_/face-img,Paavay,BLUE,Denim,XL,Apparel & Accessories > Clothing > Dresses,1734.0 INR,2040.0 INR
MIDI355,Denim Coastal Collar Midi,Denim Coastal Collar Midi,out of stock,new,https://paavay.aalam.cloud/store/item/Denim+Coastal+Collar+Midi?id=5794,https://paavay.aalam.cloud/aalam/stock/item/5794/image/_/face-img,Paavay,BLUE,Denim,XXL,Apparel & Accessories > Clothing > Dresses,1734.0 INR,2040.0 INR
MIDI356,Denim Coastal Collar Midi,Denim Coastal Collar Midi,out of stock,new,https://paavay.aalam.cloud/store/item/Denim+Coastal+Collar+Midi?id=5795,https://paavay.aalam.cloud/aalam/stock/item/5795/image/_/face-img,Paavay,BLUE,Denim,XXXL,Apparel & Accessories > Clothing > Dresses,1734.0 INR,2040.0 INR
TOP357,Butterfly Denim Top,Butterfly Denim Top,out of stock,new,https://paavay.aalam.cloud/store/item/Butterfly+Denim+Top?id=5796,https://paavay.aalam.cloud/aalam/stock/item/5796/image/_/face-img,Paavay,BLUE,Denim,XS,Apparel & Accessories > Clothing > Dresses,1411.0 INR,1660.0 INR
TOP358,Butterfly Denim Top,Butterfly Denim Top,out of stock,new,https://paavay.aalam.cloud/store/item/Butterfly+Denim+Top?id=5797,https://paavay.aalam.cloud/aalam/stock/item/5797/image/_/face-img,Paavay,BLUE,Denim,S,Apparel & Accessories > Clothing > Dresses,1411.0 INR,1660.0 INR
TOP359,Butterfly Denim Top,Butterfly Denim Top,in stock,new,https://paavay.aalam.cloud/store/item/Butterfly+Denim+Top?id=5798,https://paavay.aalam.cloud/aalam/stock/item/5798/image/_/face-img,Paavay,BLUE,Denim,M,Apparel & Accessories > Clothing > Dresses,1411.0 INR,1660.0 INR
TOP360,Butterfly Denim Top,Butterfly Denim Top,in stock,new,https://paavay.aalam.cloud/store/item/Butterfly+Denim+Top?id=5799,https://paavay.aalam.cloud/aalam/stock/item/5799/image/_/face-img,Paavay,BLUE,Denim,L,Apparel & Accessories > Clothing > Dresses,1411.0 INR,1660.0 INR
TOP361,Butterfly Denim Top,Butterfly Denim Top,in stock,new,https://paavay.aalam.cloud/store/item/Butterfly+Denim+Top?id=5800,https://paavay.aalam.cloud/aalam/stock/item/5800/image/_/face-img,Paavay,BLUE,Denim,XL,Apparel & Accessories > Clothing > Dresses,1411.0 INR,1660.0 INR
TOP362,Butterfly Denim Top,Butterfly Denim Top,out of stock,new,https://paavay.aalam.cloud/store/item/Butterfly+Denim+Top?id=5801,https://paavay.aalam.cloud/aalam/stock/item/5801/image/_/face-img,Paavay,BLUE,Denim,XXL,Apparel & Accessories > Clothing > Dresses,1411.0 INR,1660.0 INR
TOP363,Butterfly Denim Top,Butterfly Denim Top,out of stock,new,https://paavay.aalam.cloud/store/item/Butterfly+Denim+Top?id=5802,https://paavay.aalam.cloud/aalam/stock/item/5802/image/_/face-img,Paavay,BLUE,Denim,XXXL,Apparel & Accessories > Clothing > Dresses,1411.0 INR,1660.0 INR
TOP501,Denim peplum Top,Denim peplum Top,out of stock,new,https://paavay.aalam.cloud/store/item/Denim+peplum+Top?id=5803,https://paavay.aalam.cloud/aalam/stock/item/5803/image/_/face-img,Paavay,BLUE,Denim,XS,Apparel & Accessories > Clothing > Dresses,1258.0 INR,1480.0 INR
TOP502,Denim peplum Top,Denim peplum Top,out of stock,new,https://paavay.aalam.cloud/store/item/Denim+peplum+Top?id=5804,https://paavay.aalam.cloud/aalam/stock/item/5804/image/_/face-img,Paavay,BLUE,Denim,S,Apparel & Accessories > Clothing > Dresses,1258.0 INR,1480.0 INR
TOP503,Denim peplum Top,Denim peplum Top,in stock,new,https://paavay.aalam.cloud/store/item/Denim+peplum+Top?id=5805,https://paavay.aalam.cloud/aalam/stock/item/5805/image/_/face-img,Paavay,BLUE,Denim,M,Apparel & Accessories > Clothing > Dresses,1258.0 INR,1480.0 INR
TOP504,Denim peplum Top,Denim peplum Top,in stock,new,https://paavay.aalam.cloud/store/item/Denim+peplum+Top?id=5807,https://paavay.aalam.cloud/aalam/stock/item/5807/image/_/face-img,Paavay,BLUE,Denim,L,Apparel & Accessories > Clothing > Dresses,1258.0 INR,1480.0 INR
TOP505,Denim peplum Top,Denim peplum Top,in stock,new,https://paavay.aalam.cloud/store/item/Denim+peplum+Top?id=5808,https://paavay.aalam.cloud/aalam/stock/item/5808/image/_/face-img,Paavay,BLUE,Denim,XL,Apparel & Accessories > Clothing > Dresses,1258.0 INR,1480.0 INR
TOP506,Denim peplum Top,Denim peplum Top,in stock,new,https://paavay.aalam.cloud/store/item/Denim+peplum+Top?id=5810,https://paavay.aalam.cloud/aalam/stock/item/5810/image/_/face-img,Paavay,BLUE,Denim,XXL,Apparel & Accessories > Clothing > Dresses,1258.0 INR,1480.0 INR
TOP507,Denim peplum Top,Denim peplum Top,out of stock,new,https://paavay.aalam.cloud/store/item/Denim+peplum+Top?id=5811,https://paavay.aalam.cloud/aalam/stock/item/5811/image/_/face-img,Paavay,BLUE,Denim,XXXL,Apparel & Accessories > Clothing > Dresses,1258.0 INR,1480.0 INR
skuxs,Skirt-Black Rayon ,Skirt-Black Rayon ,out of stock,new,https://paavay.aalam.cloud/store/item/Skirt-Black+Rayon+?id=5812,https://paavay.aalam.cloud/aalam/stock/item/5812/image/_/face-img,Paavay,Black,Cotton,XS,Apparel & Accessories > Clothing > Dresses,1683.0 INR,1980.0 INR
SKUS,Skirt-Black Rayon ,Skirt-Black Rayon ,out of stock,new,https://paavay.aalam.cloud/store/item/Skirt-Black+Rayon+?id=5813,https://paavay.aalam.cloud/aalam/stock/item/5813/image/_/face-img,Paavay,Black,Cotton,S,Apparel & Accessories > Clothing > Dresses,1683.0 INR,1980.0 INR
SKUM,Skirt-Black Rayon ,Skirt-Black Rayon ,in stock,new,https://paavay.aalam.cloud/store/item/Skirt-Black+Rayon+?id=5814,https://paavay.aalam.cloud/aalam/stock/item/5814/image/_/face-img,Paavay,Black,Cotton,M,Apparel & Accessories > Clothing > Dresses,1683.0 INR,1980.0 INR
SKUL,Skirt-Black Rayon ,Skirt-Black Rayon ,in stock,new,https://paavay.aalam.cloud/store/item/Skirt-Black+Rayon+?id=5815,https://paavay.aalam.cloud/aalam/stock/item/5815/image/_/face-img,Paavay,Black,Cotton,L,Apparel & Accessories > Clothing > Dresses,1683.0 INR,1980.0 INR
SKUXL,Skirt-Black Rayon ,Skirt-Black Rayon ,in stock,new,https://paavay.aalam.cloud/store/item/Skirt-Black+Rayon+?id=5816,https://paavay.aalam.cloud/aalam/stock/item/5816/image/_/face-img,Paavay,Black,Cotton,XL,Apparel & Accessories > Clothing > Dresses,1683.0 INR,1980.0 INR
SKUXXL,Skirt-Black Rayon ,Skirt-Black Rayon ,out of stock,new,https://paavay.aalam.cloud/store/item/Skirt-Black+Rayon+?id=5817,https://paavay.aalam.cloud/aalam/stock/item/5817/image/_/face-img,Paavay,Black,Cotton,XXL,Apparel & Accessories > Clothing > Dresses,1683.0 INR,1980.0 INR
SKUXXXL,Skirt-Black Rayon ,Skirt-Black Rayon ,out of stock,new,https://paavay.aalam.cloud/store/item/Skirt-Black+Rayon+?id=5818,https://paavay.aalam.cloud/aalam/stock/item/5818/image/_/face-img,Paavay,Black,Cotton,XXXL,Apparel & Accessories > Clothing > Dresses,1683.0 INR,1980.0 INR
skirtxs,Icy Blue Denim Skirt,Icy Blue Denim Skirt,out of stock,new,https://paavay.aalam.cloud/store/item/Icy+Blue+Denim+Skirt?id=5819,https://paavay.aalam.cloud/aalam/stock/item/5819/image/_/face-img,Paavay,BLUE,Denim,XS,Apparel & Accessories > Clothing > Dresses,1861.5 INR,2190.0 INR
SKIRTS,Icy Blue Denim Skirt,Icy Blue Denim Skirt,in stock,new,https://paavay.aalam.cloud/store/item/Icy+Blue+Denim+Skirt?id=5820,https://paavay.aalam.cloud/aalam/stock/item/5820/image/_/face-img,Paavay,BLUE,Denim,S,Apparel & Accessories > Clothing > Dresses,1861.5 INR,2190.0 INR
SKIRTM,Icy Blue Denim Skirt,Icy Blue Denim Skirt,in stock,new,https://paavay.aalam.cloud/store/item/Icy+Blue+Denim+Skirt?id=5821,https://paavay.aalam.cloud/aalam/stock/item/5821/image/_/face-img,Paavay,BLUE,Denim,M,Apparel & Accessories > Clothing > Dresses,1861.5 INR,2190.0 INR
SKIRTL,Icy Blue Denim Skirt,Icy Blue Denim Skirt,in stock,new,https://paavay.aalam.cloud/store/item/Icy+Blue+Denim+Skirt?id=5822,https://paavay.aalam.cloud/aalam/stock/item/5822/image/_/face-img,Paavay,BLUE,Denim,L,Apparel & Accessories > Clothing > Dresses,1861.5 INR,2190.0 INR
SKIRTXL,Icy Blue Denim Skirt,Icy Blue Denim Skirt,in stock,new,https://paavay.aalam.cloud/store/item/Icy+Blue+Denim+Skirt?id=5823,https://paavay.aalam.cloud/aalam/stock/item/5823/image/_/face-img,Paavay,BLUE,Denim,XL,Apparel & Accessories > Clothing > Dresses,1861.5 INR,2190.0 INR
SKIRTXXL,Icy Blue Denim Skirt,Icy Blue Denim Skirt,out of stock,new,https://paavay.aalam.cloud/store/item/Icy+Blue+Denim+Skirt?id=5824,https://paavay.aalam.cloud/aalam/stock/item/5824/image/_/face-img,Paavay,BLUE,Denim,XXL,Apparel & Accessories > Clothing > Dresses,1861.5 INR,2190.0 INR
SKIRT3XL,Icy Blue Denim Skirt,Icy Blue Denim Skirt,out of stock,new,https://paavay.aalam.cloud/store/item/Icy+Blue+Denim+Skirt?id=5825,https://paavay.aalam.cloud/aalam/stock/item/5825/image/_/face-img,Paavay,BLUE,Denim,XXXL,Apparel & Accessories > Clothing > Dresses,1861.5 INR,2190.0 INR
ASKXS,Denim ALine Skirt,Denim ALine Skirt,out of stock,new,https://paavay.aalam.cloud/store/item/Denim+ALine+Skirt?id=5826,https://paavay.aalam.cloud/aalam/stock/item/5826/image/_/face-img,Paavay,BLUE,Denim,XS,Apparel & Accessories > Clothing > Dresses,1598.0 INR,1880.0 INR
ASKS,Denim ALine Skirt,Denim ALine Skirt,in stock,new,https://paavay.aalam.cloud/store/item/Denim+ALine+Skirt?id=5827,https://paavay.aalam.cloud/aalam/stock/item/5827/image/_/face-img,Paavay,BLUE,Denim,S,Apparel & Accessories > Clothing > Dresses,1598.0 INR,1880.0 INR
ASKM,Denim ALine Skirt,Denim ALine Skirt,in stock,new,https://paavay.aalam.cloud/store/item/Denim+ALine+Skirt?id=5828,https://paavay.aalam.cloud/aalam/stock/item/5828/image/_/face-img,Paavay,BLUE,Denim,M,Apparel & Accessories > Clothing > Dresses,1598.0 INR,1880.0 INR
ASKL,Denim ALine Skirt,Denim ALine Skirt,in stock,new,https://paavay.aalam.cloud/store/item/Denim+ALine+Skirt?id=5829,https://paavay.aalam.cloud/aalam/stock/item/5829/image/_/face-img,Paavay,BLUE,Denim,L,Apparel & Accessories > Clothing > Dresses,1598.0 INR,1880.0 INR
ASKXL,Denim ALine Skirt,Denim ALine Skirt,out of stock,new,https://paavay.aalam.cloud/store/item/Denim+ALine+Skirt?id=5830,https://paavay.aalam.cloud/aalam/stock/item/5830/image/_/face-img,Paavay,BLUE,Denim,XL,Apparel & Accessories > Clothing > Dresses,1598.0 INR,1880.0 INR
ASKXXL,Denim ALine Skirt,Denim ALine Skirt,out of stock,new,https://paavay.aalam.cloud/store/item/Denim+ALine+Skirt?id=5831,https://paavay.aalam.cloud/aalam/stock/item/5831/image/_/face-img,Paavay,BLUE,Denim,XXL,Apparel & Accessories > Clothing > Dresses,1598.0 INR,1880.0 INR
ASKXXXL,Denim ALine Skirt,Denim ALine Skirt,out of stock,new,https://paavay.aalam.cloud/store/item/Denim+ALine+Skirt?id=5832,https://paavay.aalam.cloud/aalam/stock/item/5832/image/_/face-img,Paavay,BLUE,Denim,XXXL,Apparel & Accessories > Clothing > Dresses,1598.0 INR,1880.0 INR
DCOXS,Denim Co-Ords,Denim Co-Ords,in stock,new,https://paavay.aalam.cloud/store/item/Denim+Co-Ords?id=5833,https://paavay.aalam.cloud/aalam/stock/item/5833/image/_/face-img,Paavay,BLUE,Denim,XS,Apparel & Accessories > Clothing > Dresses,1431.0 INR,1590.0 INR
DCOS,Denim Co-Ords,Denim Co-Ords,out of stock,new,https://paavay.aalam.cloud/store/item/Denim+Co-Ords?id=5834,https://paavay.aalam.cloud/aalam/stock/item/5834/image/_/face-img,Paavay,BLUE,Denim,S,Apparel & Accessories > Clothing > Dresses,1431.0 INR,1590.0 INR
DCOM,Denim Co-Ords,Denim Co-Ords,out of stock,new,https://paavay.aalam.cloud/store/item/Denim+Co-Ords?id=5835,https://paavay.aalam.cloud/aalam/stock/item/5835/image/_/face-img,Paavay,BLUE,Denim,M,Apparel & Accessories > Clothing > Dresses,1431.0 INR,1590.0 INR
DCOL,Denim Co-Ords,Denim Co-Ords,out of stock,new,https://paavay.aalam.cloud/store/item/Denim+Co-Ords?id=5836,https://paavay.aalam.cloud/aalam/stock/item/5836/image/_/face-img,Paavay,BLUE,Denim,L,Apparel & Accessories > Clothing > Dresses,1431.0 INR,1590.0 INR
DCOXL,Denim Co-Ords,Denim Co-Ords,out of stock,new,https://paavay.aalam.cloud/store/item/Denim+Co-Ords?id=5837,https://paavay.aalam.cloud/aalam/stock/item/5837/image/_/face-img,Paavay,BLUE,Denim,XL,Apparel & Accessories > Clothing > Dresses,1431.0 INR,1590.0 INR
DCOXXL,Denim Co-Ords,Denim Co-Ords,out of stock,new,https://paavay.aalam.cloud/store/item/Denim+Co-Ords?id=5838,https://paavay.aalam.cloud/aalam/stock/item/5838/image/_/face-img,Paavay,BLUE,Denim,XXL,Apparel & Accessories > Clothing > Dresses,1431.0 INR,1590.0 INR
DCOXXXL,Denim Co-Ords,Denim Co-Ords,out of stock,new,https://paavay.aalam.cloud/store/item/Denim+Co-Ords?id=5839,https://paavay.aalam.cloud/aalam/stock/item/5839/image/_/face-img,Paavay,BLUE,Denim,XXXL,Apparel & Accessories > Clothing > Dresses,1431.0 INR,1590.0 INR
DSKBS,Denim Co-Ords,Denim Co-Ords,out of stock,new,https://paavay.aalam.cloud/store/item/Denim+Co-Ords?id=5840,https://paavay.aalam.cloud/aalam/stock/item/5840/image/_/face-img,Paavay,BLUE,Denim,S,Apparel & Accessories > Clothing > Dresses,1251.0 INR,1390.0 INR
DSKBXS,Denim Co-Ords,Denim Co-Ords,in stock,new,https://paavay.aalam.cloud/store/item/Denim+Co-Ords?id=5841,https://paavay.aalam.cloud/aalam/stock/item/5841/image/_/face-img,Paavay,BLUE,Denim,XS,Apparel & Accessories > Clothing > Dresses,1251.0 INR,1390.0 INR
DSKBM,Denim Co-Ords,Denim Co-Ords,out of stock,new,https://paavay.aalam.cloud/store/item/Denim+Co-Ords?id=5842,https://paavay.aalam.cloud/aalam/stock/item/5842/image/_/face-img,Paavay,BLUE,Denim,M,Apparel & Accessories > Clothing > Dresses,1251.0 INR,1390.0 INR
DSKBL,Denim Co-Ords,Denim Co-Ords,out of stock,new,https://paavay.aalam.cloud/store/item/Denim+Co-Ords?id=5843,https://paavay.aalam.cloud/aalam/stock/item/5843/image/_/face-img,Paavay,BLUE,Denim,L,Apparel & Accessories > Clothing > Dresses,1251.0 INR,1390.0 INR
DSKBXL,Denim Co-Ords,Denim Co-Ords,out of stock,new,https://paavay.aalam.cloud/store/item/Denim+Co-Ords?id=5844,https://paavay.aalam.cloud/aalam/stock/item/5844/image/_/face-img,Paavay,BLUE,Denim,XL,Apparel & Accessories > Clothing > Dresses,1251.0 INR,1390.0 INR
DSKBXXL,Denim Co-Ords,Denim Co-Ords,in stock,new,https://paavay.aalam.cloud/store/item/Denim+Co-Ords?id=5845,https://paavay.aalam.cloud/aalam/stock/item/5845/image/_/face-img,Paavay,BLUE,Denim,XXL,Apparel & Accessories > Clothing > Dresses,1251.0 INR,1390.0 INR
DSKBXXXL,Denim Co-Ords,Denim Co-Ords,in stock,new,https://paavay.aalam.cloud/store/item/Denim+Co-Ords?id=5846,https://paavay.aalam.cloud/aalam/stock/item/5846/image/_/face-img,Paavay,BLUE,Denim,XXXL,Apparel & Accessories > Clothing > Dresses,1251.0 INR,1390.0 INR
DCOTBXS,Denim Co-Ords,Denim Co-Ords,in stock,new,https://paavay.aalam.cloud/store/item/Denim+Co-Ords?id=5847,https://paavay.aalam.cloud/aalam/stock/item/5847/image/_/face-img,Paavay,BLUE,Denim,XS,Apparel & Accessories > Clothing > Dresses,2331.0 INR,2590.0 INR
DCOTMS,Denim Co-Ords,Denim Co-Ords,out of stock,new,https://paavay.aalam.cloud/store/item/Denim+Co-Ords?id=5848,https://paavay.aalam.cloud/aalam/stock/item/5848/image/_/face-img,Paavay,BLUE,Denim,S,Apparel & Accessories > Clothing > Dresses,2331.0 INR,2590.0 INR
DCOTMM,Denim Co-Ords,Denim Co-Ords,out of stock,new,https://paavay.aalam.cloud/store/item/Denim+Co-Ords?id=5849,https://paavay.aalam.cloud/aalam/stock/item/5849/image/_/face-img,Paavay,BLUE,Denim,M,Apparel & Accessories > Clothing > Dresses,2331.0 INR,2590.0 INR
DCOTML,Denim Co-Ords,Denim Co-Ords,out of stock,new,https://paavay.aalam.cloud/store/item/Denim+Co-Ords?id=5850,https://paavay.aalam.cloud/aalam/stock/item/5850/image/_/face-img,Paavay,BLUE,Denim,L,Apparel & Accessories > Clothing > Dresses,2201.5 INR,2590.0 INR
DCOTMXL,Denim Co-Ords,Denim Co-Ords,out of stock,new,https://paavay.aalam.cloud/store/item/Denim+Co-Ords?id=5851,https://paavay.aalam.cloud/aalam/stock/item/5851/image/_/face-img,Paavay,BLUE,Denim,XL,Apparel & Accessories > Clothing > Dresses,2331.0 INR,2590.0 INR
DCOTMXXL,Denim Co-Ords,Denim Co-Ords,out of stock,new,https://paavay.aalam.cloud/store/item/Denim+Co-Ords?id=5852,https://paavay.aalam.cloud/aalam/stock/item/5852/image/_/face-img,Paavay,BLUE,Denim,XXL,Apparel & Accessories > Clothing > Dresses,2331.0 INR,2590.0 INR
DCOTMXXXL,Denim Co-Ords,Denim Co-Ords,out of stock,new,https://paavay.aalam.cloud/store/item/Denim+Co-Ords?id=5853,https://paavay.aalam.cloud/aalam/stock/item/5853/image/_/face-img,Paavay,BLUE,Denim,XXXL,Apparel & Accessories > Clothing > Dresses,2331.0 INR,2590.0 INR
MAXI601,Circuit Stream Chiffon Midi,Circuit Stream Chiffon Midi,out of stock,new,https://paavay.aalam.cloud/store/item/Circuit+Stream+Chiffon+Midi?id=5854,https://paavay.aalam.cloud/aalam/stock/item/5854/image/_/face-img,Paavay,BLUE,Chiffon,XS,Apparel & Accessories > Clothing > Dresses,1701.0 INR,1890.0 INR
MAXI602,Circuit Stream Chiffon Midi,Circuit Stream Chiffon Midi,in stock,new,https://paavay.aalam.cloud/store/item/Circuit+Stream+Chiffon+Midi?id=5856,https://paavay.aalam.cloud/aalam/stock/item/5856/image/_/face-img,Paavay,BLUE,Chiffon,S,Apparel & Accessories > Clothing > Dresses,1701.0 INR,1890.0 INR
MAXI603,Circuit Stream Chiffon Midi,Circuit Stream Chiffon Midi,in stock,new,https://paavay.aalam.cloud/store/item/Circuit+Stream+Chiffon+Midi?id=5857,https://paavay.aalam.cloud/aalam/stock/item/5857/image/_/face-img,Paavay,BLUE,Chiffon,M,Apparel & Accessories > Clothing > Dresses,1701.0 INR,1890.0 INR
MAXI604,Circuit Stream Chiffon Midi,Circuit Stream Chiffon Midi,in stock,new,https://paavay.aalam.cloud/store/item/Circuit+Stream+Chiffon+Midi?id=5858,https://paavay.aalam.cloud/aalam/stock/item/5858/image/_/face-img,Paavay,BLUE,Chiffon,L,Apparel & Accessories > Clothing > Dresses,1701.0 INR,1890.0 INR
MAXI605,Circuit Stream Chiffon Midi,Circuit Stream Chiffon Midi,in stock,new,https://paavay.aalam.cloud/store/item/Circuit+Stream+Chiffon+Midi?id=5859,https://paavay.aalam.cloud/aalam/stock/item/5859/image/_/face-img,Paavay,BLUE,Chiffon,XL,Apparel & Accessories > Clothing > Dresses,1701.0 INR,1890.0 INR
MAXI606,Circuit Stream Chiffon Midi,Circuit Stream Chiffon Midi,in stock,new,https://paavay.aalam.cloud/store/item/Circuit+Stream+Chiffon+Midi?id=5860,https://paavay.aalam.cloud/aalam/stock/item/5860/image/_/face-img,Paavay,BLUE,Chiffon,XXL,Apparel & Accessories > Clothing > Dresses,1701.0 INR,1890.0 INR
MAXI607,Circuit Stream Chiffon Midi,Circuit Stream Chiffon Midi,out of stock,new,https://paavay.aalam.cloud/store/item/Circuit+Stream+Chiffon+Midi?id=5861,https://paavay.aalam.cloud/aalam/stock/item/5861/image/_/face-img,Paavay,BLUE,Chiffon,XXXL,Apparel & Accessories > Clothing > Dresses,1701.0 INR,1890.0 INR
MAXI608,Whimsical Chiffon Midi,Whimsical Chiffon Midi,out of stock,new,https://paavay.aalam.cloud/store/item/Whimsical+Chiffon+Midi?id=5862,https://paavay.aalam.cloud/aalam/stock/item/5862/image/_/face-img,Paavay,Peach,Chiffon,XS,Apparel & Accessories > Clothing > Dresses,1674.5 INR,1970.0 INR
MAXI609,Whimsical Chiffon Midi,Whimsical Chiffon Midi,out of stock,new,https://paavay.aalam.cloud/store/item/Whimsical+Chiffon+Midi?id=5863,https://paavay.aalam.cloud/aalam/stock/item/5863/image/_/face-img,Paavay,Peach,Chiffon,S,Apparel & Accessories > Clothing > Dresses,1674.5 INR,1970.0 INR
MAXI610,Whimsical Chiffon Midi,Whimsical Chiffon Midi,out of stock,new,https://paavay.aalam.cloud/store/item/Whimsical+Chiffon+Midi?id=5864,https://paavay.aalam.cloud/aalam/stock/item/5864/image/_/face-img,Paavay,Peach,Chiffon,M,Apparel & Accessories > Clothing > Dresses,1674.5 INR,1970.0 INR
MAXI611,Whimsical Chiffon Midi,Whimsical Chiffon Midi,in stock,new,https://paavay.aalam.cloud/store/item/Whimsical+Chiffon+Midi?id=5865,https://paavay.aalam.cloud/aalam/stock/item/5865/image/_/face-img,Paavay,Peach,Chiffon,L,Apparel & Accessories > Clothing > Dresses,1674.5 INR,1970.0 INR
MAXI612,Whimsical Chiffon Midi,Whimsical Chiffon Midi,in stock,new,https://paavay.aalam.cloud/store/item/Whimsical+Chiffon+Midi?id=5866,https://paavay.aalam.cloud/aalam/stock/item/5866/image/_/face-img,Paavay,Peach,Chiffon,XL,Apparel & Accessories > Clothing > Dresses,1674.5 INR,1970.0 INR
MAXI613,Whimsical Chiffon Midi,Whimsical Chiffon Midi,out of stock,new,https://paavay.aalam.cloud/store/item/Whimsical+Chiffon+Midi?id=5867,https://paavay.aalam.cloud/aalam/stock/item/5867/image/_/face-img,Paavay,Peach,Chiffon,XXL,Apparel & Accessories > Clothing > Dresses,1674.5 INR,1970.0 INR
MAXI614,Whimsical Chiffon Midi,Whimsical Chiffon Midi,out of stock,new,https://paavay.aalam.cloud/store/item/Whimsical+Chiffon+Midi?id=5868,https://paavay.aalam.cloud/aalam/stock/item/5868/image/_/face-img,Paavay,Peach,Chiffon,XXXL,Apparel & Accessories > Clothing > Dresses,1674.5 INR,1970.0 INR
MIDI615,Tulip Tango Flared Midi,Tulip Tango Flared Midi,out of stock,new,https://paavay.aalam.cloud/store/item/Tulip+Tango+Flared+Midi?id=5869,https://paavay.aalam.cloud/aalam/stock/item/5869/image/_/face-img,Paavay,PINK,Chiffon,XS,Apparel & Accessories > Clothing > Dresses,760.0 INR,1520.0 INR
MIDI616,Tulip Tango Flared Midi,Tulip Tango Flared Midi,out of stock,new,https://paavay.aalam.cloud/store/item/Tulip+Tango+Flared+Midi?id=5870,https://paavay.aalam.cloud/aalam/stock/item/5870/image/_/face-img,Paavay,PINK,Chiffon,S,Apparel & Accessories > Clothing > Dresses,760.0 INR,1520.0 INR
MIDI617,Tulip Tango Flared Midi,Tulip Tango Flared Midi,out of stock,new,https://paavay.aalam.cloud/store/item/Tulip+Tango+Flared+Midi?id=5871,https://paavay.aalam.cloud/aalam/stock/item/5871/image/_/face-img,Paavay,PINK,Chiffon,M,Apparel & Accessories > Clothing > Dresses,760.0 INR,1520.0 INR
MIDI618,Tulip Tango Flared Midi,Tulip Tango Flared Midi,out of stock,new,https://paavay.aalam.cloud/store/item/Tulip+Tango+Flared+Midi?id=5872,https://paavay.aalam.cloud/aalam/stock/item/5872/image/_/face-img,Paavay,PINK,Chiffon,L,Apparel & Accessories > Clothing > Dresses,760.0 INR,1520.0 INR
MIDI619,Tulip Tango Flared Midi,Tulip Tango Flared Midi,out of stock,new,https://paavay.aalam.cloud/store/item/Tulip+Tango+Flared+Midi?id=5873,https://paavay.aalam.cloud/aalam/stock/item/5873/image/_/face-img,Paavay,PINK,Chiffon,XL,Apparel & Accessories > Clothing > Dresses,760.0 INR,1520.0 INR
MIDI620,Tulip Tango Flared Midi,Tulip Tango Flared Midi,out of stock,new,https://paavay.aalam.cloud/store/item/Tulip+Tango+Flared+Midi?id=5874,https://paavay.aalam.cloud/aalam/stock/item/5874/image/_/face-img,Paavay,PINK,Chiffon,XXL,Apparel & Accessories > Clothing > Dresses,760.0 INR,1520.0 INR
MIDI621,Tulip Tango Flared Midi,Tulip Tango Flared Midi,out of stock,new,https://paavay.aalam.cloud/store/item/Tulip+Tango+Flared+Midi?id=5875,https://paavay.aalam.cloud/aalam/stock/item/5875/image/_/face-img,Paavay,PINK,Chiffon,XXXL,Apparel & Accessories > Clothing > Dresses,760.0 INR,1520.0 INR
MAXI622,Cerise Chiffon Maxi,Cerise Chiffon Maxi,out of stock,new,https://paavay.aalam.cloud/store/item/Cerise+Chiffon+Maxi?id=5876,https://paavay.aalam.cloud/aalam/stock/item/5876/image/_/face-img,Paavay,Red,Chiffon,XS,Apparel & Accessories > Clothing > Dresses,1881.0 INR,1980.0 INR
MAXI623,Cerise Chiffon Maxi,Cerise Chiffon Maxi,out of stock,new,https://paavay.aalam.cloud/store/item/Cerise+Chiffon+Maxi?id=5877,https://paavay.aalam.cloud/aalam/stock/item/5877/image/_/face-img,Paavay,Red,Chiffon,S,Apparel & Accessories > Clothing > Dresses,1881.0 INR,1980.0 INR
MAXI624,Cerise Chiffon Maxi,Cerise Chiffon Maxi,out of stock,new,https://paavay.aalam.cloud/store/item/Cerise+Chiffon+Maxi?id=5878,https://paavay.aalam.cloud/aalam/stock/item/5878/image/_/face-img,Paavay,Red,Chiffon,M,Apparel & Accessories > Clothing > Dresses,1881.0 INR,1980.0 INR
MAXI625,Cerise Chiffon Maxi,Cerise Chiffon Maxi,out of stock,new,https://paavay.aalam.cloud/store/item/Cerise+Chiffon+Maxi?id=5879,https://paavay.aalam.cloud/aalam/stock/item/5879/image/_/face-img,Paavay,Red,Chiffon,L,Apparel & Accessories > Clothing > Dresses,1881.0 INR,1980.0 INR
MAXI626,Cerise Chiffon Maxi,Cerise Chiffon Maxi,out of stock,new,https://paavay.aalam.cloud/store/item/Cerise+Chiffon+Maxi?id=5880,https://paavay.aalam.cloud/aalam/stock/item/5880/image/_/face-img,Paavay,Red,Chiffon,XL,Apparel & Accessories > Clothing > Dresses,1881.0 INR,1980.0 INR
MAXI627,Cerise Chiffon Maxi,Cerise Chiffon Maxi,out of stock,new,https://paavay.aalam.cloud/store/item/Cerise+Chiffon+Maxi?id=5881,https://paavay.aalam.cloud/aalam/stock/item/5881/image/_/face-img,Paavay,Red,Chiffon,XXL,Apparel & Accessories > Clothing > Dresses,1881.0 INR,1980.0 INR
MAXI628,Cerise Chiffon Maxi,Cerise Chiffon Maxi,out of stock,new,https://paavay.aalam.cloud/store/item/Cerise+Chiffon+Maxi?id=5883,https://paavay.aalam.cloud/aalam/stock/item/5883/image/_/face-img,Paavay,Red,Chiffon,XXXL,Apparel & Accessories > Clothing > Dresses,1881.0 INR,1980.0 INR
MAXI630,Stone Wash Chiffon Maxi,Stone Wash Chiffon Maxi,out of stock,new,https://paavay.aalam.cloud/store/item/Stone+Wash+Chiffon+Maxi?id=5885,https://paavay.aalam.cloud/aalam/stock/item/5885/image/_/face-img,Paavay,Black,Chiffon,S,Apparel & Accessories > Clothing > Dresses,,1980.0 INR
MAXI631,Stone Wash Chiffon Maxi,Stone Wash Chiffon Maxi,out of stock,new,https://paavay.aalam.cloud/store/item/Stone+Wash+Chiffon+Maxi?id=5886,https://paavay.aalam.cloud/aalam/stock/item/5886/image/_/face-img,Paavay,Black,Chiffon,M,Apparel & Accessories > Clothing > Dresses,,1980.0 INR
MAXI632,Stone Wash Chiffon Maxi,Stone Wash Chiffon Maxi,out of stock,new,https://paavay.aalam.cloud/store/item/Stone+Wash+Chiffon+Maxi?id=5887,https://paavay.aalam.cloud/aalam/stock/item/5887/image/_/face-img,Paavay,Black,Chiffon,L,Apparel & Accessories > Clothing > Dresses,,1980.0 INR
MAXI633,Stone Wash Chiffon Maxi,Stone Wash Chiffon Maxi,out of stock,new,https://paavay.aalam.cloud/store/item/Stone+Wash+Chiffon+Maxi?id=5888,https://paavay.aalam.cloud/aalam/stock/item/5888/image/_/face-img,Paavay,Black,Chiffon,XL,Apparel & Accessories > Clothing > Dresses,,1980.0 INR
MAXI634,Stone Wash Chiffon Maxi,Stone Wash Chiffon Maxi,out of stock,new,https://paavay.aalam.cloud/store/item/Stone+Wash+Chiffon+Maxi?id=5889,https://paavay.aalam.cloud/aalam/stock/item/5889/image/_/face-img,Paavay,Black,Chiffon,XXL,Apparel & Accessories > Clothing > Dresses,,1980.0 INR
MAXI635,Stone Wash Chiffon Maxi,Stone Wash Chiffon Maxi,out of stock,new,https://paavay.aalam.cloud/store/item/Stone+Wash+Chiffon+Maxi?id=5890,https://paavay.aalam.cloud/aalam/stock/item/5890/image/_/face-img,Paavay,Black,Chiffon,XXXL,Apparel & Accessories > Clothing > Dresses,,1980.0 INR
HAKXS,Rosette Panel Midi,Rosette Panel Midi,out of stock,new,https://paavay.aalam.cloud/store/item/Rosette+Panel+Midi?id=5891,https://paavay.aalam.cloud/aalam/stock/item/5891/image/_/face-img,Paavay,RED,Cotton,XS,Apparel & Accessories > Clothing > Dresses,1853.0 INR,2180.0 INR
HAKS,Rosette Panel Midi,Rosette Panel Midi,in stock,new,https://paavay.aalam.cloud/store/item/Rosette+Panel+Midi?id=5892,https://paavay.aalam.cloud/aalam/stock/item/5892/image/_/face-img,Paavay,RED,Cotton,S,Apparel & Accessories > Clothing > Dresses,1853.0 INR,2180.0 INR
HAKM,Rosette Panel Midi,Rosette Panel Midi,in stock,new,https://paavay.aalam.cloud/store/item/Rosette+Panel+Midi?id=5893,https://paavay.aalam.cloud/aalam/stock/item/5893/image/_/face-img,Paavay,RED,Cotton,M,Apparel & Accessories > Clothing > Dresses,1853.0 INR,2180.0 INR
HAKL,Rosette Panel Midi,Rosette Panel Midi,in stock,new,https://paavay.aalam.cloud/store/item/Rosette+Panel+Midi?id=5894,https://paavay.aalam.cloud/aalam/stock/item/5894/image/_/face-img,Paavay,RED,Cotton,L,Apparel & Accessories > Clothing > Dresses,1853.0 INR,2180.0 INR
HAKXL,Rosette Panel Midi,Rosette Panel Midi,in stock,new,https://paavay.aalam.cloud/store/item/Rosette+Panel+Midi?id=5895,https://paavay.aalam.cloud/aalam/stock/item/5895/image/_/face-img,Paavay,RED,Cotton,XL,Apparel & Accessories > Clothing > Dresses,1853.0 INR,2180.0 INR
HAKXXL,Rosette Panel Midi,Rosette Panel Midi,in stock,new,https://paavay.aalam.cloud/store/item/Rosette+Panel+Midi?id=5896,https://paavay.aalam.cloud/aalam/stock/item/5896/image/_/face-img,Paavay,RED,Cotton,XXL,Apparel & Accessories > Clothing > Dresses,1853.0 INR,2180.0 INR
HAKXXXL,Rosette Panel Midi,Rosette Panel Midi,in stock,new,https://paavay.aalam.cloud/store/item/Rosette+Panel+Midi?id=5897,https://paavay.aalam.cloud/aalam/stock/item/5897/image/_/face-img,Paavay,RED,Cotton,XXXL,Apparel & Accessories > Clothing > Dresses,1853.0 INR,2180.0 INR
MIDI636,Willow Weave Chiffon Midi,Willow Weave Chiffon Midi,out of stock,new,https://paavay.aalam.cloud/store/item/Willow+Weave+Chiffon+Midi?id=5898,https://paavay.aalam.cloud/aalam/stock/item/5898/image/_/face-img,Paavay,GREEN,Chiffon,XS,Apparel & Accessories > Clothing > Dresses,1683.0 INR,1980.0 INR
MIDI638,Willow Weave Chiffon Midi,Willow Weave Chiffon Midi,in stock,new,https://paavay.aalam.cloud/store/item/Willow+Weave+Chiffon+Midi?id=5899,https://paavay.aalam.cloud/aalam/stock/item/5899/image/_/face-img,Paavay,GREEN,Chiffon,S,Apparel & Accessories > Clothing > Dresses,1683.0 INR,1980.0 INR
MIDI639,Willow Weave Chiffon Midi,Willow Weave Chiffon Midi,in stock,new,https://paavay.aalam.cloud/store/item/Willow+Weave+Chiffon+Midi?id=5900,https://paavay.aalam.cloud/aalam/stock/item/5900/image/_/face-img,Paavay,GREEN,Chiffon,M,Apparel & Accessories > Clothing > Dresses,1683.0 INR,1980.0 INR
MIDI640,Willow Weave Chiffon Midi,Willow Weave Chiffon Midi,in stock,new,https://paavay.aalam.cloud/store/item/Willow+Weave+Chiffon+Midi?id=5901,https://paavay.aalam.cloud/aalam/stock/item/5901/image/_/face-img,Paavay,GREEN,Chiffon,L,Apparel & Accessories > Clothing > Dresses,1683.0 INR,1980.0 INR
MIDI641,Willow Weave Chiffon Midi,Willow Weave Chiffon Midi,in stock,new,https://paavay.aalam.cloud/store/item/Willow+Weave+Chiffon+Midi?id=5902,https://paavay.aalam.cloud/aalam/stock/item/5902/image/_/face-img,Paavay,GREEN,Chiffon,XL,Apparel & Accessories > Clothing > Dresses,1683.0 INR,1980.0 INR
MIDI642,Willow Weave Chiffon Midi,Willow Weave Chiffon Midi,in stock,new,https://paavay.aalam.cloud/store/item/Willow+Weave+Chiffon+Midi?id=5903,https://paavay.aalam.cloud/aalam/stock/item/5903/image/_/face-img,Paavay,GREEN,Chiffon,XXL,Apparel & Accessories > Clothing > Dresses,1683.0 INR,1980.0 INR
MIDI644,Willow Weave Chiffon Midi,Willow Weave Chiffon Midi,out of stock,new,https://paavay.aalam.cloud/store/item/Willow+Weave+Chiffon+Midi?id=5904,https://paavay.aalam.cloud/aalam/stock/item/5904/image/_/face-img,Paavay,GREEN,Chiffon,XXXL,Apparel & Accessories > Clothing > Dresses,1683.0 INR,1980.0 INR
MIDI645,Harlequin Panel Midi,Harlequin Panel Midi,out of stock,new,https://paavay.aalam.cloud/store/item/Harlequin+Panel+Midi?id=5905,https://paavay.aalam.cloud/aalam/stock/item/5905/image/_/face-img,Paavay,WHITE,Chiffon,XS,Apparel & Accessories > Clothing > Dresses,,1980.0 INR
MIDI646,Harlequin Panel Midi,Harlequin Panel Midi,out of stock,new,https://paavay.aalam.cloud/store/item/Harlequin+Panel+Midi?id=5906,https://paavay.aalam.cloud/aalam/stock/item/5906/image/_/face-img,Paavay,WHITE,Chiffon,S,Apparel & Accessories > Clothing > Dresses,,1980.0 INR
MIDI647,Harlequin Panel Midi,Harlequin Panel Midi,out of stock,new,https://paavay.aalam.cloud/store/item/Harlequin+Panel+Midi?id=5907,https://paavay.aalam.cloud/aalam/stock/item/5907/image/_/face-img,Paavay,WHITE,Chiffon,M,Apparel & Accessories > Clothing > Dresses,,1980.0 INR
MIDI648,Harlequin Panel Midi,Harlequin Panel Midi,out of stock,new,https://paavay.aalam.cloud/store/item/Harlequin+Panel+Midi?id=5908,https://paavay.aalam.cloud/aalam/stock/item/5908/image/_/face-img,Paavay,WHITE,Chiffon,L,Apparel & Accessories > Clothing > Dresses,,1980.0 INR
MIDI649,Harlequin Panel Midi,Harlequin Panel Midi,out of stock,new,https://paavay.aalam.cloud/store/item/Harlequin+Panel+Midi?id=5909,https://paavay.aalam.cloud/aalam/stock/item/5909/image/_/face-img,Paavay,WHITE,Chiffon,XL,Apparel & Accessories > Clothing > Dresses,,1980.0 INR
MIDI650,Harlequin Panel Midi,Harlequin Panel Midi,out of stock,new,https://paavay.aalam.cloud/store/item/Harlequin+Panel+Midi?id=5910,https://paavay.aalam.cloud/aalam/stock/item/5910/image/_/face-img,Paavay,WHITE,Chiffon,XXL,Apparel & Accessories > Clothing > Dresses,,1980.0 INR
MIDI651,Harlequin Panel Midi,Harlequin Panel Midi,out of stock,new,https://paavay.aalam.cloud/store/item/Harlequin+Panel+Midi?id=5911,https://paavay.aalam.cloud/aalam/stock/item/5911/image/_/face-img,Paavay,WHITE,Chiffon,XXXL,Apparel & Accessories > Clothing > Dresses,,1980.0 INR
MAXI652,Fuchsia Cloud Chiffon Maxi,Fuchsia Cloud Chiffon Maxi,out of stock,new,https://paavay.aalam.cloud/store/item/Fuchsia+Cloud+Chiffon+Maxi?id=5912,https://paavay.aalam.cloud/aalam/stock/item/5912/image/_/face-img,Paavay,PINK,Chiffon,XS,Apparel & Accessories > Clothing > Dresses,1691.5 INR,1990.0 INR
MAXI653,Fuchsia Cloud Chiffon Maxi,Fuchsia Cloud Chiffon Maxi,in stock,new,https://paavay.aalam.cloud/store/item/Fuchsia+Cloud+Chiffon+Maxi?id=5913,https://paavay.aalam.cloud/aalam/stock/item/5913/image/_/face-img,Paavay,PINK,Chiffon,S,Apparel & Accessories > Clothing > Dresses,1691.5 INR,1990.0 INR
MAXI654,Fuchsia Cloud Chiffon Maxi,Fuchsia Cloud Chiffon Maxi,in stock,new,https://paavay.aalam.cloud/store/item/Fuchsia+Cloud+Chiffon+Maxi?id=5914,https://paavay.aalam.cloud/aalam/stock/item/5914/image/_/face-img,Paavay,PINK,Chiffon,M,Apparel & Accessories > Clothing > Dresses,1691.5 INR,1990.0 INR
MAXI655,Fuchsia Cloud Chiffon Maxi,Fuchsia Cloud Chiffon Maxi,in stock,new,https://paavay.aalam.cloud/store/item/Fuchsia+Cloud+Chiffon+Maxi?id=5915,https://paavay.aalam.cloud/aalam/stock/item/5915/image/_/face-img,Paavay,PINK,Chiffon,L,Apparel & Accessories > Clothing > Dresses,1691.5 INR,1990.0 INR
MAXI656,Fuchsia Cloud Chiffon Maxi,Fuchsia Cloud Chiffon Maxi,in stock,new,https://paavay.aalam.cloud/store/item/Fuchsia+Cloud+Chiffon+Maxi?id=5916,https://paavay.aalam.cloud/aalam/stock/item/5916/image/_/face-img,Paavay,PINK,Chiffon,XL,Apparel & Accessories > Clothing > Dresses,1691.5 INR,1990.0 INR
MAXI657,Fuchsia Cloud Chiffon Maxi,Fuchsia Cloud Chiffon Maxi,out of stock,new,https://paavay.aalam.cloud/store/item/Fuchsia+Cloud+Chiffon+Maxi?id=5917,https://paavay.aalam.cloud/aalam/stock/item/5917/image/_/face-img,Paavay,PINK,Chiffon,XXL,Apparel & Accessories > Clothing > Dresses,1691.5 INR,1990.0 INR
MAXI658,Fuchsia Cloud Chiffon Maxi,Fuchsia Cloud Chiffon Maxi,out of stock,new,https://paavay.aalam.cloud/store/item/Fuchsia+Cloud+Chiffon+Maxi?id=5918,https://paavay.aalam.cloud/aalam/stock/item/5918/image/_/face-img,Paavay,PINK,Chiffon,XXXL,Apparel & Accessories > Clothing > Dresses,1691.5 INR,1990.0 INR
MAXI659,Petal Poem Chiffon Maxi,Petal Poem Chiffon Maxi,out of stock,new,https://paavay.aalam.cloud/store/item/Petal+Poem+Chiffon+Maxi?id=5919,https://paavay.aalam.cloud/aalam/stock/item/5919/image/_/face-img,Paavay,PURPLE,Chiffon,XS,Apparel & Accessories > Clothing > Dresses,1744.0 INR,2180.0 INR
MAXI660,Petal Poem Chiffon Maxi,Petal Poem Chiffon Maxi,out of stock,new,https://paavay.aalam.cloud/store/item/Petal+Poem+Chiffon+Maxi?id=5920,https://paavay.aalam.cloud/aalam/stock/item/5920/image/_/face-img,Paavay,PURPLE,Chiffon,S,Apparel & Accessories > Clothing > Dresses,1744.0 INR,2180.0 INR
MAXI661,Petal Poem Chiffon Maxi,Petal Poem Chiffon Maxi,out of stock,new,https://paavay.aalam.cloud/store/item/Petal+Poem+Chiffon+Maxi?id=5921,https://paavay.aalam.cloud/aalam/stock/item/5921/image/_/face-img,Paavay,PURPLE,Chiffon,M,Apparel & Accessories > Clothing > Dresses,1744.0 INR,2180.0 INR
MAXI662,Petal Poem Chiffon Maxi,Petal Poem Chiffon Maxi,out of stock,new,https://paavay.aalam.cloud/store/item/Petal+Poem+Chiffon+Maxi?id=5922,https://paavay.aalam.cloud/aalam/stock/item/5922/image/_/face-img,Paavay,PURPLE,Chiffon,L,Apparel & Accessories > Clothing > Dresses,1744.0 INR,2180.0 INR
MAXI663,Petal Poem Chiffon Maxi,Petal Poem Chiffon Maxi,out of stock,new,https://paavay.aalam.cloud/store/item/Petal+Poem+Chiffon+Maxi?id=5923,https://paavay.aalam.cloud/aalam/stock/item/5923/image/_/face-img,Paavay,PURPLE,Chiffon,XL,Apparel & Accessories > Clothing > Dresses,1744.0 INR,2180.0 INR
MAXI664,Petal Poem Chiffon Maxi,Petal Poem Chiffon Maxi,out of stock,new,https://paavay.aalam.cloud/store/item/Petal+Poem+Chiffon+Maxi?id=5924,https://paavay.aalam.cloud/aalam/stock/item/5924/image/_/face-img,Paavay,PURPLE,Chiffon,XXL,Apparel & Accessories > Clothing > Dresses,1744.0 INR,2180.0 INR
MAXI665,Petal Poem Chiffon Maxi,Petal Poem Chiffon Maxi,out of stock,new,https://paavay.aalam.cloud/store/item/Petal+Poem+Chiffon+Maxi?id=5925,https://paavay.aalam.cloud/aalam/stock/item/5925/image/_/face-img,Paavay,PURPLE,Chiffon,XXXL,Apparel & Accessories > Clothing > Dresses,1744.0 INR,2180.0 INR
ORS666,Orchid Sky Chiffon Maxi,Orchid Sky Chiffon Maxi,out of stock,new,https://paavay.aalam.cloud/store/item/Orchid+Sky+Chiffon+Maxi?id=5927,https://paavay.aalam.cloud/aalam/stock/item/5927/image/_/face-img,Paavay,PURPLE,Chiffon,XS,Apparel & Accessories > Clothing > Dresses,1791.0 INR,1990.0 INR
ORS667,Orchid Sky Chiffon Maxi,Orchid Sky Chiffon Maxi,in stock,new,https://paavay.aalam.cloud/store/item/Orchid+Sky+Chiffon+Maxi?id=5928,https://paavay.aalam.cloud/aalam/stock/item/5928/image/_/face-img,Paavay,PURPLE,Chiffon,S,Apparel & Accessories > Clothing > Dresses,1791.0 INR,1990.0 INR
ORS668,Orchid Sky Chiffon Maxi,Orchid Sky Chiffon Maxi,in stock,new,https://paavay.aalam.cloud/store/item/Orchid+Sky+Chiffon+Maxi?id=5929,https://paavay.aalam.cloud/aalam/stock/item/5929/image/_/face-img,Paavay,PURPLE,Chiffon,M,Apparel & Accessories > Clothing > Dresses,1791.0 INR,1990.0 INR
ORS669,Orchid Sky Chiffon Maxi,Orchid Sky Chiffon Maxi,in stock,new,https://paavay.aalam.cloud/store/item/Orchid+Sky+Chiffon+Maxi?id=5930,https://paavay.aalam.cloud/aalam/stock/item/5930/image/_/face-img,Paavay,PURPLE,Chiffon,L,Apparel & Accessories > Clothing > Dresses,1791.0 INR,1990.0 INR
ORS670,Orchid Sky Chiffon Maxi,Orchid Sky Chiffon Maxi,in stock,new,https://paavay.aalam.cloud/store/item/Orchid+Sky+Chiffon+Maxi?id=5931,https://paavay.aalam.cloud/aalam/stock/item/5931/image/_/face-img,Paavay,PURPLE,Chiffon,XL,Apparel & Accessories > Clothing > Dresses,1791.0 INR,1990.0 INR
ORS671,Orchid Sky Chiffon Maxi,Orchid Sky Chiffon Maxi,out of stock,new,https://paavay.aalam.cloud/store/item/Orchid+Sky+Chiffon+Maxi?id=5932,https://paavay.aalam.cloud/aalam/stock/item/5932/image/_/face-img,Paavay,PURPLE,Chiffon,XXL,Apparel & Accessories > Clothing > Dresses,1791.0 INR,1990.0 INR
ORS672,Orchid Sky Chiffon Maxi,Orchid Sky Chiffon Maxi,out of stock,new,https://paavay.aalam.cloud/store/item/Orchid+Sky+Chiffon+Maxi?id=5933,https://paavay.aalam.cloud/aalam/stock/item/5933/image/_/face-img,Paavay,PURPLE,Chiffon,XXXL,Apparel & Accessories > Clothing > Dresses,1791.0 INR,1990.0 INR
MAXI672,Sketch Chiffon Maxi,Sketch Chiffon Maxi,out of stock,new,https://paavay.aalam.cloud/store/item/Sketch+Chiffon+Maxi?id=5936,https://paavay.aalam.cloud/aalam/stock/item/5936/image/_/face-img,Paavay,Peach,Chiffon,XS,Apparel & Accessories > Clothing > Dresses,1861.5 INR,2190.0 INR
MAXI673,Sketch Chiffon Maxi,Sketch Chiffon Maxi,in stock,new,https://paavay.aalam.cloud/store/item/Sketch+Chiffon+Maxi?id=5937,https://paavay.aalam.cloud/aalam/stock/item/5937/image/_/face-img,Paavay,Peach,Chiffon,S,Apparel & Accessories > Clothing > Dresses,1861.5 INR,2190.0 INR
MAXI674,Sketch Chiffon Maxi,Sketch Chiffon Maxi,in stock,new,https://paavay.aalam.cloud/store/item/Sketch+Chiffon+Maxi?id=5938,https://paavay.aalam.cloud/aalam/stock/item/5938/image/_/face-img,Paavay,Peach,Chiffon,M,Apparel & Accessories > Clothing > Dresses,1861.5 INR,2190.0 INR
MAXI675,Sketch Chiffon Maxi,Sketch Chiffon Maxi,out of stock,new,https://paavay.aalam.cloud/store/item/Sketch+Chiffon+Maxi?id=5939,https://paavay.aalam.cloud/aalam/stock/item/5939/image/_/face-img,Paavay,Peach,Chiffon,L,Apparel & Accessories > Clothing > Dresses,1861.5 INR,2190.0 INR
MAXI676,Sketch Chiffon Maxi,Sketch Chiffon Maxi,in stock,new,https://paavay.aalam.cloud/store/item/Sketch+Chiffon+Maxi?id=5940,https://paavay.aalam.cloud/aalam/stock/item/5940/image/_/face-img,Paavay,Peach,Chiffon,XL,Apparel & Accessories > Clothing > Dresses,1861.5 INR,2190.0 INR
MAXI677,Sketch Chiffon Maxi,Sketch Chiffon Maxi,out of stock,new,https://paavay.aalam.cloud/store/item/Sketch+Chiffon+Maxi?id=5941,https://paavay.aalam.cloud/aalam/stock/item/5941/image/_/face-img,Paavay,Peach,Chiffon,XXL,Apparel & Accessories > Clothing > Dresses,1861.5 INR,2190.0 INR
MAXI678,Sketch Chiffon Maxi,Sketch Chiffon Maxi,out of stock,new,https://paavay.aalam.cloud/store/item/Sketch+Chiffon+Maxi?id=5942,https://paavay.aalam.cloud/aalam/stock/item/5942/image/_/face-img,Paavay,Peach,Chiffon,XXXL,Apparel & Accessories > Clothing > Dresses,1861.5 INR,2190.0 INR
MIDI679,Fiery Flora Midi,Fiery Flora Midi,out of stock,new,https://paavay.aalam.cloud/store/item/Fiery+Flora+Midi?id=5943,https://paavay.aalam.cloud/aalam/stock/item/5943/image/_/face-img,Paavay,RED,LINEN,XS,Apparel & Accessories > Clothing > Dresses,1687.25 INR,1985.0 INR
MIDI680,Fiery Flora Midi,Fiery Flora Midi,in stock,new,https://paavay.aalam.cloud/store/item/Fiery+Flora+Midi?id=5944,https://paavay.aalam.cloud/aalam/stock/item/5944/image/_/face-img,Paavay,RED,LINEN,S,Apparel & Accessories > Clothing > Dresses,1687.25 INR,1985.0 INR
MIDI681,Fiery Flora Midi,Fiery Flora Midi,in stock,new,https://paavay.aalam.cloud/store/item/Fiery+Flora+Midi?id=5945,https://paavay.aalam.cloud/aalam/stock/item/5945/image/_/face-img,Paavay,RED,LINEN,M,Apparel & Accessories > Clothing > Dresses,1687.25 INR,1985.0 INR
MIDI682,Fiery Flora Midi,Fiery Flora Midi,in stock,new,https://paavay.aalam.cloud/store/item/Fiery+Flora+Midi?id=5946,https://paavay.aalam.cloud/aalam/stock/item/5946/image/_/face-img,Paavay,RED,LINEN,L,Apparel & Accessories > Clothing > Dresses,1687.25 INR,1985.0 INR
MIDI683,Fiery Flora Midi,Fiery Flora Midi,in stock,new,https://paavay.aalam.cloud/store/item/Fiery+Flora+Midi?id=5947,https://paavay.aalam.cloud/aalam/stock/item/5947/image/_/face-img,Paavay,RED,LINEN,XL,Apparel & Accessories > Clothing > Dresses,1687.25 INR,1985.0 INR
MIDI684,Fiery Flora Midi,Fiery Flora Midi,in stock,new,https://paavay.aalam.cloud/store/item/Fiery+Flora+Midi?id=5948,https://paavay.aalam.cloud/aalam/stock/item/5948/image/_/face-img,Paavay,RED,LINEN,XXL,Apparel & Accessories > Clothing > Dresses,1687.25 INR,1985.0 INR
MIDI685,Fiery Flora Midi,Fiery Flora Midi,out of stock,new,https://paavay.aalam.cloud/store/item/Fiery+Flora+Midi?id=5949,https://paavay.aalam.cloud/aalam/stock/item/5949/image/_/face-img,Paavay,RED,LINEN,XXXL,Apparel & Accessories > Clothing > Dresses,1687.25 INR,1985.0 INR
MIDI686,Confetti pop Chiffon Midi,Confetti pop Chiffon Midi,out of stock,new,https://paavay.aalam.cloud/store/item/Confetti+pop+Chiffon+Midi?id=5950,https://paavay.aalam.cloud/aalam/stock/item/5950/image/_/face-img,Paavay,PINK,Chiffon,XS,Apparel & Accessories > Clothing > Dresses,1598.0 INR,1880.0 INR
MIDI687,Confetti pop Chiffon Midi,Confetti pop Chiffon Midi,in stock,new,https://paavay.aalam.cloud/store/item/Confetti+pop+Chiffon+Midi?id=5951,https://paavay.aalam.cloud/aalam/stock/item/5951/image/_/face-img,Paavay,PINK,Chiffon,S,Apparel & Accessories > Clothing > Dresses,1598.0 INR,1880.0 INR
MIDI688,Confetti pop Chiffon Midi,Confetti pop Chiffon Midi,in stock,new,https://paavay.aalam.cloud/store/item/Confetti+pop+Chiffon+Midi?id=5952,https://paavay.aalam.cloud/aalam/stock/item/5952/image/_/face-img,Paavay,PINK,Chiffon,M,Apparel & Accessories > Clothing > Dresses,1598.0 INR,1880.0 INR
MIDI689,Confetti pop Chiffon Midi,Confetti pop Chiffon Midi,in stock,new,https://paavay.aalam.cloud/store/item/Confetti+pop+Chiffon+Midi?id=5953,https://paavay.aalam.cloud/aalam/stock/item/5953/image/_/face-img,Paavay,PINK,Chiffon,L,Apparel & Accessories > Clothing > Dresses,1598.0 INR,1880.0 INR
MIDI690,Confetti pop Chiffon Midi,Confetti pop Chiffon Midi,in stock,new,https://paavay.aalam.cloud/store/item/Confetti+pop+Chiffon+Midi?id=5954,https://paavay.aalam.cloud/aalam/stock/item/5954/image/_/face-img,Paavay,PINK,Chiffon,XL,Apparel & Accessories > Clothing > Dresses,1598.0 INR,1880.0 INR
MIDI691,Confetti pop Chiffon Midi,Confetti pop Chiffon Midi,in stock,new,https://paavay.aalam.cloud/store/item/Confetti+pop+Chiffon+Midi?id=5955,https://paavay.aalam.cloud/aalam/stock/item/5955/image/_/face-img,Paavay,PINK,Chiffon,XXL,Apparel & Accessories > Clothing > Dresses,1598.0 INR,1880.0 INR
MIDI692,Confetti pop Chiffon Midi,Confetti pop Chiffon Midi,in stock,new,https://paavay.aalam.cloud/store/item/Confetti+pop+Chiffon+Midi?id=5956,https://paavay.aalam.cloud/aalam/stock/item/5956/image/_/face-img,Paavay,PINK,Chiffon,XXXL,Apparel & Accessories > Clothing > Dresses,1598.0 INR,1880.0 INR
MIDI693,Trellis A-line Midi,Trellis A-line Midi,out of stock,new,https://paavay.aalam.cloud/store/item/Trellis+A-line+Midi?id=5957,https://paavay.aalam.cloud/aalam/stock/item/5957/image/_/face-img,Paavay,PINK,Cotton,XS,Apparel & Accessories > Clothing > Dresses,1776.5 INR,2090.0 INR
MIDI694,Trellis A-line Midi,Trellis A-line Midi,in stock,new,https://paavay.aalam.cloud/store/item/Trellis+A-line+Midi?id=5958,https://paavay.aalam.cloud/aalam/stock/item/5958/image/_/face-img,Paavay,PINK,Cotton,S,Apparel & Accessories > Clothing > Dresses,1776.5 INR,2090.0 INR
MIDI695,Trellis A-line Midi,Trellis A-line Midi,out of stock,new,https://paavay.aalam.cloud/store/item/Trellis+A-line+Midi?id=5959,https://paavay.aalam.cloud/aalam/stock/item/5959/image/_/face-img,Paavay,PINK,Cotton,M,Apparel & Accessories > Clothing > Dresses,1776.5 INR,2090.0 INR
MIDI696,Trellis A-line Midi,Trellis A-line Midi,in stock,new,https://paavay.aalam.cloud/store/item/Trellis+A-line+Midi?id=5960,https://paavay.aalam.cloud/aalam/stock/item/5960/image/_/face-img,Paavay,PINK,Cotton,L,Apparel & Accessories > Clothing > Dresses,1776.5 INR,2090.0 INR
MIDI697,Trellis A-line Midi,Trellis A-line Midi,in stock,new,https://paavay.aalam.cloud/store/item/Trellis+A-line+Midi?id=5961,https://paavay.aalam.cloud/aalam/stock/item/5961/image/_/face-img,Paavay,PINK,Cotton,XL,Apparel & Accessories > Clothing > Dresses,1776.5 INR,2090.0 INR
MIDI698,Trellis A-line Midi,Trellis A-line Midi,in stock,new,https://paavay.aalam.cloud/store/item/Trellis+A-line+Midi?id=5962,https://paavay.aalam.cloud/aalam/stock/item/5962/image/_/face-img,Paavay,PINK,Cotton,XXL,Apparel & Accessories > Clothing > Dresses,1776.5 INR,2090.0 INR
MIDI699,Trellis A-line Midi,Trellis A-line Midi,in stock,new,https://paavay.aalam.cloud/store/item/Trellis+A-line+Midi?id=5963,https://paavay.aalam.cloud/aalam/stock/item/5963/image/_/face-img,Paavay,PINK,Cotton,XXXL,Apparel & Accessories > Clothing > Dresses,1776.5 INR,2090.0 INR
MIDI670,Ombre Mosaic Chiffon Midi,Ombre Mosaic Chiffon Midi,out of stock,new,https://paavay.aalam.cloud/store/item/Ombre+Mosaic+Chiffon+Midi?id=5964,https://paavay.aalam.cloud/aalam/stock/item/5964/image/_/face-img,Paavay,Black,Chiffon,XS,Apparel & Accessories > Clothing > Dresses,1610.75 INR,1895.0 INR
MIDI671,Ombre Mosaic Chiffon Midi,Ombre Mosaic Chiffon Midi,in stock,new,https://paavay.aalam.cloud/store/item/Ombre+Mosaic+Chiffon+Midi?id=5965,https://paavay.aalam.cloud/aalam/stock/item/5965/image/_/face-img,Paavay,Black,Chiffon,S,Apparel & Accessories > Clothing > Dresses,1610.75 INR,1895.0 INR
MIDI672,Ombre Mosaic Chiffon Midi,Ombre Mosaic Chiffon Midi,in stock,new,https://paavay.aalam.cloud/store/item/Ombre+Mosaic+Chiffon+Midi?id=5966,https://paavay.aalam.cloud/aalam/stock/item/5966/image/_/face-img,Paavay,Black,Chiffon,M,Apparel & Accessories > Clothing > Dresses,1610.75 INR,1895.0 INR
MIDI673,Ombre Mosaic Chiffon Midi,Ombre Mosaic Chiffon Midi,in stock,new,https://paavay.aalam.cloud/store/item/Ombre+Mosaic+Chiffon+Midi?id=5967,https://paavay.aalam.cloud/aalam/stock/item/5967/image/_/face-img,Paavay,Black,Chiffon,L,Apparel & Accessories > Clothing > Dresses,1610.75 INR,1895.0 INR
MIDI674,Ombre Mosaic Chiffon Midi,Ombre Mosaic Chiffon Midi,in stock,new,https://paavay.aalam.cloud/store/item/Ombre+Mosaic+Chiffon+Midi?id=5968,https://paavay.aalam.cloud/aalam/stock/item/5968/image/_/face-img,Paavay,Black,Chiffon,XL,Apparel & Accessories > Clothing > Dresses,1610.75 INR,1895.0 INR
MIDI675,Ombre Mosaic Chiffon Midi,Ombre Mosaic Chiffon Midi,in stock,new,https://paavay.aalam.cloud/store/item/Ombre+Mosaic+Chiffon+Midi?id=5970,https://paavay.aalam.cloud/aalam/stock/item/5970/image/_/face-img,Paavay,Black,Chiffon,XXL,Apparel & Accessories > Clothing > Dresses,1610.75 INR,1895.0 INR
676,Ombre Mosaic Chiffon Midi,Ombre Mosaic Chiffon Midi,out of stock,new,https://paavay.aalam.cloud/store/item/Ombre+Mosaic+Chiffon+Midi?id=5971,https://paavay.aalam.cloud/aalam/stock/item/5971/image/_/face-img,Paavay,Black,Chiffon,XXXL,Apparel & Accessories > Clothing > Dresses,1610.75 INR,1895.0 INR
XS/SLEEVELSS,Trellis A-line Midi,Trellis A-line Midi,out of stock,new,https://paavay.aalam.cloud/store/item/Trellis+A-line+Midi?id=5972,https://paavay.aalam.cloud/aalam/stock/item/5972/image/_/face-img,Paavay,PINK,Cotton,XS,Apparel & Accessories > Clothing > Dresses,1776.5 INR,2090.0 INR
S/SLEEVELESS,Trellis A-line Midi,Trellis A-line Midi,in stock,new,https://paavay.aalam.cloud/store/item/Trellis+A-line+Midi?id=5973,https://paavay.aalam.cloud/aalam/stock/item/5973/image/_/face-img,Paavay,PINK,Cotton,S,Apparel & Accessories > Clothing > Dresses,1776.5 INR,2090.0 INR
M/SLEEVELSS,Trellis A-line Midi,Trellis A-line Midi,in stock,new,https://paavay.aalam.cloud/store/item/Trellis+A-line+Midi?id=5974,https://paavay.aalam.cloud/aalam/stock/item/5974/image/_/face-img,Paavay,PINK,Cotton,M,Apparel & Accessories > Clothing > Dresses,1776.5 INR,2090.0 INR
L/SLEEVELSS,Trellis A-line Midi,Trellis A-line Midi,in stock,new,https://paavay.aalam.cloud/store/item/Trellis+A-line+Midi?id=5975,https://paavay.aalam.cloud/aalam/stock/item/5975/image/_/face-img,Paavay,PINK,Cotton,L,Apparel & Accessories > Clothing > Dresses,1776.5 INR,2090.0 INR
XL/SLEEVELSS,Trellis A-line Midi,Trellis A-line Midi,in stock,new,https://paavay.aalam.cloud/store/item/Trellis+A-line+Midi?id=5976,https://paavay.aalam.cloud/aalam/stock/item/5976/image/_/face-img,Paavay,PINK,Cotton,XL,Apparel & Accessories > Clothing > Dresses,1776.5 INR,2090.0 INR
XXL/SLEEVELSS,Trellis A-line Midi,Trellis A-line Midi,in stock,new,https://paavay.aalam.cloud/store/item/Trellis+A-line+Midi?id=5977,https://paavay.aalam.cloud/aalam/stock/item/5977/image/_/face-img,Paavay,PINK,Cotton,XXL,Apparel & Accessories > Clothing > Dresses,1776.5 INR,2090.0 INR
XXXL/SLEEVELSS,Trellis A-line Midi,Trellis A-line Midi,in stock,new,https://paavay.aalam.cloud/store/item/Trellis+A-line+Midi?id=5978,https://paavay.aalam.cloud/aalam/stock/item/5978/image/_/face-img,Paavay,PINK,Cotton,XXXL,Apparel & Accessories > Clothing > Dresses,1776.5 INR,2090.0 INR
MAXI681,Smudge Chiffon Midi,Smudge Chiffon Midi,out of stock,new,https://paavay.aalam.cloud/store/item/Smudge+Chiffon+Midi?id=5979,https://paavay.aalam.cloud/aalam/stock/item/5979/image/_/face-img,Paavay,Black,Chiffon,XS,Apparel & Accessories > Clothing > Dresses,1393.0 INR,1990.0 INR
MAXI682,Smudge Chiffon Midi,Smudge Chiffon Midi,in stock,new,https://paavay.aalam.cloud/store/item/Smudge+Chiffon+Midi?id=5981,https://paavay.aalam.cloud/aalam/stock/item/5981/image/_/face-img,Paavay,Black,Chiffon,S,Apparel & Accessories > Clothing > Dresses,1393.0 INR,1990.0 INR
MAXI683,Smudge Chiffon Midi,Smudge Chiffon Midi,in stock,new,https://paavay.aalam.cloud/store/item/Smudge+Chiffon+Midi?id=5982,https://paavay.aalam.cloud/aalam/stock/item/5982/image/_/face-img,Paavay,Black,Chiffon,M,Apparel & Accessories > Clothing > Dresses,1393.0 INR,1990.0 INR
MAXI684,Smudge Chiffon Midi,Smudge Chiffon Midi,in stock,new,https://paavay.aalam.cloud/store/item/Smudge+Chiffon+Midi?id=5983,https://paavay.aalam.cloud/aalam/stock/item/5983/image/_/face-img,Paavay,Black,Chiffon,L,Apparel & Accessories > Clothing > Dresses,1393.0 INR,1990.0 INR
MAXI685,Smudge Chiffon Midi,Smudge Chiffon Midi,in stock,new,https://paavay.aalam.cloud/store/item/Smudge+Chiffon+Midi?id=5984,https://paavay.aalam.cloud/aalam/stock/item/5984/image/_/face-img,Paavay,Black,Chiffon,XL,Apparel & Accessories > Clothing > Dresses,1393.0 INR,1990.0 INR
MAXI686,Smudge Chiffon Midi,Smudge Chiffon Midi,in stock,new,https://paavay.aalam.cloud/store/item/Smudge+Chiffon+Midi?id=5985,https://paavay.aalam.cloud/aalam/stock/item/5985/image/_/face-img,Paavay,Black,Chiffon,XXL,Apparel & Accessories > Clothing > Dresses,1393.0 INR,1990.0 INR
MAXI687,Smudge Chiffon Midi,Smudge Chiffon Midi,in stock,new,https://paavay.aalam.cloud/store/item/Smudge+Chiffon+Midi?id=5986,https://paavay.aalam.cloud/aalam/stock/item/5986/image/_/face-img,Paavay,Black,Chiffon,XXXL,Apparel & Accessories > Clothing > Dresses,1393.0 INR,1990.0 INR
MIDI701,Black Spade Fit and Flare Midi,Black Spade Fit and Flare Midi,out of stock,new,https://paavay.aalam.cloud/store/item/Black+Spade+Fit+and+Flare+Midi?id=5987,https://paavay.aalam.cloud/aalam/stock/item/5987/image/_/face-img,Paavay,Black,Cotton,XS,Apparel & Accessories > Clothing > Dresses,,1680.0 INR
MIDI702,Black Spade Fit and Flare Midi,Black Spade Fit and Flare Midi,out of stock,new,https://paavay.aalam.cloud/store/item/Black+Spade+Fit+and+Flare+Midi?id=5988,https://paavay.aalam.cloud/aalam/stock/item/5988/image/_/face-img,Paavay,Black,Cotton,S,Apparel & Accessories > Clothing > Dresses,,1680.0 INR
MIDI703,Black Spade Fit and Flare Midi,Black Spade Fit and Flare Midi,out of stock,new,https://paavay.aalam.cloud/store/item/Black+Spade+Fit+and+Flare+Midi?id=5989,https://paavay.aalam.cloud/aalam/stock/item/5989/image/_/face-img,Paavay,Black,Cotton,M,Apparel & Accessories > Clothing > Dresses,,1680.0 INR
MIDI704,Black Spade Fit and Flare Midi,Black Spade Fit and Flare Midi,out of stock,new,https://paavay.aalam.cloud/store/item/Black+Spade+Fit+and+Flare+Midi?id=5990,https://paavay.aalam.cloud/aalam/stock/item/5990/image/_/face-img,Paavay,Black,Cotton,L,Apparel & Accessories > Clothing > Dresses,,1680.0 INR
MIDI705,Black Spade Fit and Flare Midi,Black Spade Fit and Flare Midi,out of stock,new,https://paavay.aalam.cloud/store/item/Black+Spade+Fit+and+Flare+Midi?id=5991,https://paavay.aalam.cloud/aalam/stock/item/5991/image/_/face-img,Paavay,Black,Cotton,XL,Apparel & Accessories > Clothing > Dresses,,1680.0 INR
MIDI706,Black Spade Fit and Flare Midi,Black Spade Fit and Flare Midi,out of stock,new,https://paavay.aalam.cloud/store/item/Black+Spade+Fit+and+Flare+Midi?id=5992,https://paavay.aalam.cloud/aalam/stock/item/5992/image/_/face-img,Paavay,Black,Cotton,XXL,Apparel & Accessories > Clothing > Dresses,,1680.0 INR
MIDI707,Black Spade Fit and Flare Midi,Black Spade Fit and Flare Midi,out of stock,new,https://paavay.aalam.cloud/store/item/Black+Spade+Fit+and+Flare+Midi?id=5993,https://paavay.aalam.cloud/aalam/stock/item/5993/image/_/face-img,Paavay,Black,Cotton,XXXL,Apparel & Accessories > Clothing > Dresses,,1680.0 INR
MIDI708,Black & White Checks Midi,Black & White Checks Midi,out of stock,new,https://paavay.aalam.cloud/store/item/Black+%26+White+Checks+Midi?id=5994,https://paavay.aalam.cloud/aalam/stock/item/5994/image/_/face-img,Paavay,Black,Cotton,XS,Apparel & Accessories > Clothing > Dresses,895.0 INR,1790.0 INR
MIDI709,Black & White Checks Midi,Black & White Checks Midi,out of stock,new,https://paavay.aalam.cloud/store/item/Black+%26+White+Checks+Midi?id=5995,https://paavay.aalam.cloud/aalam/stock/item/5995/image/_/face-img,Paavay,Black,Cotton,S,Apparel & Accessories > Clothing > Dresses,895.0 INR,1790.0 INR
MIDI710,Black & White Checks Midi,Black & White Checks Midi,out of stock,new,https://paavay.aalam.cloud/store/item/Black+%26+White+Checks+Midi?id=5996,https://paavay.aalam.cloud/aalam/stock/item/5996/image/_/face-img,Paavay,Black,Cotton,M,Apparel & Accessories > Clothing > Dresses,895.0 INR,1790.0 INR
MIDI711,Black & White Checks Midi,Black & White Checks Midi,out of stock,new,https://paavay.aalam.cloud/store/item/Black+%26+White+Checks+Midi?id=5997,https://paavay.aalam.cloud/aalam/stock/item/5997/image/_/face-img,Paavay,Black,Cotton,L,Apparel & Accessories > Clothing > Dresses,895.0 INR,1790.0 INR
MIDI712,Black & White Checks Midi,Black & White Checks Midi,out of stock,new,https://paavay.aalam.cloud/store/item/Black+%26+White+Checks+Midi?id=5998,https://paavay.aalam.cloud/aalam/stock/item/5998/image/_/face-img,Paavay,Black,Cotton,XL,Apparel & Accessories > Clothing > Dresses,895.0 INR,1790.0 INR
MIDI713,Black & White Checks Midi,Black & White Checks Midi,out of stock,new,https://paavay.aalam.cloud/store/item/Black+%26+White+Checks+Midi?id=5999,https://paavay.aalam.cloud/aalam/stock/item/5999/image/_/face-img,Paavay,Black,Cotton,XXL,Apparel & Accessories > Clothing > Dresses,895.0 INR,1790.0 INR
MIDI714,Black & White Checks Midi,Black & White Checks Midi,out of stock,new,https://paavay.aalam.cloud/store/item/Black+%26+White+Checks+Midi?id=6000,https://paavay.aalam.cloud/aalam/stock/item/6000/image/_/face-img,Paavay,Black,Cotton,XXXL,Apparel & Accessories > Clothing > Dresses,895.0 INR,1790.0 INR
MAXI715,Rainbow Chiffon Maxi,Rainbow Chiffon Maxi,out of stock,new,https://paavay.aalam.cloud/store/item/Rainbow+Chiffon+Maxi?id=6001,https://paavay.aalam.cloud/aalam/stock/item/6001/image/_/face-img,Paavay,Peach,Chiffon,XS,Apparel & Accessories > Clothing > Dresses,1521.5 INR,1790.0 INR
MAXI716,Rainbow Chiffon Maxi,Rainbow Chiffon Maxi,in stock,new,https://paavay.aalam.cloud/store/item/Rainbow+Chiffon+Maxi?id=6002,https://paavay.aalam.cloud/aalam/stock/item/6002/image/_/face-img,Paavay,Peach,Chiffon,S,Apparel & Accessories > Clothing > Dresses,1521.5 INR,1790.0 INR
MAXI717,Rainbow Chiffon Maxi,Rainbow Chiffon Maxi,in stock,new,https://paavay.aalam.cloud/store/item/Rainbow+Chiffon+Maxi?id=6003,https://paavay.aalam.cloud/aalam/stock/item/6003/image/_/face-img,Paavay,Peach,Chiffon,M,Apparel & Accessories > Clothing > Dresses,1521.5 INR,1790.0 INR
MAXI718,Rainbow Chiffon Maxi,Rainbow Chiffon Maxi,in stock,new,https://paavay.aalam.cloud/store/item/Rainbow+Chiffon+Maxi?id=6004,https://paavay.aalam.cloud/aalam/stock/item/6004/image/_/face-img,Paavay,Peach,Chiffon,L,Apparel & Accessories > Clothing > Dresses,1521.5 INR,1790.0 INR
MAXI719,Rainbow Chiffon Maxi,Rainbow Chiffon Maxi,out of stock,new,https://paavay.aalam.cloud/store/item/Rainbow+Chiffon+Maxi?id=6005,https://paavay.aalam.cloud/aalam/stock/item/6005/image/_/face-img,Paavay,Peach,Chiffon,XL,Apparel & Accessories > Clothing > Dresses,1521.5 INR,1790.0 INR
MAXI720,Rainbow Chiffon Maxi,Rainbow Chiffon Maxi,out of stock,new,https://paavay.aalam.cloud/store/item/Rainbow+Chiffon+Maxi?id=6006,https://paavay.aalam.cloud/aalam/stock/item/6006/image/_/face-img,Paavay,Peach,Chiffon,XXL,Apparel & Accessories > Clothing > Dresses,1521.5 INR,1790.0 INR
MAXI721,Rainbow Chiffon Maxi,Rainbow Chiffon Maxi,out of stock,new,https://paavay.aalam.cloud/store/item/Rainbow+Chiffon+Maxi?id=6007,https://paavay.aalam.cloud/aalam/stock/item/6007/image/_/face-img,Paavay,Peach,Chiffon,XXXL,Apparel & Accessories > Clothing > Dresses,1521.5 INR,1790.0 INR
MAXI722,Red Drop Chiffon Maxi,Red Drop Chiffon Maxi,out of stock,new,https://paavay.aalam.cloud/store/item/Red+Drop+Chiffon+Maxi?id=6008,https://paavay.aalam.cloud/aalam/stock/item/6008/image/_/face-img,Paavay,RED,Chiffon,XS,Apparel & Accessories > Clothing > Dresses,1776.5 INR,2090.0 INR
MAXI723,Red Drop Chiffon Maxi,Red Drop Chiffon Maxi,in stock,new,https://paavay.aalam.cloud/store/item/Red+Drop+Chiffon+Maxi?id=6009,https://paavay.aalam.cloud/aalam/stock/item/6009/image/_/face-img,Paavay,RED,Chiffon,S,Apparel & Accessories > Clothing > Dresses,1776.5 INR,2090.0 INR
MAXI724,Red Drop Chiffon Maxi,Red Drop Chiffon Maxi,out of stock,new,https://paavay.aalam.cloud/store/item/Red+Drop+Chiffon+Maxi?id=6010,https://paavay.aalam.cloud/aalam/stock/item/6010/image/_/face-img,Paavay,RED,Chiffon,M,Apparel & Accessories > Clothing > Dresses,1776.5 INR,2090.0 INR
MAXI725,Red Drop Chiffon Maxi,Red Drop Chiffon Maxi,in stock,new,https://paavay.aalam.cloud/store/item/Red+Drop+Chiffon+Maxi?id=6011,https://paavay.aalam.cloud/aalam/stock/item/6011/image/_/face-img,Paavay,RED,Chiffon,L,Apparel & Accessories > Clothing > Dresses,1776.5 INR,2090.0 INR
MAXI726,Red Drop Chiffon Maxi,Red Drop Chiffon Maxi,in stock,new,https://paavay.aalam.cloud/store/item/Red+Drop+Chiffon+Maxi?id=6012,https://paavay.aalam.cloud/aalam/stock/item/6012/image/_/face-img,Paavay,RED,Chiffon,XL,Apparel & Accessories > Clothing > Dresses,1776.5 INR,2090.0 INR
MAXI727,Red Drop Chiffon Maxi,Red Drop Chiffon Maxi,out of stock,new,https://paavay.aalam.cloud/store/item/Red+Drop+Chiffon+Maxi?id=6013,https://paavay.aalam.cloud/aalam/stock/item/6013/image/_/face-img,Paavay,RED,Chiffon,XXL,Apparel & Accessories > Clothing > Dresses,1776.5 INR,2090.0 INR
MAXI728,Red Drop Chiffon Maxi,Red Drop Chiffon Maxi,out of stock,new,https://paavay.aalam.cloud/store/item/Red+Drop+Chiffon+Maxi?id=6014,https://paavay.aalam.cloud/aalam/stock/item/6014/image/_/face-img,Paavay,RED,Chiffon,XXXL,Apparel & Accessories > Clothing > Dresses,1776.5 INR,2090.0 INR
MIDI729,Black Front-Slit Casual Midi,Black Front-Slit Casual Midi,out of stock,new,https://paavay.aalam.cloud/store/item/Black+Front-Slit+Casual+Midi?id=6015,https://paavay.aalam.cloud/aalam/stock/item/6015/image/_/face-img,Paavay,Black,Cotton,XS,Apparel & Accessories > Clothing > Dresses,1521.5 INR,1790.0 INR
MIDI730,Black Front-Slit Casual Midi,Black Front-Slit Casual Midi,in stock,new,https://paavay.aalam.cloud/store/item/Black+Front-Slit+Casual+Midi?id=6016,https://paavay.aalam.cloud/aalam/stock/item/6016/image/_/face-img,Paavay,Black,Cotton,S,Apparel & Accessories > Clothing > Dresses,1521.5 INR,1790.0 INR
MIDI731,Black Front-Slit Casual Midi,Black Front-Slit Casual Midi,in stock,new,https://paavay.aalam.cloud/store/item/Black+Front-Slit+Casual+Midi?id=6017,https://paavay.aalam.cloud/aalam/stock/item/6017/image/_/face-img,Paavay,Black,Cotton,M,Apparel & Accessories > Clothing > Dresses,1521.5 INR,1790.0 INR
MIDI732,Black Front-Slit Casual Midi,Black Front-Slit Casual Midi,in stock,new,https://paavay.aalam.cloud/store/item/Black+Front-Slit+Casual+Midi?id=6018,https://paavay.aalam.cloud/aalam/stock/item/6018/image/_/face-img,Paavay,Black,Cotton,L,Apparel & Accessories > Clothing > Dresses,1521.5 INR,1790.0 INR
MIDI733,Black Front-Slit Casual Midi,Black Front-Slit Casual Midi,in stock,new,https://paavay.aalam.cloud/store/item/Black+Front-Slit+Casual+Midi?id=6019,https://paavay.aalam.cloud/aalam/stock/item/6019/image/_/face-img,Paavay,Black,Cotton,XL,Apparel & Accessories > Clothing > Dresses,1521.5 INR,1790.0 INR
MIDI734,Black Front-Slit Casual Midi,Black Front-Slit Casual Midi,in stock,new,https://paavay.aalam.cloud/store/item/Black+Front-Slit+Casual+Midi?id=6020,https://paavay.aalam.cloud/aalam/stock/item/6020/image/_/face-img,Paavay,Black,Cotton,XXL,Apparel & Accessories > Clothing > Dresses,1521.5 INR,1790.0 INR
MIDI735,Black Front-Slit Casual Midi,Black Front-Slit Casual Midi,out of stock,new,https://paavay.aalam.cloud/store/item/Black+Front-Slit+Casual+Midi?id=6021,https://paavay.aalam.cloud/aalam/stock/item/6021/image/_/face-img,Paavay,Black,Cotton,XXXL,Apparel & Accessories > Clothing > Dresses,1521.5 INR,1790.0 INR
MIDI736,Beige Front-Slit Casual Midi,Beige Front-Slit Casual Midi,out of stock,new,https://paavay.aalam.cloud/store/item/Beige+Front-Slit+Casual+Midi?id=6022,https://paavay.aalam.cloud/aalam/stock/item/6022/image/_/face-img,Paavay,BEIGE,Cotton,XS,Apparel & Accessories > Clothing > Dresses,1521.5 INR,1790.0 INR
MIDI737,Beige Front-Slit Casual Midi,Beige Front-Slit Casual Midi,in stock,new,https://paavay.aalam.cloud/store/item/Beige+Front-Slit+Casual+Midi?id=6023,https://paavay.aalam.cloud/aalam/stock/item/6023/image/_/face-img,Paavay,BEIGE,Cotton,S,Apparel & Accessories > Clothing > Dresses,1521.5 INR,1790.0 INR
MIDI738,Beige Front-Slit Casual Midi,Beige Front-Slit Casual Midi,in stock,new,https://paavay.aalam.cloud/store/item/Beige+Front-Slit+Casual+Midi?id=6024,https://paavay.aalam.cloud/aalam/stock/item/6024/image/_/face-img,Paavay,BEIGE,Cotton,M,Apparel & Accessories > Clothing > Dresses,1521.5 INR,1790.0 INR
MIDI739,Beige Front-Slit Casual Midi,Beige Front-Slit Casual Midi,in stock,new,https://paavay.aalam.cloud/store/item/Beige+Front-Slit+Casual+Midi?id=6025,https://paavay.aalam.cloud/aalam/stock/item/6025/image/_/face-img,Paavay,BEIGE,Cotton,L,Apparel & Accessories > Clothing > Dresses,1521.5 INR,1790.0 INR
MIDI740,Beige Front-Slit Casual Midi,Beige Front-Slit Casual Midi,in stock,new,https://paavay.aalam.cloud/store/item/Beige+Front-Slit+Casual+Midi?id=6026,https://paavay.aalam.cloud/aalam/stock/item/6026/image/_/face-img,Paavay,BEIGE,Cotton,XL,Apparel & Accessories > Clothing > Dresses,1521.5 INR,1790.0 INR
MIDI741,Beige Front-Slit Casual Midi,Beige Front-Slit Casual Midi,in stock,new,https://paavay.aalam.cloud/store/item/Beige+Front-Slit+Casual+Midi?id=6027,https://paavay.aalam.cloud/aalam/stock/item/6027/image/_/face-img,Paavay,BEIGE,Cotton,XXL,Apparel & Accessories > Clothing > Dresses,1521.5 INR,1790.0 INR
MIDI742,Beige Front-Slit Casual Midi,Beige Front-Slit Casual Midi,out of stock,new,https://paavay.aalam.cloud/store/item/Beige+Front-Slit+Casual+Midi?id=6028,https://paavay.aalam.cloud/aalam/stock/item/6028/image/_/face-img,Paavay,BEIGE,Cotton,XXXL,Apparel & Accessories > Clothing > Dresses,1521.5 INR,1790.0 INR
MIDI743,Cream Front-Slit Casual Midi,Cream Front-Slit Casual Midi,out of stock,new,https://paavay.aalam.cloud/store/item/Cream+Front-Slit+Casual+Midi?id=6029,https://paavay.aalam.cloud/aalam/stock/item/6029/image/_/face-img,Paavay,BEIGE,Cotton,XS,Apparel & Accessories > Clothing > Dresses,1521.5 INR,1790.0 INR
MIDI744,Cream Front-Slit Casual Midi,Cream Front-Slit Casual Midi,in stock,new,https://paavay.aalam.cloud/store/item/Cream+Front-Slit+Casual+Midi?id=6030,https://paavay.aalam.cloud/aalam/stock/item/6030/image/_/face-img,Paavay,BEIGE,Cotton,S,Apparel & Accessories > Clothing > Dresses,1521.5 INR,1790.0 INR
MIDI745,Cream Front-Slit Casual Midi,Cream Front-Slit Casual Midi,in stock,new,https://paavay.aalam.cloud/store/item/Cream+Front-Slit+Casual+Midi?id=6031,https://paavay.aalam.cloud/aalam/stock/item/6031/image/_/face-img,Paavay,BEIGE,Cotton,M,Apparel & Accessories > Clothing > Dresses,1521.5 INR,1790.0 INR
MIDI746,Cream Front-Slit Casual Midi,Cream Front-Slit Casual Midi,in stock,new,https://paavay.aalam.cloud/store/item/Cream+Front-Slit+Casual+Midi?id=6032,https://paavay.aalam.cloud/aalam/stock/item/6032/image/_/face-img,Paavay,BEIGE,Cotton,L,Apparel & Accessories > Clothing > Dresses,1521.5 INR,1790.0 INR
MIDI747,Cream Front-Slit Casual Midi,Cream Front-Slit Casual Midi,in stock,new,https://paavay.aalam.cloud/store/item/Cream+Front-Slit+Casual+Midi?id=6033,https://paavay.aalam.cloud/aalam/stock/item/6033/image/_/face-img,Paavay,BEIGE,Cotton,XL,Apparel & Accessories > Clothing > Dresses,1521.5 INR,1790.0 INR
MIDI748,Cream Front-Slit Casual Midi,Cream Front-Slit Casual Midi,in stock,new,https://paavay.aalam.cloud/store/item/Cream+Front-Slit+Casual+Midi?id=6034,https://paavay.aalam.cloud/aalam/stock/item/6034/image/_/face-img,Paavay,BEIGE,Cotton,XXL,Apparel & Accessories > Clothing > Dresses,1521.5 INR,1790.0 INR
MIDI749,Cream Front-Slit Casual Midi,Cream Front-Slit Casual Midi,out of stock,new,https://paavay.aalam.cloud/store/item/Cream+Front-Slit+Casual+Midi?id=6035,https://paavay.aalam.cloud/aalam/stock/item/6035/image/_/face-img,Paavay,BEIGE,Cotton,XXXL,Apparel & Accessories > Clothing > Dresses,1521.5 INR,1790.0 INR
MIDI2XL,Navy Front-Slit Casual Midi,Navy Front-Slit Casual Midi,out of stock,new,https://paavay.aalam.cloud/store/item/Navy+Front-Slit+Casual+Midi?id=6036,https://paavay.aalam.cloud/aalam/stock/item/6036/image/_/face-img,Paavay,BLUE,Cotton,XXL,Apparel & Accessories > Clothing > Dresses,1521.5 INR,1790.0 INR
MIDI750,Massai Wave Hakoba Midi,Massai Wave Hakoba Midi,out of stock,new,https://paavay.aalam.cloud/store/item/Massai+Wave+Hakoba+Midi?id=6037,https://paavay.aalam.cloud/aalam/stock/item/6037/image/_/face-img,Paavay,Black,Cotton,XS,Apparel & Accessories > Clothing > Dresses,1776.5 INR,2090.0 INR
MIDI751,Massai Wave Hakoba Midi,Massai Wave Hakoba Midi,in stock,new,https://paavay.aalam.cloud/store/item/Massai+Wave+Hakoba+Midi?id=6038,https://paavay.aalam.cloud/aalam/stock/item/6038/image/_/face-img,Paavay,Black,Cotton,S,Apparel & Accessories > Clothing > Dresses,1776.5 INR,2090.0 INR
MIDI752,Massai Wave Hakoba Midi,Massai Wave Hakoba Midi,in stock,new,https://paavay.aalam.cloud/store/item/Massai+Wave+Hakoba+Midi?id=6039,https://paavay.aalam.cloud/aalam/stock/item/6039/image/_/face-img,Paavay,Black,Cotton,M,Apparel & Accessories > Clothing > Dresses,1776.5 INR,2090.0 INR
MIDI753,Massai Wave Hakoba Midi,Massai Wave Hakoba Midi,in stock,new,https://paavay.aalam.cloud/store/item/Massai+Wave+Hakoba+Midi?id=6040,https://paavay.aalam.cloud/aalam/stock/item/6040/image/_/face-img,Paavay,Black,Cotton,L,Apparel & Accessories > Clothing > Dresses,1776.5 INR,2090.0 INR
MIDI754,Massai Wave Hakoba Midi,Massai Wave Hakoba Midi,in stock,new,https://paavay.aalam.cloud/store/item/Massai+Wave+Hakoba+Midi?id=6041,https://paavay.aalam.cloud/aalam/stock/item/6041/image/_/face-img,Paavay,Black,Cotton,XL,Apparel & Accessories > Clothing > Dresses,1776.5 INR,2090.0 INR
MIDI755,Massai Wave Hakoba Midi,Massai Wave Hakoba Midi,in stock,new,https://paavay.aalam.cloud/store/item/Massai+Wave+Hakoba+Midi?id=6042,https://paavay.aalam.cloud/aalam/stock/item/6042/image/_/face-img,Paavay,Black,Cotton,XXL,Apparel & Accessories > Clothing > Dresses,1776.5 INR,2090.0 INR
MIDI756,Massai Wave Hakoba Midi,Massai Wave Hakoba Midi,in stock,new,https://paavay.aalam.cloud/store/item/Massai+Wave+Hakoba+Midi?id=6043,https://paavay.aalam.cloud/aalam/stock/item/6043/image/_/face-img,Paavay,Black,Cotton,XXXL,Apparel & Accessories > Clothing > Dresses,1776.5 INR,2090.0 INR
MIDI757,Fall Foilage Chiffon Maxi,Fall Foilage Chiffon Maxi,out of stock,new,https://paavay.aalam.cloud/store/item/Fall+Foilage+Chiffon+Maxi?id=6050,https://paavay.aalam.cloud/aalam/stock/item/6050/image/_/face-img,Paavay,PINK,Chiffon,XS,Apparel & Accessories > Clothing > Dresses,1676.0 INR,2095.0 INR
MIDI758,Fall Foilage Chiffon Maxi,Fall Foilage Chiffon Maxi,out of stock,new,https://paavay.aalam.cloud/store/item/Fall+Foilage+Chiffon+Maxi?id=6051,https://paavay.aalam.cloud/aalam/stock/item/6051/image/_/face-img,Paavay,PINK,Chiffon,S,Apparel & Accessories > Clothing > Dresses,1676.0 INR,2095.0 INR
MIDI759,Fall Foilage Chiffon Maxi,Fall Foilage Chiffon Maxi,out of stock,new,https://paavay.aalam.cloud/store/item/Fall+Foilage+Chiffon+Maxi?id=6052,https://paavay.aalam.cloud/aalam/stock/item/6052/image/_/face-img,Paavay,PINK,Chiffon,M,Apparel & Accessories > Clothing > Dresses,1676.0 INR,2095.0 INR
MIDI760,Fall Foilage Chiffon Maxi,Fall Foilage Chiffon Maxi,in stock,new,https://paavay.aalam.cloud/store/item/Fall+Foilage+Chiffon+Maxi?id=6053,https://paavay.aalam.cloud/aalam/stock/item/6053/image/_/face-img,Paavay,PINK,Chiffon,L,Apparel & Accessories > Clothing > Dresses,1676.0 INR,2095.0 INR
MIDI761,Fall Foilage Chiffon Maxi,Fall Foilage Chiffon Maxi,in stock,new,https://paavay.aalam.cloud/store/item/Fall+Foilage+Chiffon+Maxi?id=6054,https://paavay.aalam.cloud/aalam/stock/item/6054/image/_/face-img,Paavay,PINK,Chiffon,XL,Apparel & Accessories > Clothing > Dresses,1676.0 INR,2095.0 INR
MIDI762,Fall Foilage Chiffon Maxi,Fall Foilage Chiffon Maxi,out of stock,new,https://paavay.aalam.cloud/store/item/Fall+Foilage+Chiffon+Maxi?id=6055,https://paavay.aalam.cloud/aalam/stock/item/6055/image/_/face-img,Paavay,PINK,Chiffon,XXL,Apparel & Accessories > Clothing > Dresses,1676.0 INR,2095.0 INR
MIDI763,Fall Foilage Chiffon Maxi,Fall Foilage Chiffon Maxi,out of stock,new,https://paavay.aalam.cloud/store/item/Fall+Foilage+Chiffon+Maxi?id=6056,https://paavay.aalam.cloud/aalam/stock/item/6056/image/_/face-img,Paavay,PINK,Chiffon,XXXL,Apparel & Accessories > Clothing > Dresses,1676.0 INR,2095.0 INR
MIDI764,DriftWood Maxi,DriftWood Maxi,out of stock,new,https://paavay.aalam.cloud/store/item/DriftWood+Maxi?id=6057,https://paavay.aalam.cloud/aalam/stock/item/6057/image/_/face-img,Paavay,RED,Chiffon,XS,Apparel & Accessories > Clothing > Dresses,1095.0 INR,2190.0 INR
MIDI765,DriftWood Maxi,DriftWood Maxi,in stock,new,https://paavay.aalam.cloud/store/item/DriftWood+Maxi?id=6058,https://paavay.aalam.cloud/aalam/stock/item/6058/image/_/face-img,Paavay,RED,Chiffon,S,Apparel & Accessories > Clothing > Dresses,1095.0 INR,2190.0 INR
MIDI766,DriftWood Maxi,DriftWood Maxi,in stock,new,https://paavay.aalam.cloud/store/item/DriftWood+Maxi?id=6059,https://paavay.aalam.cloud/aalam/stock/item/6059/image/_/face-img,Paavay,RED,Chiffon,M,Apparel & Accessories > Clothing > Dresses,1095.0 INR,2190.0 INR
MIDI767,DriftWood Maxi,DriftWood Maxi,in stock,new,https://paavay.aalam.cloud/store/item/DriftWood+Maxi?id=6060,https://paavay.aalam.cloud/aalam/stock/item/6060/image/_/face-img,Paavay,RED,Chiffon,L,Apparel & Accessories > Clothing > Dresses,1095.0 INR,2190.0 INR
MIDI768,DriftWood Maxi,DriftWood Maxi,in stock,new,https://paavay.aalam.cloud/store/item/DriftWood+Maxi?id=6062,https://paavay.aalam.cloud/aalam/stock/item/6062/image/_/face-img,Paavay,RED,Chiffon,XL,Apparel & Accessories > Clothing > Dresses,1095.0 INR,2190.0 INR
MIDI769,DriftWood Maxi,DriftWood Maxi,in stock,new,https://paavay.aalam.cloud/store/item/DriftWood+Maxi?id=6064,https://paavay.aalam.cloud/aalam/stock/item/6064/image/_/face-img,Paavay,RED,Chiffon,XXL,Apparel & Accessories > Clothing > Dresses,1095.0 INR,2190.0 INR
MIDI770,DriftWood Maxi,DriftWood Maxi,in stock,new,https://paavay.aalam.cloud/store/item/DriftWood+Maxi?id=6065,https://paavay.aalam.cloud/aalam/stock/item/6065/image/_/face-img,Paavay,RED,Chiffon,XXXL,Apparel & Accessories > Clothing > Dresses,1095.0 INR,2190.0 INR
MIDI771,Orange HalfMoon Hakoba Midi,Orange HalfMoon Hakoba Midi,out of stock,new,https://paavay.aalam.cloud/store/item/Orange+HalfMoon+Hakoba+Midi?id=6066,https://paavay.aalam.cloud/aalam/stock/item/6066/image/_/face-img,Paavay,ORANGE,Cotton,XS,Apparel & Accessories > Clothing > Dresses,1768.0 INR,2080.0 INR
MIDI772,Orange HalfMoon Hakoba Midi,Orange HalfMoon Hakoba Midi,in stock,new,https://paavay.aalam.cloud/store/item/Orange+HalfMoon+Hakoba+Midi?id=6067,https://paavay.aalam.cloud/aalam/stock/item/6067/image/_/face-img,Paavay,ORANGE,Cotton,S,Apparel & Accessories > Clothing > Dresses,1768.0 INR,2080.0 INR
MIDI773,Orange HalfMoon Hakoba Midi,Orange HalfMoon Hakoba Midi,out of stock,new,https://paavay.aalam.cloud/store/item/Orange+HalfMoon+Hakoba+Midi?id=6068,https://paavay.aalam.cloud/aalam/stock/item/6068/image/_/face-img,Paavay,ORANGE,Cotton,M,Apparel & Accessories > Clothing > Dresses,1768.0 INR,2080.0 INR
MIDI774,Orange HalfMoon Hakoba Midi,Orange HalfMoon Hakoba Midi,in stock,new,https://paavay.aalam.cloud/store/item/Orange+HalfMoon+Hakoba+Midi?id=6069,https://paavay.aalam.cloud/aalam/stock/item/6069/image/_/face-img,Paavay,ORANGE,Cotton,L,Apparel & Accessories > Clothing > Dresses,1768.0 INR,2080.0 INR
MIDI775,Orange HalfMoon Hakoba Midi,Orange HalfMoon Hakoba Midi,in stock,new,https://paavay.aalam.cloud/store/item/Orange+HalfMoon+Hakoba+Midi?id=6070,https://paavay.aalam.cloud/aalam/stock/item/6070/image/_/face-img,Paavay,ORANGE,Cotton,XL,Apparel & Accessories > Clothing > Dresses,1768.0 INR,2080.0 INR
MIDI776,Orange HalfMoon Hakoba Midi,Orange HalfMoon Hakoba Midi,out of stock,new,https://paavay.aalam.cloud/store/item/Orange+HalfMoon+Hakoba+Midi?id=6071,https://paavay.aalam.cloud/aalam/stock/item/6071/image/_/face-img,Paavay,ORANGE,Cotton,XXL,Apparel & Accessories > Clothing > Dresses,1768.0 INR,2080.0 INR
MIDI777,Orange HalfMoon Hakoba Midi,Orange HalfMoon Hakoba Midi,out of stock,new,https://paavay.aalam.cloud/store/item/Orange+HalfMoon+Hakoba+Midi?id=6072,https://paavay.aalam.cloud/aalam/stock/item/6072/image/_/face-img,Paavay,ORANGE,Cotton,XXXL,Apparel & Accessories > Clothing > Dresses,1768.0 INR,2080.0 INR
MIDI778,Minted Foilage Chiffon Midi,Minted Foilage Chiffon Midi,out of stock,new,https://paavay.aalam.cloud/store/item/Minted+Foilage+Chiffon+Midi?id=6073,https://paavay.aalam.cloud/aalam/stock/item/6073/image/_/face-img,Paavay,Green,Chiffon,XS,Apparel & Accessories > Clothing > Dresses,1536.5 INR,2195.0 INR
MIDI779,Minted Foilage Chiffon Midi,Minted Foilage Chiffon Midi,in stock,new,https://paavay.aalam.cloud/store/item/Minted+Foilage+Chiffon+Midi?id=6074,https://paavay.aalam.cloud/aalam/stock/item/6074/image/_/face-img,Paavay,Green,Chiffon,S,Apparel & Accessories > Clothing > Dresses,1536.5 INR,2195.0 INR
MIDI780,Minted Foilage Chiffon Midi,Minted Foilage Chiffon Midi,in stock,new,https://paavay.aalam.cloud/store/item/Minted+Foilage+Chiffon+Midi?id=6077,https://paavay.aalam.cloud/aalam/stock/item/6077/image/_/face-img,Paavay,Green,Chiffon,M,Apparel & Accessories > Clothing > Dresses,1536.5 INR,2195.0 INR
MIDI781,Minted Foilage Chiffon Midi,Minted Foilage Chiffon Midi,in stock,new,https://paavay.aalam.cloud/store/item/Minted+Foilage+Chiffon+Midi?id=6081,https://paavay.aalam.cloud/aalam/stock/item/6081/image/_/face-img,Paavay,Green,Chiffon,L,Apparel & Accessories > Clothing > Dresses,1536.5 INR,2195.0 INR
MIDI782,Minted Foilage Chiffon Midi,Minted Foilage Chiffon Midi,in stock,new,https://paavay.aalam.cloud/store/item/Minted+Foilage+Chiffon+Midi?id=6082,https://paavay.aalam.cloud/aalam/stock/item/6082/image/_/face-img,Paavay,Green,Chiffon,XL,Apparel & Accessories > Clothing > Dresses,1536.5 INR,2195.0 INR
MIDI783,Minted Foilage Chiffon Midi,Minted Foilage Chiffon Midi,in stock,new,https://paavay.aalam.cloud/store/item/Minted+Foilage+Chiffon+Midi?id=6085,https://paavay.aalam.cloud/aalam/stock/item/6085/image/_/face-img,Paavay,Green,Chiffon,XXL,Apparel & Accessories > Clothing > Dresses,1536.5 INR,2195.0 INR
MIDI784,Minted Foilage Chiffon Midi,Minted Foilage Chiffon Midi,in stock,new,https://paavay.aalam.cloud/store/item/Minted+Foilage+Chiffon+Midi?id=6086,https://paavay.aalam.cloud/aalam/stock/item/6086/image/_/face-img,Paavay,Green,Chiffon,XXXL,Apparel & Accessories > Clothing > Dresses,1536.5 INR,2195.0 INR
MIDI785,Regal Damask Maxi,Regal Damask Maxi,out of stock,new,https://paavay.aalam.cloud/store/item/Regal+Damask+Maxi?id=6087,https://paavay.aalam.cloud/aalam/stock/item/6087/image/_/face-img,Paavay,Red,LINEN,XS,Apparel & Accessories > Clothing > Dresses,1610.75 INR,1895.0 INR
MIDI786,Regal Damask Maxi,Regal Damask Maxi,in stock,new,https://paavay.aalam.cloud/store/item/Regal+Damask+Maxi?id=6088,https://paavay.aalam.cloud/aalam/stock/item/6088/image/_/face-img,Paavay,Red,LINEN,S,Apparel & Accessories > Clothing > Dresses,1610.75 INR,1895.0 INR
MIDI787,Regal Damask Maxi,Regal Damask Maxi,in stock,new,https://paavay.aalam.cloud/store/item/Regal+Damask+Maxi?id=6089,https://paavay.aalam.cloud/aalam/stock/item/6089/image/_/face-img,Paavay,Red,LINEN,M,Apparel & Accessories > Clothing > Dresses,1610.75 INR,1895.0 INR
MIDI788,Regal Damask Maxi,Regal Damask Maxi,in stock,new,https://paavay.aalam.cloud/store/item/Regal+Damask+Maxi?id=6090,https://paavay.aalam.cloud/aalam/stock/item/6090/image/_/face-img,Paavay,Red,LINEN,L,Apparel & Accessories > Clothing > Dresses,1610.75 INR,1895.0 INR
MIDI789,Regal Damask Maxi,Regal Damask Maxi,in stock,new,https://paavay.aalam.cloud/store/item/Regal+Damask+Maxi?id=6091,https://paavay.aalam.cloud/aalam/stock/item/6091/image/_/face-img,Paavay,Red,LINEN,XL,Apparel & Accessories > Clothing > Dresses,1610.75 INR,1895.0 INR
MIDI790,Regal Damask Maxi,Regal Damask Maxi,in stock,new,https://paavay.aalam.cloud/store/item/Regal+Damask+Maxi?id=6092,https://paavay.aalam.cloud/aalam/stock/item/6092/image/_/face-img,Paavay,Red,LINEN,XXL,Apparel & Accessories > Clothing > Dresses,1610.75 INR,1895.0 INR
MIDI800,Regal Damask Maxi,Regal Damask Maxi,in stock,new,https://paavay.aalam.cloud/store/item/Regal+Damask+Maxi?id=6093,https://paavay.aalam.cloud/aalam/stock/item/6093/image/_/face-img,Paavay,Red,LINEN,XXXL,Apparel & Accessories > Clothing > Dresses,1610.75 INR,1895.0 INR
MIDI801,Tapestry Dot Panel Midi,Tapestry Dot Panel Midi,out of stock,new,https://paavay.aalam.cloud/store/item/Tapestry+Dot+Panel+Midi?id=6096,https://paavay.aalam.cloud/aalam/stock/item/6096/image/_/face-img,Paavay,BEIGE,LINEN,XS,Apparel & Accessories > Clothing > Dresses,1691.47 INR,1989.96 INR
MIDI802,Tapestry Dot Panel Midi,Tapestry Dot Panel Midi,in stock,new,https://paavay.aalam.cloud/store/item/Tapestry+Dot+Panel+Midi?id=6097,https://paavay.aalam.cloud/aalam/stock/item/6097/image/_/face-img,Paavay,BEIGE,LINEN,S,Apparel & Accessories > Clothing > Dresses,1691.47 INR,1989.96 INR
MIDI803,Tapestry Dot Panel Midi,Tapestry Dot Panel Midi,in stock,new,https://paavay.aalam.cloud/store/item/Tapestry+Dot+Panel+Midi?id=6098,https://paavay.aalam.cloud/aalam/stock/item/6098/image/_/face-img,Paavay,BEIGE,LINEN,M,Apparel & Accessories > Clothing > Dresses,1691.47 INR,1989.96 INR
MIDI804,Tapestry Dot Panel Midi,Tapestry Dot Panel Midi,in stock,new,https://paavay.aalam.cloud/store/item/Tapestry+Dot+Panel+Midi?id=6099,https://paavay.aalam.cloud/aalam/stock/item/6099/image/_/face-img,Paavay,BEIGE,LINEN,L,Apparel & Accessories > Clothing > Dresses,1691.47 INR,1989.96 INR
MIDI805,Tapestry Dot Panel Midi,Tapestry Dot Panel Midi,in stock,new,https://paavay.aalam.cloud/store/item/Tapestry+Dot+Panel+Midi?id=6100,https://paavay.aalam.cloud/aalam/stock/item/6100/image/_/face-img,Paavay,BEIGE,LINEN,XL,Apparel & Accessories > Clothing > Dresses,1691.47 INR,1989.96 INR
MIDI806,Tapestry Dot Panel Midi,Tapestry Dot Panel Midi,in stock,new,https://paavay.aalam.cloud/store/item/Tapestry+Dot+Panel+Midi?id=6101,https://paavay.aalam.cloud/aalam/stock/item/6101/image/_/face-img,Paavay,BEIGE,LINEN,XXL,Apparel & Accessories > Clothing > Dresses,1691.47 INR,1989.96 INR
MIDI807,Tapestry Dot Panel Midi,Tapestry Dot Panel Midi,in stock,new,https://paavay.aalam.cloud/store/item/Tapestry+Dot+Panel+Midi?id=6102,https://paavay.aalam.cloud/aalam/stock/item/6102/image/_/face-img,Paavay,BEIGE,LINEN,XXXL,Apparel & Accessories > Clothing > Dresses,1691.47 INR,1989.96 INR
MIDI808,Sable Midi Dress,Sable Midi Dress,out of stock,new,https://paavay.aalam.cloud/store/item/Sable+Midi+Dress?id=6103,https://paavay.aalam.cloud/aalam/stock/item/6103/image/_/face-img,Paavay,BEIGE,LINEN,XS,Apparel & Accessories > Clothing > Dresses,947.5 INR,1895.0 INR
MIDI809,Sable Midi Dress,Sable Midi Dress,in stock,new,https://paavay.aalam.cloud/store/item/Sable+Midi+Dress?id=6104,https://paavay.aalam.cloud/aalam/stock/item/6104/image/_/face-img,Paavay,BEIGE,LINEN,S,Apparel & Accessories > Clothing > Dresses,947.5 INR,1895.0 INR
MIDI810,Sable Midi Dress,Sable Midi Dress,in stock,new,https://paavay.aalam.cloud/store/item/Sable+Midi+Dress?id=6105,https://paavay.aalam.cloud/aalam/stock/item/6105/image/_/face-img,Paavay,BEIGE,LINEN,M,Apparel & Accessories > Clothing > Dresses,947.5 INR,1895.0 INR
MIDI811,Sable Midi Dress,Sable Midi Dress,in stock,new,https://paavay.aalam.cloud/store/item/Sable+Midi+Dress?id=6106,https://paavay.aalam.cloud/aalam/stock/item/6106/image/_/face-img,Paavay,BEIGE,LINEN,L,Apparel & Accessories > Clothing > Dresses,947.5 INR,1895.0 INR
MIDI812,Sable Midi Dress,Sable Midi Dress,in stock,new,https://paavay.aalam.cloud/store/item/Sable+Midi+Dress?id=6108,https://paavay.aalam.cloud/aalam/stock/item/6108/image/_/face-img,Paavay,BEIGE,LINEN,XL,Apparel & Accessories > Clothing > Dresses,947.5 INR,1895.0 INR
MIDI813,Sable Midi Dress,Sable Midi Dress,in stock,new,https://paavay.aalam.cloud/store/item/Sable+Midi+Dress?id=6109,https://paavay.aalam.cloud/aalam/stock/item/6109/image/_/face-img,Paavay,BEIGE,LINEN,XXL,Apparel & Accessories > Clothing > Dresses,947.5 INR,1895.0 INR
MIDI814,Sable Midi Dress,Sable Midi Dress,in stock,new,https://paavay.aalam.cloud/store/item/Sable+Midi+Dress?id=6110,https://paavay.aalam.cloud/aalam/stock/item/6110/image/_/face-img,Paavay,BEIGE,LINEN,XXXL,Apparel & Accessories > Clothing > Dresses,947.5 INR,1895.0 INR
withoutxs,Sable Midi Dress,Sable Midi Dress,out of stock,new,https://paavay.aalam.cloud/store/item/Sable+Midi+Dress?id=6111,https://paavay.aalam.cloud/aalam/stock/item/6111/image/_/face-img,Paavay,BEIGE,LINEN,XS,Apparel & Accessories > Clothing > Dresses,947.5 INR,1895.0 INR
withouts,Sable Midi Dress,Sable Midi Dress,in stock,new,https://paavay.aalam.cloud/store/item/Sable+Midi+Dress?id=6112,https://paavay.aalam.cloud/aalam/stock/item/6112/image/_/face-img,Paavay,BEIGE,LINEN,S,Apparel & Accessories > Clothing > Dresses,947.5 INR,1895.0 INR
withoutm,Sable Midi Dress,Sable Midi Dress,in stock,new,https://paavay.aalam.cloud/store/item/Sable+Midi+Dress?id=6114,https://paavay.aalam.cloud/aalam/stock/item/6114/image/_/face-img,Paavay,BEIGE,LINEN,M,Apparel & Accessories > Clothing > Dresses,947.5 INR,1895.0 INR
withoutL,Sable Midi Dress,Sable Midi Dress,in stock,new,https://paavay.aalam.cloud/store/item/Sable+Midi+Dress?id=6115,https://paavay.aalam.cloud/aalam/stock/item/6115/image/_/face-img,Paavay,BEIGE,LINEN,L,Apparel & Accessories > Clothing > Dresses,947.5 INR,1895.0 INR
withoutxl,Sable Midi Dress,Sable Midi Dress,in stock,new,https://paavay.aalam.cloud/store/item/Sable+Midi+Dress?id=6116,https://paavay.aalam.cloud/aalam/stock/item/6116/image/_/face-img,Paavay,BEIGE,LINEN,XL,Apparel & Accessories > Clothing > Dresses,947.5 INR,1895.0 INR
withoutxxl,Sable Midi Dress,Sable Midi Dress,in stock,new,https://paavay.aalam.cloud/store/item/Sable+Midi+Dress?id=6117,https://paavay.aalam.cloud/aalam/stock/item/6117/image/_/face-img,Paavay,BEIGE,LINEN,XXL,Apparel & Accessories > Clothing > Dresses,947.5 INR,1895.0 INR
withoutxxxl,Sable Midi Dress,Sable Midi Dress,in stock,new,https://paavay.aalam.cloud/store/item/Sable+Midi+Dress?id=6118,https://paavay.aalam.cloud/aalam/stock/item/6118/image/_/face-img,Paavay,BEIGE,LINEN,XXXL,Apparel & Accessories > Clothing > Dresses,947.5 INR,1895.0 INR
Midi815,Zinnia Flared Hakoba Midi,Zinnia Flared Hakoba Midi,out of stock,new,https://paavay.aalam.cloud/store/item/Zinnia+Flared+Hakoba+Midi?id=6119,https://paavay.aalam.cloud/aalam/stock/item/6119/image/_/face-img,Paavay,Peach,Cotton,XS,Apparel & Accessories > Clothing > Dresses,1857.25 INR,2185.0 INR
MIDI816,Zinnia Flared Hakoba Midi,Zinnia Flared Hakoba Midi,in stock,new,https://paavay.aalam.cloud/store/item/Zinnia+Flared+Hakoba+Midi?id=6120,https://paavay.aalam.cloud/aalam/stock/item/6120/image/_/face-img,Paavay,Peach,Cotton,S,Apparel & Accessories > Clothing > Dresses,1857.25 INR,2185.0 INR
MIDI817,Zinnia Flared Hakoba Midi,Zinnia Flared Hakoba Midi,in stock,new,https://paavay.aalam.cloud/store/item/Zinnia+Flared+Hakoba+Midi?id=6121,https://paavay.aalam.cloud/aalam/stock/item/6121/image/_/face-img,Paavay,Peach,Cotton,M,Apparel & Accessories > Clothing > Dresses,1857.25 INR,2185.0 INR
MIDI818,Zinnia Flared Hakoba Midi,Zinnia Flared Hakoba Midi,in stock,new,https://paavay.aalam.cloud/store/item/Zinnia+Flared+Hakoba+Midi?id=6122,https://paavay.aalam.cloud/aalam/stock/item/6122/image/_/face-img,Paavay,Peach,Cotton,L,Apparel & Accessories > Clothing > Dresses,1857.25 INR,2185.0 INR
MIDI819,Zinnia Flared Hakoba Midi,Zinnia Flared Hakoba Midi,in stock,new,https://paavay.aalam.cloud/store/item/Zinnia+Flared+Hakoba+Midi?id=6123,https://paavay.aalam.cloud/aalam/stock/item/6123/image/_/face-img,Paavay,Peach,Cotton,XL,Apparel & Accessories > Clothing > Dresses,1857.25 INR,2185.0 INR
MIDI820,Zinnia Flared Hakoba Midi,Zinnia Flared Hakoba Midi,in stock,new,https://paavay.aalam.cloud/store/item/Zinnia+Flared+Hakoba+Midi?id=6124,https://paavay.aalam.cloud/aalam/stock/item/6124/image/_/face-img,Paavay,Peach,Cotton,XXL,Apparel & Accessories > Clothing > Dresses,1857.25 INR,2185.0 INR
MIDI821,Zinnia Flared Hakoba Midi,Zinnia Flared Hakoba Midi,in stock,new,https://paavay.aalam.cloud/store/item/Zinnia+Flared+Hakoba+Midi?id=6125,https://paavay.aalam.cloud/aalam/stock/item/6125/image/_/face-img,Paavay,Peach,Cotton,XXXL,Apparel & Accessories > Clothing > Dresses,1857.25 INR,2185.0 INR
MIDI822,Tutti Floral Midi,Tutti Floral Midi,out of stock,new,https://paavay.aalam.cloud/store/item/Tutti+Floral+Midi?id=6126,https://paavay.aalam.cloud/aalam/stock/item/6126/image/_/face-img,Paavay,Peach,LINEN,XS,Apparel & Accessories > Clothing > Dresses,1653.25 INR,1945.0 INR
MIDI823,Tutti Floral Midi,Tutti Floral Midi,in stock,new,https://paavay.aalam.cloud/store/item/Tutti+Floral+Midi?id=6127,https://paavay.aalam.cloud/aalam/stock/item/6127/image/_/face-img,Paavay,Peach,LINEN,S,Apparel & Accessories > Clothing > Dresses,1653.25 INR,1945.0 INR
MIDI824,Tutti Floral Midi,Tutti Floral Midi,in stock,new,https://paavay.aalam.cloud/store/item/Tutti+Floral+Midi?id=6128,https://paavay.aalam.cloud/aalam/stock/item/6128/image/_/face-img,Paavay,Peach,LINEN,M,Apparel & Accessories > Clothing > Dresses,1653.25 INR,1945.0 INR
MIDI825,Tutti Floral Midi,Tutti Floral Midi,in stock,new,https://paavay.aalam.cloud/store/item/Tutti+Floral+Midi?id=6129,https://paavay.aalam.cloud/aalam/stock/item/6129/image/_/face-img,Paavay,Peach,LINEN,L,Apparel & Accessories > Clothing > Dresses,1653.25 INR,1945.0 INR
MIDI826,Tutti Floral Midi,Tutti Floral Midi,in stock,new,https://paavay.aalam.cloud/store/item/Tutti+Floral+Midi?id=6130,https://paavay.aalam.cloud/aalam/stock/item/6130/image/_/face-img,Paavay,Peach,LINEN,XL,Apparel & Accessories > Clothing > Dresses,1653.25 INR,1945.0 INR
MIDI827,Tutti Floral Midi,Tutti Floral Midi,in stock,new,https://paavay.aalam.cloud/store/item/Tutti+Floral+Midi?id=6131,https://paavay.aalam.cloud/aalam/stock/item/6131/image/_/face-img,Paavay,Peach,LINEN,XXL,Apparel & Accessories > Clothing > Dresses,1653.25 INR,1945.0 INR
MIDI828,Tutti Floral Midi,Tutti Floral Midi,in stock,new,https://paavay.aalam.cloud/store/item/Tutti+Floral+Midi?id=6132,https://paavay.aalam.cloud/aalam/stock/item/6132/image/_/face-img,Paavay,Peach,LINEN,XXXL,Apparel & Accessories > Clothing > Dresses,1653.25 INR,1945.0 INR
MIDI829,Ziggurat Line Panel Midi,Ziggurat Line Panel Midi,out of stock,new,https://paavay.aalam.cloud/store/item/Ziggurat+Line+Panel+Midi?id=6133,https://paavay.aalam.cloud/aalam/stock/item/6133/image/_/face-img,Paavay,RED,LINEN,XS,Apparel & Accessories > Clothing > Dresses,1691.5 INR,1990.0 INR
MIDI830,Ziggurat Line Panel Midi,Ziggurat Line Panel Midi,in stock,new,https://paavay.aalam.cloud/store/item/Ziggurat+Line+Panel+Midi?id=6134,https://paavay.aalam.cloud/aalam/stock/item/6134/image/_/face-img,Paavay,RED,LINEN,S,Apparel & Accessories > Clothing > Dresses,1691.5 INR,1990.0 INR
MIDI831,Ziggurat Line Panel Midi,Ziggurat Line Panel Midi,in stock,new,https://paavay.aalam.cloud/store/item/Ziggurat+Line+Panel+Midi?id=6135,https://paavay.aalam.cloud/aalam/stock/item/6135/image/_/face-img,Paavay,RED,LINEN,M,Apparel & Accessories > Clothing > Dresses,1691.5 INR,1990.0 INR
MIDI832,Ziggurat Line Panel Midi,Ziggurat Line Panel Midi,in stock,new,https://paavay.aalam.cloud/store/item/Ziggurat+Line+Panel+Midi?id=6136,https://paavay.aalam.cloud/aalam/stock/item/6136/image/_/face-img,Paavay,RED,LINEN,L,Apparel & Accessories > Clothing > Dresses,1691.5 INR,1990.0 INR
MIDI833,Ziggurat Line Panel Midi,Ziggurat Line Panel Midi,in stock,new,https://paavay.aalam.cloud/store/item/Ziggurat+Line+Panel+Midi?id=6137,https://paavay.aalam.cloud/aalam/stock/item/6137/image/_/face-img,Paavay,RED,LINEN,XL,Apparel & Accessories > Clothing > Dresses,1691.5 INR,1990.0 INR
MIDI834,Ziggurat Line Panel Midi,Ziggurat Line Panel Midi,in stock,new,https://paavay.aalam.cloud/store/item/Ziggurat+Line+Panel+Midi?id=6138,https://paavay.aalam.cloud/aalam/stock/item/6138/image/_/face-img,Paavay,RED,LINEN,XXL,Apparel & Accessories > Clothing > Dresses,1691.5 INR,1990.0 INR
MIDI835,Ziggurat Line Panel Midi,Ziggurat Line Panel Midi,in stock,new,https://paavay.aalam.cloud/store/item/Ziggurat+Line+Panel+Midi?id=6139,https://paavay.aalam.cloud/aalam/stock/item/6139/image/_/face-img,Paavay,RED,LINEN,XXXL,Apparel & Accessories > Clothing > Dresses,1691.5 INR,1990.0 INR
MIDI836,Disty Flowy Hakoba Midi,Disty Flowy Hakoba Midi,out of stock,new,https://paavay.aalam.cloud/store/item/Disty+Flowy+Hakoba+Midi?id=6140,https://paavay.aalam.cloud/aalam/stock/item/6140/image/_/face-img,Paavay,BLUE,Cotton,XS,Apparel & Accessories > Clothing > Dresses,1946.5 INR,2290.0 INR
MIDI837,Disty Flowy Hakoba Midi,Disty Flowy Hakoba Midi,in stock,new,https://paavay.aalam.cloud/store/item/Disty+Flowy+Hakoba+Midi?id=6141,https://paavay.aalam.cloud/aalam/stock/item/6141/image/_/face-img,Paavay,BLUE,Cotton,S,Apparel & Accessories > Clothing > Dresses,1946.5 INR,2290.0 INR
MIDI838,Disty Flowy Hakoba Midi,Disty Flowy Hakoba Midi,in stock,new,https://paavay.aalam.cloud/store/item/Disty+Flowy+Hakoba+Midi?id=6142,https://paavay.aalam.cloud/aalam/stock/item/6142/image/_/face-img,Paavay,BLUE,Cotton,M,Apparel & Accessories > Clothing > Dresses,1946.5 INR,2290.0 INR
MIDI839,Disty Flowy Hakoba Midi,Disty Flowy Hakoba Midi,in stock,new,https://paavay.aalam.cloud/store/item/Disty+Flowy+Hakoba+Midi?id=6143,https://paavay.aalam.cloud/aalam/stock/item/6143/image/_/face-img,Paavay,BLUE,Cotton,L,Apparel & Accessories > Clothing > Dresses,1946.5 INR,2290.0 INR
MIDI840,Disty Flowy Hakoba Midi,Disty Flowy Hakoba Midi,in stock,new,https://paavay.aalam.cloud/store/item/Disty+Flowy+Hakoba+Midi?id=6144,https://paavay.aalam.cloud/aalam/stock/item/6144/image/_/face-img,Paavay,BLUE,Cotton,XL,Apparel & Accessories > Clothing > Dresses,1946.5 INR,2290.0 INR
MIDI841,Disty Flowy Hakoba Midi,Disty Flowy Hakoba Midi,in stock,new,https://paavay.aalam.cloud/store/item/Disty+Flowy+Hakoba+Midi?id=6147,https://paavay.aalam.cloud/aalam/stock/item/6147/image/_/face-img,Paavay,BLUE,Cotton,XXL,Apparel & Accessories > Clothing > Dresses,1946.5 INR,2290.0 INR
MIDI842,Disty Flowy Hakoba Midi,Disty Flowy Hakoba Midi,in stock,new,https://paavay.aalam.cloud/store/item/Disty+Flowy+Hakoba+Midi?id=6148,https://paavay.aalam.cloud/aalam/stock/item/6148/image/_/face-img,Paavay,BLUE,Cotton,XXXL,Apparel & Accessories > Clothing > Dresses,1946.5 INR,2290.0 INR
MAXI843,Swoop Panel Maxi,Swoop Panel Maxi,out of stock,new,https://paavay.aalam.cloud/store/item/Swoop+Panel+Maxi?id=6149,https://paavay.aalam.cloud/aalam/stock/item/6149/image/_/face-img,Paavay,BLUE,LINEN,XS,Apparel & Accessories > Clothing > Dresses,1957.5 INR,2175.0 INR
MAXI844,Swoop Panel Maxi,Swoop Panel Maxi,in stock,new,https://paavay.aalam.cloud/store/item/Swoop+Panel+Maxi?id=6150,https://paavay.aalam.cloud/aalam/stock/item/6150/image/_/face-img,Paavay,BLUE,LINEN,S,Apparel & Accessories > Clothing > Dresses,1957.5 INR,2175.0 INR
MAXI845,Swoop Panel Maxi,Swoop Panel Maxi,in stock,new,https://paavay.aalam.cloud/store/item/Swoop+Panel+Maxi?id=6151,https://paavay.aalam.cloud/aalam/stock/item/6151/image/_/face-img,Paavay,BLUE,LINEN,M,Apparel & Accessories > Clothing > Dresses,1957.5 INR,2175.0 INR
MAXI846,Swoop Panel Maxi,Swoop Panel Maxi,in stock,new,https://paavay.aalam.cloud/store/item/Swoop+Panel+Maxi?id=6152,https://paavay.aalam.cloud/aalam/stock/item/6152/image/_/face-img,Paavay,BLUE,LINEN,L,Apparel & Accessories > Clothing > Dresses,1957.5 INR,2175.0 INR
MAXI847,Swoop Panel Maxi,Swoop Panel Maxi,in stock,new,https://paavay.aalam.cloud/store/item/Swoop+Panel+Maxi?id=6153,https://paavay.aalam.cloud/aalam/stock/item/6153/image/_/face-img,Paavay,BLUE,LINEN,XL,Apparel & Accessories > Clothing > Dresses,1957.5 INR,2175.0 INR
MAXI848,Swoop Panel Maxi,Swoop Panel Maxi,in stock,new,https://paavay.aalam.cloud/store/item/Swoop+Panel+Maxi?id=6154,https://paavay.aalam.cloud/aalam/stock/item/6154/image/_/face-img,Paavay,BLUE,LINEN,XXL,Apparel & Accessories > Clothing > Dresses,1957.5 INR,2175.0 INR
MAXI849,Swoop Panel Maxi,Swoop Panel Maxi,out of stock,new,https://paavay.aalam.cloud/store/item/Swoop+Panel+Maxi?id=6155,https://paavay.aalam.cloud/aalam/stock/item/6155/image/_/face-img,Paavay,BLUE,LINEN,XXXL,Apparel & Accessories > Clothing > Dresses,1957.5 INR,2175.0 INR
MIDI850,Black Denim Casual Midi,Black Denim Casual Midi,in stock,new,https://paavay.aalam.cloud/store/item/Black+Denim+Casual+Midi?id=6156,https://paavay.aalam.cloud/aalam/stock/item/6156/image/_/face-img,Paavay,Black,Denim,XS,Apparel & Accessories > Clothing > Dresses,1444.15 INR,1699.0 INR
MIDI851,Black Denim Casual Midi,Black Denim Casual Midi,in stock,new,https://paavay.aalam.cloud/store/item/Black+Denim+Casual+Midi?id=6157,https://paavay.aalam.cloud/aalam/stock/item/6157/image/_/face-img,Paavay,Black,Denim,S,Apparel & Accessories > Clothing > Dresses,1444.15 INR,1699.0 INR
MIDI853,Black Denim Casual Midi,Black Denim Casual Midi,in stock,new,https://paavay.aalam.cloud/store/item/Black+Denim+Casual+Midi?id=6158,https://paavay.aalam.cloud/aalam/stock/item/6158/image/_/face-img,Paavay,Black,Denim,M,Apparel & Accessories > Clothing > Dresses,1444.15 INR,1699.0 INR
MIDI854,Black Denim Casual Midi,Black Denim Casual Midi,in stock,new,https://paavay.aalam.cloud/store/item/Black+Denim+Casual+Midi?id=6159,https://paavay.aalam.cloud/aalam/stock/item/6159/image/_/face-img,Paavay,Black,Denim,L,Apparel & Accessories > Clothing > Dresses,1444.15 INR,1699.0 INR
MIDI855,Black Denim Casual Midi,Black Denim Casual Midi,in stock,new,https://paavay.aalam.cloud/store/item/Black+Denim+Casual+Midi?id=6160,https://paavay.aalam.cloud/aalam/stock/item/6160/image/_/face-img,Paavay,Black,Denim,XL,Apparel & Accessories > Clothing > Dresses,1444.15 INR,1699.0 INR
MIDI852,Black Denim Casual Midi,Black Denim Casual Midi,in stock,new,https://paavay.aalam.cloud/store/item/Black+Denim+Casual+Midi?id=6161,https://paavay.aalam.cloud/aalam/stock/item/6161/image/_/face-img,Paavay,Black,Denim,XXL,Apparel & Accessories > Clothing > Dresses,1444.15 INR,1699.0 INR
MIDI856,Black Denim Casual Midi,Black Denim Casual Midi,out of stock,new,https://paavay.aalam.cloud/store/item/Black+Denim+Casual+Midi?id=6162,https://paavay.aalam.cloud/aalam/stock/item/6162/image/_/face-img,Paavay,Black,Denim,XXXL,Apparel & Accessories > Clothing > Dresses,1444.15 INR,1699.0 INR
MAXI857,Persian Chiffon Maxi,Persian Chiffon Maxi,out of stock,new,https://paavay.aalam.cloud/store/item/Persian+Chiffon+Maxi?id=6163,https://paavay.aalam.cloud/aalam/stock/item/6163/image/_/face-img,Paavay,GREEN,Chiffon,XS,Apparel & Accessories > Clothing > Dresses,1734.0 INR,2040.0 INR
MAXI858,Persian Chiffon Maxi,Persian Chiffon Maxi,out of stock,new,https://paavay.aalam.cloud/store/item/Persian+Chiffon+Maxi?id=6164,https://paavay.aalam.cloud/aalam/stock/item/6164/image/_/face-img,Paavay,GREEN,Chiffon,S,Apparel & Accessories > Clothing > Dresses,1734.0 INR,2040.0 INR
MAXI859,Persian Chiffon Maxi,Persian Chiffon Maxi,out of stock,new,https://paavay.aalam.cloud/store/item/Persian+Chiffon+Maxi?id=6165,https://paavay.aalam.cloud/aalam/stock/item/6165/image/_/face-img,Paavay,GREEN,Chiffon,M,Apparel & Accessories > Clothing > Dresses,1734.0 INR,2040.0 INR
MAXI860,Persian Chiffon Maxi,Persian Chiffon Maxi,out of stock,new,https://paavay.aalam.cloud/store/item/Persian+Chiffon+Maxi?id=6166,https://paavay.aalam.cloud/aalam/stock/item/6166/image/_/face-img,Paavay,GREEN,Chiffon,L,Apparel & Accessories > Clothing > Dresses,1734.0 INR,2040.0 INR
MAXI861,Persian Chiffon Maxi,Persian Chiffon Maxi,out of stock,new,https://paavay.aalam.cloud/store/item/Persian+Chiffon+Maxi?id=6167,https://paavay.aalam.cloud/aalam/stock/item/6167/image/_/face-img,Paavay,GREEN,Chiffon,XL,Apparel & Accessories > Clothing > Dresses,1734.0 INR,2040.0 INR
MAXI862,Persian Chiffon Maxi,Persian Chiffon Maxi,out of stock,new,https://paavay.aalam.cloud/store/item/Persian+Chiffon+Maxi?id=6168,https://paavay.aalam.cloud/aalam/stock/item/6168/image/_/face-img,Paavay,GREEN,Chiffon,XXL,Apparel & Accessories > Clothing > Dresses,1734.0 INR,2040.0 INR
MAXI863,Persian Chiffon Maxi,Persian Chiffon Maxi,out of stock,new,https://paavay.aalam.cloud/store/item/Persian+Chiffon+Maxi?id=6169,https://paavay.aalam.cloud/aalam/stock/item/6169/image/_/face-img,Paavay,GREEN,Chiffon,XXXL,Apparel & Accessories > Clothing > Dresses,1734.0 INR,2040.0 INR
MAXI864,Orche Floral Hakoba Maxi,Orche Floral Hakoba Maxi,out of stock,new,https://paavay.aalam.cloud/store/item/Orche+Floral+Hakoba+Maxi?id=6170,https://paavay.aalam.cloud/aalam/stock/item/6170/image/_/face-img,Paavay,GREEN,Cotton,XS,Apparel & Accessories > Clothing > Dresses,1861.5 INR,2190.0 INR
MAXI865,Orche Floral Hakoba Maxi,Orche Floral Hakoba Maxi,in stock,new,https://paavay.aalam.cloud/store/item/Orche+Floral+Hakoba+Maxi?id=6171,https://paavay.aalam.cloud/aalam/stock/item/6171/image/_/face-img,Paavay,GREEN,Cotton,S,Apparel & Accessories > Clothing > Dresses,1861.5 INR,2190.0 INR
MAXI866,Orche Floral Hakoba Maxi,Orche Floral Hakoba Maxi,in stock,new,https://paavay.aalam.cloud/store/item/Orche+Floral+Hakoba+Maxi?id=6172,https://paavay.aalam.cloud/aalam/stock/item/6172/image/_/face-img,Paavay,GREEN,Cotton,M,Apparel & Accessories > Clothing > Dresses,1861.5 INR,2190.0 INR
MAXI867,Orche Floral Hakoba Maxi,Orche Floral Hakoba Maxi,in stock,new,https://paavay.aalam.cloud/store/item/Orche+Floral+Hakoba+Maxi?id=6173,https://paavay.aalam.cloud/aalam/stock/item/6173/image/_/face-img,Paavay,GREEN,Cotton,L,Apparel & Accessories > Clothing > Dresses,1861.5 INR,2190.0 INR
MAXI868,Orche Floral Hakoba Maxi,Orche Floral Hakoba Maxi,in stock,new,https://paavay.aalam.cloud/store/item/Orche+Floral+Hakoba+Maxi?id=6174,https://paavay.aalam.cloud/aalam/stock/item/6174/image/_/face-img,Paavay,GREEN,Cotton,XL,Apparel & Accessories > Clothing > Dresses,1861.5 INR,2190.0 INR
MAXI869,Orche Floral Hakoba Maxi,Orche Floral Hakoba Maxi,in stock,new,https://paavay.aalam.cloud/store/item/Orche+Floral+Hakoba+Maxi?id=6175,https://paavay.aalam.cloud/aalam/stock/item/6175/image/_/face-img,Paavay,GREEN,Cotton,XXL,Apparel & Accessories > Clothing > Dresses,1861.5 INR,2190.0 INR
MAXI870,Orche Floral Hakoba Maxi,Orche Floral Hakoba Maxi,in stock,new,https://paavay.aalam.cloud/store/item/Orche+Floral+Hakoba+Maxi?id=6176,https://paavay.aalam.cloud/aalam/stock/item/6176/image/_/face-img,Paavay,GREEN,Cotton,XXXL,Apparel & Accessories > Clothing > Dresses,1861.5 INR,2190.0 INR
MAXI871,Merlot Hakoba Maxi,Merlot Hakoba Maxi,out of stock,new,https://paavay.aalam.cloud/store/item/Merlot+Hakoba+Maxi?id=6177,https://paavay.aalam.cloud/aalam/stock/item/6177/image/_/face-img,Paavay,Brown,Cotton,XS,Apparel & Accessories > Clothing > Dresses,1887.0 INR,2220.0 INR
MAXI872,Merlot Hakoba Maxi,Merlot Hakoba Maxi,in stock,new,https://paavay.aalam.cloud/store/item/Merlot+Hakoba+Maxi?id=6178,https://paavay.aalam.cloud/aalam/stock/item/6178/image/_/face-img,Paavay,Brown,Cotton,S,Apparel & Accessories > Clothing > Dresses,1887.0 INR,2220.0 INR
MAXI873,Merlot Hakoba Maxi,Merlot Hakoba Maxi,in stock,new,https://paavay.aalam.cloud/store/item/Merlot+Hakoba+Maxi?id=6179,https://paavay.aalam.cloud/aalam/stock/item/6179/image/_/face-img,Paavay,Brown,Cotton,M,Apparel & Accessories > Clothing > Dresses,1887.0 INR,2220.0 INR
MAXI874,Merlot Hakoba Maxi,Merlot Hakoba Maxi,in stock,new,https://paavay.aalam.cloud/store/item/Merlot+Hakoba+Maxi?id=6180,https://paavay.aalam.cloud/aalam/stock/item/6180/image/_/face-img,Paavay,Brown,Cotton,L,Apparel & Accessories > Clothing > Dresses,1887.0 INR,2220.0 INR
MAXI875,Merlot Hakoba Maxi,Merlot Hakoba Maxi,in stock,new,https://paavay.aalam.cloud/store/item/Merlot+Hakoba+Maxi?id=6181,https://paavay.aalam.cloud/aalam/stock/item/6181/image/_/face-img,Paavay,Brown,Cotton,XL,Apparel & Accessories > Clothing > Dresses,1887.0 INR,2220.0 INR
MAXI876,Merlot Hakoba Maxi,Merlot Hakoba Maxi,in stock,new,https://paavay.aalam.cloud/store/item/Merlot+Hakoba+Maxi?id=6182,https://paavay.aalam.cloud/aalam/stock/item/6182/image/_/face-img,Paavay,Brown,Cotton,XXL,Apparel & Accessories > Clothing > Dresses,1887.0 INR,2220.0 INR
MAXI877,Merlot Hakoba Maxi,Merlot Hakoba Maxi,in stock,new,https://paavay.aalam.cloud/store/item/Merlot+Hakoba+Maxi?id=6183,https://paavay.aalam.cloud/aalam/stock/item/6183/image/_/face-img,Paavay,Brown,Cotton,XXXL,Apparel & Accessories > Clothing > Dresses,1887.0 INR,2220.0 INR
MAXI878,Oil Stick Flora Hakoba Maxi,Oil Stick Flora Hakoba Maxi,out of stock,new,https://paavay.aalam.cloud/store/item/Oil+Stick+Flora+Hakoba+Maxi?id=6184,https://paavay.aalam.cloud/aalam/stock/item/6184/image/_/face-img,Paavay,BEIGE,Cotton,XS,Apparel & Accessories > Clothing > Dresses,1989.0 INR,2340.0 INR
MAXI879,Oil Stick Flora Hakoba Maxi,Oil Stick Flora Hakoba Maxi,in stock,new,https://paavay.aalam.cloud/store/item/Oil+Stick+Flora+Hakoba+Maxi?id=6185,https://paavay.aalam.cloud/aalam/stock/item/6185/image/_/face-img,Paavay,BEIGE,Cotton,S,Apparel & Accessories > Clothing > Dresses,1989.0 INR,2340.0 INR
MAXI880,Oil Stick Flora Hakoba Maxi,Oil Stick Flora Hakoba Maxi,in stock,new,https://paavay.aalam.cloud/store/item/Oil+Stick+Flora+Hakoba+Maxi?id=6186,https://paavay.aalam.cloud/aalam/stock/item/6186/image/_/face-img,Paavay,BEIGE,Cotton,M,Apparel & Accessories > Clothing > Dresses,1989.0 INR,2340.0 INR
MAXI881,Oil Stick Flora Hakoba Maxi,Oil Stick Flora Hakoba Maxi,in stock,new,https://paavay.aalam.cloud/store/item/Oil+Stick+Flora+Hakoba+Maxi?id=6187,https://paavay.aalam.cloud/aalam/stock/item/6187/image/_/face-img,Paavay,BEIGE,Cotton,L,Apparel & Accessories > Clothing > Dresses,1989.0 INR,2340.0 INR
MAXI882,Oil Stick Flora Hakoba Maxi,Oil Stick Flora Hakoba Maxi,in stock,new,https://paavay.aalam.cloud/store/item/Oil+Stick+Flora+Hakoba+Maxi?id=6188,https://paavay.aalam.cloud/aalam/stock/item/6188/image/_/face-img,Paavay,BEIGE,Cotton,XL,Apparel & Accessories > Clothing > Dresses,1989.0 INR,2340.0 INR
MAXI883,Oil Stick Flora Hakoba Maxi,Oil Stick Flora Hakoba Maxi,in stock,new,https://paavay.aalam.cloud/store/item/Oil+Stick+Flora+Hakoba+Maxi?id=6189,https://paavay.aalam.cloud/aalam/stock/item/6189/image/_/face-img,Paavay,BEIGE,Cotton,XXL,Apparel & Accessories > Clothing > Dresses,1989.0 INR,2340.0 INR
MAXI884,Oil Stick Flora Hakoba Maxi,Oil Stick Flora Hakoba Maxi,in stock,new,https://paavay.aalam.cloud/store/item/Oil+Stick+Flora+Hakoba+Maxi?id=6190,https://paavay.aalam.cloud/aalam/stock/item/6190/image/_/face-img,Paavay,BEIGE,Cotton,XXXL,Apparel & Accessories > Clothing > Dresses,1989.0 INR,2340.0 INR
MAXI885,Dainty Print Chiffon Maxi,Dainty Print Chiffon Maxi,out of stock,new,https://paavay.aalam.cloud/store/item/Dainty+Print+Chiffon+Maxi?id=6192,https://paavay.aalam.cloud/aalam/stock/item/6192/image/_/face-img,Paavay,BLUE,Chiffon,XS,Apparel & Accessories > Clothing > Dresses,1772.25 INR,2085.0 INR
MAXI886,Dainty Print Chiffon Maxi,Dainty Print Chiffon Maxi,out of stock,new,https://paavay.aalam.cloud/store/item/Dainty+Print+Chiffon+Maxi?id=6193,https://paavay.aalam.cloud/aalam/stock/item/6193/image/_/face-img,Paavay,BLUE,Chiffon,S,Apparel & Accessories > Clothing > Dresses,1772.25 INR,2085.0 INR
MAXI887,Dainty Print Chiffon Maxi,Dainty Print Chiffon Maxi,out of stock,new,https://paavay.aalam.cloud/store/item/Dainty+Print+Chiffon+Maxi?id=6194,https://paavay.aalam.cloud/aalam/stock/item/6194/image/_/face-img,Paavay,BLUE,Chiffon,M,Apparel & Accessories > Clothing > Dresses,1772.25 INR,2085.0 INR
MAXI888,Dainty Print Chiffon Maxi,Dainty Print Chiffon Maxi,in stock,new,https://paavay.aalam.cloud/store/item/Dainty+Print+Chiffon+Maxi?id=6195,https://paavay.aalam.cloud/aalam/stock/item/6195/image/_/face-img,Paavay,BLUE,Chiffon,L,Apparel & Accessories > Clothing > Dresses,1772.25 INR,2085.0 INR
MAXI889,Dainty Print Chiffon Maxi,Dainty Print Chiffon Maxi,in stock,new,https://paavay.aalam.cloud/store/item/Dainty+Print+Chiffon+Maxi?id=6196,https://paavay.aalam.cloud/aalam/stock/item/6196/image/_/face-img,Paavay,BLUE,Chiffon,XL,Apparel & Accessories > Clothing > Dresses,1772.25 INR,2085.0 INR
MAXI890,Dainty Print Chiffon Maxi,Dainty Print Chiffon Maxi,in stock,new,https://paavay.aalam.cloud/store/item/Dainty+Print+Chiffon+Maxi?id=6197,https://paavay.aalam.cloud/aalam/stock/item/6197/image/_/face-img,Paavay,BLUE,Chiffon,XXL,Apparel & Accessories > Clothing > Dresses,1772.25 INR,2085.0 INR
MAXI891,Dainty Print Chiffon Maxi,Dainty Print Chiffon Maxi,out of stock,new,https://paavay.aalam.cloud/store/item/Dainty+Print+Chiffon+Maxi?id=6198,https://paavay.aalam.cloud/aalam/stock/item/6198/image/_/face-img,Paavay,BLUE,Chiffon,XXXL,Apparel & Accessories > Clothing > Dresses,1772.25 INR,2085.0 INR
Maxi892,Sienna Splash Hakoba Midi,Sienna Splash Hakoba Midi,out of stock,new,https://paavay.aalam.cloud/store/item/Sienna+Splash+Hakoba+Midi?id=6199,https://paavay.aalam.cloud/aalam/stock/item/6199/image/_/face-img,Paavay,ORANGE,Cotton,XS,Apparel & Accessories > Clothing > Dresses,1861.5 INR,2190.0 INR
MAXI893,Sienna Splash Hakoba Midi,Sienna Splash Hakoba Midi,in stock,new,https://paavay.aalam.cloud/store/item/Sienna+Splash+Hakoba+Midi?id=6200,https://paavay.aalam.cloud/aalam/stock/item/6200/image/_/face-img,Paavay,ORANGE,Cotton,S,Apparel & Accessories > Clothing > Dresses,1861.5 INR,2190.0 INR
MAXI894,Sienna Splash Hakoba Midi,Sienna Splash Hakoba Midi,in stock,new,https://paavay.aalam.cloud/store/item/Sienna+Splash+Hakoba+Midi?id=6201,https://paavay.aalam.cloud/aalam/stock/item/6201/image/_/face-img,Paavay,ORANGE,Cotton,M,Apparel & Accessories > Clothing > Dresses,1861.5 INR,2190.0 INR
MAXI895,Sienna Splash Hakoba Midi,Sienna Splash Hakoba Midi,in stock,new,https://paavay.aalam.cloud/store/item/Sienna+Splash+Hakoba+Midi?id=6202,https://paavay.aalam.cloud/aalam/stock/item/6202/image/_/face-img,Paavay,ORANGE,Cotton,L,Apparel & Accessories > Clothing > Dresses,1861.5 INR,2190.0 INR
MAXI896,Sienna Splash Hakoba Midi,Sienna Splash Hakoba Midi,in stock,new,https://paavay.aalam.cloud/store/item/Sienna+Splash+Hakoba+Midi?id=6203,https://paavay.aalam.cloud/aalam/stock/item/6203/image/_/face-img,Paavay,ORANGE,Cotton,XL,Apparel & Accessories > Clothing > Dresses,1861.5 INR,2190.0 INR
MAXI897,Sienna Splash Hakoba Midi,Sienna Splash Hakoba Midi,in stock,new,https://paavay.aalam.cloud/store/item/Sienna+Splash+Hakoba+Midi?id=6204,https://paavay.aalam.cloud/aalam/stock/item/6204/image/_/face-img,Paavay,ORANGE,Cotton,XXL,Apparel & Accessories > Clothing > Dresses,1861.5 INR,2190.0 INR
MAXI898,Sienna Splash Hakoba Midi,Sienna Splash Hakoba Midi,in stock,new,https://paavay.aalam.cloud/store/item/Sienna+Splash+Hakoba+Midi?id=6205,https://paavay.aalam.cloud/aalam/stock/item/6205/image/_/face-img,Paavay,ORANGE,Cotton,XXXL,Apparel & Accessories > Clothing > Dresses,1861.5 INR,2190.0 INR
MAXI900,Nomad Star Chiffon Maxi,Nomad Star Chiffon Maxi,out of stock,new,https://paavay.aalam.cloud/store/item/Nomad+Star+Chiffon+Maxi?id=6206,https://paavay.aalam.cloud/aalam/stock/item/6206/image/_/face-img,Paavay,BLUE,Chiffon,XS,Apparel & Accessories > Clothing > Dresses,1786.5 INR,1985.0 INR
MAXI901,Nomad Star Chiffon Maxi,Nomad Star Chiffon Maxi,in stock,new,https://paavay.aalam.cloud/store/item/Nomad+Star+Chiffon+Maxi?id=6207,https://paavay.aalam.cloud/aalam/stock/item/6207/image/_/face-img,Paavay,BLUE,Chiffon,S,Apparel & Accessories > Clothing > Dresses,1786.5 INR,1985.0 INR
MAXI902,Nomad Star Chiffon Maxi,Nomad Star Chiffon Maxi,in stock,new,https://paavay.aalam.cloud/store/item/Nomad+Star+Chiffon+Maxi?id=6208,https://paavay.aalam.cloud/aalam/stock/item/6208/image/_/face-img,Paavay,BLUE,Chiffon,M,Apparel & Accessories > Clothing > Dresses,1786.5 INR,1985.0 INR
MAXI903,Nomad Star Chiffon Maxi,Nomad Star Chiffon Maxi,in stock,new,https://paavay.aalam.cloud/store/item/Nomad+Star+Chiffon+Maxi?id=6209,https://paavay.aalam.cloud/aalam/stock/item/6209/image/_/face-img,Paavay,BLUE,Chiffon,L,Apparel & Accessories > Clothing > Dresses,1786.5 INR,1985.0 INR
MAXI904,Nomad Star Chiffon Maxi,Nomad Star Chiffon Maxi,in stock,new,https://paavay.aalam.cloud/store/item/Nomad+Star+Chiffon+Maxi?id=6210,https://paavay.aalam.cloud/aalam/stock/item/6210/image/_/face-img,Paavay,BLUE,Chiffon,XL,Apparel & Accessories > Clothing > Dresses,1786.5 INR,1985.0 INR
MAXI905,Nomad Star Chiffon Maxi,Nomad Star Chiffon Maxi,out of stock,new,https://paavay.aalam.cloud/store/item/Nomad+Star+Chiffon+Maxi?id=6211,https://paavay.aalam.cloud/aalam/stock/item/6211/image/_/face-img,Paavay,BLUE,Chiffon,XXL,Apparel & Accessories > Clothing > Dresses,1786.5 INR,1985.0 INR
MAXI906,Nomad Star Chiffon Maxi,Nomad Star Chiffon Maxi,in stock,new,https://paavay.aalam.cloud/store/item/Nomad+Star+Chiffon+Maxi?id=6212,https://paavay.aalam.cloud/aalam/stock/item/6212/image/_/face-img,Paavay,BLUE,Chiffon,XXXL,Apparel & Accessories > Clothing > Dresses,1786.5 INR,1985.0 INR
MIDI907,Artic Bloom Panel Maxi,Artic Bloom Panel Maxi,out of stock,new,https://paavay.aalam.cloud/store/item/Artic+Bloom+Panel+Maxi?id=6213,https://paavay.aalam.cloud/aalam/stock/item/6213/image/_/face-img,Paavay,Black,Chiffon,XS,Apparel & Accessories > Clothing > Dresses,1966.5 INR,2185.0 INR
MIDI908,Artic Bloom Panel Maxi,Artic Bloom Panel Maxi,in stock,new,https://paavay.aalam.cloud/store/item/Artic+Bloom+Panel+Maxi?id=6214,https://paavay.aalam.cloud/aalam/stock/item/6214/image/_/face-img,Paavay,Black,Chiffon,S,Apparel & Accessories > Clothing > Dresses,1966.5 INR,2185.0 INR
MIDI909,Artic Bloom Panel Maxi,Artic Bloom Panel Maxi,in stock,new,https://paavay.aalam.cloud/store/item/Artic+Bloom+Panel+Maxi?id=6215,https://paavay.aalam.cloud/aalam/stock/item/6215/image/_/face-img,Paavay,Black,Chiffon,M,Apparel & Accessories > Clothing > Dresses,1966.5 INR,2185.0 INR
MIDI910,Artic Bloom Panel Maxi,Artic Bloom Panel Maxi,in stock,new,https://paavay.aalam.cloud/store/item/Artic+Bloom+Panel+Maxi?id=6216,https://paavay.aalam.cloud/aalam/stock/item/6216/image/_/face-img,Paavay,Black,Chiffon,L,Apparel & Accessories > Clothing > Dresses,1966.5 INR,2185.0 INR
MIDI911,Artic Bloom Panel Maxi,Artic Bloom Panel Maxi,in stock,new,https://paavay.aalam.cloud/store/item/Artic+Bloom+Panel+Maxi?id=6217,https://paavay.aalam.cloud/aalam/stock/item/6217/image/_/face-img,Paavay,Black,Chiffon,XL,Apparel & Accessories > Clothing > Dresses,1966.5 INR,2185.0 INR
MIDI912,Artic Bloom Panel Maxi,Artic Bloom Panel Maxi,out of stock,new,https://paavay.aalam.cloud/store/item/Artic+Bloom+Panel+Maxi?id=6218,https://paavay.aalam.cloud/aalam/stock/item/6218/image/_/face-img,Paavay,Black,Chiffon,XXL,Apparel & Accessories > Clothing > Dresses,1966.5 INR,2185.0 INR
MIDI913,Artic Bloom Panel Maxi,Artic Bloom Panel Maxi,out of stock,new,https://paavay.aalam.cloud/store/item/Artic+Bloom+Panel+Maxi?id=6219,https://paavay.aalam.cloud/aalam/stock/item/6219/image/_/face-img,Paavay,Black,Chiffon,XXXL,Apparel & Accessories > Clothing > Dresses,1966.5 INR,2185.0 INR
Midi914,Rustling Chiffon Maxi,Rustling Chiffon Maxi,out of stock,new,https://paavay.aalam.cloud/store/item/Rustling+Chiffon+Maxi?id=6220,https://paavay.aalam.cloud/aalam/stock/item/6220/image/_/face-img,Paavay,ORANGE,Chiffon,XS,Apparel & Accessories > Clothing > Dresses,1865.75 INR,2195.0 INR
Midi915,Rustling Chiffon Maxi,Rustling Chiffon Maxi,out of stock,new,https://paavay.aalam.cloud/store/item/Rustling+Chiffon+Maxi?id=6221,https://paavay.aalam.cloud/aalam/stock/item/6221/image/_/face-img,Paavay,ORANGE,Chiffon,S,Apparel & Accessories > Clothing > Dresses,1865.75 INR,2195.0 INR
Midi916,Rustling Chiffon Maxi,Rustling Chiffon Maxi,in stock,new,https://paavay.aalam.cloud/store/item/Rustling+Chiffon+Maxi?id=6222,https://paavay.aalam.cloud/aalam/stock/item/6222/image/_/face-img,Paavay,ORANGE,Chiffon,M,Apparel & Accessories > Clothing > Dresses,1865.75 INR,2195.0 INR
Midi917,Rustling Chiffon Maxi,Rustling Chiffon Maxi,in stock,new,https://paavay.aalam.cloud/store/item/Rustling+Chiffon+Maxi?id=6223,https://paavay.aalam.cloud/aalam/stock/item/6223/image/_/face-img,Paavay,ORANGE,Chiffon,L,Apparel & Accessories > Clothing > Dresses,1865.75 INR,2195.0 INR
Midi918,Rustling Chiffon Maxi,Rustling Chiffon Maxi,in stock,new,https://paavay.aalam.cloud/store/item/Rustling+Chiffon+Maxi?id=6224,https://paavay.aalam.cloud/aalam/stock/item/6224/image/_/face-img,Paavay,ORANGE,Chiffon,XL,Apparel & Accessories > Clothing > Dresses,1865.75 INR,2195.0 INR
Midi919,Rustling Chiffon Maxi,Rustling Chiffon Maxi,out of stock,new,https://paavay.aalam.cloud/store/item/Rustling+Chiffon+Maxi?id=6225,https://paavay.aalam.cloud/aalam/stock/item/6225/image/_/face-img,Paavay,ORANGE,Chiffon,XXL,Apparel & Accessories > Clothing > Dresses,1865.75 INR,2195.0 INR
Midi920,Rustling Chiffon Maxi,Rustling Chiffon Maxi,out of stock,new,https://paavay.aalam.cloud/store/item/Rustling+Chiffon+Maxi?id=6226,https://paavay.aalam.cloud/aalam/stock/item/6226/image/_/face-img,Paavay,ORANGE,Chiffon,XXXL,Apparel & Accessories > Clothing > Dresses,1865.75 INR,2195.0 INR
MAXI921,Carnival Hakoba Maxi,Carnival Hakoba Maxi,out of stock,new,https://paavay.aalam.cloud/store/item/Carnival+Hakoba+Maxi?id=6227,https://paavay.aalam.cloud/aalam/stock/item/6227/image/_/face-img,Paavay,PINK,Cotton,XS,Apparel & Accessories > Clothing > Dresses,1776.5 INR,2090.0 INR
MAXI922,Carnival Hakoba Maxi,Carnival Hakoba Maxi,in stock,new,https://paavay.aalam.cloud/store/item/Carnival+Hakoba+Maxi?id=6228,https://paavay.aalam.cloud/aalam/stock/item/6228/image/_/face-img,Paavay,PINK,Cotton,S,Apparel & Accessories > Clothing > Dresses,1776.5 INR,2090.0 INR
MAXI923,Carnival Hakoba Maxi,Carnival Hakoba Maxi,in stock,new,https://paavay.aalam.cloud/store/item/Carnival+Hakoba+Maxi?id=6229,https://paavay.aalam.cloud/aalam/stock/item/6229/image/_/face-img,Paavay,PINK,Cotton,M,Apparel & Accessories > Clothing > Dresses,1776.5 INR,2090.0 INR
MAXI924,Carnival Hakoba Maxi,Carnival Hakoba Maxi,in stock,new,https://paavay.aalam.cloud/store/item/Carnival+Hakoba+Maxi?id=6230,https://paavay.aalam.cloud/aalam/stock/item/6230/image/_/face-img,Paavay,PINK,Cotton,L,Apparel & Accessories > Clothing > Dresses,1776.5 INR,2090.0 INR
MAXI925,Carnival Hakoba Maxi,Carnival Hakoba Maxi,in stock,new,https://paavay.aalam.cloud/store/item/Carnival+Hakoba+Maxi?id=6231,https://paavay.aalam.cloud/aalam/stock/item/6231/image/_/face-img,Paavay,PINK,Cotton,XL,Apparel & Accessories > Clothing > Dresses,1776.5 INR,2090.0 INR
MAXI926,Carnival Hakoba Maxi,Carnival Hakoba Maxi,out of stock,new,https://paavay.aalam.cloud/store/item/Carnival+Hakoba+Maxi?id=6232,https://paavay.aalam.cloud/aalam/stock/item/6232/image/_/face-img,Paavay,PINK,Cotton,XXL,Apparel & Accessories > Clothing > Dresses,1776.5 INR,2090.0 INR
MAXI927,Carnival Hakoba Maxi,Carnival Hakoba Maxi,out of stock,new,https://paavay.aalam.cloud/store/item/Carnival+Hakoba+Maxi?id=6233,https://paavay.aalam.cloud/aalam/stock/item/6233/image/_/face-img,Paavay,PINK,Cotton,XXXL,Apparel & Accessories > Clothing > Dresses,1776.5 INR,2090.0 INR
Midi928,Cosmic Flora Panel Maxi,Cosmic Flora Panel Maxi,out of stock,new,https://paavay.aalam.cloud/store/item/Cosmic+Flora+Panel+Maxi?id=6234,https://paavay.aalam.cloud/aalam/stock/item/6234/image/_/face-img,Paavay,Grape,Chiffon,XS,Apparel & Accessories > Clothing > Dresses,2075.75 INR,2185.0 INR
MIDI929,Cosmic Flora Panel Maxi,Cosmic Flora Panel Maxi,out of stock,new,https://paavay.aalam.cloud/store/item/Cosmic+Flora+Panel+Maxi?id=6235,https://paavay.aalam.cloud/aalam/stock/item/6235/image/_/face-img,Paavay,Grape,Chiffon,S,Apparel & Accessories > Clothing > Dresses,2075.75 INR,2185.0 INR
Midi930,Cosmic Flora Panel Maxi,Cosmic Flora Panel Maxi,out of stock,new,https://paavay.aalam.cloud/store/item/Cosmic+Flora+Panel+Maxi?id=6236,https://paavay.aalam.cloud/aalam/stock/item/6236/image/_/face-img,Paavay,Grape,Chiffon,M,Apparel & Accessories > Clothing > Dresses,2075.75 INR,2185.0 INR
MIDI931,Cosmic Flora Panel Maxi,Cosmic Flora Panel Maxi,out of stock,new,https://paavay.aalam.cloud/store/item/Cosmic+Flora+Panel+Maxi?id=6237,https://paavay.aalam.cloud/aalam/stock/item/6237/image/_/face-img,Paavay,Grape,Chiffon,L,Apparel & Accessories > Clothing > Dresses,2075.75 INR,2185.0 INR
MIDI932,Cosmic Flora Panel Maxi,Cosmic Flora Panel Maxi,out of stock,new,https://paavay.aalam.cloud/store/item/Cosmic+Flora+Panel+Maxi?id=6238,https://paavay.aalam.cloud/aalam/stock/item/6238/image/_/face-img,Paavay,Grape,Chiffon,XL,Apparel & Accessories > Clothing > Dresses,2075.75 INR,2185.0 INR
MIDI933,Cosmic Flora Panel Maxi,Cosmic Flora Panel Maxi,out of stock,new,https://paavay.aalam.cloud/store/item/Cosmic+Flora+Panel+Maxi?id=6239,https://paavay.aalam.cloud/aalam/stock/item/6239/image/_/face-img,Paavay,Grape,Chiffon,XXL,Apparel & Accessories > Clothing > Dresses,2075.75 INR,2185.0 INR
MIDI934,Cosmic Flora Panel Maxi,Cosmic Flora Panel Maxi,out of stock,new,https://paavay.aalam.cloud/store/item/Cosmic+Flora+Panel+Maxi?id=6240,https://paavay.aalam.cloud/aalam/stock/item/6240/image/_/face-img,Paavay,Grape,Chiffon,XXXL,Apparel & Accessories > Clothing > Dresses,2075.75 INR,2185.0 INR
midi935,Black Denim Long shirt,Black Denim Long shirt,in stock,new,https://paavay.aalam.cloud/store/item/Black+Denim+Long+shirt?id=6241,https://paavay.aalam.cloud/aalam/stock/item/6241/image/_/face-img,Paavay,Black,Denim,XS,Apparel & Accessories > Clothing > Dresses,1869.15 INR,2199.0 INR
MIDI936,Black Denim Long shirt,Black Denim Long shirt,in stock,new,https://paavay.aalam.cloud/store/item/Black+Denim+Long+shirt?id=6242,https://paavay.aalam.cloud/aalam/stock/item/6242/image/_/face-img,Paavay,Black,Denim,S,Apparel & Accessories > Clothing > Dresses,1869.15 INR,2199.0 INR
MIDI937,Black Denim Long shirt,Black Denim Long shirt,in stock,new,https://paavay.aalam.cloud/store/item/Black+Denim+Long+shirt?id=6244,https://paavay.aalam.cloud/aalam/stock/item/6244/image/_/face-img,Paavay,Black,Denim,M,Apparel & Accessories > Clothing > Dresses,1869.15 INR,2199.0 INR
MIDI938,Black Denim Long shirt,Black Denim Long shirt,in stock,new,https://paavay.aalam.cloud/store/item/Black+Denim+Long+shirt?id=6245,https://paavay.aalam.cloud/aalam/stock/item/6245/image/_/face-img,Paavay,Black,Denim,L,Apparel & Accessories > Clothing > Dresses,1869.15 INR,2199.0 INR
MIDI939,Black Denim Long shirt,Black Denim Long shirt,in stock,new,https://paavay.aalam.cloud/store/item/Black+Denim+Long+shirt?id=6246,https://paavay.aalam.cloud/aalam/stock/item/6246/image/_/face-img,Paavay,Black,Denim,XL,Apparel & Accessories > Clothing > Dresses,1869.15 INR,2199.0 INR
MIDI940,Black Denim Long shirt,Black Denim Long shirt,in stock,new,https://paavay.aalam.cloud/store/item/Black+Denim+Long+shirt?id=6247,https://paavay.aalam.cloud/aalam/stock/item/6247/image/_/face-img,Paavay,Black,Denim,XXL,Apparel & Accessories > Clothing > Dresses,1869.15 INR,2199.0 INR
MIDI941,Black Denim Long shirt,Black Denim Long shirt,in stock,new,https://paavay.aalam.cloud/store/item/Black+Denim+Long+shirt?id=6248,https://paavay.aalam.cloud/aalam/stock/item/6248/image/_/face-img,Paavay,Black,Denim,XXXL,Apparel & Accessories > Clothing > Dresses,1869.15 INR,2199.0 INR
MAXI941,Terra Flora Chiffon Maxi,Terra Flora Chiffon Maxi,out of stock,new,https://paavay.aalam.cloud/store/item/Terra+Flora+Chiffon+Maxi?id=6249,https://paavay.aalam.cloud/aalam/stock/item/6249/image/_/face-img,Paavay,ORANGE,Chiffon,XS,Apparel & Accessories > Clothing > Dresses,1687.25 INR,1985.0 INR
MAXI942,Terra Flora Chiffon Maxi,Terra Flora Chiffon Maxi,in stock,new,https://paavay.aalam.cloud/store/item/Terra+Flora+Chiffon+Maxi?id=6250,https://paavay.aalam.cloud/aalam/stock/item/6250/image/_/face-img,Paavay,ORANGE,Chiffon,S,Apparel & Accessories > Clothing > Dresses,1687.25 INR,1985.0 INR
MAXI944,Terra Flora Chiffon Maxi,Terra Flora Chiffon Maxi,in stock,new,https://paavay.aalam.cloud/store/item/Terra+Flora+Chiffon+Maxi?id=6251,https://paavay.aalam.cloud/aalam/stock/item/6251/image/_/face-img,Paavay,ORANGE,Chiffon,M,Apparel & Accessories > Clothing > Dresses,1687.25 INR,1985.0 INR
MAXI943,Terra Flora Chiffon Maxi,Terra Flora Chiffon Maxi,in stock,new,https://paavay.aalam.cloud/store/item/Terra+Flora+Chiffon+Maxi?id=6252,https://paavay.aalam.cloud/aalam/stock/item/6252/image/_/face-img,Paavay,ORANGE,Chiffon,L,Apparel & Accessories > Clothing > Dresses,1687.25 INR,1985.0 INR
MAXI945,Terra Flora Chiffon Maxi,Terra Flora Chiffon Maxi,in stock,new,https://paavay.aalam.cloud/store/item/Terra+Flora+Chiffon+Maxi?id=6253,https://paavay.aalam.cloud/aalam/stock/item/6253/image/_/face-img,Paavay,ORANGE,Chiffon,XL,Apparel & Accessories > Clothing > Dresses,1687.25 INR,1985.0 INR
MAXI946,Terra Flora Chiffon Maxi,Terra Flora Chiffon Maxi,in stock,new,https://paavay.aalam.cloud/store/item/Terra+Flora+Chiffon+Maxi?id=6254,https://paavay.aalam.cloud/aalam/stock/item/6254/image/_/face-img,Paavay,ORANGE,Chiffon,XXL,Apparel & Accessories > Clothing > Dresses,1687.25 INR,1985.0 INR
MAXI947,Terra Flora Chiffon Maxi,Terra Flora Chiffon Maxi,in stock,new,https://paavay.aalam.cloud/store/item/Terra+Flora+Chiffon+Maxi?id=6255,https://paavay.aalam.cloud/aalam/stock/item/6255/image/_/face-img,Paavay,ORANGE,Chiffon,XXXL,Apparel & Accessories > Clothing > Dresses,1687.25 INR,1985.0 INR
Shirt948,Brown Rayon Shirt,Brown Rayon Shirt,out of stock,new,https://paavay.aalam.cloud/store/item/Brown+Rayon+Shirt?id=6256,https://paavay.aalam.cloud/aalam/stock/item/6256/image/_/face-img,Paavay,Brown,Chiffon,XS,Apparel & Accessories > Clothing > Dresses,1258.0 INR,1480.0 INR
Shirt949,Brown Rayon Shirt,Brown Rayon Shirt,out of stock,new,https://paavay.aalam.cloud/store/item/Brown+Rayon+Shirt?id=6257,https://paavay.aalam.cloud/aalam/stock/item/6257/image/_/face-img,Paavay,Brown,Chiffon,S,Apparel & Accessories > Clothing > Dresses,1258.0 INR,1480.0 INR
shirt950,Brown Rayon Shirt,Brown Rayon Shirt,out of stock,new,https://paavay.aalam.cloud/store/item/Brown+Rayon+Shirt?id=6258,https://paavay.aalam.cloud/aalam/stock/item/6258/image/_/face-img,Paavay,Brown,Chiffon,M,Apparel & Accessories > Clothing > Dresses,1258.0 INR,1480.0 INR
SHIRT951,Brown Rayon Shirt,Brown Rayon Shirt,in stock,new,https://paavay.aalam.cloud/store/item/Brown+Rayon+Shirt?id=6259,https://paavay.aalam.cloud/aalam/stock/item/6259/image/_/face-img,Paavay,Brown,Chiffon,L,Apparel & Accessories > Clothing > Dresses,1258.0 INR,1480.0 INR
SHIRT952,Brown Rayon Shirt,Brown Rayon Shirt,in stock,new,https://paavay.aalam.cloud/store/item/Brown+Rayon+Shirt?id=6260,https://paavay.aalam.cloud/aalam/stock/item/6260/image/_/face-img,Paavay,Brown,Chiffon,XL,Apparel & Accessories > Clothing > Dresses,1258.0 INR,1480.0 INR
SHIRT953,Brown Rayon Shirt,Brown Rayon Shirt,out of stock,new,https://paavay.aalam.cloud/store/item/Brown+Rayon+Shirt?id=6261,https://paavay.aalam.cloud/aalam/stock/item/6261/image/_/face-img,Paavay,Brown,Chiffon,XXL,Apparel & Accessories > Clothing > Dresses,1258.0 INR,1480.0 INR
SHIRT954,Brown Rayon Shirt,Brown Rayon Shirt,out of stock,new,https://paavay.aalam.cloud/store/item/Brown+Rayon+Shirt?id=6262,https://paavay.aalam.cloud/aalam/stock/item/6262/image/_/face-img,Paavay,Brown,Chiffon,XXXL,Apparel & Accessories > Clothing > Dresses,1258.0 INR,1480.0 INR
Maxi955,Black Denim Panel Midi,Black Denim Panel Midi,out of stock,new,https://paavay.aalam.cloud/store/item/Black+Denim+Panel+Midi?id=6263,https://paavay.aalam.cloud/aalam/stock/item/6263/image/_/face-img,Paavay,Black,Denim,XS,Apparel & Accessories > Clothing > Dresses,1687.25 INR,1985.0 INR
MAXI957,Black Denim Panel Midi,Black Denim Panel Midi,out of stock,new,https://paavay.aalam.cloud/store/item/Black+Denim+Panel+Midi?id=6264,https://paavay.aalam.cloud/aalam/stock/item/6264/image/_/face-img,Paavay,Black,Denim,S,Apparel & Accessories > Clothing > Dresses,1687.25 INR,1985.0 INR
MAXI956,Black Denim Panel Midi,Black Denim Panel Midi,in stock,new,https://paavay.aalam.cloud/store/item/Black+Denim+Panel+Midi?id=6270,https://paavay.aalam.cloud/aalam/stock/item/6270/image/_/face-img,Paavay,Black,Denim,M,Apparel & Accessories > Clothing > Dresses,1687.25 INR,1985.0 INR
MAXI958,Black Denim Panel Midi,Black Denim Panel Midi,out of stock,new,https://paavay.aalam.cloud/store/item/Black+Denim+Panel+Midi?id=6271,https://paavay.aalam.cloud/aalam/stock/item/6271/image/_/face-img,Paavay,Black,Denim,L,Apparel & Accessories > Clothing > Dresses,1687.25 INR,1985.0 INR
MAXI959,Black Denim Panel Midi,Black Denim Panel Midi,in stock,new,https://paavay.aalam.cloud/store/item/Black+Denim+Panel+Midi?id=6272,https://paavay.aalam.cloud/aalam/stock/item/6272/image/_/face-img,Paavay,Black,Denim,XL,Apparel & Accessories > Clothing > Dresses,1687.25 INR,1985.0 INR
MAXI960,Black Denim Panel Midi,Black Denim Panel Midi,out of stock,new,https://paavay.aalam.cloud/store/item/Black+Denim+Panel+Midi?id=6274,https://paavay.aalam.cloud/aalam/stock/item/6274/image/_/face-img,Paavay,Black,Denim,XXL,Apparel & Accessories > Clothing > Dresses,1687.25 INR,1985.0 INR
MAXI961,Black Denim Panel Midi,Black Denim Panel Midi,out of stock,new,https://paavay.aalam.cloud/store/item/Black+Denim+Panel+Midi?id=6275,https://paavay.aalam.cloud/aalam/stock/item/6275/image/_/face-img,Paavay,Black,Denim,XXXL,Apparel & Accessories > Clothing > Dresses,1687.25 INR,1985.0 INR
Maxi962,Ogee Lace Hakoba Maxi,Ogee Lace Hakoba Maxi,out of stock,new,https://paavay.aalam.cloud/store/item/Ogee+Lace+Hakoba+Maxi?id=6276,https://paavay.aalam.cloud/aalam/stock/item/6276/image/_/face-img,Paavay,PINK,Cotton,XS,Apparel & Accessories > Clothing > Dresses,1946.5 INR,2290.0 INR
MAXI963,Ogee Lace Hakoba Maxi,Ogee Lace Hakoba Maxi,in stock,new,https://paavay.aalam.cloud/store/item/Ogee+Lace+Hakoba+Maxi?id=6277,https://paavay.aalam.cloud/aalam/stock/item/6277/image/_/face-img,Paavay,PINK,Cotton,S,Apparel & Accessories > Clothing > Dresses,1946.5 INR,2290.0 INR
MAXI964,Ogee Lace Hakoba Maxi,Ogee Lace Hakoba Maxi,in stock,new,https://paavay.aalam.cloud/store/item/Ogee+Lace+Hakoba+Maxi?id=6278,https://paavay.aalam.cloud/aalam/stock/item/6278/image/_/face-img,Paavay,PINK,Cotton,M,Apparel & Accessories > Clothing > Dresses,1946.5 INR,2290.0 INR
MAXI965,Ogee Lace Hakoba Maxi,Ogee Lace Hakoba Maxi,in stock,new,https://paavay.aalam.cloud/store/item/Ogee+Lace+Hakoba+Maxi?id=6279,https://paavay.aalam.cloud/aalam/stock/item/6279/image/_/face-img,Paavay,PINK,Cotton,L,Apparel & Accessories > Clothing > Dresses,1946.5 INR,2290.0 INR
MAXI966,Ogee Lace Hakoba Maxi,Ogee Lace Hakoba Maxi,in stock,new,https://paavay.aalam.cloud/store/item/Ogee+Lace+Hakoba+Maxi?id=6280,https://paavay.aalam.cloud/aalam/stock/item/6280/image/_/face-img,Paavay,PINK,Cotton,XL,Apparel & Accessories > Clothing > Dresses,1946.5 INR,2290.0 INR
MAXI967,Ogee Lace Hakoba Maxi,Ogee Lace Hakoba Maxi,in stock,new,https://paavay.aalam.cloud/store/item/Ogee+Lace+Hakoba+Maxi?id=6281,https://paavay.aalam.cloud/aalam/stock/item/6281/image/_/face-img,Paavay,PINK,Cotton,XXL,Apparel & Accessories > Clothing > Dresses,1946.5 INR,2290.0 INR
MAXI968,Ogee Lace Hakoba Maxi,Ogee Lace Hakoba Maxi,in stock,new,https://paavay.aalam.cloud/store/item/Ogee+Lace+Hakoba+Maxi?id=6282,https://paavay.aalam.cloud/aalam/stock/item/6282/image/_/face-img,Paavay,PINK,Cotton,XXXL,Apparel & Accessories > Clothing > Dresses,1946.5 INR,2290.0 INR
Midi969,Brown Rayon Midi ,Brown Rayon Midi ,out of stock,new,https://paavay.aalam.cloud/store/item/Brown+Rayon+Midi+?id=6283,https://paavay.aalam.cloud/aalam/stock/item/6283/image/_/face-img,Paavay,Brown,Chiffon,XS,Apparel & Accessories > Clothing > Dresses,1784.15 INR,2099.0 INR
MIDI970,Brown Rayon Midi ,Brown Rayon Midi ,in stock,new,https://paavay.aalam.cloud/store/item/Brown+Rayon+Midi+?id=6289,https://paavay.aalam.cloud/aalam/stock/item/6289/image/_/face-img,Paavay,Brown,Chiffon,S,Apparel & Accessories > Clothing > Dresses,1784.15 INR,2099.0 INR
MIDI971,Brown Rayon Midi ,Brown Rayon Midi ,in stock,new,https://paavay.aalam.cloud/store/item/Brown+Rayon+Midi+?id=6290,https://paavay.aalam.cloud/aalam/stock/item/6290/image/_/face-img,Paavay,Brown,Chiffon,M,Apparel & Accessories > Clothing > Dresses,1784.15 INR,2099.0 INR
MIDI972,Brown Rayon Midi ,Brown Rayon Midi ,in stock,new,https://paavay.aalam.cloud/store/item/Brown+Rayon+Midi+?id=6291,https://paavay.aalam.cloud/aalam/stock/item/6291/image/_/face-img,Paavay,Brown,Chiffon,L,Apparel & Accessories > Clothing > Dresses,1784.15 INR,2099.0 INR
MIDI973,Brown Rayon Midi ,Brown Rayon Midi ,in stock,new,https://paavay.aalam.cloud/store/item/Brown+Rayon+Midi+?id=6292,https://paavay.aalam.cloud/aalam/stock/item/6292/image/_/face-img,Paavay,Brown,Chiffon,XL,Apparel & Accessories > Clothing > Dresses,1784.15 INR,2099.0 INR
MIDI974,Brown Rayon Midi ,Brown Rayon Midi ,in stock,new,https://paavay.aalam.cloud/store/item/Brown+Rayon+Midi+?id=6293,https://paavay.aalam.cloud/aalam/stock/item/6293/image/_/face-img,Paavay,Brown,Chiffon,XXL,Apparel & Accessories > Clothing > Dresses,1784.15 INR,2099.0 INR
MIDI975,Brown Rayon Midi ,Brown Rayon Midi ,out of stock,new,https://paavay.aalam.cloud/store/item/Brown+Rayon+Midi+?id=6294,https://paavay.aalam.cloud/aalam/stock/item/6294/image/_/face-img,Paavay,Brown,Chiffon,XXXL,Apparel & Accessories > Clothing > Dresses,1784.15 INR,2099.0 INR
MIDI976,Fairy Tale Hakoba Midi,Fairy Tale Hakoba Midi,out of stock,new,https://paavay.aalam.cloud/store/item/Fairy+Tale+Hakoba+Midi?id=6295,https://paavay.aalam.cloud/aalam/stock/item/6295/image/_/face-img,Paavay,PINK,Chiffon,XS,Apparel & Accessories > Clothing > Dresses,1592.0 INR,1990.0 INR
MIDI977,Fairy Tale Hakoba Midi,Fairy Tale Hakoba Midi,in stock,new,https://paavay.aalam.cloud/store/item/Fairy+Tale+Hakoba+Midi?id=6296,https://paavay.aalam.cloud/aalam/stock/item/6296/image/_/face-img,Paavay,PINK,Chiffon,S,Apparel & Accessories > Clothing > Dresses,1592.0 INR,1990.0 INR
MIDI978,Fairy Tale Hakoba Midi,Fairy Tale Hakoba Midi,in stock,new,https://paavay.aalam.cloud/store/item/Fairy+Tale+Hakoba+Midi?id=6297,https://paavay.aalam.cloud/aalam/stock/item/6297/image/_/face-img,Paavay,PINK,Chiffon,M,Apparel & Accessories > Clothing > Dresses,1592.0 INR,1990.0 INR
MIDI979,Fairy Tale Hakoba Midi,Fairy Tale Hakoba Midi,in stock,new,https://paavay.aalam.cloud/store/item/Fairy+Tale+Hakoba+Midi?id=6298,https://paavay.aalam.cloud/aalam/stock/item/6298/image/_/face-img,Paavay,PINK,Chiffon,L,Apparel & Accessories > Clothing > Dresses,1592.0 INR,1990.0 INR
MIDI980,Fairy Tale Hakoba Midi,Fairy Tale Hakoba Midi,in stock,new,https://paavay.aalam.cloud/store/item/Fairy+Tale+Hakoba+Midi?id=6299,https://paavay.aalam.cloud/aalam/stock/item/6299/image/_/face-img,Paavay,PINK,Chiffon,XL,Apparel & Accessories > Clothing > Dresses,1592.0 INR,1990.0 INR
MIDI981,Fairy Tale Hakoba Midi,Fairy Tale Hakoba Midi,in stock,new,https://paavay.aalam.cloud/store/item/Fairy+Tale+Hakoba+Midi?id=6300,https://paavay.aalam.cloud/aalam/stock/item/6300/image/_/face-img,Paavay,PINK,Chiffon,XXL,Apparel & Accessories > Clothing > Dresses,1592.0 INR,1990.0 INR
MIDI982,Fairy Tale Hakoba Midi,Fairy Tale Hakoba Midi,in stock,new,https://paavay.aalam.cloud/store/item/Fairy+Tale+Hakoba+Midi?id=6301,https://paavay.aalam.cloud/aalam/stock/item/6301/image/_/face-img,Paavay,PINK,Chiffon,XXXL,Apparel & Accessories > Clothing > Dresses,1592.0 INR,1990.0 INR
MIDI983,Liberty Floral Chiffon Midi,Liberty Floral Chiffon Midi,out of stock,new,https://paavay.aalam.cloud/store/item/Liberty+Floral+Chiffon+Midi?id=6302,https://paavay.aalam.cloud/aalam/stock/item/6302/image/_/face-img,Paavay,BLUE,Chiffon,XS,Apparel & Accessories > Clothing > Dresses,1687.25 INR,1985.0 INR
MIDI984,Liberty Floral Chiffon Midi,Liberty Floral Chiffon Midi,in stock,new,https://paavay.aalam.cloud/store/item/Liberty+Floral+Chiffon+Midi?id=6303,https://paavay.aalam.cloud/aalam/stock/item/6303/image/_/face-img,Paavay,BLUE,Chiffon,S,Apparel & Accessories > Clothing > Dresses,1687.25 INR,1985.0 INR
MIDI986,Liberty Floral Chiffon Midi,Liberty Floral Chiffon Midi,out of stock,new,https://paavay.aalam.cloud/store/item/Liberty+Floral+Chiffon+Midi?id=6304,https://paavay.aalam.cloud/aalam/stock/item/6304/image/_/face-img,Paavay,BLUE,Chiffon,M,Apparel & Accessories > Clothing > Dresses,1687.25 INR,1985.0 INR
MIDI985,Liberty Floral Chiffon Midi,Liberty Floral Chiffon Midi,in stock,new,https://paavay.aalam.cloud/store/item/Liberty+Floral+Chiffon+Midi?id=6310,https://paavay.aalam.cloud/aalam/stock/item/6310/image/_/face-img,Paavay,BLUE,Chiffon,L,Apparel & Accessories > Clothing > Dresses,1687.25 INR,1985.0 INR
MIDI987,Liberty Floral Chiffon Midi,Liberty Floral Chiffon Midi,in stock,new,https://paavay.aalam.cloud/store/item/Liberty+Floral+Chiffon+Midi?id=6311,https://paavay.aalam.cloud/aalam/stock/item/6311/image/_/face-img,Paavay,BLUE,Chiffon,XL,Apparel & Accessories > Clothing > Dresses,1687.25 INR,1985.0 INR
MIDI988,Liberty Floral Chiffon Midi,Liberty Floral Chiffon Midi,in stock,new,https://paavay.aalam.cloud/store/item/Liberty+Floral+Chiffon+Midi?id=6312,https://paavay.aalam.cloud/aalam/stock/item/6312/image/_/face-img,Paavay,BLUE,Chiffon,XXL,Apparel & Accessories > Clothing > Dresses,1687.25 INR,1985.0 INR
MIDI989,Liberty Floral Chiffon Midi,Liberty Floral Chiffon Midi,out of stock,new,https://paavay.aalam.cloud/store/item/Liberty+Floral+Chiffon+Midi?id=6313,https://paavay.aalam.cloud/aalam/stock/item/6313/image/_/face-img,Paavay,BLUE,Chiffon,XXXL,Apparel & Accessories > Clothing > Dresses,1687.25 INR,1985.0 INR
MIDI990,Teal Daisy Hakoba Midi,Teal Daisy Hakoba Midi,out of stock,new,https://paavay.aalam.cloud/store/item/Teal+Daisy+Hakoba+Midi?id=6314,https://paavay.aalam.cloud/aalam/stock/item/6314/image/_/face-img,Paavay,BLUE,Cotton,XS,Apparel & Accessories > Clothing > Dresses,1946.5 INR,2290.0 INR
MIDI991,Teal Daisy Hakoba Midi,Teal Daisy Hakoba Midi,in stock,new,https://paavay.aalam.cloud/store/item/Teal+Daisy+Hakoba+Midi?id=6315,https://paavay.aalam.cloud/aalam/stock/item/6315/image/_/face-img,Paavay,BLUE,Cotton,S,Apparel & Accessories > Clothing > Dresses,1946.5 INR,2290.0 INR
MIDI992,Teal Daisy Hakoba Midi,Teal Daisy Hakoba Midi,in stock,new,https://paavay.aalam.cloud/store/item/Teal+Daisy+Hakoba+Midi?id=6316,https://paavay.aalam.cloud/aalam/stock/item/6316/image/_/face-img,Paavay,BLUE,Cotton,M,Apparel & Accessories > Clothing > Dresses,1946.5 INR,2290.0 INR
MIDI993,Teal Daisy Hakoba Midi,Teal Daisy Hakoba Midi,in stock,new,https://paavay.aalam.cloud/store/item/Teal+Daisy+Hakoba+Midi?id=6317,https://paavay.aalam.cloud/aalam/stock/item/6317/image/_/face-img,Paavay,BLUE,Cotton,L,Apparel & Accessories > Clothing > Dresses,1946.5 INR,2290.0 INR
MIDI994,Teal Daisy Hakoba Midi,Teal Daisy Hakoba Midi,in stock,new,https://paavay.aalam.cloud/store/item/Teal+Daisy+Hakoba+Midi?id=6318,https://paavay.aalam.cloud/aalam/stock/item/6318/image/_/face-img,Paavay,BLUE,Cotton,XL,Apparel & Accessories > Clothing > Dresses,1946.5 INR,2290.0 INR
MIDI995,Teal Daisy Hakoba Midi,Teal Daisy Hakoba Midi,in stock,new,https://paavay.aalam.cloud/store/item/Teal+Daisy+Hakoba+Midi?id=6319,https://paavay.aalam.cloud/aalam/stock/item/6319/image/_/face-img,Paavay,BLUE,Cotton,XXL,Apparel & Accessories > Clothing > Dresses,1946.5 INR,2290.0 INR
MIDI996,Teal Daisy Hakoba Midi,Teal Daisy Hakoba Midi,in stock,new,https://paavay.aalam.cloud/store/item/Teal+Daisy+Hakoba+Midi?id=6320,https://paavay.aalam.cloud/aalam/stock/item/6320/image/_/face-img,Paavay,BLUE,Cotton,XXXL,Apparel & Accessories > Clothing > Dresses,1946.5 INR,2290.0 INR
maxi997,October Glow Chiffon Maxi,October Glow Chiffon Maxi,out of stock,new,https://paavay.aalam.cloud/store/item/October+Glow+Chiffon+Maxi?id=6322,https://paavay.aalam.cloud/aalam/stock/item/6322/image/_/face-img,Paavay,ORANGE,Chiffon,XS,Apparel & Accessories > Clothing > Dresses,1926.0 INR,2140.0 INR
MAXI998,October Glow Chiffon Maxi,October Glow Chiffon Maxi,in stock,new,https://paavay.aalam.cloud/store/item/October+Glow+Chiffon+Maxi?id=6323,https://paavay.aalam.cloud/aalam/stock/item/6323/image/_/face-img,Paavay,ORANGE,Chiffon,S,Apparel & Accessories > Clothing > Dresses,1926.0 INR,2140.0 INR
MAXI999,October Glow Chiffon Maxi,October Glow Chiffon Maxi,in stock,new,https://paavay.aalam.cloud/store/item/October+Glow+Chiffon+Maxi?id=6324,https://paavay.aalam.cloud/aalam/stock/item/6324/image/_/face-img,Paavay,ORANGE,Chiffon,M,Apparel & Accessories > Clothing > Dresses,1926.0 INR,2140.0 INR
MAXI01,October Glow Chiffon Maxi,October Glow Chiffon Maxi,in stock,new,https://paavay.aalam.cloud/store/item/October+Glow+Chiffon+Maxi?id=6328,https://paavay.aalam.cloud/aalam/stock/item/6328/image/_/face-img,Paavay,ORANGE,Chiffon,L,Apparel & Accessories > Clothing > Dresses,1926.0 INR,2140.0 INR
MAXI02,October Glow Chiffon Maxi,October Glow Chiffon Maxi,in stock,new,https://paavay.aalam.cloud/store/item/October+Glow+Chiffon+Maxi?id=6329,https://paavay.aalam.cloud/aalam/stock/item/6329/image/_/face-img,Paavay,ORANGE,Chiffon,XL,Apparel & Accessories > Clothing > Dresses,1926.0 INR,2140.0 INR
MAXI03,October Glow Chiffon Maxi,October Glow Chiffon Maxi,in stock,new,https://paavay.aalam.cloud/store/item/October+Glow+Chiffon+Maxi?id=6330,https://paavay.aalam.cloud/aalam/stock/item/6330/image/_/face-img,Paavay,ORANGE,Chiffon,XXL,Apparel & Accessories > Clothing > Dresses,1926.0 INR,2140.0 INR
MAXI04,October Glow Chiffon Maxi,October Glow Chiffon Maxi,in stock,new,https://paavay.aalam.cloud/store/item/October+Glow+Chiffon+Maxi?id=6331,https://paavay.aalam.cloud/aalam/stock/item/6331/image/_/face-img,Paavay,ORANGE,Chiffon,XXXL,Apparel & Accessories > Clothing > Dresses,1926.0 INR,2140.0 INR
maxi05,Smoky Sage Chiffon Maxi,Smoky Sage Chiffon Maxi,out of stock,new,https://paavay.aalam.cloud/store/item/Smoky+Sage+Chiffon+Maxi?id=6332,https://paavay.aalam.cloud/aalam/stock/item/6332/image/_/face-img,Paavay,Black,Chiffon,XS,Apparel & Accessories > Clothing > Dresses,1836.0 INR,2040.0 INR
MAXI06,Smoky Sage Chiffon Maxi,Smoky Sage Chiffon Maxi,in stock,new,https://paavay.aalam.cloud/store/item/Smoky+Sage+Chiffon+Maxi?id=6333,https://paavay.aalam.cloud/aalam/stock/item/6333/image/_/face-img,Paavay,Black,Chiffon,S,Apparel & Accessories > Clothing > Dresses,1836.0 INR,2040.0 INR
Maxi07,Smoky Sage Chiffon Maxi,Smoky Sage Chiffon Maxi,in stock,new,https://paavay.aalam.cloud/store/item/Smoky+Sage+Chiffon+Maxi?id=6335,https://paavay.aalam.cloud/aalam/stock/item/6335/image/_/face-img,Paavay,Black,Chiffon,M,Apparel & Accessories > Clothing > Dresses,1836.0 INR,2040.0 INR
Maxi08,Smoky Sage Chiffon Maxi,Smoky Sage Chiffon Maxi,out of stock,new,https://paavay.aalam.cloud/store/item/Smoky+Sage+Chiffon+Maxi?id=6336,https://paavay.aalam.cloud/aalam/stock/item/6336/image/_/face-img,Paavay,Black,Chiffon,L,Apparel & Accessories > Clothing > Dresses,1836.0 INR,2040.0 INR
Maxi09,Smoky Sage Chiffon Maxi,Smoky Sage Chiffon Maxi,in stock,new,https://paavay.aalam.cloud/store/item/Smoky+Sage+Chiffon+Maxi?id=6337,https://paavay.aalam.cloud/aalam/stock/item/6337/image/_/face-img,Paavay,Black,Chiffon,XL,Apparel & Accessories > Clothing > Dresses,1836.0 INR,2040.0 INR
MAXI10,Smoky Sage Chiffon Maxi,Smoky Sage Chiffon Maxi,in stock,new,https://paavay.aalam.cloud/store/item/Smoky+Sage+Chiffon+Maxi?id=6338,https://paavay.aalam.cloud/aalam/stock/item/6338/image/_/face-img,Paavay,Black,Chiffon,XXL,Apparel & Accessories > Clothing > Dresses,1836.0 INR,2040.0 INR
MAXI11,Smoky Sage Chiffon Maxi,Smoky Sage Chiffon Maxi,in stock,new,https://paavay.aalam.cloud/store/item/Smoky+Sage+Chiffon+Maxi?id=6339,https://paavay.aalam.cloud/aalam/stock/item/6339/image/_/face-img,Paavay,Black,Chiffon,XXXL,Apparel & Accessories > Clothing > Dresses,1836.0 INR,2040.0 INR
MAXI12,Butterfly Chiffon Maxi,Butterfly Chiffon Maxi,out of stock,new,https://paavay.aalam.cloud/store/item/Butterfly+Chiffon+Maxi?id=6340,https://paavay.aalam.cloud/aalam/stock/item/6340/image/_/face-img,Paavay,Black,Chiffon,XS,Apparel & Accessories > Clothing > Dresses,1768.0 INR,2080.0 INR
MAXI13,Butterfly Chiffon Maxi,Butterfly Chiffon Maxi,in stock,new,https://paavay.aalam.cloud/store/item/Butterfly+Chiffon+Maxi?id=6341,https://paavay.aalam.cloud/aalam/stock/item/6341/image/_/face-img,Paavay,Black,Chiffon,S,Apparel & Accessories > Clothing > Dresses,1768.0 INR,2080.0 INR
MAXI14,Butterfly Chiffon Maxi,Butterfly Chiffon Maxi,in stock,new,https://paavay.aalam.cloud/store/item/Butterfly+Chiffon+Maxi?id=6342,https://paavay.aalam.cloud/aalam/stock/item/6342/image/_/face-img,Paavay,Black,Chiffon,M,Apparel & Accessories > Clothing > Dresses,1768.0 INR,2080.0 INR
MAXI15,Butterfly Chiffon Maxi,Butterfly Chiffon Maxi,in stock,new,https://paavay.aalam.cloud/store/item/Butterfly+Chiffon+Maxi?id=6343,https://paavay.aalam.cloud/aalam/stock/item/6343/image/_/face-img,Paavay,Black,Chiffon,L,Apparel & Accessories > Clothing > Dresses,1768.0 INR,2080.0 INR
MAXI16,Butterfly Chiffon Maxi,Butterfly Chiffon Maxi,in stock,new,https://paavay.aalam.cloud/store/item/Butterfly+Chiffon+Maxi?id=6344,https://paavay.aalam.cloud/aalam/stock/item/6344/image/_/face-img,Paavay,Black,Chiffon,XL,Apparel & Accessories > Clothing > Dresses,1768.0 INR,2080.0 INR
MAXI17,Butterfly Chiffon Maxi,Butterfly Chiffon Maxi,in stock,new,https://paavay.aalam.cloud/store/item/Butterfly+Chiffon+Maxi?id=6345,https://paavay.aalam.cloud/aalam/stock/item/6345/image/_/face-img,Paavay,Black,Chiffon,XXL,Apparel & Accessories > Clothing > Dresses,1768.0 INR,2080.0 INR
MAXI18,Butterfly Chiffon Maxi,Butterfly Chiffon Maxi,out of stock,new,https://paavay.aalam.cloud/store/item/Butterfly+Chiffon+Maxi?id=6346,https://paavay.aalam.cloud/aalam/stock/item/6346/image/_/face-img,Paavay,Black,Chiffon,XXXL,Apparel & Accessories > Clothing > Dresses,1768.0 INR,2080.0 INR
MAXI19,Olive Long Shirt,Olive Long Shirt,out of stock,new,https://paavay.aalam.cloud/store/item/Olive+Long+Shirt?id=6347,https://paavay.aalam.cloud/aalam/stock/item/6347/image/_/face-img,Paavay,GREEN,Cotton,XS,Apparel & Accessories > Clothing > Dresses,1695.75 INR,1995.0 INR
MAXI20,Olive Long Shirt,Olive Long Shirt,in stock,new,https://paavay.aalam.cloud/store/item/Olive+Long+Shirt?id=6351,https://paavay.aalam.cloud/aalam/stock/item/6351/image/_/face-img,Paavay,GREEN,Cotton,S,Apparel & Accessories > Clothing > Dresses,1695.75 INR,1995.0 INR
MAXI21,Olive Long Shirt,Olive Long Shirt,in stock,new,https://paavay.aalam.cloud/store/item/Olive+Long+Shirt?id=6352,https://paavay.aalam.cloud/aalam/stock/item/6352/image/_/face-img,Paavay,GREEN,Cotton,M,Apparel & Accessories > Clothing > Dresses,1695.75 INR,1995.0 INR
MAXI22,Olive Long Shirt,Olive Long Shirt,in stock,new,https://paavay.aalam.cloud/store/item/Olive+Long+Shirt?id=6353,https://paavay.aalam.cloud/aalam/stock/item/6353/image/_/face-img,Paavay,GREEN,Cotton,L,Apparel & Accessories > Clothing > Dresses,1695.75 INR,1995.0 INR
MAXI23,Olive Long Shirt,Olive Long Shirt,in stock,new,https://paavay.aalam.cloud/store/item/Olive+Long+Shirt?id=6354,https://paavay.aalam.cloud/aalam/stock/item/6354/image/_/face-img,Paavay,GREEN,Cotton,XL,Apparel & Accessories > Clothing > Dresses,1695.75 INR,1995.0 INR
MAXI24,Olive Long Shirt,Olive Long Shirt,in stock,new,https://paavay.aalam.cloud/store/item/Olive+Long+Shirt?id=6355,https://paavay.aalam.cloud/aalam/stock/item/6355/image/_/face-img,Paavay,GREEN,Cotton,XXL,Apparel & Accessories > Clothing > Dresses,1695.75 INR,1995.0 INR
MAXI25,Olive Long Shirt,Olive Long Shirt,in stock,new,https://paavay.aalam.cloud/store/item/Olive+Long+Shirt?id=6356,https://paavay.aalam.cloud/aalam/stock/item/6356/image/_/face-img,Paavay,GREEN,Cotton,XXXL,Apparel & Accessories > Clothing > Dresses,1695.75 INR,1995.0 INR
MAXI26,Wine Panel Midi,Wine Panel Midi,out of stock,new,https://paavay.aalam.cloud/store/item/Wine+Panel+Midi?id=6357,https://paavay.aalam.cloud/aalam/stock/item/6357/image/_/face-img,Paavay,Wine,Cotton,XS,Apparel & Accessories > Clothing > Dresses,1746.0 INR,1940.0 INR
MAXI27,Wine Panel Midi,Wine Panel Midi,out of stock,new,https://paavay.aalam.cloud/store/item/Wine+Panel+Midi?id=6358,https://paavay.aalam.cloud/aalam/stock/item/6358/image/_/face-img,Paavay,Wine,Cotton,S,Apparel & Accessories > Clothing > Dresses,1746.0 INR,1940.0 INR
MAXI28,Wine Panel Midi,Wine Panel Midi,in stock,new,https://paavay.aalam.cloud/store/item/Wine+Panel+Midi?id=6359,https://paavay.aalam.cloud/aalam/stock/item/6359/image/_/face-img,Paavay,Wine,Cotton,M,Apparel & Accessories > Clothing > Dresses,1746.0 INR,1940.0 INR
MAXI29,Wine Panel Midi,Wine Panel Midi,out of stock,new,https://paavay.aalam.cloud/store/item/Wine+Panel+Midi?id=6360,https://paavay.aalam.cloud/aalam/stock/item/6360/image/_/face-img,Paavay,Wine,Cotton,L,Apparel & Accessories > Clothing > Dresses,1746.0 INR,1940.0 INR
MAXI30,Wine Panel Midi,Wine Panel Midi,out of stock,new,https://paavay.aalam.cloud/store/item/Wine+Panel+Midi?id=6361,https://paavay.aalam.cloud/aalam/stock/item/6361/image/_/face-img,Paavay,Wine,Cotton,XL,Apparel & Accessories > Clothing > Dresses,1746.0 INR,1940.0 INR
MAXI31,Wine Panel Midi,Wine Panel Midi,out of stock,new,https://paavay.aalam.cloud/store/item/Wine+Panel+Midi?id=6362,https://paavay.aalam.cloud/aalam/stock/item/6362/image/_/face-img,Paavay,Wine,Cotton,XXL,Apparel & Accessories > Clothing > Dresses,1746.0 INR,1940.0 INR
MAXI32,Wine Panel Midi,Wine Panel Midi,out of stock,new,https://paavay.aalam.cloud/store/item/Wine+Panel+Midi?id=6363,https://paavay.aalam.cloud/aalam/stock/item/6363/image/_/face-img,Paavay,Wine,Cotton,XXXL,Apparel & Accessories > Clothing > Dresses,1746.0 INR,1940.0 INR
MAXI33,Heirloom Chiffon Maxi,Heirloom Chiffon Maxi,out of stock,new,https://paavay.aalam.cloud/store/item/Heirloom+Chiffon+Maxi?id=6364,https://paavay.aalam.cloud/aalam/stock/item/6364/image/_/face-img,Paavay,WHITE,Chiffon,XS,Apparel & Accessories > Clothing > Dresses,1853.0 INR,2180.0 INR
MAXI34,Heirloom Chiffon Maxi,Heirloom Chiffon Maxi,in stock,new,https://paavay.aalam.cloud/store/item/Heirloom+Chiffon+Maxi?id=6365,https://paavay.aalam.cloud/aalam/stock/item/6365/image/_/face-img,Paavay,WHITE,Chiffon,S,Apparel & Accessories > Clothing > Dresses,1853.0 INR,2180.0 INR
MAXI35,Heirloom Chiffon Maxi,Heirloom Chiffon Maxi,in stock,new,https://paavay.aalam.cloud/store/item/Heirloom+Chiffon+Maxi?id=6366,https://paavay.aalam.cloud/aalam/stock/item/6366/image/_/face-img,Paavay,WHITE,Chiffon,M,Apparel & Accessories > Clothing > Dresses,1853.0 INR,2180.0 INR
MAXI36,Heirloom Chiffon Maxi,Heirloom Chiffon Maxi,in stock,new,https://paavay.aalam.cloud/store/item/Heirloom+Chiffon+Maxi?id=6367,https://paavay.aalam.cloud/aalam/stock/item/6367/image/_/face-img,Paavay,WHITE,Chiffon,L,Apparel & Accessories > Clothing > Dresses,1853.0 INR,2180.0 INR
MAXI37,Heirloom Chiffon Maxi,Heirloom Chiffon Maxi,in stock,new,https://paavay.aalam.cloud/store/item/Heirloom+Chiffon+Maxi?id=6368,https://paavay.aalam.cloud/aalam/stock/item/6368/image/_/face-img,Paavay,WHITE,Chiffon,XL,Apparel & Accessories > Clothing > Dresses,1853.0 INR,2180.0 INR
MAXI38,Heirloom Chiffon Maxi,Heirloom Chiffon Maxi,in stock,new,https://paavay.aalam.cloud/store/item/Heirloom+Chiffon+Maxi?id=6369,https://paavay.aalam.cloud/aalam/stock/item/6369/image/_/face-img,Paavay,WHITE,Chiffon,XXL,Apparel & Accessories > Clothing > Dresses,1853.0 INR,2180.0 INR
MAXI39,Heirloom Chiffon Maxi,Heirloom Chiffon Maxi,in stock,new,https://paavay.aalam.cloud/store/item/Heirloom+Chiffon+Maxi?id=6370,https://paavay.aalam.cloud/aalam/stock/item/6370/image/_/face-img,Paavay,WHITE,Chiffon,XXXL,Apparel & Accessories > Clothing > Dresses,1853.0 INR,2180.0 INR
Maxi40,Coral Dusk Hakoba Midi,Coral Dusk Hakoba Midi,out of stock,new,https://paavay.aalam.cloud/store/item/Coral+Dusk+Hakoba+Midi?id=6371,https://paavay.aalam.cloud/aalam/stock/item/6371/image/_/face-img,Paavay,ORANGE,Cotton,XS,Apparel & Accessories > Clothing > Dresses,1819.0 INR,2140.0 INR
MAXI41,Coral Dusk Hakoba Midi,Coral Dusk Hakoba Midi,in stock,new,https://paavay.aalam.cloud/store/item/Coral+Dusk+Hakoba+Midi?id=6372,https://paavay.aalam.cloud/aalam/stock/item/6372/image/_/face-img,Paavay,ORANGE,Cotton,S,Apparel & Accessories > Clothing > Dresses,1819.0 INR,2140.0 INR
MAXI42,Coral Dusk Hakoba Midi,Coral Dusk Hakoba Midi,in stock,new,https://paavay.aalam.cloud/store/item/Coral+Dusk+Hakoba+Midi?id=6373,https://paavay.aalam.cloud/aalam/stock/item/6373/image/_/face-img,Paavay,ORANGE,Cotton,M,Apparel & Accessories > Clothing > Dresses,1819.0 INR,2140.0 INR
MAXI43,Coral Dusk Hakoba Midi,Coral Dusk Hakoba Midi,in stock,new,https://paavay.aalam.cloud/store/item/Coral+Dusk+Hakoba+Midi?id=6374,https://paavay.aalam.cloud/aalam/stock/item/6374/image/_/face-img,Paavay,ORANGE,Cotton,L,Apparel & Accessories > Clothing > Dresses,1819.0 INR,2140.0 INR
MAXI44,Coral Dusk Hakoba Midi,Coral Dusk Hakoba Midi,in stock,new,https://paavay.aalam.cloud/store/item/Coral+Dusk+Hakoba+Midi?id=6375,https://paavay.aalam.cloud/aalam/stock/item/6375/image/_/face-img,Paavay,ORANGE,Cotton,XL,Apparel & Accessories > Clothing > Dresses,1819.0 INR,2140.0 INR
MAXI45,Coral Dusk Hakoba Midi,Coral Dusk Hakoba Midi,in stock,new,https://paavay.aalam.cloud/store/item/Coral+Dusk+Hakoba+Midi?id=6377,https://paavay.aalam.cloud/aalam/stock/item/6377/image/_/face-img,Paavay,ORANGE,Cotton,XXL,Apparel & Accessories > Clothing > Dresses,1819.0 INR,2140.0 INR
MAXI46,Coral Dusk Hakoba Midi,Coral Dusk Hakoba Midi,out of stock,new,https://paavay.aalam.cloud/store/item/Coral+Dusk+Hakoba+Midi?id=6378,https://paavay.aalam.cloud/aalam/stock/item/6378/image/_/face-img,Paavay,ORANGE,Cotton,XXXL,Apparel & Accessories > Clothing > Dresses,1819.0 INR,2140.0 INR
MAXI47,Molten Onyx Chiffon Maxi,Molten Onyx Chiffon Maxi,out of stock,new,https://paavay.aalam.cloud/store/item/Molten+Onyx+Chiffon+Maxi?id=6379,https://paavay.aalam.cloud/aalam/stock/item/6379/image/_/face-img,Paavay,Black,Chiffon,XS,Apparel & Accessories > Clothing > Dresses,,2085.0 INR
MAXI48,Molten Onyx Chiffon Maxi,Molten Onyx Chiffon Maxi,in stock,new,https://paavay.aalam.cloud/store/item/Molten+Onyx+Chiffon+Maxi?id=6382,https://paavay.aalam.cloud/aalam/stock/item/6382/image/_/face-img,Paavay,Black,Chiffon,S,Apparel & Accessories > Clothing > Dresses,,2085.0 INR
MAXI49,Molten Onyx Chiffon Maxi,Molten Onyx Chiffon Maxi,in stock,new,https://paavay.aalam.cloud/store/item/Molten+Onyx+Chiffon+Maxi?id=6383,https://paavay.aalam.cloud/aalam/stock/item/6383/image/_/face-img,Paavay,Black,Chiffon,M,Apparel & Accessories > Clothing > Dresses,,2085.0 INR
MAXI50,Molten Onyx Chiffon Maxi,Molten Onyx Chiffon Maxi,in stock,new,https://paavay.aalam.cloud/store/item/Molten+Onyx+Chiffon+Maxi?id=6384,https://paavay.aalam.cloud/aalam/stock/item/6384/image/_/face-img,Paavay,Black,Chiffon,L,Apparel & Accessories > Clothing > Dresses,,2085.0 INR
MAXI51,Molten Onyx Chiffon Maxi,Molten Onyx Chiffon Maxi,in stock,new,https://paavay.aalam.cloud/store/item/Molten+Onyx+Chiffon+Maxi?id=6385,https://paavay.aalam.cloud/aalam/stock/item/6385/image/_/face-img,Paavay,Black,Chiffon,XL,Apparel & Accessories > Clothing > Dresses,,2085.0 INR
MAXI52,Molten Onyx Chiffon Maxi,Molten Onyx Chiffon Maxi,in stock,new,https://paavay.aalam.cloud/store/item/Molten+Onyx+Chiffon+Maxi?id=6386,https://paavay.aalam.cloud/aalam/stock/item/6386/image/_/face-img,Paavay,Black,Chiffon,XXL,Apparel & Accessories > Clothing > Dresses,,2085.0 INR
MAXI53,Molten Onyx Chiffon Maxi,Molten Onyx Chiffon Maxi,out of stock,new,https://paavay.aalam.cloud/store/item/Molten+Onyx+Chiffon+Maxi?id=6387,https://paavay.aalam.cloud/aalam/stock/item/6387/image/_/face-img,Paavay,Black,Chiffon,XXXL,Apparel & Accessories > Clothing > Dresses,,2085.0 INR
MIDI54,Palm Leaf Chiffon Midi,Palm Leaf Chiffon Midi,out of stock,new,https://paavay.aalam.cloud/store/item/Palm+Leaf+Chiffon+Midi?id=6388,https://paavay.aalam.cloud/aalam/stock/item/6388/image/_/face-img,Paavay,,,XS,Apparel & Accessories > Clothing > Dresses,,1990.0 INR
MIDI55,Palm Leaf Chiffon Midi,Palm Leaf Chiffon Midi,in stock,new,https://paavay.aalam.cloud/store/item/Palm+Leaf+Chiffon+Midi?id=6389,https://paavay.aalam.cloud/aalam/stock/item/6389/image/_/face-img,Paavay,,,S,Apparel & Accessories > Clothing > Dresses,,1990.0 INR
MIDI56,Palm Leaf Chiffon Midi,Palm Leaf Chiffon Midi,in stock,new,https://paavay.aalam.cloud/store/item/Palm+Leaf+Chiffon+Midi?id=6390,https://paavay.aalam.cloud/aalam/stock/item/6390/image/_/face-img,Paavay,,,M,Apparel & Accessories > Clothing > Dresses,,1990.0 INR
MIDI57,Palm Leaf Chiffon Midi,Palm Leaf Chiffon Midi,in stock,new,https://paavay.aalam.cloud/store/item/Palm+Leaf+Chiffon+Midi?id=6391,https://paavay.aalam.cloud/aalam/stock/item/6391/image/_/face-img,Paavay,,,L,Apparel & Accessories > Clothing > Dresses,,1990.0 INR
MIDI58,Palm Leaf Chiffon Midi,Palm Leaf Chiffon Midi,in stock,new,https://paavay.aalam.cloud/store/item/Palm+Leaf+Chiffon+Midi?id=6392,https://paavay.aalam.cloud/aalam/stock/item/6392/image/_/face-img,Paavay,,,XL,Apparel & Accessories > Clothing > Dresses,,1990.0 INR
MIDI59,Palm Leaf Chiffon Midi,Palm Leaf Chiffon Midi,in stock,new,https://paavay.aalam.cloud/store/item/Palm+Leaf+Chiffon+Midi?id=6393,https://paavay.aalam.cloud/aalam/stock/item/6393/image/_/face-img,Paavay,,,XXL,Apparel & Accessories > Clothing > Dresses,,1990.0 INR
MIDI60,Palm Leaf Chiffon Midi,Palm Leaf Chiffon Midi,in stock,new,https://paavay.aalam.cloud/store/item/Palm+Leaf+Chiffon+Midi?id=6394,https://paavay.aalam.cloud/aalam/stock/item/6394/image/_/face-img,Paavay,,,XXXL,Apparel & Accessories > Clothing > Dresses,,1990.0 INR
MIDI61,Gallery Bloom Feeding  Midi,Gallery Bloom Feeding  Midi,out of stock,new,https://paavay.aalam.cloud/store/item/Gallery+Bloom+Feeding++Midi?id=6396,https://paavay.aalam.cloud/aalam/stock/item/6396/image/_/face-img,Paavay,PINK,Chiffon,XS,Apparel & Accessories > Clothing > Dresses,,2095.0 INR
MIDI62,Gallery Bloom Feeding  Midi,Gallery Bloom Feeding  Midi,in stock,new,https://paavay.aalam.cloud/store/item/Gallery+Bloom+Feeding++Midi?id=6397,https://paavay.aalam.cloud/aalam/stock/item/6397/image/_/face-img,Paavay,PINK,Chiffon,S,Apparel & Accessories > Clothing > Dresses,,2095.0 INR
MIDI63,Gallery Bloom Feeding  Midi,Gallery Bloom Feeding  Midi,in stock,new,https://paavay.aalam.cloud/store/item/Gallery+Bloom+Feeding++Midi?id=6398,https://paavay.aalam.cloud/aalam/stock/item/6398/image/_/face-img,Paavay,PINK,Chiffon,M,Apparel & Accessories > Clothing > Dresses,,2095.0 INR
MIDI64,Gallery Bloom Feeding  Midi,Gallery Bloom Feeding  Midi,in stock,new,https://paavay.aalam.cloud/store/item/Gallery+Bloom+Feeding++Midi?id=6399,https://paavay.aalam.cloud/aalam/stock/item/6399/image/_/face-img,Paavay,PINK,Chiffon,L,Apparel & Accessories > Clothing > Dresses,,2095.0 INR
MIDI65,Gallery Bloom Feeding  Midi,Gallery Bloom Feeding  Midi,in stock,new,https://paavay.aalam.cloud/store/item/Gallery+Bloom+Feeding++Midi?id=6400,https://paavay.aalam.cloud/aalam/stock/item/6400/image/_/face-img,Paavay,PINK,Chiffon,XL,Apparel & Accessories > Clothing > Dresses,,2095.0 INR
MIDI66,Gallery Bloom Feeding  Midi,Gallery Bloom Feeding  Midi,in stock,new,https://paavay.aalam.cloud/store/item/Gallery+Bloom+Feeding++Midi?id=6401,https://paavay.aalam.cloud/aalam/stock/item/6401/image/_/face-img,Paavay,PINK,Chiffon,XXL,Apparel & Accessories > Clothing > Dresses,,2095.0 INR
MIDI67,Gallery Bloom Feeding  Midi,Gallery Bloom Feeding  Midi,in stock,new,https://paavay.aalam.cloud/store/item/Gallery+Bloom+Feeding++Midi?id=6402,https://paavay.aalam.cloud/aalam/stock/item/6402/image/_/face-img,Paavay,PINK,Chiffon,XXXL,Apparel & Accessories > Clothing > Dresses,,2095.0 INR
MAXI68,Prismatic Leopard  Maxi,Prismatic Leopard  Maxi,out of stock,new,https://paavay.aalam.cloud/store/item/Prismatic+Leopard++Maxi?id=6403,https://paavay.aalam.cloud/aalam/stock/item/6403/image/_/face-img,Paavay,Black,Chiffon,XS,Apparel & Accessories > Clothing > Dresses,,2095.0 INR
MAXI69,Prismatic Leopard  Maxi,Prismatic Leopard  Maxi,in stock,new,https://paavay.aalam.cloud/store/item/Prismatic+Leopard++Maxi?id=6404,https://paavay.aalam.cloud/aalam/stock/item/6404/image/_/face-img,Paavay,Black,Chiffon,S,Apparel & Accessories > Clothing > Dresses,,2095.0 INR
MAXI70,Prismatic Leopard  Maxi,Prismatic Leopard  Maxi,in stock,new,https://paavay.aalam.cloud/store/item/Prismatic+Leopard++Maxi?id=6405,https://paavay.aalam.cloud/aalam/stock/item/6405/image/_/face-img,Paavay,Black,Chiffon,M,Apparel & Accessories > Clothing > Dresses,,2095.0 INR
MAXI71,Prismatic Leopard  Maxi,Prismatic Leopard  Maxi,in stock,new,https://paavay.aalam.cloud/store/item/Prismatic+Leopard++Maxi?id=6406,https://paavay.aalam.cloud/aalam/stock/item/6406/image/_/face-img,Paavay,Black,Chiffon,L,Apparel & Accessories > Clothing > Dresses,,2095.0 INR
MAXI72,Prismatic Leopard  Maxi,Prismatic Leopard  Maxi,in stock,new,https://paavay.aalam.cloud/store/item/Prismatic+Leopard++Maxi?id=6407,https://paavay.aalam.cloud/aalam/stock/item/6407/image/_/face-img,Paavay,Black,Chiffon,XL,Apparel & Accessories > Clothing > Dresses,,2095.0 INR
MAXI73,Prismatic Leopard  Maxi,Prismatic Leopard  Maxi,in stock,new,https://paavay.aalam.cloud/store/item/Prismatic+Leopard++Maxi?id=6408,https://paavay.aalam.cloud/aalam/stock/item/6408/image/_/face-img,Paavay,Black,Chiffon,XXL,Apparel & Accessories > Clothing > Dresses,,2095.0 INR
MAXI74,Prismatic Leopard  Maxi,Prismatic Leopard  Maxi,in stock,new,https://paavay.aalam.cloud/store/item/Prismatic+Leopard++Maxi?id=6409,https://paavay.aalam.cloud/aalam/stock/item/6409/image/_/face-img,Paavay,Black,Chiffon,XXXL,Apparel & Accessories > Clothing > Dresses,,2095.0 INR
MAXI75,Alpine Air Chiffon Maxi,Alpine Air Chiffon Maxi,out of stock,new,https://paavay.aalam.cloud/store/item/Alpine+Air+Chiffon+Maxi?id=6410,https://paavay.aalam.cloud/aalam/stock/item/6410/image/_/face-img,Paavay,Peach,Chiffon,XS,Apparel & Accessories > Clothing > Dresses,,2090.0 INR
MAXI76,Alpine Air Chiffon Maxi,Alpine Air Chiffon Maxi,in stock,new,https://paavay.aalam.cloud/store/item/Alpine+Air+Chiffon+Maxi?id=6411,https://paavay.aalam.cloud/aalam/stock/item/6411/image/_/face-img,Paavay,Peach,Chiffon,S,Apparel & Accessories > Clothing > Dresses,,2090.0 INR
MAXI77,Alpine Air Chiffon Maxi,Alpine Air Chiffon Maxi,in stock,new,https://paavay.aalam.cloud/store/item/Alpine+Air+Chiffon+Maxi?id=6412,https://paavay.aalam.cloud/aalam/stock/item/6412/image/_/face-img,Paavay,Peach,Chiffon,M,Apparel & Accessories > Clothing > Dresses,,2090.0 INR
MAXI78,Alpine Air Chiffon Maxi,Alpine Air Chiffon Maxi,in stock,new,https://paavay.aalam.cloud/store/item/Alpine+Air+Chiffon+Maxi?id=6413,https://paavay.aalam.cloud/aalam/stock/item/6413/image/_/face-img,Paavay,Peach,Chiffon,L,Apparel & Accessories > Clothing > Dresses,,2090.0 INR
MAXI79,Alpine Air Chiffon Maxi,Alpine Air Chiffon Maxi,in stock,new,https://paavay.aalam.cloud/store/item/Alpine+Air+Chiffon+Maxi?id=6414,https://paavay.aalam.cloud/aalam/stock/item/6414/image/_/face-img,Paavay,Peach,Chiffon,XL,Apparel & Accessories > Clothing > Dresses,,2090.0 INR
MAXI80,Alpine Air Chiffon Maxi,Alpine Air Chiffon Maxi,in stock,new,https://paavay.aalam.cloud/store/item/Alpine+Air+Chiffon+Maxi?id=6415,https://paavay.aalam.cloud/aalam/stock/item/6415/image/_/face-img,Paavay,Peach,Chiffon,XXL,Apparel & Accessories > Clothing > Dresses,,2090.0 INR
MAXI81,Alpine Air Chiffon Maxi,Alpine Air Chiffon Maxi,in stock,new,https://paavay.aalam.cloud/store/item/Alpine+Air+Chiffon+Maxi?id=6416,https://paavay.aalam.cloud/aalam/stock/item/6416/image/_/face-img,Paavay,Peach,Chiffon,XXXL,Apparel & Accessories > Clothing > Dresses,,2090.0 INR
MAXI82,Cherry Blossom Feeding Maxi,Cherry Blossom Feeding Maxi,out of stock,new,https://paavay.aalam.cloud/store/item/Cherry+Blossom+Feeding+Maxi?id=6418,https://paavay.aalam.cloud/aalam/stock/item/6418/image/_/face-img,Paavay,,,XS,Apparel & Accessories > Clothing > Dresses,,1995.0 INR
MAXI83,Cherry Blossom Feeding Maxi,Cherry Blossom Feeding Maxi,in stock,new,https://paavay.aalam.cloud/store/item/Cherry+Blossom+Feeding+Maxi?id=6419,https://paavay.aalam.cloud/aalam/stock/item/6419/image/_/face-img,Paavay,,,S,Apparel & Accessories > Clothing > Dresses,,1995.0 INR
MAXI84,Cherry Blossom Feeding Maxi,Cherry Blossom Feeding Maxi,in stock,new,https://paavay.aalam.cloud/store/item/Cherry+Blossom+Feeding+Maxi?id=6420,https://paavay.aalam.cloud/aalam/stock/item/6420/image/_/face-img,Paavay,,,M,Apparel & Accessories > Clothing > Dresses,,1995.0 INR
MAXI85,Cherry Blossom Feeding Maxi,Cherry Blossom Feeding Maxi,in stock,new,https://paavay.aalam.cloud/store/item/Cherry+Blossom+Feeding+Maxi?id=6422,https://paavay.aalam.cloud/aalam/stock/item/6422/image/_/face-img,Paavay,,,L,Apparel & Accessories > Clothing > Dresses,,1995.0 INR
MAXI86,Cherry Blossom Feeding Maxi,Cherry Blossom Feeding Maxi,in stock,new,https://paavay.aalam.cloud/store/item/Cherry+Blossom+Feeding+Maxi?id=6423,https://paavay.aalam.cloud/aalam/stock/item/6423/image/_/face-img,Paavay,,,XL,Apparel & Accessories > Clothing > Dresses,,1995.0 INR
MAXI87,Cherry Blossom Feeding Maxi,Cherry Blossom Feeding Maxi,in stock,new,https://paavay.aalam.cloud/store/item/Cherry+Blossom+Feeding+Maxi?id=6424,https://paavay.aalam.cloud/aalam/stock/item/6424/image/_/face-img,Paavay,,,XXL,Apparel & Accessories > Clothing > Dresses,,1995.0 INR
MAXI88,Cherry Blossom Feeding Maxi,Cherry Blossom Feeding Maxi,in stock,new,https://paavay.aalam.cloud/store/item/Cherry+Blossom+Feeding+Maxi?id=6425,https://paavay.aalam.cloud/aalam/stock/item/6425/image/_/face-img,Paavay,,,XXXL,Apparel & Accessories > Clothing > Dresses,,1995.0 INR
MAXI89,Navy Prism Feeding Maxi-XS,Navy Prism Feeding Maxi-XS,out of stock,new,https://paavay.aalam.cloud/store/item/Navy+Prism+Feeding+Maxi?id=6426,https://paavay.aalam.cloud/aalam/stock/item/6426/image/_/face-img,Paavay,,,,Apparel & Accessories > Clothing > Dresses,,2090.0 INR
MAXI91,Navy Prism Feeding Maxi-S,Navy Prism Feeding Maxi-S,in stock,new,https://paavay.aalam.cloud/store/item/Navy+Prism+Feeding+Maxi?id=6436,https://paavay.aalam.cloud/aalam/stock/item/6436/image/_/face-img,Paavay,,,,Apparel & Accessories > Clothing > Dresses,,2090.0 INR
MAXI92,Navy Prism Feeding Maxi-M,Navy Prism Feeding Maxi-M,in stock,new,https://paavay.aalam.cloud/store/item/Navy+Prism+Feeding+Maxi?id=6438,https://paavay.aalam.cloud/aalam/stock/item/6438/image/_/face-img,Paavay,,,,Apparel & Accessories > Clothing > Dresses,,2090.0 INR
MAXI93,Navy Prism Feeding Maxi-L,Navy Prism Feeding Maxi-L,in stock,new,https://paavay.aalam.cloud/store/item/Navy+Prism+Feeding+Maxi?id=6439,https://paavay.aalam.cloud/aalam/stock/item/6439/image/_/face-img,Paavay,,,,Apparel & Accessories > Clothing > Dresses,,2090.0 INR
MAXI94,Navy Prism Feeding Maxi-XL,Navy Prism Feeding Maxi-XL,in stock,new,https://paavay.aalam.cloud/store/item/Navy+Prism+Feeding+Maxi?id=6440,https://paavay.aalam.cloud/aalam/stock/item/6440/image/_/face-img,Paavay,,,,Apparel & Accessories > Clothing > Dresses,,2090.0 INR
MAXI95,Navy Prism Feeding Maxi-XXL,Navy Prism Feeding Maxi-XXL,in stock,new,https://paavay.aalam.cloud/store/item/Navy+Prism+Feeding+Maxi?id=6441,https://paavay.aalam.cloud/aalam/stock/item/6441/image/_/face-img,Paavay,,,,Apparel & Accessories > Clothing > Dresses,,2090.0 INR
MAXI96,Navy Prism Feeding Maxi-XXXL,Navy Prism Feeding Maxi-XXXL,in stock,new,https://paavay.aalam.cloud/store/item/Navy+Prism+Feeding+Maxi?id=6442,https://paavay.aalam.cloud/aalam/stock/item/6442/image/_/face-img,Paavay,,,,Apparel & Accessories > Clothing > Dresses,,2090.0 INR
MAXI2002,Desert Palette Feeding Maxi-XS,Desert Palette Feeding Maxi-XS,out of stock,new,https://paavay.aalam.cloud/store/item/Desert+Palette+Feeding+Maxi?id=6443,https://paavay.aalam.cloud/aalam/stock/item/6443/image/_/face-img,Paavay,,,,Apparel & Accessories > Clothing > Dresses,,2185.0 INR
MAXI99,Desert Palette Feeding Maxi-S,Desert Palette Feeding Maxi-S,in stock,new,https://paavay.aalam.cloud/store/item/Desert+Palette+Feeding+Maxi?id=6447,https://paavay.aalam.cloud/aalam/stock/item/6447/image/_/face-img,Paavay,,,,Apparel & Accessories > Clothing > Dresses,,2185.0 INR
MAXI2001,Desert Palette Feeding Maxi-M,Desert Palette Feeding Maxi-M,in stock,new,https://paavay.aalam.cloud/store/item/Desert+Palette+Feeding+Maxi?id=6452,https://paavay.aalam.cloud/aalam/stock/item/6452/image/_/face-img,Paavay,,,,Apparel & Accessories > Clothing > Dresses,,2185.0 INR
MAXI2003,Desert Palette Feeding Maxi-L,Desert Palette Feeding Maxi-L,in stock,new,https://paavay.aalam.cloud/store/item/Desert+Palette+Feeding+Maxi?id=6453,https://paavay.aalam.cloud/aalam/stock/item/6453/image/_/face-img,Paavay,,,,Apparel & Accessories > Clothing > Dresses,,2185.0 INR
MAXI2004,Desert Palette Feeding Maxi-XL,Desert Palette Feeding Maxi-XL,in stock,new,https://paavay.aalam.cloud/store/item/Desert+Palette+Feeding+Maxi?id=6454,https://paavay.aalam.cloud/aalam/stock/item/6454/image/_/face-img,Paavay,,,,Apparel & Accessories > Clothing > Dresses,,2185.0 INR
MAXI2005,Desert Palette Feeding Maxi-XXL,Desert Palette Feeding Maxi-XXL,in stock,new,https://paavay.aalam.cloud/store/item/Desert+Palette+Feeding+Maxi?id=6455,https://paavay.aalam.cloud/aalam/stock/item/6455/image/_/face-img,Paavay,,,,Apparel & Accessories > Clothing > Dresses,,2185.0 INR
MAXI2006,Desert Palette Feeding Maxi-XXXL,Desert Palette Feeding Maxi-XXXL,in stock,new,https://paavay.aalam.cloud/store/item/Desert+Palette+Feeding+Maxi?id=6456,https://paavay.aalam.cloud/aalam/stock/item/6456/image/_/face-img,Paavay,,,,Apparel & Accessories > Clothing > Dresses,,2185.0 INR
MAXI2014,Elowen Garden Maxi,Elowen Garden Maxi,out of stock,new,https://paavay.aalam.cloud/store/item/Elowen+Garden+Maxi?id=6457,https://paavay.aalam.cloud/aalam/stock/item/6457/image/_/face-img,Paavay,,,XS,Apparel & Accessories > Clothing > Dresses,,2185.0 INR
MAXI2015,Elowen Garden Maxi,Elowen Garden Maxi,in stock,new,https://paavay.aalam.cloud/store/item/Elowen+Garden+Maxi?id=6458,https://paavay.aalam.cloud/aalam/stock/item/6458/image/_/face-img,Paavay,,,S,Apparel & Accessories > Clothing > Dresses,,2185.0 INR
MAXI2016,Elowen Garden Maxi,Elowen Garden Maxi,in stock,new,https://paavay.aalam.cloud/store/item/Elowen+Garden+Maxi?id=6459,https://paavay.aalam.cloud/aalam/stock/item/6459/image/_/face-img,Paavay,,,M,Apparel & Accessories > Clothing > Dresses,,2185.0 INR
MAXI2017,Elowen Garden Maxi,Elowen Garden Maxi,in stock,new,https://paavay.aalam.cloud/store/item/Elowen+Garden+Maxi?id=6460,https://paavay.aalam.cloud/aalam/stock/item/6460/image/_/face-img,Paavay,,,L,Apparel & Accessories > Clothing > Dresses,,2185.0 INR
MAXI2018,Elowen Garden Maxi,Elowen Garden Maxi,in stock,new,https://paavay.aalam.cloud/store/item/Elowen+Garden+Maxi?id=6461,https://paavay.aalam.cloud/aalam/stock/item/6461/image/_/face-img,Paavay,,,XL,Apparel & Accessories > Clothing > Dresses,,2185.0 INR
MAXI2019,Elowen Garden Maxi,Elowen Garden Maxi,in stock,new,https://paavay.aalam.cloud/store/item/Elowen+Garden+Maxi?id=6462,https://paavay.aalam.cloud/aalam/stock/item/6462/image/_/face-img,Paavay,,,XXL,Apparel & Accessories > Clothing > Dresses,,2185.0 INR
MAXI2020,Elowen Garden Maxi,Elowen Garden Maxi,in stock,new,https://paavay.aalam.cloud/store/item/Elowen+Garden+Maxi?id=6463,https://paavay.aalam.cloud/aalam/stock/item/6463/image/_/face-img,Paavay,,,XXXL,Apparel & Accessories > Clothing > Dresses,,2185.0 INR
MAXI2021,Vionne Flow Feeding Maxi-XS,Vionne Flow Feeding Maxi-XS,out of stock,new,https://paavay.aalam.cloud/store/item/Vionne+Flow+Feeding+Maxi?id=6465,https://paavay.aalam.cloud/aalam/stock/item/6465/image/_/face-img,Paavay,,,,Apparel & Accessories > Clothing > Dresses,,1995.0 INR
MAXI2022,Vionne Flow Feeding Maxi-S,Vionne Flow Feeding Maxi-S,in stock,new,https://paavay.aalam.cloud/store/item/Vionne+Flow+Feeding+Maxi?id=6466,https://paavay.aalam.cloud/aalam/stock/item/6466/image/_/face-img,Paavay,,,,Apparel & Accessories > Clothing > Dresses,,1995.0 INR
MAXI2023,Vionne Flow Feeding Maxi-M,Vionne Flow Feeding Maxi-M,in stock,new,https://paavay.aalam.cloud/store/item/Vionne+Flow+Feeding+Maxi?id=6467,https://paavay.aalam.cloud/aalam/stock/item/6467/image/_/face-img,Paavay,,,,Apparel & Accessories > Clothing > Dresses,,1995.0 INR
MAXI2024,Vionne Flow Feeding Maxi-L,Vionne Flow Feeding Maxi-L,in stock,new,https://paavay.aalam.cloud/store/item/Vionne+Flow+Feeding+Maxi?id=6468,https://paavay.aalam.cloud/aalam/stock/item/6468/image/_/face-img,Paavay,,,,Apparel & Accessories > Clothing > Dresses,,1995.0 INR
MAXI2025,Vionne Flow Feeding Maxi-XL,Vionne Flow Feeding Maxi-XL,in stock,new,https://paavay.aalam.cloud/store/item/Vionne+Flow+Feeding+Maxi?id=6469,https://paavay.aalam.cloud/aalam/stock/item/6469/image/_/face-img,Paavay,,,,Apparel & Accessories > Clothing > Dresses,,1995.0 INR
MAXI2026,Vionne Flow Feeding Maxi-XXL,Vionne Flow Feeding Maxi-XXL,in stock,new,https://paavay.aalam.cloud/store/item/Vionne+Flow+Feeding+Maxi?id=6470,https://paavay.aalam.cloud/aalam/stock/item/6470/image/_/face-img,Paavay,,,,Apparel & Accessories > Clothing > Dresses,,1995.0 INR
MAXI2027,Vionne Flow Feeding Maxi-XXXL,Vionne Flow Feeding Maxi-XXXL,out of stock,new,https://paavay.aalam.cloud/store/item/Vionne+Flow+Feeding+Maxi?id=6471,https://paavay.aalam.cloud/aalam/stock/item/6471/image/_/face-img,Paavay,,,,Apparel & Accessories > Clothing > Dresses,,1995.0 INR
