ID,ITEM NAME,ITEM TYPE,ITEM CODE,SALE PRICE,SALE DISCOUNT RATE,SALE DISCOUNT PRICE,SALE DISCOUNT MODE,CURRENT STOCK,IS PUBLIC,PROPERTY:Colour,PROPERTY:Fabric,PROPERTY:Feeding Maxi,PROPERTY:Neck,PROPERTY:Size,PROPERTY:Skirt Length,PROPERTY:Sleeve Type,PROPERTY:Total Length,PROPERTY:__category
"1","Alai","Ready to Wear Blouses","ALAIWINEX","690.00","25.00","172.50","rate","34.0","True","Grape",,,,"XS",,,,"Sale Products"
"2","Alai","Ready to Wear Blouses","ALAIWINES","690.00","25.00","172.50","rate","","True","Grape",,,,"S",,,,"Sale Products"
"3","Alai","Ready to Wear Blouses","ALAIWINEM","690.00","25.00","172.50","rate","33.0","True","Grape",,,,"M",,,,"Sale Products"
"4","Alai","Ready to Wear Blouses","ALAIWINEL","690.00","25.00","172.50","rate","","True","Grape",,,,"L",,,,"Sale Products"
"5","Alai","Ready to Wear Blouses","ALAIREDXL","690.00","25.00","172.50","rate","","True","Red",,,,"XL",,,,"Sale Products"
"6","Alai","Ready to Wear Blouses","ALAIWINEXL","690.00","25.00","172.50","rate","15.0","True","Grape",,,,"XL",,,,"Sale Products"
"7","Alai","Ready to Wear Blouses","ALAIREDX","690.00","25.00","172.50","rate","64.0","True","Red",,,,"XS",,,,"Sale Products"
"8","Alai","Ready to Wear Blouses","ALAIREDS","690.00","25.00","172.50","rate","","True","Red",,,,"S",,,,"Sale Products"
"9","Alai","Ready to Wear Blouses","ALAIREDL","690.00","25.00","172.50","rate","","True","Red",,,,"L",,,,"Sale Products"
"10","Alai","Ready to Wear Blouses","ALAIREDM","690.00","25.00","172.50","rate","","True","Red",,,,"M",,,,"Sale Products"
"12","Alai","Ready to Wear Blouses","ALAIPINEX","690.00","25.00","172.50","rate","105.0","True","Pine",,,,"XS",,,,"Sale Products"
"13","Alai","Ready to Wear Blouses","ALAIPINEXL","690.00","25.00","172.50","rate","","True","Pine",,,,"XL",,,,"Sale Products"
"14","Alai","Ready to Wear Blouses","ALAIPINEM","690.00","25.00","172.50","rate","","True","Pine",,,,"M",,,,"Sale Products"
"15","Alai","Ready to Wear Blouses","ALAIPINES","690.00","25.00","172.50","rate","","True","Pine",,,,"S",,,,"Sale Products"
"16","Alai","Ready to Wear Blouses","ALAIPINEL","690.00","25.00","172.50","rate","","True","Pine",,,,"L",,,,"Sale Products"
"17","Alai","Ready to Wear Blouses","ALAIPINATGOLDXL","690.00","25.00","172.50","rate","","True","Antique Gold",,,,"XL",,,,"Sale Products"
"18","Alai","Ready to Wear Blouses","ALAIPINATGOLDX","690.00","25.00","172.50","rate","25.0","True","Antique Gold",,,,"XS",,,,"Sale Products"
"19","Alai","Ready to Wear Blouses","ALAIPINATGOLDS","690.00","25.00","172.50","rate","","True","Antique Gold",,,,"S",,,,"Sale Products"
"20","Alai","Ready to Wear Blouses","ALAIPINATGOLDM","690.00","25.00","172.50","rate","","True","Antique Gold",,,,"M",,,,"Sale Products"
"21","Alai","Ready to Wear Blouses","ALAIPINATGOLDL","690.00","25.00","172.50","rate","","True","Antique Gold",,,,"L",,,,"Sale Products"
"22","Alai","Ready to Wear Blouses","ALAIDENIMXL","690.00","25.00","172.50","rate","","True","Denim",,,,"XL",,,,"Sale Products"
"23","Alai","Ready to Wear Blouses","ALAIDENIMX","690.00","25.00","172.50","rate","42.0","True","Denim",,,,"XS",,,,"Sale Products"
"24","Alai","Ready to Wear Blouses","ALAIDENIMS","690.00","25.00","172.50","rate","","True","Denim",,,,"S",,,,"Sale Products"
"25","Alai","Ready to Wear Blouses","ALAIDENIMM","690.00","25.00","172.50","rate","","True","Denim",,,,"M",,,,"Sale Products"
"26","Alai","Ready to Wear Blouses","ALAIDENIML","690.00","25.00","172.50","rate","","True","Denim",,,,"L",,,,"Sale Products"
"27","Alai","Ready to Wear Blouses","ALAIBOUGXL","690.00","25.00","172.50","rate","","True","Bougainvillea",,,,"XL",,,,"Sale Products"
"28","Alai","Ready to Wear Blouses","ALAIBOUGX","690.00","25.00","172.50","rate","83.0","True","Bougainvillea",,,,"XS",,,,"Sale Products"
"29","Alai","Ready to Wear Blouses","ALAIBOUGL","690.00","25.00","172.50","rate","74.0","True","Bougainvillea",,,,"L",,,,"Sale Products"
"30","Alai","Ready to Wear Blouses","ALAIBOUGS","690.00","25.00","172.50","rate","178.0","True","Bougainvillea",,,,"S",,,,"Sale Products"
"31","Alai","Ready to Wear Blouses","ALAIBOUGM","690.00","25.00","172.50","rate","102.0","True","Bougainvillea",,,,"M",,,,"Sale Products"
"35","Antique Gold","Saree Contours","ATGOLDX02","1190.00","24.99","297.38","rate","201.0","True","Antique Gold",,,,"Skinny","Mini",,,"Saree Contours"
"37","Antique Gold","Saree Contours","ATGOLDX03","1190.00","24.99","297.38","rate","195.0","True","Antique Gold",,,,"Skinny","Maxi",,,"clearout,Saree Contours"
"38","Antique Gold","Saree Contours","ATGOLDX01","1190.00","24.99","297.38","rate","137.0","True","Antique Gold",,,,"Skinny","Micro",,,"Saree Contours"
"39","Antique Gold","Saree Contours","ATGOLDS03","1190.00","24.99","297.38","rate","22.0","True","Antique Gold",,,,"Skubby","Maxi",,,"Saree Contours"
"40","Antique Gold","Saree Contours","ATGOLDS02","1190.00","24.99","297.38","rate","","True","Antique Gold",,,,"Skubby","Mini",,,"Saree Contours"
"41","Antique Gold","Saree Contours","ATGOLDS01","1190.00","24.99","297.38","rate","78.0","True","Antique Gold",,,,"Skubby","Micro",,,"Saree Contours"
"42","Antique Gold","Saree Contours","ATGOLDM03","1190.00","24.99","297.38","rate","","True","Antique Gold",,,,"Plumpy","Maxi",,,"clearout,Saree Contours"
"43","Antique Gold","Saree Contours","ATGOLDM02","1190.00","24.99","297.38","rate","29.0","True","Antique Gold",,,,"Plumpy","Mini",,,"Saree Contours"
"44","Antique Gold","Saree Contours","ATGOLDM01","1190.00","24.99","297.38","rate","237.0","True","Antique Gold",,,,"Plumpy","Micro",,,"clearout,Saree Contours"
"45","Antique Gold","Saree Contours","ATGOLDL03","1190.00","24.99","297.38","rate","","True","Antique Gold",,,,"Chunky","Maxi",,,"Saree Contours"
"46","Antique Gold","Saree Contours","ATGOLDL02","1190.00","24.99","297.38","rate","","True","Antique Gold",,,,"Chunky","Mini",,,"Saree Contours"
"47","Antique Gold","Saree Contours","ATGOLDL01","1190.00","24.99","297.38","rate","21.0","True","Antique Gold",,,,"Chunky","Micro",,,"Saree Contours"
"59","Bougainvillea Pink","Saree Contours","PGBOUG","1190.00","25.00","297.50","rate","13.0","True","Bougainvillea",,,,"Chunky","Mini",,,"Saree Contours"
"61","Bougainvillea Pink","Saree Contours","BOUGX03","1190.00","25.00","297.50","rate","279.0","True","Bougainvillea",,,,"Skinny","Maxi",,,"Saree Contours"
"62","Bougainvillea Pink","Saree Contours","BOUGX02","1190.00","25.00","297.50","rate","272.0","True","Bougainvillea",,,,"Skinny","Mini",,,"Saree Contours"
"63","Bougainvillea Pink","Saree Contours","BOUGX01","1190.00","25.00","297.50","rate","142.0","True","Bougainvillea",,,,"Skinny","Micro",,,"Saree Contours"
"64","Bougainvillea Pink","Saree Contours","BOUGS03","1190.00","25.00","297.50","rate","17.0","True","Bougainvillea",,,,"Skubby","Maxi",,,"Saree Contours"
"65","Bougainvillea Pink","Saree Contours","BOUGS02","1190.00","25.00","297.50","rate","36.0","True","Bougainvillea",,,,"Skubby","Mini",,,"Saree Contours"
"66","Bougainvillea Pink","Saree Contours","BOUGS01","1190.00","25.00","297.50","rate","92.0","True","Bougainvillea",,,,"Skubby","Micro",,,"Saree Contours"
"67","Bougainvillea Pink","Saree Contours","BOUGM03","1190.00","25.00","297.50","rate","73.0","True","Bougainvillea",,,,"Plumpy","Maxi",,,"Saree Contours"
"68","Bougainvillea Pink","Saree Contours","BOUGM02","1190.00","25.00","297.50","rate","202.0","True","Bougainvillea",,,,"Plumpy","Mini",,,"Saree Contours"
"69","Bougainvillea Pink","Saree Contours","BOUGM01","1190.00","25.00","297.50","rate","175.0","True","Bougainvillea",,,,"Plumpy","Micro",,,"Saree Contours"
"70","Candy","Saree Contours","PL03","1190.00","25.00","297.50","rate","","True","Candy",,,,"Chunky","Maxi",,,"Saree Contours"
"71","Candy","Saree Contours","PL02","1190.00","25.00","297.50","rate","","True","Candy",,,,"Chunky","Mini",,,"Saree Contours"
"72","Bougainvillea Pink","Saree Contours","BOUGL03","1190.00","25.00","297.50","rate","3.0","True","Bougainvillea",,,,"Chunky","Maxi",,,"Saree Contours"
"73","Bougainvillea Pink","Saree Contours","BOUGL01","1190.00","25.00","297.50","rate","64.0","True","Bougainvillea",,,,"Chunky","Micro",,,"Saree Contours"
"74","Candy","Saree Contours","PL01","1190.00","25.00","297.50","rate","","True","Candy",,,,"Chunky","Micro",,,"clearout,Saree Contours"
"75","Candy","Saree Contours","HPINKX02","1190.00","25.00","297.50","rate","34.0","True","Candy",,,,"Skinny","Mini",,,"Saree Contours"
"76","Candy","Saree Contours","HPINKX03","1190.00","25.00","297.50","rate","37.0","True","Candy",,,,"Skinny","Maxi",,,"clearout,Saree Contours"
"77","Candy","Saree Contours","HPINKS02","1190.00","25.00","297.50","rate","","True","Candy",,,,"Skubby","Mini",,,"Saree Contours"
"78","Candy","Saree Contours","HPINKS03","1190.00","25.00","297.50","rate","","True","Candy",,,,"Skubby","Maxi",,,"Saree Contours"
"79","Candy","Saree Contours","HPINKX01","1190.00","25.00","297.50","rate","30.0","True","Candy",,,,"Skinny","Micro",,,"Saree Contours"
"80","Candy","Saree Contours","HPINKS01","1190.00","25.00","297.50","rate","17.0","True","Candy",,,,"Skubby","Micro",,,"Saree Contours"
"81","Candy","Saree Contours","HPINKM02","1190.00","25.00","297.50","rate","","True","Candy",,,,"Plumpy","Mini",,,"Saree Contours"
"82","Candy","Saree Contours","HPINKM01","1190.00","25.00","297.50","rate","63.0","True","Candy",,,,"Plumpy","Micro",,,"clearout,Saree Contours"
"83","Candy","Saree Contours","HPINKM03","1190.00","25.00","297.50","rate","","True","Candy",,,,"Plumpy","Maxi",,,"Saree Contours"
"92","Cinderella","Ready to Wear Blouses","CINDPINEXL","690.00","25.00","172.50","rate","38.0","True","Pine",,,,"XL",,,,
"93","Cinderella","Ready to Wear Blouses","CINDPINEX","690.00","25.00","172.50","rate","28.0","True","Pine",,,,"XS",,,,
"94","Cinderella","Ready to Wear Blouses","CINDGREENX","690.00","25.00","172.50","rate","27.0","True","Green",,,,"XS",,,,
"95","Cinderella","Ready to Wear Blouses","CINDPINES","690.00","25.00","172.50","rate","1.0","True","Pine",,,,"S",,,,
"96","Cinderella","Ready to Wear Blouses","CINDPINEM","690.00","25.00","172.50","rate","6.0","True","Pine",,,,"M",,,,
"97","Cinderella","Ready to Wear Blouses","CINDGREENXL","690.00","25.00","172.50","rate","39.0","True","Green",,,,"XL",,,,
"98","Cinderella","Ready to Wear Blouses","CINDPINEL","690.00","25.00","172.50","rate","50.0","True","Pine",,,,"L",,,,
"99","Cinderella","Ready to Wear Blouses","CINDGREENS","690.00","25.00","172.50","rate","14.0","True","Green",,,,"S",,,,
"100","Cinderella","Ready to Wear Blouses","CINDGREENM","690.00","25.00","172.50","rate","25.0","True","Green",,,,"M",,,,
"101","Cinderella","Ready to Wear Blouses","CINDGREENL","690.00","25.00","172.50","rate","35.0","True","Green",,,,"L",,,,
"102","Cinderella","Ready to Wear Blouses","CINDFIREX","690.00","25.00","172.50","rate","","True","Fireball",,,,"XS",,,,
"103","Cinderella","Ready to Wear Blouses","CINDFIREXL","690.00","25.00","172.50","rate","28.0","True","Fireball",,,,"XL",,,,
"104","Cinderella","Ready to Wear Blouses","CINDFIRES","690.00","25.00","172.50","rate","4.0","True","Fireball",,,,"S",,,,
"105","Cinderella","Ready to Wear Blouses","CINDFIREM","690.00","25.00","172.50","rate","","True","Fireball",,,,"M",,,,
"106","Cinderella","Ready to Wear Blouses","CINDFIREL","690.00","25.00","172.50","rate","","True","Fireball",,,,"L",,,,
"107","Cinderella","Ready to Wear Blouses","CINDDENIMXL","690.00","25.00","172.50","rate","1.0","True","Denim",,,,"XL",,,,
"108","Cinderella","Ready to Wear Blouses","CINDDENIMX","690.00","25.00","172.50","rate","14.0","True","Denim",,,,"XS",,,,
"109","Cinderella","Ready to Wear Blouses","CINDDENIMS","690.00","25.00","172.50","rate","10.0","True","Denim",,,,"S",,,,
"110","Cinderella","Ready to Wear Blouses","CINDDENIMM","690.00","25.00","172.50","rate","","True","Denim",,,,"M",,,,
"111","Cinderella","Ready to Wear Blouses","CINDDENIML","690.00","25.00","172.50","rate","1.0","True","Denim",,,,"L",,,,
"112","Cinderella","Ready to Wear Blouses","CINDBOUGXL","690.00","25.00","172.50","rate","53.0","True","Bougainvillea",,,,"XL",,,,
"113","Cinderella","Ready to Wear Blouses","CINDBOUGX","690.00","25.00","172.50","rate","49.0","True","Bougainvillea",,,,"XS",,,,
"114","Cinderella","Ready to Wear Blouses","CINDBOUGS","690.00","25.00","172.50","rate","60.0","True","Bougainvillea",,,,"S",,,,
"115","Cinderella","Ready to Wear Blouses","CINDBOUGM","690.00","25.00","172.50","rate","122.0","True","Bougainvillea",,,,"M",,,,
"116","Cinderella","Ready to Wear Blouses","CINDBOUGL","690.00","25.00","172.50","rate","95.0","True","Bougainvillea",,,,"L",,,,
"117","Cinderella","Ready to Wear Blouses","CINDBLACKX","690.00","25.00","172.50","rate","24.0","True","Black",,,,"XS",,,,
"118","Cinderella","Ready to Wear Blouses","CINDBLACKXL","690.00","25.00","172.50","rate","34.0","True","Black",,,,"XL",,,,
"119","Cinderella","Ready to Wear Blouses","CINDBLACKS","690.00","25.00","172.50","rate","","True","Black",,,,"S",,,,
"120","Cinderella","Ready to Wear Blouses","CINDBLACKL","690.00","25.00","172.50","rate","","True","Black",,,,"L",,,,
"121","Cinderella","Ready to Wear Blouses","CINDBLACKM","690.00","25.00","172.50","rate","1.0","True","Black",,,,"M",,,,
"122","Cinderella","Ready to Wear Blouses","CINDATGOLDXL","690.00","25.00","172.50","rate","29.0","True","Antique Gold",,,,"XL",,,,
"123","Cinderella","Ready to Wear Blouses","CINDATGOLDM","690.00","25.00","172.50","rate","6.0","True","Antique Gold",,,,"M",,,,
"124","Cinderella","Ready to Wear Blouses","CINDATGOLDX","690.00","25.00","172.50","rate","20.0","True","Antique Gold",,,,"XS",,,,
"125","Cinderella","Ready to Wear Blouses","CINDATGOLDL","690.00","25.00","172.50","rate","9.0","True","Antique Gold",,,,"L",,,,
"126","Cinderella","Ready to Wear Blouses","CINDATGOLDS","690.00","25.00","172.50","rate","","True","Antique Gold",,,,"S",,,,
"127","Royal Blue","Saree Contours","RBX02","1190.00","25.00","297.50","rate","87.0","True","Cobalt",,,,"Skinny","Mini",,,"clearout,Saree Contours"
"128","Royal Blue","Saree Contours","RBX03","1190.00","25.00","297.50","rate","93.0","True","Cobalt",,,,"Skinny","Maxi",,,"Saree Contours"
"129","Royal Blue","Saree Contours","RBS02","1190.00","25.00","297.50","rate","","True","Cobalt",,,,"Skubby","Mini",,,"Saree Contours"
"130","Royal Blue","Saree Contours","RBS01","1190.00","25.00","297.50","rate","17.0","True","Cobalt",,,,"Skubby","Micro",,,"Saree Contours"
"131","Royal Blue","Saree Contours","RBM03","1190.00","25.00","297.50","rate","","True","Cobalt",,,,"Plumpy","Maxi",,,"Saree Contours"
"132","Royal Blue","Saree Contours","RBM02","1190.00","25.00","297.50","rate","50.0","True","Cobalt",,,,"Plumpy","Mini",,,"clearout,Saree Contours"
"133","Royal Blue","Saree Contours","RBS03","1190.00","25.00","297.50","rate","26.0","True","Cobalt",,,,"Skubby","Maxi",,,"Saree Contours"
"134","Royal Blue","Saree Contours","RBX01","1190.00","25.00","297.50","rate","51.0","True","Cobalt",,,,"Skinny","Micro",,,"Saree Contours"
"135","Royal Blue","Saree Contours","RBM01","1190.00","25.00","297.50","rate","46.0","True","Cobalt",,,,"Plumpy","Micro",,,"Saree Contours,clearout"
"136","Royal Blue","Saree Contours","RBL03","1190.00","25.00","297.50","rate","","True","Cobalt",,,,"Chunky","Maxi",,,"Saree Contours"
"137","Royal Blue","Saree Contours","RBL01","1190.00","25.00","297.50","rate","7.0","True","Cobalt",,,,"Chunky","Micro",,,"Saree Contours"
"138","Denim","Saree Contours","DENIMX02","1190.00","25.00","297.50","rate","176.0","True","Denim",,,,"Skinny","Mini",,,"Saree Contours"
"139","Royal Blue","Saree Contours","RBL02","1190.00","25.00","297.50","rate","","True","Cobalt",,,,"Chunky","Mini",,,"Saree Contours"
"140","Denim","Saree Contours","DENIMX03","1190.00","25.00","297.50","rate","80.0","True","Denim",,,,"Skinny","Maxi",,,"Saree Contours"
"141","Denim","Saree Contours","DENIMX01","1190.00","25.00","297.50","rate","116.0","True","Denim",,,,"Skinny","Micro",,,"Saree Contours,clearout"
"142","Denim","Saree Contours","DENIMS03","1190.00","25.00","297.50","rate","2.0","True","Denim",,,,"Skubby","Maxi",,,"Saree Contours"
"143","Denim","Saree Contours","DENIMS02","1190.00","25.00","297.50","rate","","True","Denim",,,,"Skubby","Mini",,,"Saree Contours"
"144","Denim","Saree Contours","DENIMS01","1190.00","25.00","297.50","rate","2.0","True","Denim",,,,"Skubby","Micro",,,"Saree Contours"
"145","Denim","Saree Contours","DENIMM02","1190.00","25.00","297.50","rate","55.0","True","Denim",,,,"Plumpy","Mini",,,"clearout,Saree Contours"
"146","Denim","Saree Contours","DENIMM03","1190.00","25.00","297.50","rate","6.0","True","Denim",,,,"Plumpy","Maxi",,,"Saree Contours"
"147","Denim","Saree Contours","DENIMM01","1190.00","25.00","297.50","rate","108.0","True","Denim",,,,"Plumpy","Micro",,,"Saree Contours"
"148","Denim","Saree Contours","DENIML03","1190.00","25.00","297.50","rate","","True","Denim",,,,"Chunky","Maxi",,,"Saree Contours"
"149","Denim","Saree Contours","DENIML02","1190.00","25.00","297.50","rate","","True","Denim",,,,"Chunky","Mini",,,"Saree Contours"
"151","Denim","Saree Contours","DENIML01","1190.00","25.00","297.50","rate","15.0","True","Denim",,,,"Chunky","Micro",,,"clearout,Saree Contours"
"160","Dolly","Ready to Wear Blouses","DOLLYDENIMXL","690.00","25.00","172.50","rate","77.0","True","Denim",,,,"XL",,,,
"161","Dolly","Ready to Wear Blouses","DOLLYPINEL","690.00","25.00","172.50","rate","86.0","True","Pine",,,,"L",,,,
"162","Dolly","Ready to Wear Blouses","DOLLYDENIMX","690.00","25.00","172.50","rate","65.0","True","Denim",,,,"XS",,,,
"163","Dolly","Ready to Wear Blouses","DOLLYDENIMM","690.00","25.00","172.50","rate","9.0","True","Denim",,,,"M",,,,
"164","Dolly","Ready to Wear Blouses","DOLLYBLACKX","690.00","25.00","172.50","rate","45.0","True","Black",,,,"XS",,,,
"165","Dolly","Ready to Wear Blouses","DOLLYDENIML","690.00","25.00","172.50","rate","67.0","True","Denim",,,,"L",,,,
"166","Dolly","Ready to Wear Blouses","DOLLYDENIMS","690.00","25.00","172.50","rate","49.0","True","Denim",,,,"S",,,,
"167","Dolly","Ready to Wear Blouses","DOLLYBLACKXL","690.00","25.00","172.50","rate","11.0","True","Black",,,,"XL",,,,
"168","Dolly","Ready to Wear Blouses","DOLLYBLACKS","690.00","25.00","172.50","rate","","True","Black",,,,"S",,,,
"169","Dolly","Ready to Wear Blouses","DOLLYBLACKL","690.00","25.00","172.50","rate","7.0","True","Black",,,,"L",,,,
"170","Dolly","Ready to Wear Blouses","DOLLYBLACKM","690.00","25.00","172.50","rate","","True","Black",,,,"M",,,,
"171","Dolly","Ready to Wear Blouses","DOLLYATGOLDS","690.00","25.00","172.50","rate","7.0","True","Antique Gold",,,,"S",,,,
"172","Dolly","Ready to Wear Blouses","DOLLYATGOLDXL","690.00","25.00","172.50","rate","101.0","True","Antique Gold",,,,"XL",,,,
"173","Dolly","Ready to Wear Blouses","DOLLYATGOLDX","690.00","25.00","172.50","rate","45.0","True","Antique Gold",,,,"XS",,,,
"174","Dolly","Ready to Wear Blouses","DOLLYATGOLDM","690.00","25.00","172.50","rate","10.0","True","Antique Gold",,,,"M",,,,
"175","Mango","Saree Contours","YX02","1190.00","25.00","297.50","rate","81.0","True","Mango",,,,"Skinny","Mini",,,"Saree Contours"
"176","Mango","Saree Contours","YX03","1190.00","25.00","297.50","rate","45.0","True","Mango",,,,"Skinny","Maxi",,,"Saree Contours"
"177","Dolly","Ready to Wear Blouses","DOLLYATGOLDL","690.00","25.00","172.50","rate","88.0","True","Antique Gold",,,,"L",,,,
"178","Mango","Saree Contours","YS03","1190.00","25.00","297.50","rate","45.0","True","Mango",,,,"Skubby","Maxi",,,"clearout,Saree Contours"
"179","Mango","Saree Contours","YX01","1190.00","25.00","297.50","rate","37.0","True","Mango",,,,"Skinny","Micro",,,"Saree Contours"
"180","Mango","Saree Contours","YS02","1190.00","25.00","297.50","rate","40.0","True","Mango",,,,"Skubby","Mini",,,"clearout,Saree Contours"
"181","Mango","Saree Contours","YS01","1190.00","25.00","297.50","rate","51.0","True","Mango",,,,"Skubby","Micro",,,"Saree Contours"
"182","Mango","Saree Contours","YM03","1190.00","25.00","297.50","rate","","True","Mango",,,,"Plumpy","Maxi",,,"Saree Contours"
"183","Mango","Saree Contours","YM02","1190.00","25.00","297.50","rate","59.0","True","Mango",,,,"Plumpy","Mini",,,"clearout,Saree Contours"
"184","Mango","Saree Contours","YM01","1190.00","25.00","297.50","rate","22.0","True","Mango",,,,"Plumpy","Micro",,,"Saree Contours"
"185","Mango","Saree Contours","YL02","1190.00","25.00","297.50","rate","","True","Mango",,,,"Chunky","Mini",,,"Saree Contours"
"186","Mango","Saree Contours","YL03","1190.00","25.00","297.50","rate","","True","Mango",,,,"Chunky","Maxi",,,"Saree Contours"
"187","Maroon","Saree Contours","MX03","1190.00","25.00","297.50","rate","20.0","True","Garnet",,,,"Skinny","Maxi",,,"clearout,Saree Contours"
"188","Maroon","Saree Contours","MX02","1190.00","25.00","297.50","rate","","True","Garnet",,,,"Skinny","Mini",,,"Saree Contours"
"189","Mango","Saree Contours","YL01","1190.00","25.00","297.50","rate","5.0","True","Mango",,,,"Chunky","Micro",,,"Saree Contours"
"190","Maroon","Saree Contours","GARS03","1190.00","25.00","297.50","rate","","True","Garnet",,,,"Skubby","Maxi",,,"Saree Contours"
"191","Maroon","Saree Contours","MS03","1190.00","25.00","297.50","rate","","True","Garnet",,,,"Skubby","mini",,,"Saree Contours"
"192","Maroon","Saree Contours","MX01","1190.00","25.00","297.50","rate","26.0","True","Garnet",,,,"Skinny","Micro",,,"clearout,Saree Contours"
"193","Maroon","Saree Contours","MS01","1190.00","25.00","297.50","rate","15.0","True","Garnet",,,,"Skubby","Micro",,,"Saree Contours"
"194","Maroon","Saree Contours","MM03","1190.00","25.00","297.50","rate","","True","Garnet",,,,"Plumpy","Maxi",,,"Saree Contours"
"195","Maroon","Saree Contours","MM01","1190.00","25.00","297.50","rate","21.0","True","Garnet",,,,"Plumpy","Micro",,,"Saree Contours"
"196","Maroon","Saree Contours","ML03","1190.00","25.00","297.50","rate","","True","Garnet",,,,"Chunky","Maxi",,,"Saree Contours"
"197","Maroon","Saree Contours","MM02","1190.00","25.00","297.50","rate","","True","Garnet",,,,"Plumpy","Mini",,,"Saree Contours"
"198","Maroon","Saree Contours","ML02","1190.00","25.00","297.50","rate","","True","Garnet",,,,"Chunky","Mini",,,"Saree Contours"
"199","Maroon","Saree Contours","ML01","1190.00","25.00","297.50","rate","1.0","True","Garnet",,,,"Chunky","Micro",,,"clearout,Saree Contours"
"200","Glacier","Saree Contours","GLACIX03","1190.00","25.00","297.50","rate","2.0","True","Glacier",,,,"Skinny","Maxi",,,"Saree Contours,clearout"
"201","Glacier","Saree Contours","GLACIS02","1190.00","25.00","297.50","rate","","True","Glacier",,,,"Skubby","Mini",,,"Saree Contours"
"202","Glacier","Saree Contours","GLACIX01","1190.00","25.00","297.50","rate","4.0","True","Glacier",,,,"Skinny","Micro",,,"Saree Contours"
"203","Glacier","Saree Contours","GLACIX02","1190.00","25.00","297.50","rate","","True","Glacier",,,,"Skinny","Mini",,,"Saree Contours"
"204","Glacier","Saree Contours","GLACIS03","1190.00","25.00","297.50","rate","","True","Glacier",,,,"Skubby","Maxi",,,"Saree Contours"
"205","Glacier","Saree Contours","GLACIS01","1190.00","25.00","297.50","rate","52.0","True","Glacier",,,,"Skubby","Micro",,,"Saree Contours"
"206","Glacier","Saree Contours","GLACIM03","1190.00","25.00","297.50","rate","","True","Glacier",,,,"Plumpy","Maxi",,,"Saree Contours"
"207","Glacier","Saree Contours","GLACIM01","1190.00","25.00","297.50","rate","36.0","True","Glacier",,,,"Plumpy","Micro",,,"Saree Contours,clearout"
"208","Glacier","Saree Contours","GLACIL03","1190.00","25.00","297.50","rate","","True","Glacier",,,,"Chunky","Maxi",,,"Saree Contours"
"209","Glacier","Saree Contours","GLACIL02","1190.00","25.00","297.50","rate","1.0","True","Glacier",,,,"Chunky","Mini",,,"Saree Contours"
"210","Glacier","Saree Contours","GLACIM02","1190.00","25.00","297.50","rate","","True","Glacier",,,,"Plumpy","Mini",,,"Saree Contours"
"211","Glacier","Saree Contours","GLACIL01","1190.00","25.00","297.50","rate","4.0","True","Glacier",,,,"Chunky","Micro",,,"clearout,Saree Contours"
"223","Lining Skirt Nude","Saree Contours","LSNX","890.00","35.00","311.50","rate","","True","Nude",,,,"Skinny",,,,"Saree Contours"
"225","Lining Skirt Nude","Saree Contours","LSNS","890.00","35.00","311.50","rate","","True","Nude",,,,"Skubby",,,,"Saree Contours"
"226","Lining Skirt Nude","Saree Contours","LSNM","890.00","35.00","311.50","rate","","True","Nude",,,,"Plumpy",,,,"Saree Contours"
"227","Lining Skirt Black","Saree Contours","LSBLACKX","890.00","35.00","311.50","rate","","True","Black",,,,"Skinny",,,,"Saree Contours"
"228","Lining Skirt Black","Saree Contours","LSBLACKM","890.00","35.00","311.50","rate","","True","Black",,,,"Plumpy",,,,"Saree Contours"
"229","Lolita","Ready to Wear Blouses","LOLIWINEXL","690.00","25.00","172.50","rate","24.0","True","Grape",,,,"XL",,,,"Best Sellers,Sale Products"
"230","Lining Skirt Black","Saree Contours","LSBLACKS","890.00","35.00","311.50","rate","","True","Black",,,,"Skubby",,,,"Saree Contours"
"231","Lolita","Ready to Wear Blouses","LOLIWINEX","690.00","25.00","172.50","rate","1.0","True","Grape",,,,"XS",,,,"Best Sellers,Sale Products"
"232","Lolita","Ready to Wear Blouses","LOLIREDXL","690.00","25.00","172.50","rate","","True","Red",,,,"XL",,,,"Sale Products"
"233","Lolita","Ready to Wear Blouses","LOLIWINEL","690.00","25.00","172.50","rate","61.0","True","Grape",,,,"L",,,,"Best Sellers,Sale Products"
"234","Lolita","Ready to Wear Blouses","LOLIWINEM","690.00","25.00","172.50","rate","","True","Grape",,,,"M",,,,"Best Sellers,Sale Products"
"235","Lolita","Ready to Wear Blouses","LOLIWINES","690.00","25.00","172.50","rate","","True","Grape",,,,"S",,,,"Best Sellers,Sale Products"
"236","Lolita","Ready to Wear Blouses","LOLIREDX","690.00","25.00","172.50","rate","56.0","True","Red",,,,"XS",,,,"Sale Products"
"237","Lolita","Ready to Wear Blouses","LOLIREDS","690.00","25.00","172.50","rate","","True","Red",,,,"S",,,,"Sale Products"
"238","Lolita","Ready to Wear Blouses","LOLIREDM","690.00","25.00","172.50","rate","","True","Red",,,,"M",,,,"Sale Products"
"239","Lolita","Ready to Wear Blouses","LOLIREDL","690.00","25.00","172.50","rate","","True","Red",,,,"L",,,,"Sale Products"
"240","Lolita","Ready to Wear Blouses","LOLIPINEX","690.00","25.00","172.50","rate","101.0","True","Pine",,,,"XS",,,,"Best Sellers,Sale Products"
"241","Lolita","Ready to Wear Blouses","LOLIPINEXL","690.00","25.00","172.50","rate","","True","Pine",,,,"XL",,,,"Sale Products"
"242","Lolita","Ready to Wear Blouses","LOLIPINES","690.00","25.00","172.50","rate","","True","Pine",,,,"S",,,,"Sale Products"
"243","Lolita","Ready to Wear Blouses","LOLIDENIMXL","690.00","25.00","172.50","rate","","True","Denim",,,,"XL",,,,"Sale Products,Best Sellers"
"244","Lolita","Ready to Wear Blouses","LOLIDENIMX","690.00","25.00","172.50","rate","","True","Denim",,,,"XS",,,,"Best Sellers,Sale Products"
"245","Lolita","Ready to Wear Blouses","LOLIDENIMS","690.00","25.00","172.50","rate","","True","Denim",,,,"S",,,,"Best Sellers,Sale Products"
"246","Lolita","Ready to Wear Blouses","LOLIPINEM","690.00","25.00","172.50","rate","","True","Pine",,,,"M",,,,"Sale Products"
"247","Lolita","Ready to Wear Blouses","LOLIPINEL","690.00","25.00","172.50","rate","","True","Pine",,,,"L",,,,"Sale Products"
"248","Lolita","Ready to Wear Blouses","LOLIDENIMM","690.00","25.00","172.50","rate","","True","Denim",,,,"M",,,,"Sale Products,Best Sellers"
"249","Lolita","Ready to Wear Blouses","LOLIDENIML","690.00","25.00","172.50","rate","","True","Denim",,,,"L",,,,"Best Sellers,Sale Products"
"250","Lolita","Ready to Wear Blouses","LOLIBOUGXL","690.00","25.00","172.50","rate","","True","Bougainvillea",,,,"XL",,,,"Sale Products"
"251","Lolita","Ready to Wear Blouses","LOLIBOUGX","690.00","25.00","172.50","rate","49.0","True","Bougainvillea",,,,"XS",,,,"Best Sellers,Sale Products"
"252","Lolita","Ready to Wear Blouses","LOLIBOUGL","690.00","25.00","172.50","rate","","True","Bougainvillea",,,,"L",,,,"Sale Products"
"253","Lolita","Ready to Wear Blouses","LOLIBOUGS","690.00","25.00","172.50","rate","","True","Bougainvillea",,,,"S",,,,"Sale Products"
"255","Lolita","Ready to Wear Blouses","LOLIBLACKXL","690.00","25.00","172.50","rate","","True","Black",,,,"XL",,,,"Sale Products"
"256","Lolita","Ready to Wear Blouses","LOLIBLACKM","690.00","25.00","172.50","rate","","True","Black",,,,"M",,,,"Sale Products"
"257","MidNight","Saree Contours","DNX03","1190.00","25.00","297.50","rate","8.0","True","Midnight",,,,"Skinny","Maxi",,,"Saree Contours,clearout"
"258","Lolita","Ready to Wear Blouses","LOLIBLACKS","690.00","25.00","172.50","rate","","True","Black",,,,"S",,,,"Sale Products"
"259","Lolita","Ready to Wear Blouses","LOLIBLACKX","690.00","25.00","172.50","rate","","True","Black",,,,"XS",,,,"Best Sellers,Sale Products"
"260","Lolita","Ready to Wear Blouses","LOLIBLACKL","690.00","25.00","172.50","rate","","True","Black",,,,"L",,,,"Sale Products"
"261","MidNight","Saree Contours","DNS03","1190.00","25.00","297.50","rate","","True","Midnight",,,,"Skubby","Maxi",,,"Saree Contours"
"262","MidNight","Saree Contours","DNX02","1190.00","25.00","297.50","rate","","True","Midnight",,,,"Skinny","Mini",,,"Saree Contours"
"263","MidNight","Saree Contours","DNX01","1190.00","25.00","297.50","rate","","True","Midnight",,,,"Skinny","Micro",,,"Saree Contours"
"264","MidNight","Saree Contours","DNS02","1190.00","25.00","297.50","rate","","True","Midnight",,,,"Skubby","Mini",,,"Saree Contours"
"265","MidNight","Saree Contours","DNS01","1190.00","25.00","297.50","rate","17.0","True","Midnight",,,,"Skubby","Micro",,,"Saree Contours"
"266","MidNight","Saree Contours","DNM03","1190.00","25.00","297.50","rate","","True","Midnight",,,,"Plumpy","Maxi",,,"Saree Contours"
"267","MidNight","Saree Contours","DNM02","1190.00","25.00","297.50","rate","","True","Midnight",,,,"Plumpy","Mini",,,"Saree Contours"
"268","MidNight","Saree Contours","DNM01","1190.00","25.00","297.50","rate","2.0","True","Midnight",,,,"Plumpy","Micro",,,"clearout,Saree Contours"
"269","MidNight","Saree Contours","DNL03","1190.00","25.00","297.50","rate","","True","Midnight",,,,"Chunky","Maxi",,,"Saree Contours"
"270","MidNight","Saree Contours","DNL02","1190.00","25.00","297.50","rate","","True","Midnight",,,,"Chunky","Mini",,,"Saree Contours"
"271","MidNight","Saree Contours","DNL01","1190.00","25.00","297.50","rate","","True","Midnight",,,,"Chunky","Micro",,,"clearout,Saree Contours"
"272","White","Saree Contours","WX03","1190.00","25.00","297.50","rate","9.0","True","Moonlight",,,,"Skinny","Maxi",,,"Saree Contours"
"273","White","Saree Contours","WX02","1190.00","25.00","297.50","rate","51.0","True","Moonlight",,,,"Skinny","Mini",,,"Saree Contours,clearout"
"274","White","Saree Contours","WX01","1190.00","25.00","297.50","rate","35.0","True","Moonlight",,,,"Skinny","Micro",,,"Saree Contours"
"275","White","Saree Contours","WS03","1190.00","25.00","297.50","rate","","True","Moonlight",,,,"Skubby","Maxi",,,"Saree Contours"
"276","White","Saree Contours","WS02","1190.00","25.00","297.50","rate","","True","Moonlight",,,,"Skubby","Mini",,,"Saree Contours"
"277","White","Saree Contours","WS01","1190.00","25.00","297.50","rate","76.0","True","Moonlight",,,,"Skubby","Micro",,,"Saree Contours"
"278","White","Saree Contours","WM03","1190.00","25.00","297.50","rate","","True","Moonlight",,,,"Plumpy","Maxi",,,"Saree Contours"
"279","White","Saree Contours","WM02","1190.00","25.00","297.50","rate","","True","Moonlight",,,,"Plumpy","Mini",,,"Saree Contours"
"280","White","Saree Contours","WM01","1190.00","25.00","297.50","rate","38.0","True","Moonlight",,,,"Plumpy","Micro",,,"clearout,Saree Contours"
"281","White","Saree Contours","WL03","1190.00","25.00","297.50","rate","","True","Moonlight",,,,"Chunky","Maxi",,,"Saree Contours"
"282","White","Saree Contours","WL01","1190.00","25.00","297.50","rate","","True","Moonlight",,,,"Chunky","Micro",,,"clearout,Saree Contours"
"283","White","Saree Contours","WL02","1190.00","25.00","297.50","rate","","True","Moonlight",,,,"Chunky","Mini",,,"Saree Contours"
"284","Nude","Saree Contours","NX03","1790.00","","","rate","","True","Nude",,,,"Skinny","Maxi",,,"Saree Contours"
"285","Nude","Saree Contours","NX02","1790.00","","","rate","","True","Nude",,,,"Skinny","Mini",,,"Saree Contours"
"286","Nude","Saree Contours","NX01","1790.00","","","rate","","True","Nude",,,,"Skinny","Micro",,,"Saree Contours"
"287","Nude","Saree Contours","NS03","1790.00","","","rate","","True","Nude",,,,"Skubby","Maxi",,,"Saree Contours"
"288","Nude","Saree Contours","NS02","1790.00","","","rate","","True","Nude",,,,"Skubby","Mini",,,"Saree Contours"
"289","Nude","Saree Contours","NM03","1790.00","","","rate","","True","Nude",,,,"Plumpy","Maxi",,,"Saree Contours"
"290","Nude","Saree Contours","NS01","1790.00","","","rate","","True","Nude",,,,"Skubby","Micro",,,"Saree Contours"
"291","Nude","Saree Contours","NM02","1790.00","","","rate","","True","Nude",,,,"Plumpy","Mini",,,"Saree Contours"
"292","Nude","Saree Contours","NM01","1790.00","","","rate","","True","Nude",,,,"Plumpy","Micro",,,"clearout,Saree Contours"
"293","Nude","Saree Contours","NL03","1790.00","","","rate","","True","Nude",,,,"Chunky","Maxi",,,"Saree Contours"
"294","Nude","Saree Contours","NL02","1790.00","","","rate","","True","Nude",,,,"Chunky","Mini",,,"Saree Contours"
"295","Nude","Saree Contours","NL01","1790.00","","","rate","","True","Nude",,,,"Chunky","Micro",,,"clearout,Saree Contours"
"296","Old Gold","Saree Contours","OLDGOLDX03","1190.00","25.00","297.50","rate","75.0","True","Old Gold",,,,"Skinny","Maxi",,,"clearout,Saree Contours"
"297","Old Gold","Saree Contours","OLDGOLDX02","1190.00","25.00","297.50","rate","1.0","True","Old Gold",,,,"Skinny","Mini",,,"Saree Contours"
"298","Old Gold","Saree Contours","OLDGOLDX01","1190.00","25.00","297.50","rate","64.0","True","Old Gold",,,,"Skinny","Micro",,,"Saree Contours"
"299","Old Gold","Saree Contours","OLDGOLDS03","1190.00","25.00","297.50","rate","","True","Old Gold",,,,"Skubby","Maxi",,,"Saree Contours"
"300","Old Gold","Saree Contours","OLDGOLDS01","1190.00","25.00","297.50","rate","9.0","True","Old Gold",,,,"Skubby","Micro",,,"clearout,Saree Contours"
"301","Old Gold","Saree Contours","OLDGOLDS02","1190.00","25.00","297.50","rate","","True","Old Gold",,,,"Skubby","Mini",,,"Saree Contours"
"302","Old Gold","Saree Contours","OLDGOLDM03","1190.00","25.00","297.50","rate","","True","Old Gold",,,,"Plumpy","Maxi",,,"Saree Contours"
"303","Old Gold","Saree Contours","OLDGOLDM02","1190.00","25.00","297.50","rate","","True","Old Gold",,,,"Plumpy","Mini",,,"Saree Contours"
"304","Old Gold","Saree Contours","OLDGOLDL03","1190.00","25.00","297.50","rate","","True","Old Gold",,,,"Chunky","Maxi",,,"Saree Contours"
"305","Old Gold","Saree Contours","OLDGOLDM01","1190.00","25.00","297.50","rate","23.0","True","Old Gold",,,,"Plumpy","Micro",,,"clearout,Saree Contours"
"306","Old Gold","Saree Contours","OLDGOLDL02","1190.00","25.00","297.50","rate","","True","Old Gold",,,,"Chunky","Mini",,,"Saree Contours"
"307","Old Gold","Saree Contours","OLDGOLDL01","1190.00","25.00","297.50","rate","35.0","True","Old Gold",,,,"Chunky","Micro",,,"Saree Contours,clearout"
"308","Orchid","Saree Contours","ORCHX03","1190.00","25.00","297.50","rate","49.0","True","Orchid",,,,"Skinny","Maxi",,,"clearout,Saree Contours"
"309","Orchid","Saree Contours","ORCHX02","1190.00","25.00","297.50","rate","12.0","True","Orchid",,,,"Skinny","Mini",,,"Saree Contours"
"310","Orchid","Saree Contours","ORCHS02","1190.00","25.00","297.50","rate","","True","Orchid",,,,"Skubby","Mini",,,"Saree Contours"
"311","Orchid","Saree Contours","ORCHX01","1190.00","25.00","297.50","rate","29.0","True","Orchid",,,,"Skinny","Micro",,,"Saree Contours"
"312","Orchid","Saree Contours","ORCHS01","1190.00","25.00","297.50","rate","32.0","True","Orchid",,,,"Skubby","Micro",,,"Saree Contours"
"313","Orchid","Saree Contours","ORCHS03","1190.00","25.00","297.50","rate","","True","Orchid",,,,"Skubby","Maxi",,,"Saree Contours"
"314","Orchid","Saree Contours","ORCHM03","1190.00","25.00","297.50","rate","29.0","True","Orchid",,,,"Plumpy","Maxi",,,"clearout,Saree Contours"
"315","Orchid","Saree Contours","ORCHM02","1190.00","25.00","297.50","rate","21.0","True","Orchid",,,,"Plumpy","Mini",,,"Saree Contours"
"316","Orchid","Saree Contours","ORCHL03","1190.00","25.00","297.50","rate","","True","Orchid",,,,"Chunky","Maxi",,,"Saree Contours"
"317","Orchid","Saree Contours","ORCHM01","1190.00","25.00","297.50","rate","69.0","True","Orchid",,,,"Plumpy","Micro",,,"Saree Contours,clearout"
"318","Orchid","Saree Contours","ORCHL02","1190.00","25.00","297.50","rate","","True","Orchid",,,,"Chunky","Mini",,,"Saree Contours"
"319","Orchid","Saree Contours","ORCHL01","1190.00","25.00","297.50","rate","14.0","True","Orchid",,,,"Chunky","Micro",,,"Saree Contours"
"320","True Red","Saree Contours","RX02","1190.00","25.00","297.50","rate","39.0","True","Paprika",,,,"Skinny","Mini",,,"Saree Contours"
"321","True Red","Saree Contours","RX03","1190.00","25.00","297.50","rate","148.0","True","Paprika",,,,"Skinny","Maxi",,,"clearout,Saree Contours"
"322","True Red","Saree Contours","RX01","1190.00","25.00","297.50","rate","97.0","True","Paprika",,,,"Skinny","Micro",,,"Saree Contours"
"323","True Red","Saree Contours","RS01","1190.00","25.00","297.50","rate","73.0","True","Paprika",,,,"Skubby","Micro",,,"Saree Contours"
"324","True Red","Saree Contours","RS03","1190.00","25.00","297.50","rate","","True","Paprika",,,,"Skubby","Maxi",,,"Saree Contours"
"325","True Red","Saree Contours","RM03","1190.00","25.00","297.50","rate","15.0","True","Paprika",,,,"Plumpy","Maxi",,,"clearout,Saree Contours"
"326","True Red","Saree Contours","RS02","1190.00","25.00","297.50","rate","","True","Paprika",,,,"Skubby","Mini",,,"Saree Contours"
"327","True Red","Saree Contours","RM02","1190.00","25.00","297.50","rate","15.0","True","Paprika",,,,"Plumpy","Mini",,,"clearout,Saree Contours"
"328","True Red","Saree Contours","RM01","1190.00","25.00","297.50","rate","180.0","True","Paprika",,,,"Plumpy","Micro",,,"Saree Contours"
"329","True Red","Saree Contours","RL01","1190.00","25.00","297.50","rate","21.0","True","Paprika",,,,"Chunky","Micro",,,"clearout,Saree Contours"
"330","True Red","Saree Contours","RL03","1190.00","25.00","297.50","rate","","True","Paprika",,,,"Chunky","Maxi",,,"Saree Contours"
"331","True Red","Saree Contours","RL02","1190.00","25.00","297.50","rate","","True","Paprika",,,,"Chunky","Mini",,,"Saree Contours"
"332","Parrot","Saree Contours","PARROTX03","1190.00","25.00","297.50","rate","166.0","True","Parrot",,,,"Skinny","Maxi",,,"Saree Contours"
"333","Parrot","Saree Contours","PARROTX02","1190.00","25.00","297.50","rate","125.0","True","Parrot",,,,"Skinny","Mini",,,"Saree Contours"
"334","Parrot","Saree Contours","PARROTX01","1190.00","25.00","297.50","rate","174.0","True","Parrot",,,,"Skinny","Micro",,,"Saree Contours"
"335","Parrot","Saree Contours","PARROTS02","1190.00","25.00","297.50","rate","","True","Parrot",,,,"Skubby","Mini",,,"Saree Contours"
"336","Parrot","Saree Contours","PARROTS03","1190.00","25.00","297.50","rate","29.0","True","Parrot",,,,"Skubby","Maxi",,,"Saree Contours"
"337","Parrot","Saree Contours","PARROTM01","1190.00","25.00","297.50","rate","84.0","True","Parrot",,,,"Plumpy","Micro",,,"Saree Contours"
"338","Parrot","Saree Contours","PARROTS01","1190.00","25.00","297.50","rate","65.0","True","Parrot",,,,"Skubby","Micro",,,"Saree Contours"
"339","Parrot","Saree Contours","PARROTM03","1190.00","25.00","297.50","rate","61.0","True","Parrot",,,,"Plumpy","Maxi",,,"Saree Contours"
"340","Parrot","Saree Contours","PARROTM02","1190.00","25.00","297.50","rate","108.0","True","Parrot",,,,"Plumpy","Mini",,,"Saree Contours"
"341","Parrot","Saree Contours","PARROTL03","1190.00","25.00","297.50","rate","","True","Parrot",,,,"Chunky","Maxi",,,"Saree Contours"
"342","Parrot","Saree Contours","PARROTL02","1190.00","25.00","297.50","rate","29.0","True","Parrot",,,,"Chunky","Mini",,,"Saree Contours"
"343","Parrot","Saree Contours","PARROTL01","1190.00","25.00","297.50","rate","38.0","True","Parrot",,,,"Chunky","Micro",,,"Saree Contours"
"344","Peach","Saree Contours","PEACHX03","1190.00","25.00","297.50","rate","","True","Peach",,,,"Skinny","Maxi",,,"Saree Contours"
"345","Peach","Saree Contours","PEACHX02","1190.00","25.00","297.50","rate","","True","Peach",,,,"Skinny","Mini",,,"clearout,Saree Contours"
"346","Peach","Saree Contours","PEACHX01","1190.00","25.00","297.50","rate","","True","Peach",,,,"Skinny","Micro",,,"Saree Contours"
"347","Peach","Saree Contours","PEACHS02","1190.00","25.00","297.50","rate","","True","Peach",,,,"Skubby","Mini",,,"Saree Contours"
"348","Peach","Saree Contours","PEACHS03","1190.00","25.00","297.50","rate","","True","Peach",,,,"Skubby","Maxi",,,"Saree Contours"
"349","Peach","Saree Contours","PEACHS01","1190.00","25.00","297.50","rate","88.0","True","Peach",,,,"Skubby","Micro",,,"Saree Contours"
"350","Peach","Saree Contours","PEACHM03","1190.00","25.00","297.50","rate","","True","Peach",,,,"Plumpy","Maxi",,,"Saree Contours"
"351","Peach","Saree Contours","PEACHM01","1190.00","25.00","297.50","rate","1.0","True","Peach",,,,"Plumpy","Micro",,,"clearout,Saree Contours"
"352","Peach","Saree Contours","PEACHM02","1190.00","25.00","297.50","rate","","True","Peach",,,,"Plumpy","Mini",,,"Saree Contours"
"353","Peach","Saree Contours","PEACHL03","1190.00","25.00","297.50","rate","","True","Peach",,,,"Chunky","Maxi",,,"Saree Contours"
"354","Peach","Saree Contours","PEACHL02","1190.00","25.00","297.50","rate","","True","Peach",,,,"Chunky","Mini",,,"Saree Contours"
"355","Peach","Saree Contours","PEACHL01","1190.00","25.00","297.50","rate","2.0","True","Peach",,,,"Chunky","Micro",,,"clearout,Saree Contours"
"356","Peacock","Saree Contours","PEAX03","1190.00","25.00","297.50","rate","11.0","True","Peacock",,,,"Skinny","Maxi",,,"Saree Contours"
"357","Peacock","Saree Contours","PEAX01","1190.00","25.00","297.50","rate","8.0","True","Peacock",,,,"Skinny","Micro",,,"clearout,Saree Contours"
"358","Peacock","Saree Contours","PEAX02","1190.00","25.00","297.50","rate","4.0","True","Peacock",,,,"Skinny","Mini",,,"Saree Contours"
"359","Peacock","Saree Contours","PEAS02","1190.00","25.00","297.50","rate","","True","Peacock",,,,"Skubby","Mini",,,"Saree Contours"
"360","Peacock","Saree Contours","PEAS03","1190.00","25.00","297.50","rate","","True","Peacock",,,,"Skubby","Maxi",,,"Saree Contours"
"361","Peacock","Saree Contours","PEAS01","1190.00","25.00","297.50","rate","6.0","True","Peacock",,,,"Skubby","Micro",,,"Saree Contours"
"362","Peacock","Saree Contours","PEAM03","1190.00","25.00","297.50","rate","1.0","True","Peacock",,,,"Plumpy","Maxi",,,"Saree Contours"
"363","Peacock","Saree Contours","PEAM01","1190.00","25.00","297.50","rate","1.0","True","Peacock",,,,"Plumpy","Micro",,,"Saree Contours,clearout"
"364","Peacock","Saree Contours","PEAM02","1190.00","25.00","297.50","rate","4.0","True","Peacock",,,,"Plumpy","Mini",,,"Saree Contours"
"365","Peacock","Saree Contours","PEAL02","1190.00","25.00","297.50","rate","","True","Peacock",,,,"Chunky","Mini",,,"Saree Contours"
"366","Peacock","Saree Contours","PEAL03","1190.00","25.00","297.50","rate","","True","Peacock",,,,"Chunky","Maxi",,,"Saree Contours"
"368","Peacock","Saree Contours","PEAL01","1190.00","25.00","297.50","rate","3.0","True","Peacock",,,,"Chunky","Micro",,,"Saree Contours"
"379","Pistachio","Saree Contours","PGX03","1190.00","25.00","297.50","rate","42.0","True","Pistachio",,,,"Skinny","Maxi",,,"clearout,Saree Contours"
"380","Pistachio","Saree Contours","PGX01","1190.00","25.00","297.50","rate","22.0","True","Pistachio",,,,"Skinny","Micro",,,"Saree Contours"
"382","Pistachio","Saree Contours","PGX02","1190.00","25.00","297.50","rate","35.0","True","Pistachio",,,,"Skinny","Mini",,,"Saree Contours"
"383","Pistachio","Saree Contours","PGS03","1190.00","25.00","297.50","rate","","True","Pistachio",,,,"Skubby","Maxi",,,"Saree Contours"
"384","Pistachio","Saree Contours","PGS02","1190.00","25.00","297.50","rate","","True","Pistachio",,,,"Skubby","Mini",,,"Saree Contours"
"385","Pistachio","Saree Contours","PGS01","1190.00","25.00","297.50","rate","36.0","True","Pistachio",,,,"Skubby","Micro",,,"Saree Contours"
"386","Pistachio","Saree Contours","PGM01","1190.00","25.00","297.50","rate","117.0","True","Pistachio",,,,"Plumpy","Micro",,,"clearout,Saree Contours"
"387","Pistachio","Saree Contours","PGM03","1190.00","25.00","297.50","rate","","True","Pistachio",,,,"Plumpy","Maxi",,,"Saree Contours"
"388","Pistachio","Saree Contours","PGM02","1190.00","25.00","297.50","rate","11.0","True","Pistachio",,,,"Plumpy","Mini",,,"clearout,Saree Contours"
"389","Pistachio","Saree Contours","PGL02","1190.00","25.00","297.50","rate","","True","Pistachio",,,,"Chunky","Mini",,,"Saree Contours"
"390","Pistachio","Saree Contours","PGL03","1190.00","25.00","297.50","rate","","True","Pistachio",,,,"Chunky","Maxi",,,"Saree Contours"
"391","Pistachio","Saree Contours","PGL01","1190.00","25.00","297.50","rate","","True","Pistachio",,,,"Chunky","Micro",,,"clearout,Saree Contours"
"416","Sakura","Saree Contours","BPX01","1189.96","","","rate","","True","Sakura",,,,"Skinny","Micro",,,"Saree Contours"
"417","Sakura","Saree Contours","BPX03","1189.96","","","rate","","True","Sakura",,,,"Skinny","Maxi",,,"Saree Contours"
"418","Sakura","Saree Contours","BPX02","1189.96","","","rate","","True","Sakura",,,,"Skinny","Mini",,,"Saree Contours,clearout"
"419","Sakura","Saree Contours","BPS03","1189.96","","","rate","","True","Sakura",,,,"Skubby","Maxi",,,"Saree Contours"
"420","Sakura","Saree Contours","BPS01","1189.96","","","rate","","True","Sakura",,,,"Skubby","Micro",,,"Saree Contours"
"421","Sakura","Saree Contours","BPS02","1189.96","","","rate","","True","Sakura",,,,"Skubby","Mini",,,"Saree Contours"
"422","Sakura","Saree Contours","BPM03","1189.96","","","rate","","True","Sakura",,,,"Plumpy","Maxi",,,"Saree Contours"
"423","Sakura","Saree Contours","BPL02","1189.96","","","rate","","True","Sakura",,,,"Chunky","Mini",,,"Saree Contours"
"424","Sakura","Saree Contours","BPM01","1189.96","","","rate","","True","Sakura",,,,"Plumpy","Micro",,,"Saree Contours,clearout"
"425","Sakura","Saree Contours","BPL01","1189.96","","","rate","","True","Sakura",,,,"Chunky","Micro",,,"Saree Contours"
"426","Sakura","Saree Contours","BPM02","1189.96","","","rate","","True","Sakura",,,,"Plumpy","Mini",,,"Saree Contours"
"427","Sakura","Saree Contours","BPL03","1189.96","","","rate","","True","Sakura",,,,"Chunky","Maxi",,,"Saree Contours"
"428","Silver","Saree Contours","SILVERX03","1190.00","25.00","297.50","rate","73.0","True","Silver",,,,"Skinny","Maxi",,,"clearout,Saree Contours"
"429","Silver","Saree Contours","SILVERX02","1190.00","25.00","297.50","rate","38.0","True","Silver",,,,"Skinny","Mini",,,"Saree Contours"
"430","Silver","Saree Contours","SILVERX01","1190.00","25.00","297.50","rate","77.0","True","Silver",,,,"Skinny","Micro",,,"Saree Contours"
"431","Silver","Saree Contours","SILVERS01","1190.00","25.00","297.50","rate","38.0","True","Silver",,,,"Skubby","Micro",,,"Saree Contours"
"432","Silver","Saree Contours","SILVERS03","1190.00","25.00","297.50","rate","","True","Silver",,,,"Skubby","Maxi",,,"Saree Contours"
"433","Silver","Saree Contours","SILVERS02","1190.00","25.00","297.50","rate","","True","Silver",,,,"Skubby","Mini",,,"Saree Contours"
"434","Silver","Saree Contours","SILVERM03","1190.00","25.00","297.50","rate","","True","Silver",,,,"Plumpy","Maxi",,,"Saree Contours"
"435","Silver","Saree Contours","SILVERM01","1190.00","25.00","297.50","rate","143.0","True","Silver",,,,"Plumpy","Micro",,,"Saree Contours,clearout"
"436","Silver","Saree Contours","SILVERM02","1190.00","25.00","297.50","rate","","True","Silver",,,,"Plumpy","Mini",,,"clearout,Saree Contours"
"437","Silver","Saree Contours","SILVERL01","1190.00","25.00","297.50","rate","","True","Silver",,,,"Chunky","Micro",,,"Saree Contours"
"438","Silver","Saree Contours","SILVERL03","1190.00","25.00","297.50","rate","","True","Silver",,,,"Chunky","Maxi",,,"Saree Contours"
"439","Silver","Saree Contours","SILVERL02","1190.00","25.00","297.50","rate","","True","Silver",,,,"Chunky","Mini",,,"Saree Contours"
"440","Steel","Saree Contours","LX01","1190.00","25.00","297.50","rate","6.0","True","Steel",,,,"Skinny","Micro",,,"Saree Contours,clearout"
"441","Steel","Saree Contours","LS03","1190.00","25.00","297.50","rate","","True","Steel",,,,"Skubby","Maxi",,,"Saree Contours"
"442","Steel","Saree Contours","LX02","1190.00","25.00","297.50","rate","","True","Steel",,,,"Skinny","Mini",,,"Saree Contours"
"443","Steel","Saree Contours","LS01","1190.00","25.00","297.50","rate","","True","Steel",,,,"Skubby","Micro",,,"Saree Contours"
"444","Steel","Saree Contours","LX03","1190.00","25.00","297.50","rate","112.0","True","Steel",,,,"Skinny","Maxi",,,"clearout,Saree Contours"
"446","Steel","Saree Contours","LM03","1190.00","25.00","297.50","rate","","True","Steel",,,,"Plumpy","Maxi",,,"Saree Contours"
"447","Steel","Saree Contours","LL03","1190.00","25.00","297.50","rate","","True","Steel",,,,"Chunky","Maxi",,,"Saree Contours"
"448","Steel","Saree Contours","LM01","1190.00","25.00","297.50","rate","","True","Steel",,,,"Plumpy","Micro",,,"clearout,Saree Contours"
"449","Steel","Saree Contours","LL01","1190.00","25.00","297.50","rate","","True","Steel",,,,"Chunky","Micro",,,"Saree Contours"
"450","Steel","Saree Contours","LM02","1190.00","25.00","297.50","rate","","True","Steel",,,,"Plumpy","Mini",,,"Saree Contours"
"451","Steel","Saree Contours","LL02","1190.00","25.00","297.50","rate","","True","Steel",,,,"Chunky","Mini",,,"Saree Contours"
"467","Bella","Ready to Wear Blouses","BELAGOLDXL","690.00","25.00","172.50","rate","","True","Old Gold",,,,"XL",,,,"Sale Products"
"470","Bella","Ready to Wear Blouses","BELAGOLDX","690.00","25.00","172.50","rate","9.0","True","Old Gold",,,,"XS",,,,"Sale Products"
"471","Bella","Ready to Wear Blouses","BELAGOLDS","690.00","25.00","172.50","rate","","True","Old Gold",,,,"S",,,,"Sale Products"
"472","Bella","Ready to Wear Blouses","BELAGOLDM","690.00","25.00","172.50","rate","","True","Old Gold",,,,"M",,,,"Sale Products"
"473","Bella","Ready to Wear Blouses","BELAGOLDL","690.00","25.00","172.50","rate","","True","Old Gold",,,,"L",,,,"Sale Products"
"474","Bella","Ready to Wear Blouses","BELLAPINEX","690.00","25.00","172.50","rate","115.0","True","Pine",,,,"XS",,,,"Sale Products"
"475","Bella","Ready to Wear Blouses","BELLAPINEXL","690.00","25.00","172.50","rate","","True","Pine",,,,"XL",,,,"Sale Products"
"476","Bella","Ready to Wear Blouses","BELLAPINES","690.00","25.00","172.50","rate","61.0","True","Pine",,,,"S",,,,"Sale Products"
"477","Bella","Ready to Wear Blouses","BELLAPINEM","690.00","25.00","172.50","rate","","True","Pine",,,,"M",,,,"Sale Products"
"478","Bella","Ready to Wear Blouses","BELLAPINEL","690.00","25.00","172.50","rate","","True","Pine",,,,"L",,,,"Sale Products"
"479","Bella","Ready to Wear Blouses","BELLADENIMX","690.00","25.00","172.50","rate","8.0","True","Denim",,,,"XS",,,,"Sale Products"
"480","Bella","Ready to Wear Blouses","BELLADENIMS","690.00","25.00","172.50","rate","","True","Denim",,,,"S",,,,"Sale Products"
"481","Bella","Ready to Wear Blouses","BELLADENIMXL","690.00","25.00","172.50","rate","","True","Denim",,,,"XL",,,,"Sale Products"
"482","Bella","Ready to Wear Blouses","BELLADENIMM","690.00","25.00","172.50","rate","","True","Denim",,,,"M",,,,"Sale Products"
"483","Bella","Ready to Wear Blouses","BELLADENIML","690.00","25.00","172.50","rate","","True","Denim",,,,"L",,,,"Sale Products"
"484","Bella","Ready to Wear Blouses","BELLABOUGXL","690.00","25.00","172.50","rate","","True","Bougainvillea",,,,"XL",,,,"Sale Products"
"485","Bella","Ready to Wear Blouses","BELLABOUGX","690.00","25.00","172.50","rate","61.0","True","Bougainvillea",,,,"XS",,,,"Sale Products"
"486","Bella","Ready to Wear Blouses","BELLABOUGS","690.00","25.00","172.50","rate","11.0","True","Bougainvillea",,,,"S",,,,"Sale Products"
"487","Bella","Ready to Wear Blouses","BELLABOUGM","690.00","25.00","172.50","rate","","True","Bougainvillea",,,,"M",,,,"Sale Products"
"488","Bella","Ready to Wear Blouses","BELLABOUGL","690.00","25.00","172.50","rate","","True","Bougainvillea",,,,"L",,,,"Sale Products"
"489","Bella","Ready to Wear Blouses","BELLABLACKXL","690.00","25.00","172.50","rate","","True","Black",,,,"XL",,,,"Sale Products"
"490","Bella","Ready to Wear Blouses","BELLABLACKX","690.00","25.00","172.50","rate","23.0","True","Black",,,,"XS",,,,"Sale Products"
"491","Bella","Ready to Wear Blouses","BELLABLACKM","690.00","25.00","172.50","rate","","True","Black",,,,"M",,,,"Sale Products"
"492","Bella","Ready to Wear Blouses","BELLABLACKS","690.00","25.00","172.50","rate","","True","Black",,,,"S",,,,"Sale Products"
"493","Bella","Ready to Wear Blouses","BELLABLACKL","690.00","25.00","172.50","rate","","True","Black",,,,"L",,,,"Sale Products"
"494","Bella","Ready to Wear Blouses","BELLAPARROTXL","690.00","25.00","172.50","rate","","True","Parrot",,,,"XL",,,,"Sale Products"
"495","Bella","Ready to Wear Blouses","BELLAPARROTX","690.00","25.00","172.50","rate","18.0","True","Parrot",,,,"XS",,,,"Sale Products"
"496","Bella","Ready to Wear Blouses","BELLAPARROTS","690.00","25.00","172.50","rate","2.0","True","Parrot",,,,"S",,,,"Sale Products"
"497","Bella","Ready to Wear Blouses","BELLAPARROTL","690.00","25.00","172.50","rate","","True","Parrot",,,,"L",,,,"Sale Products"
"498","Bella","Ready to Wear Blouses","BELLAFIREXL","690.00","25.00","172.50","rate","","True","Fireball",,,,"XL",,,,"Sale Products"
"499","Bella","Ready to Wear Blouses","BELLAPARROTM","690.00","25.00","172.50","rate","","True","Parrot",,,,"M",,,,"Sale Products"
"500","Bella","Ready to Wear Blouses","BELLAFIREX","690.00","25.00","172.50","rate","18.0","True","Fireball",,,,"XS",,,,"Sale Products"
"501","Bella","Ready to Wear Blouses","BELLAFIRES","690.00","25.00","172.50","rate","","True","Fireball",,,,"S",,,,"Sale Products"
"502","Fireball","Saree Contours","FIREX03","1190.00","25.00","297.50","rate","","True","Fireball",,,,"Skinny","Maxi",,,"Saree Contours"
"503","Bella","Ready to Wear Blouses","BELLAFIREM","690.00","25.00","172.50","rate","","True","Fireball",,,,"M",,,,"Sale Products"
"504","Fireball","Saree Contours","FIREX01","1190.00","25.00","297.50","rate","","True","Fireball",,,,"Skinny","Micro",,,"Saree Contours"
"505","Bella","Ready to Wear Blouses","BELLAFIREL","690.00","25.00","172.50","rate","","True","Fireball",,,,"L",,,,"Sale Products"
"506","Fireball","Saree Contours","FIREX02","1190.00","25.00","297.50","rate","","True","Fireball",,,,"Skinny","Mini",,,"Saree Contours"
"507","Fireball","Saree Contours","FIRES03","1190.00","25.00","297.50","rate","","True","Fireball",,,,"Skubby","Maxi",,,"Saree Contours"
"508","Fireball","Saree Contours","FIRES02","1190.00","25.00","297.50","rate","","True","Fireball",,,,"Skubby","Mini",,,"Saree Contours"
"509","Fireball","Saree Contours","FIREM02","1190.00","25.00","297.50","rate","","True","Fireball",,,,"Plumpy","Mini",,,"Saree Contours"
"510","Fireball","Saree Contours","FIRES01","1190.00","25.00","297.50","rate","29.0","True","Fireball",,,,"Skubby","Micro",,,"Saree Contours"
"511","Fireball","Saree Contours","FIREM01","1190.00","25.00","297.50","rate","8.0","True","Fireball",,,,"Plumpy","Micro",,,"clearout,Saree Contours"
"512","Fireball","Saree Contours","FIREM03","1190.00","25.00","297.50","rate","","True","Fireball",,,,"Plumpy","Maxi",,,"Saree Contours"
"513","Fireball","Saree Contours","FIREL03","1190.00","25.00","297.50","rate","","True","Fireball",,,,"Chunky","Maxi",,,"Saree Contours,clearance,clearout"
"514","Fireball","Saree Contours","FIREL02","1190.00","25.00","297.50","rate","","True","Fireball",,,,"Chunky","Mini",,,"Saree Contours"
"515","Fireball","Saree Contours","FIREL01","1190.00","25.00","297.50","rate","","True","Fireball",,,,"Chunky","Micro",,,"clearance,clearout,Saree Contours"
"578","Alai","Ready to Wear Blouses","ALAIPEAS","690.00","25.00","172.50","rate","","True","Peacock",,,,"S",,,,"Sale Products"
"579","Alai","Ready to Wear Blouses","ALAIPEAX","690.00","25.00","172.50","rate","13.0","True","Peacock",,,,"XS",,,,"Sale Products"
"580","Alai","Ready to Wear Blouses","ALAIPEAM","690.00","25.00","172.50","rate","","True","Peacock",,,,"M",,,,"Sale Products"
"581","Alai","Ready to Wear Blouses","ALAIPEAL","690.00","25.00","172.50","rate","","True","Peacock",,,,"L",,,,"Sale Products"
"582","Alai","Ready to Wear Blouses","ALAIPEAXL","690.00","25.00","172.50","rate","","True","Peacock",,,,"XL",,,,"Sale Products"
"585","Alai","Ready to Wear Blouses","ALAIBLACKXL","690.00","25.00","172.50","rate","","True","Black",,,,"XL",,,,"Sale Products"
"588","Alai","Ready to Wear Blouses","ALAIBLACX","690.00","25.00","172.50","rate","156.0","True","Black",,,,"XS",,,,"Sale Products"
"589","Alai","Ready to Wear Blouses","ALAIBLACS","690.00","25.00","172.50","rate","","True","Black",,,,"S",,,,"Sale Products"
"590","Alai","Ready to Wear Blouses","ALAIBLACM","690.00","25.00","172.50","rate","","True","Black",,,,"M",,,,"Sale Products"
"591","Alai","Ready to Wear Blouses","ALAIBLACL","690.00","25.00","172.50","rate","","True","Black",,,,"L",,,,"Sale Products"
"592","Cinderella","Ready to Wear Blouses","CINDSILVERX","690.00","25.00","172.50","rate","4.0","True","Silver",,,,"XS",,,,
"593","Cinderella","Ready to Wear Blouses","CINDSILVERS","690.00","25.00","172.50","rate","","True","Silver",,,,"S",,,,
"594","Cinderella","Ready to Wear Blouses","CINDSILVERM","690.00","25.00","172.50","rate","","True","Silver",,,,"M",,,,
"595","Cinderella","Ready to Wear Blouses","CINDSILVERL","690.00","25.00","172.50","rate","","True","Silver",,,,"L",,,,
"596","Cinderella","Ready to Wear Blouses","CINDREDRTWX","690.00","25.00","172.50","rate","13.0","True","RED",,,,"XS",,,,
"597","Cinderella","Ready to Wear Blouses","CINDSILVERXL","690.00","25.00","172.50","rate","","True","Silver",,,,"XL",,,,
"598","Cinderella","Ready to Wear Blouses","CINDREDRTWS","690.00","25.00","172.50","rate","11.0","True","RED",,,,"S",,,,
"599","Cinderella","Ready to Wear Blouses","CINDREDRTWM","690.00","25.00","172.50","rate","1.0","True","RED",,,,"M",,,,
"600","Cinderella","Ready to Wear Blouses","CINDREDRTWXL","690.00","25.00","172.50","rate","52.0","True","RED",,,,"XL",,,,
"601","Cinderella","Ready to Wear Blouses","CINDREDRTWL","690.00","25.00","172.50","rate","2.0","True","RED",,,,"L",,,,
"602","Cinderella","Ready to Wear Blouses","CINDWINEX","690.00","25.00","172.50","rate","15.0","True","Wine",,,,"XS",,,,
"603","Cinderella","Ready to Wear Blouses","CINDWINES","690.00","25.00","172.50","rate","","True","Wine",,,,"S",,,,
"604","Cinderella","Ready to Wear Blouses","CINDWINEM","690.00","25.00","172.50","rate","","True","Wine",,,,"M",,,,
"605","Cinderella","Ready to Wear Blouses","CINDWINEL","690.00","25.00","172.50","rate","1.0","True","Wine",,,,"L",,,,
"606","Cinderella","Ready to Wear Blouses","CINDWINEXL","690.00","25.00","172.50","rate","13.0","True","Wine",,,,"XL",,,,
"607","Bella","Ready to Wear Blouses","BELLAREDX","690.00","25.00","172.50","rate","2.0","True","RED",,,,"XS",,,,"Sale Products"
"608","Bella","Ready to Wear Blouses","BELLAREDM","690.00","25.00","172.50","rate","","True","RED",,,,"M",,,,"Sale Products"
"609","Bella","Ready to Wear Blouses","BELLAREDS","690.00","25.00","172.50","rate","","True","RED",,,,"S",,,,"Sale Products"
"610","Bella","Ready to Wear Blouses","BELLAREDL","690.00","25.00","172.50","rate","","True","RED",,,,"L",,,,"Sale Products"
"611","Bella","Ready to Wear Blouses","BELLAREDXL","690.00","25.00","172.50","rate","","True","RED",,,,"XL",,,,"Sale Products"
"612","Bella","Ready to Wear Blouses","BELLAWINX","690.00","25.00","172.50","rate","44.0","True","Grape",,,,"XS",,,,"Sale Products,Best Sellers"
"613","Bella","Ready to Wear Blouses","BELLAWINS","690.00","25.00","172.50","rate","","True","Grape",,,,"S",,,,"Sale Products,Best Sellers"
"614","Bella","Ready to Wear Blouses","BELLAWINM","690.00","25.00","172.50","rate","","True","Grape",,,,"M",,,,"Best Sellers,Sale Products"
"615","Bella","Ready to Wear Blouses","BELLAWINXL","690.00","25.00","172.50","rate","","True","Grape",,,,"XL",,,,"Best Sellers,Sale Products"
"616","Bella","Ready to Wear Blouses","BELLAWINL","690.00","25.00","172.50","rate","","True","Grape",,,,"L",,,,"Best Sellers,Sale Products"
"617","Dolly","Ready to Wear Blouses","DOLLYREDRTWS","690.00","25.00","172.50","rate","81.0","True","RED",,,,"S",,,,
"618","Dolly","Ready to Wear Blouses","DOLLYREDRTWX","690.00","25.00","172.50","rate","75.0","True","RED",,,,"XS",,,,
"619","Dolly","Ready to Wear Blouses","DOLLYREDRTWM","690.00","25.00","172.50","rate","57.0","True","RED",,,,"M",,,,
"620","Dolly","Ready to Wear Blouses","DOLLYREDRTWL","690.00","25.00","172.50","rate","134.0","True","RED",,,,"L",,,,
"621","Dolly","Ready to Wear Blouses","DOLLYREDRTWXL","690.00","25.00","172.50","rate","2.0","True","RED",,,,"XL",,,,
"741","Indian Nude","Saree Contours","INUX03","1190.00","","","rate","","True","Indian Nude",,,,"Skinny","Maxi",,,"Clearance Sale"
"742","Indian Nude","Saree Contours","INUS03CL","1190.00","","","rate","","True","Indian Nude",,,,"Skubby","Maxi",,,"Clearance Sale"
"743","Indian Nude","Saree Contours","INUS02CL","1190.00","","","rate","178.0","True","Indian Nude",,,,"Skubby","Mini",,,"Clearance Sale"
"744","Indian Nude","Saree Contours","INUS01CL","1190.00","","","rate","148.0","True","Indian Nude",,,,"Skubby","Micro",,,"Clearance Sale"
"745","Indian Nude","Saree Contours","INUX02CL","1190.00","","","rate","","True","Indian Nude",,,,"Skinny","Mini",,,"Clearance Sale"
"746","Indian Nude","Saree Contours","INUM03CL","1190.00","","","rate","","True","Indian Nude",,,,"Plumpy","Maxi",,,"Clearance Sale"
"747","Indian Nude","Saree Contours","INUX01CL","1190.00","","","rate","","True","Indian Nude",,,,"Skinny","Micro",,,"Clearance Sale"
"748","Indian Nude","Saree Contours","INUM02CL","1190.00","","","rate","20.0","True","Indian Nude",,,,"Plumpy","Mini",,,"Clearance Sale"
"749","Indian Nude","Saree Contours","INUL02CL","1190.00","","","rate","","True","Indian Nude",,,,"Chunky","Mini",,,"Clearance Sale"
"750","Indian Nude","Saree Contours","INUM01CL","1190.00","","","rate","157.0","True","Indian Nude",,,,"Plumpy","Micro",,,"Clearance Sale"
"751","Indian Nude","Saree Contours","INUL03CL","1190.00","","","rate","","True","Indian Nude",,,,"Chunky","Maxi",,,"Clearance Sale"
"753","Indian Nude","Saree Contours","INUL01CL","1190.00","","","rate","","True","Indian Nude",,,,"Chunky","Micro",,,"Clearance Sale"
"1047","Alai","Ready to Wear Blouses","ALAIORCHIDX","690.00","25.00","172.50","rate","36.0","True","ORCHID",,,,"XS",,,,"Sale Products"
"1048","Alai","Ready to Wear Blouses","ALAIORCHIDS","690.00","25.00","172.50","rate","65.0","True","ORCHID",,,,"S",,,,"Sale Products"
"1049","Alai","Ready to Wear Blouses","ALAIORCHIDM","690.00","25.00","172.50","rate","29.0","True","ORCHID",,,,"M",,,,"Sale Products"
"1050","Alai","Ready to Wear Blouses","ALAIORCHIDL","690.00","25.00","172.50","rate","40.0","True","ORCHID",,,,"L",,,,"Sale Products"
"1051","Alai","Ready to Wear Blouses","ALAIORCHIDXL","690.00","25.00","172.50","rate","5.0","True","ORCHID",,,,"XL",,,,"Sale Products"
"1052","Dolly","Ready to Wear Blouses","DOLLYORCHIDX","690.00","25.00","172.50","rate","43.0","True","ORCHID",,,,"XS",,,,
"1053","Dolly","Ready to Wear Blouses","DOLLYORCHIDS","690.00","25.00","172.50","rate","83.0","True","ORCHID",,,,"S",,,,
"1054","Dolly","Ready to Wear Blouses","DOLLYORCHIDXL","690.00","25.00","172.50","rate","41.0","True","ORCHID",,,,"XL",,,,
"1055","Dolly","Ready to Wear Blouses","DOLLYORCHIDL","690.00","25.00","172.50","rate","89.0","True","ORCHID",,,,"L",,,,
"1056","Dolly","Ready to Wear Blouses","DOLLYORCHIDM","690.00","25.00","172.50","rate","108.0","True","ORCHID",,,,"M",,,,
"1070","Pastel Orange","Saree Contours","LOX02","1190.00","25.00","297.50","rate","80.0","True","Pastel Orange",,,,"Skinny","Mini",,,"Saree Contours,clearout"
"1072","Pastel Orange","Saree Contours","LOS01","1190.00","25.00","297.50","rate","10.0","True","Pastel Orange",,,,"Skubby","Micro",,,"Saree Contours"
"1073","Pastel Orange","Saree Contours","LOS02","1190.00","25.00","297.50","rate","","True","Pastel Orange",,,,"Skubby","Mini",,,"Saree Contours"
"1074","Pastel Orange","Saree Contours","LOS03","1190.00","25.00","297.50","rate","","True","Pastel Orange",,,,"Skubby","Maxi",,,"Saree Contours"
"1075","Pastel Orange","Saree Contours","LOM01","1190.00","25.00","297.50","rate","61.0","True","Pastel Orange",,,,"Plumpy","Micro",,,"clearout,Saree Contours"
"1076","Pastel Orange","Saree Contours","LOM02","1190.00","25.00","297.50","rate","8.0","True","Pastel Orange",,,,"Plumpy","Mini",,,"Saree Contours"
"1077","Pastel Orange","Saree Contours","LOM03","1190.00","25.00","297.50","rate","50.0","True","Pastel Orange",,,,"Plumpy","Maxi",,,"Saree Contours"
"1078","Pastel Orange","Saree Contours","LOL01","1190.00","25.00","297.50","rate","14.0","True","Pastel Orange",,,,"Chunky","Micro",,,"Saree Contours"
"1079","Pastel Orange","Saree Contours","LOL02","1190.00","25.00","297.50","rate","","True","Pastel Orange",,,,"Chunky","Mini",,,"Saree Contours"
"1080","Pastel Orange","Saree Contours","LOL03","1190.00","25.00","297.50","rate","","True","Pastel Orange",,,,"Chunky","Maxi",,,"Saree Contours"
"1093","Cinderella","Ready to Wear Blouses","CINDORCHIDX","690.00","25.00","172.50","rate","38.0","True","Orchid",,,,"XS",,,,
"1094","Cinderella","Ready to Wear Blouses","CINDORCHIDS","690.00","25.00","172.50","rate","64.0","True","Orchid",,,,"S",,,,
"1095","Cinderella","Ready to Wear Blouses","CINDORCHIDM","690.00","25.00","172.50","rate","131.0","True","Orchid",,,,"M",,,,
"1096","Cinderella","Ready to Wear Blouses","CINDORCHIDL","690.00","25.00","172.50","rate","4.0","True","Orchid",,,,"L",,,,
"1097","Cinderella","Ready to Wear Blouses","CINDORCHIDXL","690.00","25.00","172.50","rate","28.0","True","Orchid",,,,"XL",,,,
"1121","Steel","Saree Contours","LGS02","1190.00","25.00","297.50","rate","","True","Steel",,,,"Skubby","Mini",,,"Saree Contours"
"1125","Lolita","Ready to Wear Blouses","LOLITABOUGAINVILLEAM","690.00","25.00","172.50","rate","","True","Bougainvillea",,,,"M",,,,"Sale Products"
"1129","Bella","Ready to Wear Blouses","BELLAORCHIDXS","690.00","25.00","172.50","rate","36.0","True","ORCHID",,,,"XS",,,,"Sale Products"
"1131","Bella","Ready to Wear Blouses","","690.00","25.00","172.50","rate","60.0","True","ORCHID",,,,"S",,,,"Sale Products"
"1133","Bella","Ready to Wear Blouses","","690.00","25.00","172.50","rate","29.0","True","ORCHID",,,,"M",,,,"Sale Products"
"1134","Bella","Ready to Wear Blouses","","690.00","25.00","172.50","rate","40.0","True","ORCHID",,,,"L",,,,"Sale Products"
"1135","Bella","Ready to Wear Blouses","","690.00","25.00","172.50","rate","","True","ORCHID",,,,"XL",,,,"Sale Products"
"1136","Cinderella","Ready to Wear Blouses","CINDPEACOCKXS","690.00","25.00","172.50","rate","29.0","True","PEACOCK",,,,"XS",,,,
"1137","Cinderella","Ready to Wear Blouses","CINDPEACOCKS","690.00","25.00","172.50","rate","13.0","True","PEACOCK",,,,"S",,,,
"1138","Cinderella","Ready to Wear Blouses","CINDPEACOCKM","690.00","25.00","172.50","rate","30.0","True","PEACOCK",,,,"M",,,,
"1139","Cinderella","Ready to Wear Blouses","CINDPEACOCKL","690.00","25.00","172.50","rate","12.0","True","PEACOCK",,,,"L",,,,
"1140","Cinderella","Ready to Wear Blouses","CINDPEACOCKXL","690.00","25.00","172.50","rate","34.0","True","PEACOCK",,,,"XL",,,,
"1141","Lolita","Ready to Wear Blouses","LOLIORCHIDXS","690.00","25.00","172.50","rate","46.0","True","ORCHID",,,,"XS",,,,"Sale Products"
"1142","Lolita","Ready to Wear Blouses","LOLIORCHIDS","690.00","25.00","172.50","rate","74.0","True","ORCHID",,,,"S",,,,"Sale Products"
"1143","Lolita","Ready to Wear Blouses","LOLIORCHIDM","690.00","25.00","172.50","rate","36.0","True","ORCHID",,,,"M",,,,"Sale Products"
"1144","Lolita","Ready to Wear Blouses","LOLIORCHIDL","690.00","25.00","172.50","rate","67.0","True","ORCHID",,,,"L",,,,"Sale Products"
"1145","Lolita","Ready to Wear Blouses","LOLIORCHIDXL","690.00","25.00","172.50","rate","9.0","True","ORCHID",,,,"XL",,,,"Sale Products"
"1171","Pastel Orange","Saree Contours","LOXS01","1190.00","25.00","297.50","rate","62.0","True","Pastel Orange",,,,"Skinny","MICRO",,,"clearout,Saree Contours"
"1198","Pastel Orange","Saree Contours","LORANGEX03","1190.00","25.00","297.50","rate","47.0","True","Pastel Orange",,,,"Skinny","Maxi",,,"Saree Contours"
"1246","Dolly","Ready to Wear Blouses","DOLLYPINE S","690.00","25.00","172.50","rate","57.0","True","Pine",,,,"S",,,,
"1247","Dolly","Ready to Wear Blouses","DOLLYPINE XL","690.00","25.00","172.50","rate","78.0","True","Pine",,,,"XL",,,,
"1248","Dolly","Ready to Wear Blouses","DOLLYPINEXS","690.00","25.00","172.50","rate","76.0","True","Pine",,,,"XS",,,,
"1249","Dolly","Ready to Wear Blouses","DOLLYPINE M","690.00","25.00","172.50","rate","71.0","True","Pine",,,,"M",,,,
"1251","Grape","Saree Contours","GRAPEX01","1190.00","25.00","297.50","rate","102.0","True","Grape",,,,"Skinny","Micro",,,"clearout,Saree Contours"
"1252","Grape","Saree Contours","GRAPEX02","1190.00","25.00","297.50","rate","134.0","True","Grape",,,,"Skinny","Mini",,,"Saree Contours"
"1253","Grape","Saree Contours","GRAPEX03","1190.00","25.00","297.50","rate","146.0","True","Grape",,,,"Skinny","Maxi",,,"Saree Contours,clearout"
"1254","Grape","Saree Contours","GRAPES01","1190.00","25.00","297.50","rate","3.0","True","Grape",,,,"Skubby","Micro",,,"Saree Contours"
"1255","Grape","Saree Contours","GRAPES02","1190.00","25.00","297.50","rate","","True","Grape",,,,"Skubby","Mini",,,"Saree Contours"
"1256","Grape","Saree Contours","GRAPES03","1190.00","25.00","297.50","rate","30.0","True","Grape",,,,"Skubby","Maxi",,,"Saree Contours"
"1257","Grape","Saree Contours","GRAPEM01","1190.00","25.00","297.50","rate","108.0","True","Grape",,,,"Plumpy","Micro",,,"Saree Contours"
"1258","Grape","Saree Contours","GRAPEM02","1190.00","25.00","297.50","rate","9.0","True","Grape",,,,"Plumpy","Mini",,,"Saree Contours"
"1259","Grape","Saree Contours","GRAPEM03","1190.00","25.00","297.50","rate","","True","Grape",,,,"Plumpy","Maxi",,,"Saree Contours"
"1260","Grape","Saree Contours","GRAPEL02","1190.00","25.00","297.50","rate","11.0","True","Grape",,,,"Chunky","Mini",,,"Saree Contours"
"1261","Grape","Saree Contours","GRAPEL01","1190.00","25.00","297.50","rate","55.0","True","Grape",,,,"Chunky","Micro",,,"Saree Contours"
"1262","Grape","Saree Contours","GRAPEL03","1190.00","25.00","297.50","rate","","True","Grape",,,,"Chunky","Maxi",,,"Saree Contours"
"1263","Pine","Saree Contours","PINEX01","1190.00","25.00","297.50","rate","11.0","True","Pine",,,,"Skinny","Micro",,,"clearout,Saree Contours"
"1264","Pine","Saree Contours","PINEX02","1190.00","25.00","297.50","rate","54.0","True","Pine",,,,"Skinny","Mini",,,"Saree Contours,clearout"
"1265","Pine","Saree Contours","PINEX03","1190.00","25.00","297.50","rate","38.0","True","Pine",,,,"Skinny","Maxi",,,"Saree Contours"
"1266","Pine","Saree Contours","PINES02","1190.00","25.00","297.50","rate","","True","Pine",,,,"Skubby","Mini",,,"Saree Contours"
"1267","Pine","Saree Contours","PINES01","1190.00","25.00","297.50","rate","6.0","True","Pine",,,,"Skubby","Micro",,,"Saree Contours"
"1268","Pine","Saree Contours","PINES03","1190.00","25.00","297.50","rate","","True","Pine",,,,"Skubby","Maxi",,,"Saree Contours"
"1269","Pine","Saree Contours","PINEM01","1190.00","25.00","297.50","rate","","True","Pine",,,,"Plumpy","Micro",,,"clearout,Saree Contours"
"1270","Pine","Saree Contours","PINEM02","1190.00","25.00","297.50","rate","","True","Pine",,,,"Plumpy","Mini",,,"Saree Contours"
"1271","Pine","Saree Contours","PINEL03","1190.00","25.00","297.50","rate","","True","Pine",,,,"Chunky","Maxi",,,"Saree Contours"
"1272","Pine","Saree Contours","PINEM03","1190.00","25.00","297.50","rate","","True","Pine",,,,"Plumpy","Maxi",,,"Saree Contours"
"1273","Pine","Saree Contours","PINEL02","1190.00","25.00","297.50","rate","","True","Pine",,,,"Chunky","Mini",,,"Saree Contours"
"1274","Pine","Saree Contours","PINEL01","1190.00","25.00","297.50","rate","","True","Pine",,,,"Chunky","Micro",,,"clearout,Saree Contours"
"1299","Black","Saree Contours","JETBLACKXS01","1190.00","","","rate","77.0","True","Black",,,,"Skinny","Micro",,,"Saree Contours,clearout"
"1300","Black","Saree Contours","JETBLACKXS02","1190.00","","","rate","6.0","True","Black",,,,"Skinny","Mini",,,"Saree Contours"
"1302","Black","Saree Contours","JETBLACKXS03","1190.00","","","rate","118.0","True","Black",,,,"Skinny","Maxi",,,"Saree Contours"
"1303","Black","Saree Contours","JETBLACKS01","1190.00","","","rate","91.0","True","Black",,,,"Skubby","Micro",,,"Saree Contours"
"1304","Black","Saree Contours","JETBLACKS02","1190.00","","","rate","178.0","True","Black",,,,"Skubby","Mini",,,"Saree Contours"
"1305","Black","Saree Contours","JETBLACKS03","1190.00","","","rate","","True","Black",,,,"Skubby","Maxi",,,"Saree Contours"
"1306","Black","Saree Contours","JETBLACKM01","1190.00","","","rate","97.0","True","Black",,,,"Plumpy","Micro",,,"clearout,Saree Contours"
"1307","Black","Saree Contours","JETBLACKM02","1190.00","","","rate","72.0","True","Black",,,,"Plumpy","Mini",,,"Saree Contours"
"1308","Black","Saree Contours","JETBLACK03","1190.00","","","rate","","True","Black",,,,"Plumpy","Maxi",,,"Saree Contours"
"1309","Black","Saree Contours","JETBLACKL01","1190.00","","","rate","","True","Black",,,,"Chunky","Micro",,,"clearout,Saree Contours"
"1310","Black","Saree Contours","JETBLACKL02","1190.00","","","rate","","True","Black",,,,"Chunky","Mini",,,"Saree Contours"
"1316","Black","Saree Contours","JETBLACKL03","1190.00","","","rate","","True","Black",,,,"Chunky","Maxi",,,"Saree Contours"
"1674","Solid Black Rayon Midi dress","Dresses","SOLIDBLACKXS","2098.97","20.00","419.79","rate","","True","Black","Cotton",,"Round Neck","XS",,,"MIDI","Dark Collections,denims,Superhit,Best Sellers"
"1675","Solid Black Rayon Midi dress","Dresses","SOLIDBLACKS","2098.97","20.00","419.79","rate","4.0","True","Black","Cotton",,"Round Neck","S",,,"MIDI","Superhit,Best Sellers,Dark Collections,denims"
"1676","Solid Black Rayon Midi dress","Dresses","SOLIDBLACKM","2098.97","20.00","419.79","rate","21.0","True","Black","Cotton",,"Round Neck","M",,,"MIDI","Dark Collections,denims,Superhit,Best Sellers"
"1677","Solid Black Rayon Midi dress","Dresses","SOLIDBLACKL","2098.97","20.00","419.79","rate","16.0","True","Black","Cotton",,"Round Neck","L",,,"MIDI","Superhit,Best Sellers,Dark Collections,denims"
"1678","Solid Black Rayon Midi dress","Dresses","SOLIDBLACKXL","2098.97","20.00","419.79","rate","20.0","True","Black","Cotton",,"Round Neck","XL",,,"MIDI","Dark Collections,denims,Superhit,Best Sellers"
"1679","Solid Black Rayon Midi dress","Dresses","SOLIDBLACK2XL","2098.97","20.00","419.79","rate","","True","Black","Cotton",,"Round Neck","XXL",,,"MIDI","denims,Superhit,Best Sellers,Dark Collections"
"1680","Solid Black Rayon Midi dress","Dresses","SOLIDBLACK3XL","2098.97","20.00","419.79","rate","","True","Black","Cotton",,"Round Neck","XXXL",,,"MIDI","Best Sellers,Dark Collections,denims,Superhit"
"1722","Lilac","Saree Contours","LILACS01","1190.00","","","rate","","True","Lilac",,,,"Skinny","Micro",,,"clearout,Saree Contours"
"1723","Lilac","Saree Contours","LILACS02","1190.00","","","rate","","True","Lilac",,,,"Skinny","mini",,,"Saree Contours"
"1724","Lilac","Saree Contours","LILACS03","1190.00","","","rate","","True","Lilac",,,,"Skinny","maxi",,,"Saree Contours"
"1725","Lilac","Saree Contours","LILACS04","1190.00","","","rate","","True","Lilac",,,,"Skubby","Micro",,,"Saree Contours"
"1726","Lilac","Saree Contours","LILACS05","1190.00","","","rate","","True","Lilac",,,,"Skubby","mini",,,"Saree Contours"
"1727","Lilac","Saree Contours","LILACS06","1190.00","","","rate","","True","Lilac",,,,"Skubby","maxi",,,"Saree Contours"
"1728","Lilac","Saree Contours","LILACS07","1190.00","","","rate","","True","Lilac",,,,"Plumpy","Micro",,,"clearout,Saree Contours"
"1729","Lilac","Saree Contours","LILACS08","1190.00","","","rate","","True","Lilac",,,,"Plumpy","mini",,,"Saree Contours"
"1730","Lilac","Saree Contours","LILACS09","1190.00","","","rate","","True","Lilac",,,,"Plumpy","maxi",,,"Saree Contours"
"1731","Lilac","Saree Contours","LILACS010","1190.00","","","rate","","True","Lilac",,,,"Chunky","Micro",,,"Saree Contours"
"1732","Lilac","Saree Contours","LILACS011","1190.00","","","rate","","True","Lilac",,,,"Chunky","mini",,,"Saree Contours"
"1733","Lilac","Saree Contours","LILACS012","1190.00","","","rate","","True","Lilac",,,,"Chunky","maxi",,,"Saree Contours"
"1883","Wishing Star Maternity & Feeding Premium Loungewear","Loungewear","LW301","1480.00","10.00","148.00","rate","","True",,,,,"XS",,,"Calf Length",
"1884","Wishing Star Maternity & Feeding Premium Loungewear","Loungewear","LW302","1480.00","10.00","148.00","rate","12.0","True",,,,,"S",,,"Calf Length",
"1885","Wishing Star Maternity & Feeding Premium Loungewear","Loungewear","LW303","1480.00","10.00","148.00","rate","34.0","True",,,,,"M",,,"Calf Length",
"1886","Wishing Star Maternity & Feeding Premium Loungewear","Loungewear","LW304","1480.00","10.00","148.00","rate","35.0","True",,,,,"L",,,"Calf Length",
"1887","Wishing Star Maternity & Feeding Premium Loungewear","Loungewear","LW305","1480.00","10.00","148.00","rate","18.0","True",,,,,"XL",,,"Calf Length",
"1888","Wishing Star Maternity & Feeding Premium Loungewear","Loungewear","LW306","1480.00","10.00","148.00","rate","11.0","True",,,,,"XXL",,,"Calf Length",
"1889","Wishing Star Maternity & Feeding Premium Loungewear","Loungewear","LW307","1480.00","10.00","148.00","rate","","True",,,,,"XS",,,"Full Length",
"1890","Wishing Star Maternity & Feeding Premium Loungewear","Loungewear","LW308","1480.00","10.00","148.00","rate","3.0","True",,,,,"S",,,"Full Length",
"1891","Wishing Star Maternity & Feeding Premium Loungewear","Loungewear","LW309","1480.00","10.00","148.00","rate","24.0","True",,,,,"M",,,"Full Length",
"1892","Wishing Star Maternity & Feeding Premium Loungewear","Loungewear","LW310","1480.00","10.00","148.00","rate","22.0","True",,,,,"L",,,"Full Length",
"1893","Wishing Star Maternity & Feeding Premium Loungewear","Loungewear","LW311","1480.00","10.00","148.00","rate","12.0","True",,,,,"XL",,,"Full Length",
"1894","Wishing Star Maternity & Feeding Premium Loungewear","Loungewear","LW312","1480.00","10.00","148.00","rate","12.0","True",,,,,"XXL",,,"Full Length",
"1898","Pink Giraffee Printed Feeding & Maternity Premium Loungewear","Loungewear","LW321","1480.00","10.00","148.00","rate","1.0","True",,,,,"XS",,,"Calf Length",
"1899","Pink Giraffee Printed Feeding & Maternity Premium Loungewear","Loungewear","LW322","1480.00","10.00","148.00","rate","16.0","True",,,,,"S",,,"Calf Length",
"1900","Pink Giraffee Printed Feeding & Maternity Premium Loungewear","Loungewear","LW323","1480.00","10.00","148.00","rate","32.0","True",,,,,"M",,,"Calf Length",
"1901","Pink Giraffee Printed Feeding & Maternity Premium Loungewear","Loungewear","LW324","1480.00","10.00","148.00","rate","34.0","True",,,,,"L",,,"Calf Length",
"1902","Pink Giraffee Printed Feeding & Maternity Premium Loungewear","Loungewear","LW325","1480.00","10.00","148.00","rate","17.0","True",,,,,"XL",,,"Calf Length",
"1903","Pink Giraffee Printed Feeding & Maternity Premium Loungewear","Loungewear","LW326","1480.00","10.00","148.00","rate","13.0","True",,,,,"XXL",,,"Calf Length",
"1904","Pink Giraffee Printed Feeding & Maternity Premium Loungewear","Loungewear","LW327","1480.00","10.00","148.00","rate","3.0","True",,,,,"XS",,,"Full Length",
"1905","Pink Giraffee Printed Feeding & Maternity Premium Loungewear","Loungewear","LW328","1480.00","10.00","148.00","rate","5.0","True",,,,,"S",,,"Full Length",
"1906","Pink Giraffee Printed Feeding & Maternity Premium Loungewear","Loungewear","LW329","1480.00","10.00","148.00","rate","27.0","True",,,,,"M",,,"Full Length",
"1907","Pink Giraffee Printed Feeding & Maternity Premium Loungewear","Loungewear","LW330","1480.00","10.00","148.00","rate","27.0","True",,,,,"L",,,"Full Length",
"1908","Pink Giraffee Printed Feeding & Maternity Premium Loungewear","Loungewear","LW331","1480.00","10.00","148.00","rate","12.0","True",,,,,"XL",,,"Full Length",
"1909","Pink Giraffee Printed Feeding & Maternity Premium Loungewear","Loungewear","LW332","1480.00","10.00","148.00","rate","15.0","True",,,,,"XXL",,,"Full Length",
"1982","Denim Midi dress","Dresses","MAXI1070","1890.00","20.00","378.00","rate","","True","BLUE","Cotton",,"Round Neck","XS",,,"MIDI","denims"
"1983","Denim Midi dress","Dresses","MAXI1071","1890.00","20.00","378.00","rate","","True","BLUE","Cotton",,"Round Neck","S",,,"MIDI","denims"
"1984","Denim Midi dress","Dresses","MAXI1072","1890.00","20.00","378.00","rate","","True","BLUE","Cotton",,"Round Neck","M",,,"MIDI","denims"
"1985","Denim Midi dress","Dresses","MAXI1073","1890.00","20.00","378.00","rate","3.0","True","BLUE","Cotton",,"Round Neck","L",,,"MIDI","denims"
"1986","Denim Midi dress","Dresses","MAXI1074","1890.00","20.00","378.00","rate","","True","BLUE","Cotton",,"Round Neck","XL",,,"MIDI","denims"
"1987","Denim Midi dress","Dresses","MAXI1075","1890.00","20.00","378.00","rate","","True","BLUE","Cotton",,"Round Neck","XXL",,,"MIDI","denims"
"1988","Denim Midi dress","Dresses","MAXI1076","1890.00","20.00","378.00","rate","","True","BLUE","Cotton",,"Round Neck","XXXL",,,"MIDI","denims"
"2032","Navy Heart Feeding & Maternity Loungewear","Loungewear","LW334","1480.00","10.00","148.00","rate","","True",,,,,"XS",,,"Calf Length","Sale Products,Best Sellers"
"2033","Navy Heart Feeding & Maternity Loungewear","Loungewear","LW335","1480.00","10.00","148.00","rate","4.0","True",,,,,"S",,,"Calf Length","Sale Products,Best Sellers"
"2034","Navy Heart Feeding & Maternity Loungewear","Loungewear","LW336","1480.00","10.00","148.00","rate","19.0","True",,,,,"M",,,"Calf Length","Sale Products,Best Sellers"
"2035","Navy Heart Feeding & Maternity Loungewear","Loungewear","LW337","1480.00","10.00","148.00","rate","8.0","True",,,,,"L",,,"Calf Length","Best Sellers,Sale Products"
"2036","Navy Heart Feeding & Maternity Loungewear","Loungewear","LW338","1480.00","10.00","148.00","rate","5.0","True",,,,,"XL",,,"Calf Length","Best Sellers,Sale Products"
"2037","Navy Heart Feeding & Maternity Loungewear","Loungewear","LW339","1480.00","10.00","148.00","rate","8.0","True",,,,,"XXL",,,"Calf Length","Best Sellers,Sale Products"
"2038","Navy Heart Feeding & Maternity Loungewear","Loungewear","LW340","1480.00","10.00","148.00","rate","","True",,,,,"XS",,,"Full Length","Best Sellers,Sale Products"
"2039","Navy Heart Feeding & Maternity Loungewear","Loungewear","LW341","1480.00","10.00","148.00","rate","3.0","True",,,,,"S",,,"Full Length","Best Sellers,Sale Products"
"2040","Navy Heart Feeding & Maternity Loungewear","Loungewear","LW342","1480.00","10.00","148.00","rate","20.0","True",,,,,"M",,,"Full Length","Sale Products,Best Sellers"
"2041","Navy Heart Feeding & Maternity Loungewear","Loungewear","LW343","1480.00","10.00","148.00","rate","17.0","True",,,,,"L",,,"Full Length","Sale Products,Best Sellers"
"2042","Navy Heart Feeding & Maternity Loungewear","Loungewear","LW344","1480.00","10.00","148.00","rate","7.0","True",,,,,"XL",,,"Full Length","Sale Products,Best Sellers"
"2043","Navy Heart Feeding & Maternity Loungewear","Loungewear","LW345","1480.00","10.00","148.00","rate","8.0","True",,,,,"XXL",,,"Full Length","Best Sellers,Sale Products"
"2044","Thook Amma Baby Hip Carrier-LUXE","Baby carrier","TAHIPBLACK","4895.00","30.00","1468.50","rate","36.0","True","Black",,,,,,,,"Baby Carrier"
"2045","Thook Amma Baby Hip Carrier-LUXE","Baby carrier","TAHIPBROWN","4895.00","30.00","1468.50","rate","","True","Brown",,,,,,,,"Baby Carrier"
"2047","Black Tussar Kurti & leggings ","Dresses","BLACKTUSSAR0S","2140.00","40.00","856.00","rate","","True",,,,,"S",,,,"Clearance,Kurtis"
"2048","Black Tussar Kurti & leggings ","Dresses","BLACKTUSSAR0M","2140.00","40.00","856.00","rate","","True",,,,,"M",,,,"Kurtis,Clearance"
"2049","Black Tussar Kurti & leggings ","Dresses","BLACKTUSSAR0L","2140.00","40.00","856.00","rate","","True",,,,,"L",,,,"Kurtis,Clearance"
"2067","Grape Feeding & Maternity Loungewear","Loungewear","LW0501","1480.00","10.00","148.00","rate","","True",,,,,"XS",,,"Calf Length",
"2068","Grape Feeding & Maternity Loungewear","Loungewear","LW0502","1480.00","10.00","148.00","rate","13.0","True",,,,,"S",,,"Calf Length",
"2069","Grape Feeding & Maternity Loungewear","Loungewear","LW0503","1480.00","10.00","148.00","rate","19.0","True",,,,,"M",,,"Calf Length",
"2070","Grape Feeding & Maternity Loungewear","Loungewear","LW0504","1480.00","10.00","148.00","rate","12.0","True",,,,,"L",,,"Calf Length",
"2071","Grape Feeding & Maternity Loungewear","Loungewear","LW0505","1480.00","10.00","148.00","rate","6.0","True",,,,,"XL",,,"Calf Length",
"2072","Grape Feeding & Maternity Loungewear","Loungewear","LW0506","1480.00","10.00","148.00","rate","8.0","True",,,,,"XXL",,,"Calf Length",
"2073","Grape Feeding & Maternity Loungewear","Loungewear","LW0507","1480.00","10.00","148.00","rate","","True",,,,,"XS",,,"Full Length",
"2074","Grape Feeding & Maternity Loungewear","Loungewear","LW0508","1480.00","10.00","148.00","rate","2.0","True",,,,,"S",,,"Full Length",
"2075","Grape Feeding & Maternity Loungewear","Loungewear","LW0509","1480.00","10.00","148.00","rate","16.0","True",,,,,"M",,,"Full Length",
"2076","Grape Feeding & Maternity Loungewear","Loungewear","LW0510","1480.00","10.00","148.00","rate","10.0","True",,,,,"L",,,"Full Length",
"2077","Grape Feeding & Maternity Loungewear","Loungewear","LW0511","1480.00","10.00","148.00","rate","3.0","True",,,,,"XL",,,"Full Length",
"2078","Grape Feeding & Maternity Loungewear","Loungewear","LW0512","1480.00","10.00","148.00","rate","11.0","True",,,,,"XXL",,,"Full Length",
"2091","Pine Feeding & Maternity Loungewear","Loungewear","LW0513","1480.00","10.00","148.00","rate","","True",,,,,"XS",,,"Calf Length",
"2092","Pine Feeding & Maternity Loungewear","Loungewear","LW0514","1480.00","10.00","148.00","rate","11.0","True",,,,,"S",,,"Calf Length",
"2093","Pine Feeding & Maternity Loungewear","Loungewear","LW0515","1480.00","10.00","148.00","rate","20.0","True",,,,,"M",,,"Calf Length",
"2094","Pine Feeding & Maternity Loungewear","Loungewear","LW0516","1480.00","10.00","148.00","rate","19.0","True",,,,,"L",,,"Calf Length",
"2095","Pine Feeding & Maternity Loungewear","Loungewear","LW0517","1480.00","10.00","148.00","rate","8.0","True",,,,,"XL",,,"Calf Length",
"2096","Pine Feeding & Maternity Loungewear","Loungewear","LW0518","1480.00","10.00","148.00","rate","9.0","True",,,,,"XXL",,,"Calf Length",
"2097","Pine Feeding & Maternity Loungewear","Loungewear","LW0519","1480.00","10.00","148.00","rate","","True",,,,,"XS",,,"Full Length",
"2098","Pine Feeding & Maternity Loungewear","Loungewear","LW0520","1480.00","10.00","148.00","rate","3.0","True",,,,,"S",,,"Full Length",
"2099","Pine Feeding & Maternity Loungewear","Loungewear","LW0521","1480.00","10.00","148.00","rate","21.0","True",,,,,"M",,,"Full Length",
"2100","Pine Feeding & Maternity Loungewear","Loungewear","LW0522","1480.00","10.00","148.00","rate","25.0","True",,,,,"L",,,"Full Length",
"2101","Pine Feeding & Maternity Loungewear","Loungewear","LW0523","1480.00","10.00","148.00","rate","10.0","True",,,,,"XL",,,"Full Length",
"2102","Pine Feeding & Maternity Loungewear","Loungewear","LW0524","1480.00","10.00","148.00","rate","8.0","True",,,,,"XXL",,,"Full Length",
"2185","24K Tussar Midi","Dresses","MAXI2217","1240.00","30.00","372.00","rate","","True",,,,,"M",,,,"clearance"
"2186","24K Tussar Midi","Dresses","MAXI2218","1240.00","30.00","372.00","rate","","True",,,,,"L",,,,"clearance"
"2242","Butterfly Tussar Midi","Dresses","MAXI2330","1240.00","20.00","248.00","rate","","True",,,,,"M",,,,"Dress with Great Discount,clearance"
"2243","Butterfly Tussar Midi","Dresses","MAXI2331","1240.00","20.00","248.00","rate","","True",,,,,"L",,,,"clearance,Dress with Great Discount"
"2261","Pitch Black Rayon Midi Dress","Dresses","MAXI2422","1990.00","15.00","298.50","rate","","True","Black","Cotton",,"V Neck","XS",,,"MIDI","Dark Collections,denims"
"2262","Pitch Black Rayon Midi Dress","Dresses","MAXI2423","1990.00","15.00","298.50","rate","5.0","True","Black","Cotton",,"V Neck","S",,,"MIDI","denims,Dark Collections"
"2263","Pitch Black Rayon Midi Dress","Dresses","MAXI2424","1990.00","15.00","298.50","rate","17.0","True","Black","Cotton",,"V Neck","M",,,"MIDI","denims,Dark Collections"
"2264","Pitch Black Rayon Midi Dress","Dresses","MAXI2425","1990.00","15.00","298.50","rate","11.0","True","Black","Cotton",,"V Neck","L",,,"MIDI","denims,Dark Collections"
"2265","Pitch Black Rayon Midi Dress","Dresses","MAXI2426","1990.00","15.00","298.50","rate","15.0","True","Black","Cotton",,"V Neck","XL",,,"MIDI","denims,Dark Collections"
"2266","Pitch Black Rayon Midi Dress","Dresses","MAXI2427","1990.00","15.00","298.50","rate","7.0","True","Black","Cotton",,"V Neck","XXL",,,"MIDI","denims,Dark Collections"
"2267","Pitch Black Rayon Midi Dress","Dresses","MAXI2428","1990.00","15.00","298.50","rate","3.0","True","Black","Cotton",,"V Neck","XXXL",,,"MIDI","denims,Dark Collections"
"2293","BUDGET* Dandelions Feeding & Maternity  Loungewear","Loungewear","LW2447","888.00","","","rate","","True",,,,,"XS",,,,
"2294","BUDGET* Dandelions Feeding & Maternity  Loungewear","Loungewear","LW2448","888.00","","","rate","","True",,,,,"S",,,,
"2295","BUDGET* Dandelions Feeding & Maternity  Loungewear","Loungewear","LW2449","888.00","","","rate","","True",,,,,"M",,,,
"2296","BUDGET* Dandelions Feeding & Maternity  Loungewear","Loungewear","LW2450","888.00","","","rate","","True",,,,,"L",,,,
"2297","BUDGET* Dandelions Feeding & Maternity  Loungewear","Loungewear","LW2451","888.00","","","rate","","True",,,,,"XL",,,,
"2298","BUDGET* Dandelions Feeding & Maternity  Loungewear","Loungewear","LW2452","888.00","","","rate","","True",,,,,"XXL",,,,
"2299","BUDGET* Blue Lotus  Feeding & Maternity  Loungewear","Loungewear","LW2453","888.00","","","rate","","True",,,,,"XS",,,,
"2300","BUDGET* Blue Lotus  Feeding & Maternity  Loungewear","Loungewear","LW2454","888.00","","","rate","","True",,,,,"S",,,,
"2301","BUDGET* Blue Lotus  Feeding & Maternity  Loungewear","Loungewear","LW2455","888.00","","","rate","","True",,,,,"M",,,,
"2302","BUDGET* Blue Lotus  Feeding & Maternity  Loungewear","Loungewear","LW2456","888.00","","","rate","","True",,,,,"L",,,,
"2303","BUDGET* Blue Lotus  Feeding & Maternity  Loungewear","Loungewear","LW2457","888.00","","","rate","","True",,,,,"XL",,,,
"2304","BUDGET* Blue Lotus  Feeding & Maternity  Loungewear","Loungewear","LW2458","888.00","","","rate","","True",,,,,"XXL",,,,
"2417","BUDGET* Ball pattern Feeding / Maternity  Loungewear","Loungewear","LW2460","888.00","40.00","355.20","rate","","True",,,,,"S",,,,
"2418","BUDGET* Ball pattern Feeding / Maternity  Loungewear","Loungewear","LW2461","888.00","40.00","355.20","rate","","True",,,,,"M",,,,
"2419","BUDGET* Ball pattern Feeding / Maternity  Loungewear","Loungewear","LW2462","888.00","40.00","355.20","rate","","True",,,,,"L",,,,
"2420","BUDGET* Ball pattern Feeding / Maternity  Loungewear","Loungewear","LW2463","888.00","40.00","355.20","rate","","True",,,,,"XL",,,,
"2421","BUDGET* Ball pattern Feeding / Maternity  Loungewear","Loungewear","LW2464","888.00","40.00","355.20","rate","","True",,,,,"XXL",,,,
"2452","Green Triangular Tussar Midi","Dresses","MAXI2589","1350.00","40.00","540.00","rate","","True",,,,,"M",,,,"clearance"
"2453","Green Triangular Tussar Midi","Dresses","MAXI2590","1350.00","40.00","540.00","rate","","True",,,,,"L",,,,"clearance"
"2462","Thook Amma Denim Hip Carrier","Baby carrier","TAHIPDENIM","3490.00","35.00","1221.50","rate","","True",,,,,,,,,"Baby Carrier"
"2463","Paavay Thottil","Baby carrier","THOTDENIM","2700.00","40.00","1080.00","rate","51.0","True","DENIM",,,,,,,,"Baby Carrier,Top Picks"
"2465","BUDGET* Ball pattern Feeding / Maternity  Loungewear","Loungewear","LW2459","888.00","40.00","355.20","rate","","True",,,,,"XS",,,,
"2596","White Schiffili Midi Dress","Dresses","MAXI2629","1280.00","20.00","256.00","rate","","True",,,,,"XS",,,,"Clearance"
"2597","White Schiffili Midi Dress","Dresses","MAXI2630","1280.00","20.00","256.00","rate","","True",,,,,"S",,,,"Clearance"
"2598","White Schiffili Midi Dress","Dresses","MAXI2631","1280.00","20.00","256.00","rate","","True",,,,,"M",,,,"Clearance"
"2599","White Schiffili Midi Dress","Dresses","MAXI2632","1280.00","20.00","256.00","rate","","True",,,,,"L",,,,"Clearance"
"2600","White Schiffili Midi Dress","Dresses","MAXI2633","1280.00","20.00","256.00","rate","","True",,,,,"XL",,,,"Clearance"
"2601","White Schiffili Midi Dress","Dresses","MAXI2634","1280.00","20.00","256.00","rate","","True",,,,,"XXL",,,,"Clearance"
"2602","White Schiffili Midi Dress","Dresses","MAXI2635","1280.00","20.00","256.00","rate","","True",,,,,"XXXL",,,,"Clearance"
"2603","Paavay Thottil","Baby carrier","THOTPINK","2700.00","40.00","1080.00","rate","","True","Pink",,,,,,,,"Baby Carrier,Top Picks"
"2655","Navy Leaf Chiffon Midi","Dresses","MAXI2650","1380.00","30.00","414.00","rate","","True",,,,,"XS",,,,"Clearance"
"2656","Navy Leaf Chiffon Midi","Dresses","MAXI2651","1380.00","30.00","414.00","rate","","True",,,,,"S",,,,"Clearance"
"2657","Navy Leaf Chiffon Midi","Dresses","MAXI2652","1380.00","30.00","414.00","rate","","True",,,,,"M",,,,"Clearance"
"2658","Navy Leaf Chiffon Midi","Dresses","MAXI2653","1380.00","30.00","414.00","rate","","True",,,,,"L",,,,"Clearance"
"2659","Navy Leaf Chiffon Midi","Dresses","MAXI2654","1380.00","30.00","414.00","rate","","True",,,,,"XL",,,,"Clearance"
"2660","Navy Leaf Chiffon Midi","Dresses","MAXI2655","1380.00","30.00","414.00","rate","","True",,,,,"XXL",,,,"Clearance"
"2661","Navy Leaf Chiffon Midi","Dresses","MAXI2656","1380.00","30.00","414.00","rate","","True",,,,,"XXXL",,,,"Clearance"
"2749","Firefly","Saree Contours","","1190.00","25.00","297.50","rate","","True","firefly",,,,"Skinny","micro",,,"Saree Contours"
"2751","Firefly","Saree Contours","FIREFLYS014","1190.00","25.00","297.50","rate","","True","firefly",,,,"Skinny","MINI",,,"Saree Contours"
"2752","Firefly","Saree Contours","FIREFLYS015","1190.00","25.00","297.50","rate","","True","firefly",,,,"Skinny","MAXI",,,"Saree Contours"
"2754","Firefly","Saree Contours","FIREFLYS016","1190.00","25.00","297.50","rate","8.0","True","firefly",,,,"SKUBBY","micro",,,"Saree Contours"
"2755","Firefly","Saree Contours","FIREFLYS017","1190.00","25.00","297.50","rate","","True","firefly",,,,"SKUBBY","MINI",,,"Saree Contours"
"2756","Firefly","Saree Contours","FIREFLYSO18","1190.00","25.00","297.50","rate","","True","firefly",,,,"SKUBBY","MAXI",,,"Saree Contours"
"2757","Firefly","Saree Contours","FIREFLYSO19","1190.00","25.00","297.50","rate","","True","firefly",,,,"PLUMPY","micro",,,"clearout,Saree Contours"
"2758","Firefly","Saree Contours","FIREFLYSO20","1190.00","25.00","297.50","rate","","True","firefly",,,,"PLUMPY","MINI",,,"Saree Contours"
"2759","Firefly","Saree Contours","FIREFLYSO21","1190.00","25.00","297.50","rate","","True","firefly",,,,"PLUMPY","MAXI",,,"Saree Contours"
"2760","Firefly","Saree Contours","FIREFLYSO22","1190.00","25.00","297.50","rate","","True","firefly",,,,"CHUNKY","micro",,,"Saree Contours"
"2761","Firefly","Saree Contours","FIREFLYSO23","1190.00","25.00","297.50","rate","","True","firefly",,,,"CHUNKY","MINI",,,"Saree Contours"
"2762","Firefly","Saree Contours","FIREFLYSO24","1190.00","25.00","297.50","rate","","True","firefly",,,,"CHUNKY","MAXI",,,"Saree Contours"
"2799","Pink Chick Maternity & Feeding Premium Loungewear","Loungewear","LW0561","1640.00","30.00","492.00","rate","","True",,,,,"XS",,,"Full Length",
"2800","Pink Chick Maternity & Feeding Premium Loungewear","Loungewear","LW0562","1640.00","30.00","492.00","rate","","True",,,,,"S",,,"Full Length",
"2801","Pink Chick Maternity & Feeding Premium Loungewear","Loungewear","LW0563","1640.00","30.00","492.00","rate","","True",,,,,"M",,,"Full Length",
"2802","Pink Chick Maternity & Feeding Premium Loungewear","Loungewear","LW0564","1640.00","30.00","492.00","rate","","True",,,,,"L",,,"Full Length",
"2803","Pink Chick Maternity & Feeding Premium Loungewear","Loungewear","LW0565","1640.00","30.00","492.00","rate","","True",,,,,"XL",,,"Full Length",
"2804","Pink Chick Maternity & Feeding Premium Loungewear","Loungewear","LW0566","1640.00","30.00","492.00","rate","","True",,,,,"XXL",,,"Full Length",
"2805","Pink Chick Maternity & Feeding Premium Loungewear","Loungewear","LW0567","1640.00","30.00","492.00","rate","","True",,,,,"XS",,,"CALF LENGTH","New Arrivals"
"2806","Pink Chick Maternity & Feeding Premium Loungewear","Loungewear","LW0568","1640.00","30.00","492.00","rate","","True",,,,,"S",,,"CALF LENGTH",
"2807","Pink Chick Maternity & Feeding Premium Loungewear","Loungewear","LW0569","1640.00","30.00","492.00","rate","","True",,,,,"M",,,"CALF LENGTH","clearance"
"2809","LUXURY* Blue Lagoon Maternity & Feeding Premium Loungewear","Loungewear","LW05673","1640.00","50.00","820.00","rate","","True",,,,,"XS",,,"Full length","Sale Products"
"2810","LUXURY* Blue Lagoon Maternity & Feeding Premium Loungewear","Loungewear","LW05674","1640.00","50.00","820.00","rate","","True",,,,,"S",,,"Full Length","Sale Products"
"2811","LUXURY* Blue Lagoon Maternity & Feeding Premium Loungewear","Loungewear","LW05675","1640.00","50.00","820.00","rate","","True",,,,,"M",,,"Full Length","Sale Products"
"2812","Pink Chick Maternity & Feeding Premium Loungewear","Loungewear","LW0570","1640.00","30.00","492.00","rate","","True",,,,,"L",,,"CALF LENGTH","clearance"
"2813","LUXURY* Blue Lagoon Maternity & Feeding Premium Loungewear","Loungewear","LW05676","1640.00","50.00","820.00","rate","","True",,,,,"L",,,"Full Length","Sale Products"
"2814","LUXURY* Blue Lagoon Maternity & Feeding Premium Loungewear","Loungewear","LW05677","1640.00","50.00","820.00","rate","","True",,,,,"XL",,,"Full Length","Sale Products"
"2815","Pink Chick Maternity & Feeding Premium Loungewear","Loungewear","LW0571","1640.00","30.00","492.00","rate","","True",,,,,"XL",,,"CALF LENGTH",
"2816","Pink Chick Maternity & Feeding Premium Loungewear","Loungewear","LW0572","1640.00","30.00","492.00","rate","","True",,,,,"XXL",,,"CALF LENGTH","clearance"
"2817","LUXURY* Blue Lagoon Maternity & Feeding Premium Loungewear","Loungewear","LW05678","1640.00","50.00","820.00","rate","","True",,,,,"XXL",,,"Full Length","Sale Products"
"2818","LUXURY* Blue Lagoon Maternity & Feeding Premium Loungewear","Loungewear","LW05679","1480.00","50.00","740.00","rate","","True",,,,,"XS",,,"Calf Length","Sale Products"
"2820","LUXURY* Blue Lagoon Maternity & Feeding Premium Loungewear","Loungewear","LW05680","1480.00","50.00","740.00","rate","","True",,,,,"S",,,"Calf Length","Sale Products"
"2821","LUXURY* Blue Lagoon Maternity & Feeding Premium Loungewear","Loungewear","LW05681","1480.00","50.00","740.00","rate","","True",,,,,"M",,,"Calf Length","Sale Products"
"2822","LUXURY* Blue Lagoon Maternity & Feeding Premium Loungewear","Loungewear","LW05682","1480.00","50.00","740.00","rate","","True",,,,,"L",,,"Calf Length","Sale Products"
"2823","LUXURY* Blue Lagoon Maternity & Feeding Premium Loungewear","Loungewear","LW05683","1480.00","50.00","740.00","rate","","True",,,,,"XL",,,"Calf Length","Sale Products"
"2824"," Grey Ice Maternity & Feeding Premium Loungewear","Loungewear","LW0585","1480.00","50.00","740.00","rate","","True",,,,,"XS",,,"FULL LENGTH",
"2825"," Grey Ice Maternity & Feeding Premium Loungewear","Loungewear","LW0586","1480.00","50.00","740.00","rate","","True",,,,,"S",,,"FULL LENGTH",
"2826","LUXURY* Blue Lagoon Maternity & Feeding Premium Loungewear","Loungewear","LW05684","1480.00","50.00","740.00","rate","","True",,,,,"XXL",,,"Calf Length","Sale Products"
"2827"," Grey Ice Maternity & Feeding Premium Loungewear","Loungewear","LW0587","1480.00","50.00","740.00","rate","","True",,,,,"M",,,"FULL LENGTH",
"2828"," Grey Ice Maternity & Feeding Premium Loungewear","Loungewear","LW0588","1480.00","50.00","740.00","rate","","True",,,,,"L",,,"FULL LENGTH",
"2829"," Grey Ice Maternity & Feeding Premium Loungewear","Loungewear","LW0589","1480.00","50.00","740.00","rate","","True",,,,,"XL",,,"FULL LENGTH",
"2831"," Grey Ice Maternity & Feeding Premium Loungewear","Loungewear","LW0590","1480.00","50.00","740.00","rate","","True",,,,,"XXL",,,"FULL LENGTH",
"2832"," Grey Ice Maternity & Feeding Premium Loungewear","Loungewear","LW0591","1480.00","50.00","740.00","rate","","True",,,,,"XS",,,"CALF LENGTH",
"2833"," Lush Maternity & Feeding Premium Loungewear","Loungewear","LW05697","1480.00","30.00","444.00","rate","","True",,,,,"XS",,,"Full Length","Best Sellers"
"2834"," Grey Ice Maternity & Feeding Premium Loungewear","Loungewear","LW0592","1480.00","50.00","740.00","rate","","True",,,,,"S",,,"CALF LENGTH",
"2835"," Lush Maternity & Feeding Premium Loungewear","Loungewear","LW05698","1480.00","30.00","444.00","rate","","True",,,,,"S",,,"Full Length","Best Sellers"
"2836"," Grey Ice Maternity & Feeding Premium Loungewear","Loungewear","LW0593","1480.00","50.00","740.00","rate","","True",,,,,"M",,,"CALF LENGTH",
"2838"," Grey Ice Maternity & Feeding Premium Loungewear","Loungewear","LW0594","1480.00","50.00","740.00","rate","","True",,,,,"L",,,"CALF LENGTH",
"2839"," Lush Maternity & Feeding Premium Loungewear","Loungewear","LW05699","1480.00","30.00","444.00","rate","","True",,,,,"M",,,"Full Length","clearance"
"2840"," Grey Ice Maternity & Feeding Premium Loungewear","Loungewear","LW0595","1480.00","50.00","740.00","rate","","True",,,,,"XL",,,"CALF LENGTH",
"2841"," Lush Maternity & Feeding Premium Loungewear","Loungewear","LW05700","1480.00","30.00","444.00","rate","","True",,,,,"L",,,"Full Length","Best Sellers,clearance"
"2842"," Grey Ice Maternity & Feeding Premium Loungewear","Loungewear","LW0596","1480.00","50.00","740.00","rate","","True",,,,,"XXL",,,"CALF LENGTH",
"2843"," Lush Maternity & Feeding Premium Loungewear","Loungewear","LW05701","1480.00","30.00","444.00","rate","","True",,,,,"XL",,,"Full Length","Best Sellers"
"2844"," Lush Maternity & Feeding Premium Loungewear","Loungewear","LW05702","1480.00","30.00","444.00","rate","","True",,,,,"XXL",,,"Full Length","Best Sellers"
"2845"," Lush Maternity & Feeding Premium Loungewear","Loungewear","LW05703","1480.00","30.00","444.00","rate","","True",,,,,"XS",,,"Calf length","Best Sellers"
"2846"," Lush Maternity & Feeding Premium Loungewear","Loungewear","LW05704","1480.00","30.00","444.00","rate","","True",,,,,"S",,,"Calf length","Best Sellers"
"2847"," Lush Maternity & Feeding Premium Loungewear","Loungewear","LW05705","1480.00","30.00","444.00","rate","","True",,,,,"M",,,"Calf length","clearance"
"2848"," Lush Maternity & Feeding Premium Loungewear","Loungewear","LW05706","1480.00","30.00","444.00","rate","","True",,,,,"L",,,"Calf length","clearance"
"2849"," Lush Maternity & Feeding Premium Loungewear","Loungewear","LW05707","1480.00","30.00","444.00","rate","","True",,,,,"XL",,,"Calf length","Best Sellers"
"2850"," Lush Maternity & Feeding Premium Loungewear","Loungewear","LW05708","1480.00","30.00","444.00","rate","","True",,,,,"XXL",,,"Calf length","Best Sellers"
"2928","Orange Duck Printed Feeding & Maternity Cotton Loungewear","Loungewear","CL0055","599.00","","","rate","","True",,,,,"XS",,,"Calf Length","Clearance Sale"
"2929","Orange Duck Printed Feeding & Maternity Cotton Loungewear","Loungewear","CL0056","599.00","","","rate","","True",,,,,"S",,,"Calf Length","Clearance Sale"
"2930","Orange Duck Printed Feeding & Maternity Cotton Loungewear","Loungewear","CL0057","599.00","","","rate","","True",,,,,"M",,,"Calf Length","Clearance Sale"
"2931","Orange Duck Printed Feeding & Maternity Cotton Loungewear","Loungewear","CL0058","599.00","","","rate","","True",,,,,"L",,,"Calf Length","Clearance Sale"
"2932","Orange Duck Printed Feeding & Maternity Cotton Loungewear","Loungewear","CL0059","599.00","","","rate","","True",,,,,"XL",,,"Calf Length","Clearance Sale"
"2933","Orange Duck Printed Feeding & Maternity Cotton Loungewear","Loungewear","CL0060","599.00","","","rate","","True",,,,,"XXL",,,"Calf Length","Clearance Sale"
"2934","Orange Duck Printed Feeding & Maternity Cotton Loungewear","Loungewear","CL0061","599.00","","","rate","","True",,,,,"XS",,,"Full Length","Clearance Sale"
"2935","Orange Duck Printed Feeding & Maternity Cotton Loungewear","Loungewear","CL0062","599.00","","","rate","","True",,,,,"S",,,"Full Length","Clearance Sale"
"2937","Orange Duck Printed Feeding & Maternity Cotton Loungewear","Loungewear","CL0063","599.00","","","rate","","True",,,,,"M",,,"Full Length","Clearance Sale"
"2938","Orange Duck Printed Feeding & Maternity Cotton Loungewear","Loungewear","CL0064","599.00","","","rate","","True",,,,,"L",,,"Full Length","Clearance Sale"
"2939","Orange Duck Printed Feeding & Maternity Cotton Loungewear","Loungewear","CL0065","599.00","","","rate","","True",,,,,"XL",,,"Full Length","Clearance Sale"
"2940","Orange Duck Printed Feeding & Maternity Cotton Loungewear","Loungewear","CL0066","599.00","","","rate","","True",,,,,"XXL",,,"Full Length","Clearance Sale"
"2943","Turquoise Ball Printed Feeding & Maternity Cotton Loungewear","Loungewear","CL0067","799.00","","","rate","","True",,,,,"XS",,,"Calf Length","clearance,Clearance Sale"
"2944","Turquoise Ball Printed Feeding & Maternity Cotton Loungewear","Loungewear","CL0068","799.00","","","rate","","True",,,,,"S",,,"Calf Length","Clearance Sale"
"2945","Turquoise Ball Printed Feeding & Maternity Cotton Loungewear","Loungewear","CL0069","799.00","","","rate","","True",,,,,"M",,,"Calf Length","Clearance Sale"
"2946","Turquoise Ball Printed Feeding & Maternity Cotton Loungewear","Loungewear","CL0070","799.00","","","rate","","True",,,,,"L",,,"Calf Length","Clearance Sale"
"2947","Turquoise Ball Printed Feeding & Maternity Cotton Loungewear","Loungewear","CL0071","799.00","","","rate","","True",,,,,"XL",,,"Calf Length","Clearance Sale"
"2949","Turquoise Ball Printed Feeding & Maternity Cotton Loungewear","Loungewear","CL0072","799.00","","","rate","","True",,,,,"XXL",,,"Calf Length","Clearance Sale"
"2950","Turquoise Ball Printed Feeding & Maternity Cotton Loungewear","Loungewear","CL0073","799.00","","","rate","","True",,,,,"XS",,,"Full Length","Clearance Sale"
"2951","Turquoise Ball Printed Feeding & Maternity Cotton Loungewear","Loungewear","CL0074","799.00","","","rate","","True",,,,,"S",,,"Full Length","Clearance Sale"
"2953","Turquoise Ball Printed Feeding & Maternity Cotton Loungewear","Loungewear","CL0075","799.00","","","rate","","True",,,,,"M",,,"Full Length","Clearance Sale"
"2954","Turquoise Ball Printed Feeding & Maternity Cotton Loungewear","Loungewear","CL0076","799.00","","","rate","","True",,,,,"L",,,"Full Length","Clearance Sale"
"2955","Turquoise Ball Printed Feeding & Maternity Cotton Loungewear","Loungewear","CL0077","799.00","","","rate","","True",,,,,"XL",,,"Full Length","Clearance Sale"
"2956","Turquoise Ball Printed Feeding & Maternity Cotton Loungewear","Loungewear","CL0078","799.00","","","rate","","True",,,,,"XXL",,,"Full Length","Clearance Sale"
"3146","Easy Carry","Baby carrier","EASYDENIM","1999.00","50.00","999.50","rate","44.0","True","Denim",,,,,,,,"Baby Carrier"
"3147","Easy Carry","Baby carrier","EASYPINK","1999.00","50.00","999.50","rate","1.0","True","PINK",,,,,,,,"Baby Carrier"
"3148","Easy Carry","Baby carrier","EASYBEIGE","1999.00","50.00","999.50","rate","26.0","True","BEIGE",,,,,,,,"Baby Carrier"
"3149","Thook Amma Baby Hip Carrier-LUXE","Baby carrier","TAHIPOYSTER","4895.00","30.00","1468.50","rate","","True","OYSTER",,,,,,,,"Baby Carrier"
"3150","Snuggle Seat – Baby Low Chair","Baby carrier","BABYCHAIR","7980.00","50.00","3990.00","rate","11.0","True",,,,,,,,,"Parents Essentials"
"3191","Varnam Chiffon Maxi ","Dresses","MAXI2921","2180.00","15.00","327.00","rate","","True",,"Chiffon",,"V Neck","XS",,,"Maxi","Superhit,Best Sellers"
"3192","Varnam Chiffon Maxi ","Dresses","MAXI2922","2180.00","15.00","327.00","rate","","True",,"Chiffon",,"V Neck","S",,,"Maxi","Best Sellers,Superhit"
"3193","Varnam Chiffon Maxi ","Dresses","MAXI2923","2180.00","15.00","327.00","rate","","True",,"Chiffon",,"V Neck","M",,,"Maxi","Superhit,Best Sellers"
"3194","Varnam Chiffon Maxi ","Dresses","MAXI2924","2180.00","15.00","327.00","rate","","True",,"Chiffon",,"V Neck","L",,,"Maxi","Best Sellers,Superhit"
"3195","Varnam Chiffon Maxi ","Dresses","MAXI2925","2180.00","15.00","327.00","rate","","True",,"Chiffon",,"V Neck","XL",,,"Maxi","Best Sellers,Superhit"
"3196","Varnam Chiffon Maxi ","Dresses","MAXI2926","2180.00","15.00","327.00","rate","","True",,"Chiffon",,"V Neck","XXL",,,"Maxi","Superhit,Best Sellers"
"3197","Varnam Chiffon Maxi ","Dresses","MAXI2927","2180.00","15.00","327.00","rate","","True",,"Chiffon",,"V Neck","XXXL",,,"Maxi","Best Sellers,Superhit"
"3219","Denim Long Shirt Dress","Dresses","MAXI2942","2199.00","15.00","329.85","rate","","True","BLUE","Cotton",,"Close Neck","XS",,,"Maxi","denims"
"3220","Denim Long Shirt Dress","Dresses","MAXI2943","2199.00","15.00","329.85","rate","","True","BLUE","Cotton",,"Close Neck","S",,,"Maxi","denims"
"3223","Denim Long Shirt Dress","Dresses","MAXI2944","2199.00","15.00","329.85","rate","6.0","True","BLUE","Cotton",,"Close Neck","M",,,"Maxi","denims"
"3224","Denim Long Shirt Dress","Dresses","MAXI2945","2199.00","15.00","329.85","rate","6.0","True","BLUE","Cotton",,"Close Neck","L",,,"Maxi","denims"
"3225","Denim Long Shirt Dress","Dresses","MAXI2946","2199.00","15.00","329.85","rate","","True","BLUE","Cotton",,"Close Neck","XL",,,"Maxi","denims"
"3226","Denim Long Shirt Dress","Dresses","MAXI2947","2199.00","15.00","329.85","rate","2.0","True","BLUE","Cotton",,"Close Neck","XXL",,,"Maxi","denims"
"3228","Denim Long Shirt Dress","Dresses","MAXI2948","2199.00","15.00","329.85","rate","","True","BLUE","Cotton",,"Close Neck","XXXL",,,"Maxi","denims"
"3267","Orange Duck Printed Feeding & Maternity Cotton Loungewear","Loungewear","LW5709","999.00","40.00","399.60","rate","","True",,,,,"XS",,,"Calf Length",
"3268","Orange Duck Printed Feeding & Maternity Cotton Loungewear","Loungewear","LW5710","999.00","40.00","399.60","rate","","True",,,,,"S",,,"Calf Length",
"3269","Orange Duck Printed Feeding & Maternity Cotton Loungewear","Loungewear","LW5711","999.00","40.00","399.60","rate","","True",,,,,"M",,,"Calf Length",
"3270","Orange Duck Printed Feeding & Maternity Cotton Loungewear","Loungewear","LW5712","999.00","40.00","399.60","rate","","True",,,,,"L",,,"Calf Length",
"3271","Orange Duck Printed Feeding & Maternity Cotton Loungewear","Loungewear","LW5713","999.00","40.00","399.60","rate","","True",,,,,"XL",,,"Calf Length",
"3272","Orange Duck Printed Feeding & Maternity Cotton Loungewear","Loungewear","LW5714","999.00","40.00","399.60","rate","","True",,,,,"XXL",,,"Calf Length",
"3273","Orange Duck Printed Feeding & Maternity Cotton Loungewear","Loungewear","LW5715","999.00","40.00","399.60","rate","","True",,,,,"XS",,,"Full Length",
"3274","Orange Duck Printed Feeding & Maternity Cotton Loungewear","Loungewear","LW5716","999.00","40.00","399.60","rate","","True",,,,,"S",,,"Full Length",
"3275","Orange Duck Printed Feeding & Maternity Cotton Loungewear","Loungewear","LW5717","999.00","40.00","399.60","rate","","True",,,,,"M",,,"Full Length","clearance"
"3276","Orange Duck Printed Feeding & Maternity Cotton Loungewear","Loungewear","LW5718","999.00","40.00","399.60","rate","","True",,,,,"L",,,"Full Length",
"3277","Orange Duck Printed Feeding & Maternity Cotton Loungewear","Loungewear","LW5719","999.00","40.00","399.60","rate","","True",,,,,"XL",,,"Full Length",
"3278","Orange Duck Printed Feeding & Maternity Cotton Loungewear","Loungewear","LW5720","999.00","40.00","399.60","rate","","True",,,,,"XXL",,,"Full Length",
"3279","Turquoise Ball Printed Feeding & Maternity Cotton Loungewear","Loungewear","LW5721","999.00","40.00","399.60","rate","","True",,,,,"XS",,,"Calf Length",
"3280","Turquoise Ball Printed Feeding & Maternity Cotton Loungewear","Loungewear","LW5722","999.00","40.00","399.60","rate","","True",,,,,"S",,,"Calf Length",
"3281","Turquoise Ball Printed Feeding & Maternity Cotton Loungewear","Loungewear","LW5723","999.00","40.00","399.60","rate","","True",,,,,"M",,,"Calf Length",
"3282","Turquoise Ball Printed Feeding & Maternity Cotton Loungewear","Loungewear","LW5724","999.00","40.00","399.60","rate","","True",,,,,"L",,,"Calf Length",
"3283","Turquoise Ball Printed Feeding & Maternity Cotton Loungewear","Loungewear","LW5725","999.00","40.00","399.60","rate","","True",,,,,"XL",,,"Calf Length",
"3284","Turquoise Ball Printed Feeding & Maternity Cotton Loungewear","Loungewear","LW5726","999.00","40.00","399.60","rate","","True",,,,,"XXL",,,"Calf Length",
"3285","Turquoise Ball Printed Feeding & Maternity Cotton Loungewear","Loungewear","LW5727","999.00","40.00","399.60","rate","","True",,,,,"XS",,,"Full Length","clearance"
"3286","Turquoise Ball Printed Feeding & Maternity Cotton Loungewear","Loungewear","LW5728","999.00","40.00","399.60","rate","","True",,,,,"S",,,"Full Length",
"3287","Turquoise Ball Printed Feeding & Maternity Cotton Loungewear","Loungewear","LW5729","999.00","40.00","399.60","rate","","True",,,,,"M",,,"Full Length","clearance"
"3288","Turquoise Ball Printed Feeding & Maternity Cotton Loungewear","Loungewear","LW5730","999.00","40.00","399.60","rate","","True",,,,,"L",,,"Full Length","clearance"
"3289","Turquoise Ball Printed Feeding & Maternity Cotton Loungewear","Loungewear","LW5731","999.00","40.00","399.60","rate","","True",,,,,"XL",,,"Full Length",
"3290","Turquoise Ball Printed Feeding & Maternity Cotton Loungewear","Loungewear","LW5732","999.00","40.00","399.60","rate","","True",,,,,"XXL",,,"Full Length",
"3358","Black Rayon Shirt","Dresses","SHIRT3021","1479.96","15.00","221.99","rate","2.0","True","Black","Cotton",,"V Neck","XS",,,,"denims,Superhit,Best Sellers"
"3359","Black Rayon Shirt","Dresses","SHIRT3022","1479.96","15.00","221.99","rate","","True","Black","Cotton",,"V Neck","S",,,,"denims,Superhit,Best Sellers"
"3360","Black Rayon Shirt","Dresses","SHIRT3023","1479.96","15.00","221.99","rate","4.0","True","Black","Cotton",,"V Neck","M",,,,"denims,Superhit,Best Sellers"
"3361","Black Rayon Shirt","Dresses","SHIRT3024","1479.96","15.00","221.99","rate","17.0","True","Black","Cotton",,"V Neck","L",,,,"denims,Superhit,Best Sellers"
"3362","Black Rayon Shirt","Dresses","SHIRT3025","1479.96","15.00","221.99","rate","3.0","True","Black","Cotton",,"V Neck","XL",,,,"denims,Superhit,Best Sellers"
"3363","Black Rayon Shirt","Dresses","SHIRT3026","1479.96","15.00","221.99","rate","11.0","True","Black","Cotton",,"V Neck","XXL",,,,"denims,Superhit,Best Sellers"
"3364","Black Rayon Shirt","Dresses","SHIRT3027","1479.96","15.00","221.99","rate","2.0","True","Black","Cotton",,"V Neck","XXXL",,,,"denims,Superhit,Best Sellers"
"3468","MIA","Ready to Wear Blouses","ANTIGOLDXS","690.00","25.00","172.50","rate","","True","Antique Gold",,,,"XS",,,,
"3469","MIA","Ready to Wear Blouses","ANTIGOLDS","690.00","25.00","172.50","rate","36.0","True","Antique Gold",,,,"S",,,,
"3470","MIA","Ready to Wear Blouses","ANTIGOLDM","690.00","25.00","172.50","rate","","True","Antique Gold",,,,"M",,,,
"3471","MIA","Ready to Wear Blouses","ANTIGOLDL","690.00","25.00","172.50","rate","25.0","True","Antique Gold",,,,"L",,,,
"3472","MIA","Ready to Wear Blouses","ANTIGOLDXL","690.00","25.00","172.50","rate","","True","Antique Gold",,,,"XL",,,,
"3473","MIA","Ready to Wear Blouses","BLACKXS","690.00","25.00","172.50","rate","","True","BLACK",,,,"XS",,,,
"3474","MIA","Ready to Wear Blouses","BLACKS","690.00","25.00","172.50","rate","","True","BLACK",,,,"S",,,,
"3475","MIA","Ready to Wear Blouses","BLACKM","690.00","25.00","172.50","rate","","True","BLACK",,,,"M",,,,
"3476","MIA","Ready to Wear Blouses","BLACKL","690.00","25.00","172.50","rate","","True","BLACK",,,,"L",,,,
"3477","MIA","Ready to Wear Blouses","BLACKXL","690.00","25.00","172.50","rate","","True","BLACK",,,,"XL",,,,
"3478","MIA","Ready to Wear Blouses","DENIMXS","690.00","25.00","172.50","rate","","True","DENIM",,,,"XS",,,,
"3479","MIA","Ready to Wear Blouses","DENIMS","690.00","25.00","172.50","rate","76.0","True","DENIM",,,,"S",,,,
"3480","MIA","Ready to Wear Blouses","DENIMM","690.00","25.00","172.50","rate","32.0","True","DENIM",,,,"M",,,,
"3481","MIA","Ready to Wear Blouses","DENIML","690.00","25.00","172.50","rate","59.0","True","DENIM",,,,"L",,,,
"3482","MIA","Ready to Wear Blouses","DENIMXL","690.00","25.00","172.50","rate","","True","DENIM",,,,"XL",,,,
"3484","EMILY","Ready to Wear Blouses","ANTIGXS","690.00","25.00","172.50","rate","","True","ANTIQUE GOLD",,,,"XS",,,,
"3485","EMILY","Ready to Wear Blouses","ANTIGS","690.00","25.00","172.50","rate","20.0","True","ANTIQUE GOLD",,,,"S",,,,
"3486","EMILY","Ready to Wear Blouses","ANTIGM","690.00","25.00","172.50","rate","","True","ANTIQUE GOLD",,,,"M",,,,
"3487","EMILY","Ready to Wear Blouses","ANTIGL","690.00","25.00","172.50","rate","","True","ANTIQUE GOLD",,,,"L",,,,
"3488","EMILY","Ready to Wear Blouses","ANTIGXL","690.00","25.00","172.50","rate","","True","ANTIQUE GOLD",,,,"XL",,,,
"3491","EMILY","Ready to Wear Blouses","BLACK0XS","690.00","25.00","172.50","rate","","True","BLACK",,,,"XS",,,,
"3492","EMILY","Ready to Wear Blouses","BLACK0S","690.00","25.00","172.50","rate","","True","BLACK",,,,"S",,,,
"3493","EMILY","Ready to Wear Blouses","BLACK0M","690.00","25.00","172.50","rate","","True","BLACK",,,,"M",,,,
"3494","EMILY","Ready to Wear Blouses","BLACK0L","690.00","25.00","172.50","rate","","True","BLACK",,,,"L",,,,
"3495","EMILY","Ready to Wear Blouses","BLACK0XL","690.00","25.00","172.50","rate","","True","BLACK",,,,"XL",,,,
"3496","EMILY","Ready to Wear Blouses","DENIM0XS","690.00","25.00","172.50","rate","","True","DENIM",,,,"XS",,,,
"3497","EMILY","Ready to Wear Blouses","DENIM0S","690.00","25.00","172.50","rate","48.0","True","DENIM",,,,"S",,,,
"3498","EMILY","Ready to Wear Blouses","DENIM0M","690.00","25.00","172.50","rate","","True","DENIM",,,,"M",,,,
"3499","EMILY","Ready to Wear Blouses","DENIM0L","690.00","25.00","172.50","rate","","True","DENIM",,,,"L",,,,
"3500","EMILY","Ready to Wear Blouses","DENIM0XL","690.00","25.00","172.50","rate","","True","DENIM",,,,"XL",,,,
"3510","Thook Amma Baby Hip Carrier-LUXE","Baby carrier","TAHIPCHESTNUT","4895.00","30.00","1468.50","rate","39.0","True","CHESTNUT",,,,,,,,"Baby Carrier"
"4014","Veronica Pleated Georgette Midi","Dresses","MIDI3571","1890.00","40.00","756.00","rate","","True",,,,,"XS",,,,"Best Sellers"
"4015","Veronica Pleated Georgette Midi","Dresses","MIDI3572","1890.00","40.00","756.00","rate","","True",,,,,"S",,,,"Clearance,Best Sellers"
"4016","Veronica Pleated Georgette Midi","Dresses","MIDI3573","1890.00","40.00","756.00","rate","","True",,,,,"M",,,,"Clearance,Best Sellers"
"4017","Veronica Pleated Georgette Midi","Dresses","MIDI3574","1890.00","40.00","756.00","rate","","True",,,,,"L",,,,"Best Sellers"
"4018","Veronica Pleated Georgette Midi","Dresses","MIDI3575","1890.00","40.00","756.00","rate","","True",,,,,"XL",,,,"Best Sellers,Clearance"
"4019","Veronica Pleated Georgette Midi","Dresses","MIDI3576","1890.00","40.00","756.00","rate","","True",,,,,"XXL",,,,"Best Sellers"
"4020","Veronica Pleated Georgette Midi","Dresses","MIDI3577","1890.00","40.00","756.00","rate","","True",,,,,"XXXL",,,,"Best Sellers"
"4029","Sleeve","Dresses","","100.00","","","rate","","",,,,,,,,,
"4030","Sleeveless","Dresses","","100.00","","","rate","","",,,,,,,,,
"4094","Blush Fit and Flare Georgette Maxi","Dresses","MAXI3578","2240.00","40.00","896.00","rate","","True",,,,,"XS",,,,"Flowy Chiffon Dresses"
"4095","Blush Fit and Flare Georgette Maxi","Dresses","MAXI3579","2240.00","40.00","896.00","rate","","True",,,,,"S",,,,"Flowy Chiffon Dresses"
"4096","Blush Fit and Flare Georgette Maxi","Dresses","MAXI3580","2240.00","40.00","896.00","rate","","True",,,,,"M",,,,"Clearance,Flowy Chiffon Dresses"
"4097","Blush Fit and Flare Georgette Maxi","Dresses","MAXI3581","2240.00","40.00","896.00","rate","","True",,,,,"L",,,,"Flowy Chiffon Dresses"
"4098","Blush Fit and Flare Georgette Maxi","Dresses","MAXI3582","2240.00","40.00","896.00","rate","","True",,,,,"XL",,,,"Flowy Chiffon Dresses"
"4099","Blush Fit and Flare Georgette Maxi","Dresses","MAXI3583","2240.00","40.00","896.00","rate","","True",,,,,"XXL",,,,"Flowy Chiffon Dresses"
"4100","Blush Fit and Flare Georgette Maxi","Dresses","MAXI3584","2240.00","40.00","896.00","rate","","True",,,,,"XXXL",,,,"Flowy Chiffon Dresses"
"4166","Verdant Flared Georgette Maxi","Dresses","MAXI3585","2240.00","40.00","896.00","rate","","True",,,,,"XS",,,,"clearance"
"4167","Verdant Flared Georgette Maxi","Dresses","MAXI3586","2240.00","40.00","896.00","rate","","True",,,,,"S",,,,"clearance"
"4168","Verdant Flared Georgette Maxi","Dresses","MAXI3587","2240.00","40.00","896.00","rate","","True",,,,,"M",,,,"clearance"
"4169","Verdant Flared Georgette Maxi","Dresses","MAXI3588","2240.00","40.00","896.00","rate","","True",,,,,"L",,,,"clearance"
"4171","Verdant Flared Georgette Maxi","Dresses","MAXI3589","2240.00","40.00","896.00","rate","","True",,,,,"XL",,,,"clearance"
"4173","Verdant Flared Georgette Maxi","Dresses","MAXI3590","2240.00","40.00","896.00","rate","","True",,,,,"XXL",,,,"clearance"
"4174","Verdant Flared Georgette Maxi","Dresses","MAXI3591","2240.00","40.00","896.00","rate","","True",,,,,"XXXL",,,,"clearance"
"4183","Pastel Pink Floral Chiffon Maxi","Dresses","MAXI3592","1890.00","40.00","756.00","rate","","True",,,,,"XS",,,,"Long Maxi Dresses"
"4184","Pastel Pink Floral Chiffon Maxi","Dresses","MAXI3593","1890.00","40.00","756.00","rate","","True",,,,,"S",,,,"Long Maxi Dresses"
"4185","Pastel Pink Floral Chiffon Maxi","Dresses","MAXI3594","1890.00","40.00","756.00","rate","","True",,,,,"M",,,,"Long Maxi Dresses"
"4186","Pastel Pink Floral Chiffon Maxi","Dresses","MAXI3595","1890.00","40.00","756.00","rate","","True",,,,,"L",,,,"Clearance,Long Maxi Dresses"
"4187","Pastel Pink Floral Chiffon Maxi","Dresses","MAXI3596","1890.00","40.00","756.00","rate","","True",,,,,"XL",,,,"Long Maxi Dresses"
"4188","Pastel Pink Floral Chiffon Maxi","Dresses","MAXI3597","1890.00","40.00","756.00","rate","","True",,,,,"XXL",,,,"Long Maxi Dresses"
"4189","Pastel Pink Floral Chiffon Maxi","Dresses","MAXI3598","1890.00","40.00","756.00","rate","","True",,,,,"XXXL",,,,"Long Maxi Dresses"
"4191","Mandarin Georgette Maxi","Dresses","MAXI3599","1860.00","40.00","744.00","rate","","True","ORANGE","Chiffon",,"Square Neck","XS",,,"Maxi","Clearance"
"4194","Mandarin Georgette Maxi","Dresses","MAXI3600","1860.00","40.00","744.00","rate","","True","ORANGE","Chiffon",,"Square Neck","S",,,"Maxi","Clearance"
"4195","Mandarin Georgette Maxi","Dresses","MAXI3601","1860.00","40.00","744.00","rate","","True","ORANGE","Chiffon",,"Square Neck","M",,,"Maxi","Clearance"
"4196","Mandarin Georgette Maxi","Dresses","MAXI3602","1860.00","40.00","744.00","rate","","True","ORANGE","Chiffon",,"Square Neck","L",,,"Maxi","Clearance"
"4198","Mandarin Georgette Maxi","Dresses","MAXI3603","1860.00","40.00","744.00","rate","","True","ORANGE","Chiffon",,"Square Neck","XL",,,"Maxi","Clearance"
"4199","Mandarin Georgette Maxi","Dresses","MAXI3604","1860.00","40.00","744.00","rate","","True","ORANGE","Chiffon",,"Square Neck","XXL",,,"Maxi","Clearance"
"4200","Mandarin Georgette Maxi","Dresses","MAXI3605","1860.00","40.00","744.00","rate","","True","ORANGE","Chiffon",,"Square Neck","XXXL",,,"Maxi","Clearance"
"4202","Floral Sunshine Chiffon Midi","Dresses","MIDI3606","2440.00","35.00","854.00","rate","","True","PURPLE","Chiffon",,"Round Neck","XS",,,"MIDI","clearance"
"4204","Floral Sunshine Chiffon Midi","Dresses","MIDI3607","2440.00","35.00","854.00","rate","","True","PURPLE","Chiffon",,"Round Neck","S",,,"MIDI","clearance"
"4206","Floral Sunshine Chiffon Midi","Dresses","MIDI3608","2440.00","35.00","854.00","rate","","True","PURPLE","Chiffon",,"Round Neck","M",,,"MIDI","clearance"
"4207","Floral Sunshine Chiffon Midi","Dresses","MIDI3609","2440.00","35.00","854.00","rate","","True","PURPLE","Chiffon",,"Round Neck","L",,,"MIDI","clearance"
"4208","Floral Sunshine Chiffon Midi","Dresses","MIDI2610","2440.00","35.00","854.00","rate","","True","PURPLE","Chiffon",,"Round Neck","XL",,,"MIDI","clearance"
"4210","Floral Sunshine Chiffon Midi","Dresses","MIDI3611","2440.00","35.00","854.00","rate","","True","PURPLE","Chiffon",,"Round Neck","XXL",,,"MIDI","clearance"
"4211","Floral Sunshine Chiffon Midi","Dresses","MIDI3612","2440.00","35.00","854.00","rate","","True","PURPLE","Chiffon",,"Round Neck","XXXL",,,"MIDI","clearance"
"4213","Hemicycle Hakoba Midi","Dresses","MIDI3613","1940.00","50.00","970.00","rate","","True",,"Cotton",,"Square Neck","XS",,,"MIDI","Clearance"
"4214","Hemicycle Hakoba Midi","Dresses","MIDI3614","1940.00","50.00","970.00","rate","","True",,"Cotton",,"Square Neck","S",,,"MIDI","Clearance"
"4215","Hemicycle Hakoba Midi","Dresses","MIDI3615","1940.00","50.00","970.00","rate","","True",,"Cotton",,"Square Neck","M",,,"MIDI","Clearance"
"4216","Hemicycle Hakoba Midi","Dresses","MIDI3616","1940.00","50.00","970.00","rate","","True",,"Cotton",,"Square Neck","L",,,"MIDI","Clearance"
"4217","Hemicycle Hakoba Midi","Dresses","MIDI3617","1940.00","50.00","970.00","rate","","True",,"Cotton",,"Square Neck","XL",,,"MIDI","Clearance"
"4218","Hemicycle Hakoba Midi","Dresses","MIDI3618","1940.00","50.00","970.00","rate","","True",,"Cotton",,"Square Neck","XXL",,,"MIDI","Clearance"
"4219","Hemicycle Hakoba Midi","Dresses","MIDI3619","1940.00","50.00","970.00","rate","","True",,"Cotton",,"Square Neck","XXXL",,,"MIDI","Clearance"
"4221","Magenta Floral Chiffon Maxi","Dresses","MAXI3620","2440.00","","","rate","","True","PURPLE","Chiffon",,"V Neck","XS",,,"Maxi","Dark Collections,Fast Moving,Selling Fast"
"4222","Magenta Floral Chiffon Maxi","Dresses","MAXI3621","2440.00","","","rate","","True","PURPLE","Chiffon",,"V Neck","S",,,"Maxi","Dark Collections,Fast Moving,Selling Fast"
"4223","Magenta Floral Chiffon Maxi","Dresses","MAXI3622","2440.00","","","rate","","True","PURPLE","Chiffon",,"V Neck","M",,,"Maxi","Selling Fast,Dark Collections,Fast Moving"
"4224","Magenta Floral Chiffon Maxi","Dresses","MAXI3623","2440.00","","","rate","","True","PURPLE","Chiffon",,"V Neck","L",,,"Maxi","Fast Moving,Selling Fast,Dark Collections"
"4225","Magenta Floral Chiffon Maxi","Dresses","MAXI3624","2440.00","","","rate","","True","PURPLE","Chiffon",,"V Neck","XL",,,"Maxi","Dark Collections,Fast Moving,Selling Fast"
"4226","Magenta Floral Chiffon Maxi","Dresses","MAXI3625","2440.00","","","rate","","True","PURPLE","Chiffon",,"V Neck","XXL",,,"Maxi","Dark Collections,Fast Moving,Selling Fast"
"4227","Magenta Floral Chiffon Maxi","Dresses","MAXI3626","2440.00","","","rate","","True","PURPLE","Chiffon",,"V Neck","XXXL",,,"Maxi","Selling Fast,Dark Collections,Fast Moving"
"4246","Floral  Orange Leaf Pleated Midi","Dresses","MAXI3641","1960.00","25.00","490.00","rate","","True","ORANGE","Cotton",,"Close Neck","XS",,,"MIDI","Summer Collections,Dresses Under Rs.2000"
"4247","Floral  Orange Leaf Pleated Midi","Dresses","MAXI3642","1960.00","25.00","490.00","rate","","True","ORANGE","Cotton",,"Close Neck","S",,,"MIDI","Dresses Under Rs.2000,Summer Collections,Clearance"
"4248","Floral  Orange Leaf Pleated Midi","Dresses","MAXI3643","1960.00","25.00","490.00","rate","","True","ORANGE","Cotton",,"Close Neck","M",,,"MIDI","Clearance,Dresses Under Rs.2000,Summer Collections"
"4249","Floral  Orange Leaf Pleated Midi","Dresses","MAXI3644","1960.00","25.00","490.00","rate","","True","ORANGE","Cotton",,"Close Neck","L",,,"MIDI","Clearance,Dresses Under Rs.2000,Summer Collections"
"4250","Floral  Orange Leaf Pleated Midi","Dresses","MAXI3645","1960.00","25.00","490.00","rate","","True","ORANGE","Cotton",,"Close Neck","XL",,,"MIDI","Summer Collections,Clearance,Dresses Under Rs.2000"
"4251","Floral  Orange Leaf Pleated Midi","Dresses","MAXI3646","1960.00","25.00","490.00","rate","","True","ORANGE","Cotton",,"Close Neck","XXL",,,"MIDI","Summer Collections,Dresses Under Rs.2000"
"4252","Floral  Orange Leaf Pleated Midi","Dresses","MAXI3647","1960.00","25.00","490.00","rate","","True","ORANGE","Cotton",,"Close Neck","XXXL",,,"MIDI","Summer Collections"
"4254","Smiling Nut Pleated Georgette Midi","Dresses","MIDI3648","2280.00","40.00","912.00","rate","","True",,,,,"XS",,,,"Dresses Under Rs.2000"
"4255","Smiling Nut Pleated Georgette Midi","Dresses","MIDI3649","2280.00","40.00","912.00","rate","","True",,,,,"S",,,,"Dresses Under Rs.2000"
"4256","Smiling Nut Pleated Georgette Midi","Dresses","MIDI3650","2280.00","40.00","912.00","rate","","True",,,,,"M",,,,"Dresses Under Rs.2000,Clearance"
"4257","Smiling Nut Pleated Georgette Midi","Dresses","MIDI3651","2280.00","40.00","912.00","rate","","True",,,,,"L",,,,"Dresses Under Rs.2000"
"4258","Smiling Nut Pleated Georgette Midi","Dresses","MIDI3652","2280.00","40.00","912.00","rate","","True",,,,,"XL",,,,"Dresses Under Rs.2000"
"4259","Smiling Nut Pleated Georgette Midi","Dresses","MIDI3653","2280.00","40.00","912.00","rate","","True",,,,,"XXL",,,,"Dresses Under Rs.2000"
"4260","Smiling Nut Pleated Georgette Midi","Dresses","MIDI3654","2280.00","40.00","912.00","rate","","True",,,,,"XXXL",,,,"Dresses Under Rs.2000"
"4262","Jasmine Floral Georgette Maxi","Dresses","MAXI3655","1860.00","35.00","651.00","rate","","True","ORANGE","Chiffon",,"Square Neck","XS",,,"Maxi","Clearance"
"4263","Jasmine Floral Georgette Maxi","Dresses","MAXI3656","1860.00","35.00","651.00","rate","","True","ORANGE","Chiffon",,"Square Neck","S",,,"Maxi","Clearance"
"4264","Jasmine Floral Georgette Maxi","Dresses","MAXI3657","1860.00","35.00","651.00","rate","","True","ORANGE","Chiffon",,"Square Neck","M",,,"Maxi","Clearance"
"4265","Jasmine Floral Georgette Maxi","Dresses","MAXI3658","1860.00","35.00","651.00","rate","","True","ORANGE","Chiffon",,"Square Neck","L",,,"Maxi","Clearance"
"4266","Jasmine Floral Georgette Maxi","Dresses","MAXI3659","1860.00","35.00","651.00","rate","","True","ORANGE","Chiffon",,"Square Neck","XL",,,"Maxi","Clearance"
"4268","Jasmine Floral Georgette Maxi","Dresses","MAXI3660","1860.00","35.00","651.00","rate","","True","ORANGE","Chiffon",,"Square Neck","XXL",,,"Maxi","Clearance"
"4269","Jasmine Floral Georgette Maxi","Dresses","MAXI3661","1860.00","35.00","651.00","rate","","True","ORANGE","Chiffon",,"Square Neck","XXXL",,,"Maxi","Clearance"
"4271","Cloud Stone Chiffon Maxi","Dresses","MAXI3662","1890.00","40.00","756.00","rate","","True",,,,,"XS",,,,"Best Sellers,Flowy Chiffon Dresses"
"4272","Cloud Stone Chiffon Maxi","Dresses","MAXI3663","1890.00","40.00","756.00","rate","","True",,,,,"S",,,,"Best Sellers,Clearance,Flowy Chiffon Dresses"
"4273","Cloud Stone Chiffon Maxi","Dresses","MAXI3664","1890.00","40.00","756.00","rate","","True",,,,,"M",,,,"Flowy Chiffon Dresses,Best Sellers,Clearance"
"4274","Cloud Stone Chiffon Maxi","Dresses","MAXI3665","1890.00","40.00","756.00","rate","","True",,,,,"L",,,,"Best Sellers,Flowy Chiffon Dresses"
"4275","Cloud Stone Chiffon Maxi","Dresses","MAXI3666","1890.00","40.00","756.00","rate","","True",,,,,"XL",,,,"Best Sellers,Flowy Chiffon Dresses"
"4276","Cloud Stone Chiffon Maxi","Dresses","MAXI3667","1890.00","40.00","756.00","rate","","True",,,,,"XXL",,,,"Best Sellers,Flowy Chiffon Dresses"
"4277","Cloud Stone Chiffon Maxi","Dresses","MAXI3668","1890.00","40.00","756.00","rate","","True",,,,,"XXXL",,,,"Best Sellers,Flowy Chiffon Dresses"
"4279","Icy Bloom Chiffon Midi","Dresses","MIDI3669","1895.00","","","rate","","True",,,,,"XS",,,,"Flowy Chiffon Dresses,New Arrivals,Best Sellers"
"4280","Icy Bloom Chiffon Midi","Dresses","MIDI3670","1895.00","","","rate","","True",,,,,"S",,,,"Best Sellers,Flowy Chiffon Dresses,New Arrivals"
"4281","Icy Bloom Chiffon Midi","Dresses","MIDI3671","1895.00","","","rate","","True",,,,,"M",,,,"Best Sellers,Flowy Chiffon Dresses,New Arrivals"
"4282","Icy Bloom Chiffon Midi","Dresses","MIDI3672","1895.00","","","rate","","True",,,,,"L",,,,"Best Sellers,Flowy Chiffon Dresses,New Arrivals"
"4283","Icy Bloom Chiffon Midi","Dresses","MIDI3673","1895.00","","","rate","","True",,,,,"XL",,,,"New Arrivals,Best Sellers,Flowy Chiffon Dresses"
"4284","Icy Bloom Chiffon Midi","Dresses","MIDI3674","1895.00","","","rate","","True",,,,,"XXL",,,,"New Arrivals,Best Sellers,Flowy Chiffon Dresses"
"4285","Icy Bloom Chiffon Midi","Dresses","MIDI3675","1895.00","","","rate","","True",,,,,"XXXL",,,,"Flowy Chiffon Dresses,New Arrivals,Best Sellers"
"4287","Rosy Radiance Georgette Midi","Dresses","MIDI3676","1840.00","50.00","920.00","rate","","True","PINK","Chiffon",,"Round Neck","XS",,,"MIDI","Clearance,Flowy Chiffon Dresses"
"4288","Rosy Radiance Georgette Midi","Dresses","MIDI3677","1840.00","50.00","920.00","rate","","True","PINK","Chiffon",,"Round Neck","S",,,"MIDI","Clearance,Flowy Chiffon Dresses"
"4289","Rosy Radiance Georgette Midi","Dresses","MIDI3678","1840.00","50.00","920.00","rate","","True","PINK","Chiffon",,"Round Neck","M",,,"MIDI","Clearance,Flowy Chiffon Dresses"
"4290","Rosy Radiance Georgette Midi","Dresses","MIDI3679","1840.00","50.00","920.00","rate","","True","PINK","Chiffon",,"Round Neck","L",,,"MIDI","Clearance,Flowy Chiffon Dresses"
"4291","Rosy Radiance Georgette Midi","Dresses","MIDI3680","1840.00","50.00","920.00","rate","","True","PINK","Chiffon",,"Round Neck","XL",,,"MIDI","Clearance,Flowy Chiffon Dresses"
"4292","Rosy Radiance Georgette Midi","Dresses","MIDI3681","1840.00","50.00","920.00","rate","","True","PINK","Chiffon",,"Round Neck","XXL",,,"MIDI","Clearance,Flowy Chiffon Dresses"
"4293","Rosy Radiance Georgette Midi","Dresses","MIDI3682","1840.00","50.00","920.00","rate","","True","PINK","Chiffon",,"Round Neck","XXXL",,,"MIDI","Clearance,Flowy Chiffon Dresses"
"4309","Melon Magic Georgette Maxi","Dresses","MIDI3683","1980.00","50.00","990.00","rate","","True","ORANGE","Chiffon",,"Square Neck","XS",,,"Maxi","Clearance"
"4310","Melon Magic Georgette Maxi","Dresses","MIDI3684","1980.00","50.00","990.00","rate","2.0","True","ORANGE","Chiffon",,"Square Neck","S",,,"Maxi","Clearance"
"4311","Melon Magic Georgette Maxi","Dresses","MIDI3685","1980.00","50.00","990.00","rate","1.0","True","ORANGE","Chiffon",,"Square Neck","M",,,"Maxi","Clearance"
"4312","Melon Magic Georgette Maxi","Dresses","MIDI3686","1980.00","50.00","990.00","rate","","True","ORANGE","Chiffon",,"Square Neck","L",,,"Maxi","Clearance"
"4313","Melon Magic Georgette Maxi","Dresses","MIDI3687","1980.00","50.00","990.00","rate","","True","ORANGE","Chiffon",,"Square Neck","XL",,,"Maxi","Clearance"
"4314","Melon Magic Georgette Maxi","Dresses","MIDI3688","1980.00","50.00","990.00","rate","","True","ORANGE","Chiffon",,"Square Neck","XXL",,,"Maxi","Clearance"
"4315","Melon Magic Georgette Maxi","Dresses","MIDI3689","1980.00","50.00","990.00","rate","","True","ORANGE","Chiffon",,"Square Neck","XXXL",,,"Maxi","Clearance"
"4317","Leafy Cascade Chiffon Maxi","Dresses","MIDI3690","2280.00","50.00","1140.00","rate","","True","PINK","Chiffon",,"Close Neck","XS",,,"Maxi","Clearance,Long Maxi Dresses"
"4318","Leafy Cascade Chiffon Maxi","Dresses","MIDI3691","2280.00","50.00","1140.00","rate","","True","PINK","Chiffon",,"Close Neck","S",,,"Maxi","Clearance,Long Maxi Dresses"
"4319","Leafy Cascade Chiffon Maxi","Dresses","MIDI3692","2280.00","50.00","1140.00","rate","","True","PINK","Chiffon",,"Close Neck","M",,,"Maxi","Clearance,Long Maxi Dresses"
"4320","Leafy Cascade Chiffon Maxi","Dresses","MIDI3693","2280.00","50.00","1140.00","rate","","True","PINK","Chiffon",,"Close Neck","L",,,"Maxi","Clearance,Long Maxi Dresses"
"4321","Leafy Cascade Chiffon Maxi","Dresses","MIDI3694","2280.00","50.00","1140.00","rate","","True","PINK","Chiffon",,"Close Neck","XL",,,"Maxi","Clearance,Long Maxi Dresses"
"4322","Leafy Cascade Chiffon Maxi","Dresses","MIDI3695","2280.00","50.00","1140.00","rate","","True","PINK","Chiffon",,"Close Neck","XXL",,,"Maxi","Clearance,Long Maxi Dresses"
"4323","Leafy Cascade Chiffon Maxi","Dresses","MIDI3696","2280.00","50.00","1140.00","rate","","True","PINK","Chiffon",,"Close Neck","XXXL",,,"Maxi","Clearance,Long Maxi Dresses"
"4325","Twilight Bloom Chiffon Maxi","Dresses","MAXI3697","1890.00","35.00","661.50","rate","","True","PINK","Chiffon",,"Square Neck","XS",,,"Maxi","clearance,Long Maxi Dresses"
"4326","Twilight Bloom Chiffon Maxi","Dresses","MAXI3698","1890.00","35.00","661.50","rate","","True","PINK","Chiffon",,"Square Neck","S",,,"Maxi","clearance,Long Maxi Dresses"
"4327","Twilight Bloom Chiffon Maxi","Dresses","MAXI3699","1890.00","35.00","661.50","rate","","True","PINK","Chiffon",,"Square Neck","M",,,"Maxi","clearance,Long Maxi Dresses"
"4328","Twilight Bloom Chiffon Maxi","Dresses","MAXI3700","1890.00","35.00","661.50","rate","","True","PINK","Chiffon",,"Square Neck","L",,,"Maxi","clearance,Long Maxi Dresses"
"4329","Twilight Bloom Chiffon Maxi","Dresses","MAXI3701","1890.00","35.00","661.50","rate","","True","PINK","Chiffon",,"Square Neck","XL",,,"Maxi","clearance,Long Maxi Dresses"
"4330","Twilight Bloom Chiffon Maxi","Dresses","MAXI3702","1890.00","35.00","661.50","rate","","True","PINK","Chiffon",,"Square Neck","XXL",,,"Maxi","clearance,Long Maxi Dresses"
"4331","Twilight Bloom Chiffon Maxi","Dresses","MAXI3703","1890.00","35.00","661.50","rate","","True","PINK","Chiffon",,"Square Neck","XXXL",,,"Maxi","clearance,Long Maxi Dresses"
"4340","Rosette Ruffle Georgette Midi","Dresses","MIDI3704","1840.00","40.00","736.00","rate","","True",,,,,"XS",,,,"Clearance,Flowy Chiffon Dresses"
"4341","Rosette Ruffle Georgette Midi","Dresses","MIDI3705","1840.00","40.00","736.00","rate","","True",,,,,"S",,,,"Flowy Chiffon Dresses"
"4342","Rosette Ruffle Georgette Midi","Dresses","MIDI3706","1840.00","40.00","736.00","rate","","True",,,,,"M",,,,"Clearance,Flowy Chiffon Dresses"
"4343","Rosette Ruffle Georgette Midi","Dresses","MIDI3707","1840.00","40.00","736.00","rate","","True",,,,,"L",,,,"Flowy Chiffon Dresses,Clearance"
"4345","Coral Reff Chiffon Maxi","Dresses","Maxi3708","1990.00","60.00","1194.00","rate","","True",,"Chiffon",,"Close Neck","XS",,,"Maxi","clearance"
"4346","Coral Reff Chiffon Maxi","Dresses","MAXI3709","1990.00","60.00","1194.00","rate","","True",,"Chiffon",,"Close Neck","S",,,"Maxi","clearance"
"4347","Coral Reff Chiffon Maxi","Dresses","MAXI3710","1990.00","60.00","1194.00","rate","","True",,"Chiffon",,"Close Neck","M",,,"Maxi","clearance"
"4348","Coral Reff Chiffon Maxi","Dresses","MAXI3711","1990.00","60.00","1194.00","rate","","True",,"Chiffon",,"Close Neck","L",,,"Maxi","clearance"
"4390","Brumbee Layered Chiffon Midi","Dresses","MAXI3712","2480.00","","","rate","","True","BLUE","Chiffon",,"Round Neck","XS",,,"MIDI","Flowy Chiffon Dresses"
"4391","Brumbee Layered Chiffon Midi","Dresses","MAXI3713","2480.00","","","rate","","True","BLUE","Chiffon",,"Round Neck","S",,,"MIDI","Flowy Chiffon Dresses"
"4392","Brumbee Layered Chiffon Midi","Dresses","MAXI3714","2480.00","","","rate","","True","BLUE","Chiffon",,"Round Neck","M",,,"MIDI","Flowy Chiffon Dresses,Selling Fast"
"4393","Brumbee Layered Chiffon Midi","Dresses","MAXI3715","2480.00","","","rate","","True","BLUE","Chiffon",,"Round Neck","L",,,"MIDI","Flowy Chiffon Dresses,Selling Fast"
"4394","Brumbee Layered Chiffon Midi","Dresses","MAXI3716","2480.00","","","rate","","True","BLUE","Chiffon",,"Round Neck","XL",,,"MIDI","Flowy Chiffon Dresses"
"4395","Brumbee Layered Chiffon Midi","Dresses","MAXI3717","2480.00","","","rate","","True","BLUE","Chiffon",,"Round Neck","XXL",,,"MIDI","Flowy Chiffon Dresses"
"4397","Leafy Lagoon Chiffon Midi","Dresses","MAXI3718","1860.00","40.00","744.00","rate","","True",,,,,"XS",,,,"Flowy Chiffon Dresses"
"4398","Leafy Lagoon Chiffon Midi","Dresses","MAXI3719","1860.00","40.00","744.00","rate","","True",,,,,"S",,,,"Flowy Chiffon Dresses"
"4399","Leafy Lagoon Chiffon Midi","Dresses","MAXI3720","1860.00","40.00","744.00","rate","","True",,,,,"M",,,,"Clearance,Flowy Chiffon Dresses"
"4400","Leafy Lagoon Chiffon Midi","Dresses","MAXI3721","1860.00","40.00","744.00","rate","","True",,,,,"L",,,,"Flowy Chiffon Dresses"
"4401","Leafy Lagoon Chiffon Midi","Dresses","MAXI3722","1860.00","40.00","744.00","rate","","True",,,,,"XL",,,,"Flowy Chiffon Dresses"
"4402","Leafy Lagoon Chiffon Midi","Dresses","MAXI3723","1860.00","40.00","744.00","rate","","True",,,,,"XXL",,,,"Flowy Chiffon Dresses"
"4403","Leafy Lagoon Chiffon Midi","Dresses","MAXI3724","1860.00","40.00","744.00","rate","","True",,,,,"XXXL",,,,"Flowy Chiffon Dresses"
"4405","Denim Casual Midi","Dresses","MIDI3725","1699.00","","","rate","1.0","True","BLUE","Denim",,"Square Neck","XS",,,"MIDI","denims,Superhit"
"4406","Denim Casual Midi","Dresses","MIDI3726","1699.00","","","rate","4.0","True","BLUE","Denim",,"Square Neck","S",,,"MIDI","denims,Superhit"
"4408","Denim Casual Midi","Dresses","MIDI3727","1699.00","","","rate","14.0","True","BLUE","Denim",,"Square Neck","M",,,"MIDI","denims,Superhit"
"4409","Denim Casual Midi","Dresses","MIDI3728","1699.00","","","rate","18.0","True","BLUE","Denim",,"Square Neck","L",,,"MIDI","denims,Superhit"
"4410","Denim Casual Midi","Dresses","MIDI3729","1699.00","","","rate","16.0","True","BLUE","Denim",,"Square Neck","XL",,,"MIDI","denims,Superhit"
"4411","Denim Casual Midi","Dresses","MIDI3730","1699.00","","","rate","1.0","True","BLUE","Denim",,"Square Neck","XXL",,,"MIDI","denims,Superhit"
"4412","Denim Casual Midi","Dresses","MIDI3731","1699.00","","","rate","","True","BLUE","Denim",,"Square Neck","XXXL",,,"MIDI","denims,Superhit"
"4414","Sunlit Palm Midi","Dresses","MIDI3732","1880.00","","","rate","","True",,,,,"XS",,,,"New Arrivals"
"4415","Sunlit Palm Midi","Dresses","MIDI3733","1880.00","","","rate","","True",,,,,"S",,,,"New Arrivals"
"4416","Sunlit Palm Midi","Dresses","MIDI3734","1880.00","","","rate","","True",,,,,"M",,,,"New Arrivals"
"4417","Sunlit Palm Midi","Dresses","MIDI3735","1880.00","","","rate","","True",,,,,"L",,,,
"4418","Sunlit Palm Midi","Dresses","MIDI3736","1880.00","","","rate","","True",,,,,"XL",,,,"New Arrivals"
"4419","Sunlit Palm Midi","Dresses","MIDI3737","1880.00","","","rate","","True",,,,,"XXL",,,,
"4420","Sunlit Palm Midi","Dresses","MIDI3738","1880.00","","","rate","","True",,,,,"XXXL",,,,
"4421","Sunlit Palm Midi","Dresses","","1880.00","","","rate","","True",,,,,"XS",,,,
"4422","Sunlit Palm Midi","Dresses","","1880.00","","","rate","","True",,,,,"S",,,,
"4423","Sunlit Palm Midi","Dresses","","1880.00","","","rate","","True",,,,,"M",,,,
"4424","Sunlit Palm Midi","Dresses","","1880.00","","","rate","","True",,,,,"L",,,,
"4425","Sunlit Palm Midi","Dresses","","1880.00","","","rate","","True",,,,,"XL",,,,
"4426","Sunlit Palm Midi","Dresses","","1880.00","","","rate","","True",,,,,"XXL",,,,
"4427","Sunlit Palm Midi","Dresses","","1880.00","","","rate","","True",,,,,"XXXL",,,,
"4429","Whimsical Blush Chiffon Midi","Dresses","MIDI3739","1895.00","","","rate","","True",,,,,"XS",,,,"Flowy chiffon Dresses"
"4430","Whimsical Blush Chiffon Midi","Dresses","MIDI3740","1895.00","","","rate","","True",,,,,"S",,,,"Flowy chiffon Dresses"
"4431","Whimsical Blush Chiffon Midi","Dresses","MIDI3741","1895.00","","","rate","","True",,,,,"M",,,,"Flowy chiffon Dresses"
"4432","Whimsical Blush Chiffon Midi","Dresses","MIDI3742","1895.00","","","rate","","True",,,,,"L",,,,"Flowy chiffon Dresses"
"4433","Whimsical Blush Chiffon Midi","Dresses","MIDI3743","1895.00","","","rate","","True",,,,,"XL",,,,"Flowy chiffon Dresses"
"4434","Whimsical Blush Chiffon Midi","Dresses","MIDI3744","1895.00","","","rate","","True",,,,,"XXL",,,,"Flowy chiffon Dresses"
"4435","Whimsical Blush Chiffon Midi","Dresses","MIDI3745","1895.00","","","rate","","True",,,,,"XXXL",,,,"Flowy chiffon Dresses"
"4437","Paisley Twirl Maxi  Dress","Dresses","Midi3746","2280.00","20.00","456.00","rate","","True",,"Chiffon",,"Close Neck","XS",,,"Maxi","Selling Fast,Long Maxi Dresses"
"4438","Paisley Twirl Maxi  Dress","Dresses","Midi3747","2280.00","20.00","456.00","rate","","True",,"Chiffon",,"Close Neck","S",,,"Maxi","Long Maxi Dresses,Selling Fast"
"4439","Paisley Twirl Maxi  Dress","Dresses","Midi3748","2280.00","20.00","456.00","rate","","True",,"Chiffon",,"Close Neck","M",,,"Maxi","Long Maxi Dresses,Selling Fast"
"4440","Paisley Twirl Maxi  Dress","Dresses","Midi3749","2280.00","20.00","456.00","rate","","True",,"Chiffon",,"Close Neck","L",,,"Maxi","Long Maxi Dresses,Selling Fast"
"4441","Paisley Twirl Maxi  Dress","Dresses","Midi3750","2280.00","20.00","456.00","rate","","True",,"Chiffon",,"Close Neck","XL",,,"Maxi","Selling Fast,Long Maxi Dresses"
"4442","Paisley Twirl Maxi  Dress","Dresses","Midi3751","2280.00","20.00","456.00","rate","","True",,"Chiffon",,"Close Neck","XXL",,,"Maxi","Long Maxi Dresses,Selling Fast"
"4443","Paisley Twirl Maxi  Dress","Dresses","Midi3752","2280.00","20.00","456.00","rate","","True",,"Chiffon",,"Close Neck","XXXL",,,"Maxi","Long Maxi Dresses,Selling Fast"
"4470","Tangerine Dream Chiffon Maxi","Dresses","MIDI3753","1990.00","","","rate","","True","ORANGE",,,,"XS",,,,"Selling Fast"
"4471","Tangerine Dream Chiffon Maxi","Dresses","MIDI3754","1990.00","","","rate","","True","ORANGE",,,,"S",,,,"Selling Fast"
"4472","Tangerine Dream Chiffon Maxi","Dresses","MIDI3755","1990.00","","","rate","","True","ORANGE",,,,"M",,,,"Selling Fast"
"4473","Tangerine Dream Chiffon Maxi","Dresses","MIDI3756","1990.00","","","rate","","True","ORANGE",,,,"L",,,,"Selling Fast"
"4474","Tangerine Dream Chiffon Maxi","Dresses","MIDI3757","1990.00","","","rate","","True","ORANGE",,,,"XL",,,,"Selling Fast"
"4475","Tangerine Dream Chiffon Maxi","Dresses","MIDI3758","1990.00","","","rate","","True","ORANGE",,,,"XXL",,,,"Selling Fast"
"4476","Tangerine Dream Chiffon Maxi","Dresses","MIDI3759","1990.00","","","rate","","True","ORANGE",,,,"XXXL",,,,"Selling Fast"
"4478"," Mint Maternity & Feeding Premium Loungewear","Loungewear","LW201","1480.00","10.00","148.00","rate","","True",,,,,"XS",,,"Calf Length",
"4479"," Mint Maternity & Feeding Premium Loungewear","Loungewear","LW202","1480.00","10.00","148.00","rate","","True",,,,,"S",,,"Calf Length",
"4480"," Mint Maternity & Feeding Premium Loungewear","Loungewear","LW203","1480.00","10.00","148.00","rate","1.0","True",,,,,"M",,,"Calf Length",
"4481"," Mint Maternity & Feeding Premium Loungewear","Loungewear","LW205","1480.00","10.00","148.00","rate","10.0","True",,,,,"L",,,"Calf Length",
"4482"," Mint Maternity & Feeding Premium Loungewear","Loungewear","LW206","1480.00","10.00","148.00","rate","9.0","True",,,,,"XL",,,"Calf Length",
"4483"," Mint Maternity & Feeding Premium Loungewear","Loungewear","LW204","1480.00","10.00","148.00","rate","","True",,,,,"XXL",,,"Calf Length",
"4485"," Mint Maternity & Feeding Premium Loungewear","Loungewear","LW208","1480.00","10.00","148.00","rate","","True",,,,,"XS",,,"Full Length",
"4486"," Mint Maternity & Feeding Premium Loungewear","Loungewear","LW209","1480.00","10.00","148.00","rate","","True",,,,,"S",,,"Full Length",
"4487"," Mint Maternity & Feeding Premium Loungewear","Loungewear","LW210","1480.00","10.00","148.00","rate","8.0","True",,,,,"M",,,"Full Length",
"4488"," Mint Maternity & Feeding Premium Loungewear","Loungewear","LW211","1480.00","10.00","148.00","rate","17.0","True",,,,,"L",,,"Full Length",
"4489"," Mint Maternity & Feeding Premium Loungewear","Loungewear","LW212","1480.00","10.00","148.00","rate","9.0","True",,,,,"XL",,,"Full Length",
"4490"," Mint Maternity & Feeding Premium Loungewear","Loungewear","LW213","1480.00","10.00","148.00","rate","8.0","True",,,,,"XXL",,,"Full Length",
"4494"," Fushia Maternity & Feeding Premium Loungewear","Loungewear","LW215","1480.00","10.00","148.00","rate","","True",,,,,"XS",,,"Calf Length",
"4495"," Fushia Maternity & Feeding Premium Loungewear","Loungewear","LW216","1480.00","10.00","148.00","rate","","True",,,,,"S",,,"Calf Length",
"4496"," Fushia Maternity & Feeding Premium Loungewear","Loungewear","LW217","1480.00","10.00","148.00","rate","","True",,,,,"M",,,"Calf Length",
"4497"," Fushia Maternity & Feeding Premium Loungewear","Loungewear","LW218","1480.00","10.00","148.00","rate","12.0","True",,,,,"L",,,"Calf Length",
"4498"," Fushia Maternity & Feeding Premium Loungewear","Loungewear","LW219","1480.00","10.00","148.00","rate","3.0","True",,,,,"XL",,,"Calf Length",
"4501"," Fushia Maternity & Feeding Premium Loungewear","Loungewear","LW220","1480.00","10.00","148.00","rate","1.0","True",,,,,"XXL",,,"Calf Length",
"4503"," Fushia Maternity & Feeding Premium Loungewear","Loungewear","LW222","1480.00","10.00","148.00","rate","","True",,,,,"XS",,,"Full Length",
"4504"," Fushia Maternity & Feeding Premium Loungewear","Loungewear","LW223","1480.00","10.00","148.00","rate","","True",,,,,"S",,,"Full Length",
"4505"," Fushia Maternity & Feeding Premium Loungewear","Loungewear","LW224","1480.00","10.00","148.00","rate","12.0","True",,,,,"M",,,"Full Length",
"4506"," Fushia Maternity & Feeding Premium Loungewear","Loungewear","LW225","1480.00","10.00","148.00","rate","13.0","True",,,,,"L",,,"Full Length",
"4507"," Fushia Maternity & Feeding Premium Loungewear","Loungewear","LW226","1480.00","10.00","148.00","rate","11.0","True",,,,,"XL",,,"Full Length",
"4508"," Fushia Maternity & Feeding Premium Loungewear","Loungewear","LW227","1480.00","10.00","148.00","rate","3.0","True",,,,,"XXL",,,"Full Length",
"4511"," Indian Cherry Maternity & Feeding Premium Loungewear","Loungewear","LW229","1480.00","10.00","148.00","rate","","True",,,,,"XS",,,"Calf Length",
"4512"," Indian Cherry Maternity & Feeding Premium Loungewear","Loungewear","LW230","1480.00","10.00","148.00","rate","","True",,,,,"S",,,"Calf Length",
"4513"," Indian Cherry Maternity & Feeding Premium Loungewear","Loungewear","LW231","1480.00","10.00","148.00","rate","","True",,,,,"M",,,"Calf Length",
"4514"," Indian Cherry Maternity & Feeding Premium Loungewear","Loungewear","LW232","1480.00","10.00","148.00","rate","","True",,,,,"L",,,"Calf Length",
"4515"," Indian Cherry Maternity & Feeding Premium Loungewear","Loungewear","LW233","1480.00","10.00","148.00","rate","","True",,,,,"XL",,,"Calf Length",
"4516"," Indian Cherry Maternity & Feeding Premium Loungewear","Loungewear","LW234","1480.00","10.00","148.00","rate","","True",,,,,"XXL",,,"Calf Length",
"4517"," Indian Cherry Maternity & Feeding Premium Loungewear","Loungewear","LW235","1480.00","10.00","148.00","rate","","True",,,,,"XS",,,"Full Length",
"4518"," Indian Cherry Maternity & Feeding Premium Loungewear","Loungewear","LW236","1480.00","10.00","148.00","rate","","True",,,,,"S",,,"Full Length",
"4519"," Indian Cherry Maternity & Feeding Premium Loungewear","Loungewear","LW237","1480.00","10.00","148.00","rate","3.0","True",,,,,"M",,,"Full Length",
"4520"," Indian Cherry Maternity & Feeding Premium Loungewear","Loungewear","LW238","1480.00","10.00","148.00","rate","10.0","True",,,,,"L",,,"Full Length",
"4521"," Indian Cherry Maternity & Feeding Premium Loungewear","Loungewear","LW239","1480.00","10.00","148.00","rate","5.0","True",,,,,"XL",,,"Full Length",
"4522"," Indian Cherry Maternity & Feeding Premium Loungewear","Loungewear","LW240","1480.00","10.00","148.00","rate","12.0","True",,,,,"XXL",,,"Full Length",
"4524"," Purple Kitty Maternity & Feeding Premium Loungewear","Loungewear","LW241","1480.00","10.00","148.00","rate","","True",,,,,"XS",,,"Calf Length",
"4525"," Purple Kitty Maternity & Feeding Premium Loungewear","Loungewear","LW242","1480.00","10.00","148.00","rate","","True",,,,,"S",,,"Calf Length","Best Sellers"
"4526"," Purple Kitty Maternity & Feeding Premium Loungewear","Loungewear","LW243","1480.00","10.00","148.00","rate","3.0","True",,,,,"M",,,"Calf Length",
"4527"," Purple Kitty Maternity & Feeding Premium Loungewear","Loungewear","LW244","1480.00","10.00","148.00","rate","","True",,,,,"L",,,"Calf Length",
"4528"," Purple Kitty Maternity & Feeding Premium Loungewear","Loungewear","LW245","1480.00","10.00","148.00","rate","","True",,,,,"XL",,,"Calf Length",
"4529"," Purple Kitty Maternity & Feeding Premium Loungewear","Loungewear","LW246","1480.00","10.00","148.00","rate","","True",,,,,"XXL",,,"Calf Length","Best Sellers"
"4530"," Purple Kitty Maternity & Feeding Premium Loungewear","Loungewear","LW247","1480.00","10.00","148.00","rate","1.0","True",,,,,"XS",,,"Full Length",
"4531"," Purple Kitty Maternity & Feeding Premium Loungewear","Loungewear","LW248","1480.00","10.00","148.00","rate","","True",,,,,"S",,,"Full Length",
"4532"," Purple Kitty Maternity & Feeding Premium Loungewear","Loungewear","LW249","1480.00","10.00","148.00","rate","2.0","True",,,,,"M",,,"Full Length",
"4534"," Purple Kitty Maternity & Feeding Premium Loungewear","Loungewear","LW250","1480.00","10.00","148.00","rate","","True",,,,,"L",,,"Full Length",
"4535"," Purple Kitty Maternity & Feeding Premium Loungewear","Loungewear","LW251","1480.00","10.00","148.00","rate","9.0","True",,,,,"XL",,,"Full Length",
"4536"," Purple Kitty Maternity & Feeding Premium Loungewear","Loungewear","LW252","1480.00","10.00","148.00","rate","1.0","True",,,,,"XXL",,,"Full Length",
"4538"," Brown Bear Maternity & Feeding Premium Loungewear","Loungewear","LW253","1480.00","10.00","148.00","rate","","True",,,,,"XS",,,"Calf Length",
"4539"," Brown Bear Maternity & Feeding Premium Loungewear","Loungewear","LW254","1480.00","10.00","148.00","rate","","True",,,,,"S",,,"Calf Length",
"4540"," Brown Bear Maternity & Feeding Premium Loungewear","Loungewear","LW255","1480.00","10.00","148.00","rate","","True",,,,,"M",,,"Calf Length",
"4541"," Brown Bear Maternity & Feeding Premium Loungewear","Loungewear","LW256","1480.00","10.00","148.00","rate","","True",,,,,"L",,,"Calf Length",
"4543"," Brown Bear Maternity & Feeding Premium Loungewear","Loungewear","LW257","1480.00","10.00","148.00","rate","4.0","True",,,,,"XL",,,"Calf Length",
"4544"," Brown Bear Maternity & Feeding Premium Loungewear","Loungewear","LW258","1480.00","10.00","148.00","rate","2.0","True",,,,,"XXL",,,"Calf Length",
"4545"," Brown Bear Maternity & Feeding Premium Loungewear","Loungewear","LW259","1480.00","10.00","148.00","rate","","True",,,,,"XS",,,"Full Length",
"4546"," Brown Bear Maternity & Feeding Premium Loungewear","Loungewear","LW260","1480.00","10.00","148.00","rate","","True",,,,,"S",,,"Full Length",
"4548"," Brown Bear Maternity & Feeding Premium Loungewear","Loungewear","LW261","1480.00","10.00","148.00","rate","14.0","True",,,,,"M",,,"Full Length",
"4549"," Brown Bear Maternity & Feeding Premium Loungewear","Loungewear","LW262","1480.00","10.00","148.00","rate","12.0","True",,,,,"L",,,"Full Length",
"4550"," Brown Bear Maternity & Feeding Premium Loungewear","Loungewear","LW263","1480.00","10.00","148.00","rate","12.0","True",,,,,"XL",,,"Full Length",
"4551"," Brown Bear Maternity & Feeding Premium Loungewear","Loungewear","LW264","1480.00","10.00","148.00","rate","7.0","True",,,,,"XXL",,,"Full Length",
"4553"," Dusky Rose Maternity & Feeding Premium Loungewear","Loungewear","LW265","1480.00","10.00","148.00","rate","","True",,,,,"XS",,,"Calf Length",
"4554"," Dusky Rose Maternity & Feeding Premium Loungewear","Loungewear","LW266","1480.00","10.00","148.00","rate","","True",,,,,"S",,,"Calf Length",
"4555"," Dusky Rose Maternity & Feeding Premium Loungewear","Loungewear","LW267","1480.00","10.00","148.00","rate","7.0","True",,,,,"M",,,"Calf Length",
"4558"," Dusky Rose Maternity & Feeding Premium Loungewear","Loungewear","LW268","1480.00","10.00","148.00","rate","","True",,,,,"L",,,"Calf Length",
"4559"," Dusky Rose Maternity & Feeding Premium Loungewear","Loungewear","LW269","1480.00","10.00","148.00","rate","3.0","True",,,,,"XL",,,"Calf Length",
"4560"," Dusky Rose Maternity & Feeding Premium Loungewear","Loungewear","LW270","1480.00","10.00","148.00","rate","8.0","True",,,,,"XXL",,,"Calf Length",
"4561"," Dusky Rose Maternity & Feeding Premium Loungewear","Loungewear","LW271","1480.00","10.00","148.00","rate","","True",,,,,"XS",,,"Full Length",
"4562"," Dusky Rose Maternity & Feeding Premium Loungewear","Loungewear","LW272","1480.00","10.00","148.00","rate","","True",,,,,"S",,,"Full Length",
"4563"," Dusky Rose Maternity & Feeding Premium Loungewear","Loungewear","LW273","1480.00","10.00","148.00","rate","15.0","True",,,,,"M",,,"Full Length",
"4564"," Dusky Rose Maternity & Feeding Premium Loungewear","Loungewear","LW274","1480.00","10.00","148.00","rate","11.0","True",,,,,"L",,,"Full Length",
"4566"," Dusky Rose Maternity & Feeding Premium Loungewear","Loungewear","LW275","1480.00","10.00","148.00","rate","9.0","True",,,,,"XL",,,"Full Length",
"4567"," Dusky Rose Maternity & Feeding Premium Loungewear","Loungewear","LW276","1480.00","10.00","148.00","rate","3.0","True",,,,,"XXL",,,"Full Length",
"4576","Denim Casual Top","Dresses","TOP101","1690.00","20.00","338.00","rate","","True","BLUE","Denim",,"Round Neck","XS",,,,"Selling Fast,denims"
"4577","Denim Casual Top","Dresses","TOP102","1690.00","20.00","338.00","rate","","True","BLUE","Denim",,"Round Neck","S",,,,"denims,Selling Fast"
"4578","Denim Casual Top","Dresses","TOP103","1690.00","20.00","338.00","rate","","True","BLUE","Denim",,"Round Neck","M",,,,"denims,Selling Fast"
"4579","Denim Casual Top","Dresses","TOP104","1690.00","20.00","338.00","rate","","True","BLUE","Denim",,"Round Neck","L",,,,"Selling Fast,denims"
"4580","Denim Casual Top","Dresses","TOP105","1690.00","20.00","338.00","rate","","True","BLUE","Denim",,"Round Neck","XL",,,,"denims,Selling Fast"
"4581","Denim Casual Top","Dresses","TOP111","1690.00","20.00","338.00","rate","","True","BLUE","Denim",,"Round Neck","XXL",,,,"denims,Selling Fast"
"4582","Denim Casual Top","Dresses","TOP112","1690.00","20.00","338.00","rate","","True","BLUE","Denim",,"Round Neck","XXXL",,,,"Selling Fast,denims"
"4591","Mulberry Chiffon Layered Maxi","Dresses","MAXI3760","1860.00","","","rate","","True","PURPLE","Chiffon",,"Round Neck","XS",,,"Maxi","Long Maxi Dresses,Dark Collections"
"4592","Mulberry Chiffon Layered Maxi","Dresses","MAXI3761","1860.00","","","rate","","True","PURPLE","Chiffon",,"Round Neck","S",,,"Maxi","Long Maxi Dresses,Dark Collections"
"4593","Mulberry Chiffon Layered Maxi","Dresses","MAXI3762","1860.00","","","rate","","True","PURPLE","Chiffon",,"Round Neck","M",,,"Maxi","Long Maxi Dresses,Selling Fast,Dark Collections"
"4594","Mulberry Chiffon Layered Maxi","Dresses","MAXI3763","1860.00","","","rate","","True","PURPLE","Chiffon",,"Round Neck","L",,,"Maxi","Dark Collections,Long Maxi Dresses"
"4595","Mulberry Chiffon Layered Maxi","Dresses","MAXI3764","1860.00","","","rate","","True","PURPLE","Chiffon",,"Round Neck","XL",,,"Maxi","Long Maxi Dresses,Dark Collections"
"4596","Mulberry Chiffon Layered Maxi","Dresses","MAXI3765","1860.00","","","rate","","True","PURPLE","Chiffon",,"Round Neck","XXL",,,"Maxi","Long Maxi Dresses,Dark Collections"
"4597","Mulberry Chiffon Layered Maxi","Dresses","MAXI3766","1860.00","","","rate","","True","PURPLE","Chiffon",,"Round Neck","XXXL",,,"Maxi","Long Maxi Dresses,Dark Collections"
"4599","White Whisper Chiffon Maxi","Dresses","MAXI3767","1890.00","50.00","945.00","rate","","True","WHITE","Chiffon",,"Square Neck","XS",,,"Maxi","Dresses Under Rs.1500,clearance"
"4600","White Whisper Chiffon Maxi","Dresses","MAXI3768","1890.00","50.00","945.00","rate","","True","WHITE","Chiffon",,"Square Neck","S",,,"Maxi","Dresses Under Rs.1500,clearance"
"4601","White Whisper Chiffon Maxi","Dresses","MAXI3769","1890.00","50.00","945.00","rate","","True","WHITE","Chiffon",,"Square Neck","M",,,"Maxi","Dresses Under Rs.1500,clearance"
"4602","White Whisper Chiffon Maxi","Dresses","MAXI3770","1890.00","50.00","945.00","rate","","True","WHITE","Chiffon",,"Square Neck","L",,,"Maxi","Dresses Under Rs.1500,clearance"
"4603","White Whisper Chiffon Maxi","Dresses","MAXI3771","1890.00","50.00","945.00","rate","","True","WHITE","Chiffon",,"Square Neck","XL",,,"Maxi","Dresses Under Rs.1500,clearance"
"4604","White Whisper Chiffon Maxi","Dresses","MAXI3772","1890.00","50.00","945.00","rate","","True","WHITE","Chiffon",,"Square Neck","XXL",,,"Maxi","Dresses Under Rs.1500,clearance"
"4605","White Whisper Chiffon Maxi","Dresses","MAXI3773","1890.00","50.00","945.00","rate","","True","WHITE","Chiffon",,"Square Neck","XXXL",,,"Maxi","clearance,Dresses Under Rs.1500"
"4607","Sea Breeze Organza Midi","Dresses","MIDI3774","1890.00","35.00","661.50","rate","","True","BLUE",,,,"XS",,,,"Flowy Chiffon Dresses"
"4608","Sea Breeze Organza Midi","Dresses","MIDI3775","1890.00","35.00","661.50","rate","","True","BLUE",,,,"S",,,,"Flowy Chiffon Dresses"
"4609","Sea Breeze Organza Midi","Dresses","MIDI3776","1890.00","35.00","661.50","rate","","True","BLUE",,,,"M",,,,"clearance,Flowy Chiffon Dresses"
"4610","Sea Breeze Organza Midi","Dresses","MIDI3777","1890.00","35.00","661.50","rate","","True","BLUE",,,,"L",,,,"Flowy Chiffon Dresses"
"4611","Sea Breeze Organza Midi","Dresses","MIDI3778","1890.00","35.00","661.50","rate","","True","BLUE",,,,"XL",,,,"Flowy Chiffon Dresses"
"4612","Sea Breeze Organza Midi","Dresses","MIDI3779","1890.00","35.00","661.50","rate","","True","BLUE",,,,"XXL",,,,"Flowy Chiffon Dresses"
"4613","Sea Breeze Organza Midi","Dresses","MIDI3780","1890.00","35.00","661.50","rate","","True","BLUE",,,,"XXXL",,,,"Flowy Chiffon Dresses"
"4618","Unicorn Georgette Midi Dress","Dresses","","2080.00","30.00","624.00","rate","","True",,,,,"S",,,,"Dresses Under Rs.1500"
"4619","Unicorn Georgette Midi Dress","Dresses","MIDI301","2080.00","30.00","624.00","rate","","True",,,,,"M",,,,"Dresses with Great Discounts,Dresses Under Rs.1500"
"4620","Black Floral Georgette Midi","Dresses","","1340.00","","","rate","","True",,,,,"S",,,"MIDI","Dresses with Great Discounts,clearance"
"4621","Black Floral Georgette Midi","Dresses","MIDI302","1340.00","","","rate","","True",,,,,"M",,,"MIDI","Dresses with Great Discounts,clearance"
"4624","Emerald Lake Ruffle Midi","Dresses","MAXI002","2280.00","","","rate","","True","GREEN","Chiffon",,"Round Neck","S",,,"MIDI","Best Sellers,Dark Collections,Flowy chiffon Dresses"
"4625","Emerald Lake Ruffle Midi","Dresses","MAXI003","2280.00","","","rate","","True","GREEN","Chiffon",,"Round Neck","M",,,"MIDI","Flowy chiffon Dresses,Best Sellers,Dark Collections"
"4626","Emerald Lake Ruffle Midi","Dresses","MAXI004","2280.00","","","rate","","True","GREEN","Chiffon",,"Round Neck","L",,,"MIDI","Dark Collections,Flowy chiffon Dresses,Best Sellers"
"4627","Emerald Lake Ruffle Midi","Dresses","MAXI005","2280.00","","","rate","","True","GREEN","Chiffon",,"Round Neck","XL",,,"MIDI","Best Sellers,Dark Collections,Flowy chiffon Dresses"
"4628","Emerald Lake Ruffle Midi","Dresses","MAXI006","2280.00","","","rate","","True","GREEN","Chiffon",,"Round Neck","XXL",,,"MIDI","Best Sellers,Dark Collections,Flowy chiffon Dresses"
"4629","Emerald Lake Ruffle Midi","Dresses","MAXI007","2280.00","","","rate","","True","GREEN","Chiffon",,"Round Neck","XXXL",,,"MIDI","Flowy chiffon Dresses,Best Sellers,Dark Collections"
"4631","Amber Bloom Chiffon Maxi","Dresses","MAXI008","1850.00","40.00","740.00","rate","","True",,,,,"XS",,,,"New Arrivals,Best Sellers,Clearance,Long Maxi Dresses"
"4632","Amber Bloom Chiffon Maxi","Dresses","MAXI009","1850.00","40.00","740.00","rate","","True",,,,,"S",,,,"New Arrivals,Best Sellers,Long Maxi Dresses"
"4633","Amber Bloom Chiffon Maxi","Dresses","MAXI010","1850.00","40.00","740.00","rate","","True",,,,,"M",,,,"Clearance,Long Maxi Dresses,New Arrivals,Best Sellers"
"4634","Amber Bloom Chiffon Maxi","Dresses","MAXI011","1850.00","40.00","740.00","rate","","True",,,,,"L",,,,"Best Sellers,Long Maxi Dresses,New Arrivals"
"4635","Amber Bloom Chiffon Maxi","Dresses","MAXI012","1850.00","40.00","740.00","rate","","True",,,,,"XL",,,,"Best Sellers,Long Maxi Dresses,New Arrivals"
"4636","Amber Bloom Chiffon Maxi","Dresses","MAXI013","1850.00","40.00","740.00","rate","","True",,,,,"XXL",,,,"Best Sellers,Long Maxi Dresses,New Arrivals"
"4637","Amber Bloom Chiffon Maxi","Dresses","MAXI014","1850.00","40.00","740.00","rate","","True",,,,,"XXXL",,,,"Best Sellers,New Arrivals"
"4640","Velvet Garden Chiffon Maxi","Dresses","MAXI015","2180.00","","","rate","","True","PINK","Chiffon",,"V Neck","XS",,,"Maxi","Flowy chiffon Dresses,Best Sellers"
"4642","Velvet Garden Chiffon Maxi","Dresses","MAXI016","2180.00","","","rate","","True","PINK","Chiffon",,"V Neck","S",,,"Maxi","Flowy chiffon Dresses,Best Sellers"
"4643","Velvet Garden Chiffon Maxi","Dresses","MAXI017","2180.00","","","rate","","True","PINK","Chiffon",,"V Neck","M",,,"Maxi","Flowy chiffon Dresses,Best Sellers"
"4644","Velvet Garden Chiffon Maxi","Dresses","MAXI018","2180.00","","","rate","","True","PINK","Chiffon",,"V Neck","L",,,"Maxi","Flowy chiffon Dresses,Best Sellers"
"4645","Velvet Garden Chiffon Maxi","Dresses","MAXI019","2180.00","","","rate","","True","PINK","Chiffon",,"V Neck","XL",,,"Maxi","Flowy chiffon Dresses,Best Sellers"
"4646","Velvet Garden Chiffon Maxi","Dresses","MAXI020","2180.00","","","rate","","True","PINK","Chiffon",,"V Neck","XXL",,,"Maxi","Flowy chiffon Dresses,Best Sellers"
"4647","Velvet Garden Chiffon Maxi","Dresses","MAXI021","2180.00","","","rate","","True","PINK","Chiffon",,"V Neck","XXXL",,,"Maxi","Flowy chiffon Dresses,Best Sellers"
"4649","Noire Chiffon Maxi","Dresses","MAXI022","2240.00","40.00","896.00","rate","","True",,,,,"XS",,,,"Dark Collections,Long Maxi Dresses"
"4650","Noire Chiffon Maxi","Dresses","MAXI023","2240.00","40.00","896.00","rate","","True",,,,,"S",,,,"Long Maxi Dresses,New Arrivals,Dark Collections"
"4651","Noire Chiffon Maxi","Dresses","MAXI024","2240.00","40.00","896.00","rate","","True",,,,,"M",,,,"Clearance,Dark Collections,Long Maxi Dresses,New Arrivals"
"4652","Noire Chiffon Maxi","Dresses","MAXI025","2240.00","40.00","896.00","rate","","True",,,,,"L",,,,"Long Maxi Dresses,New Arrivals,Clearance,Dark Collections"
"4653","Noire Chiffon Maxi","Dresses","MAXI026","2240.00","40.00","896.00","rate","","True",,,,,"XL",,,,"Dark Collections,Long Maxi Dresses,New Arrivals,Clearance"
"4654","Noire Chiffon Maxi","Dresses","MAXI027","2240.00","40.00","896.00","rate","","True",,,,,"XXL",,,,"Dark Collections,Long Maxi Dresses,New Arrivals"
"4655","Noire Chiffon Maxi","Dresses","MAXI028","2240.00","40.00","896.00","rate","","True",,,,,"XXXL",,,,"New Arrivals,Dark Collections,Long Maxi Dresses"
"4657","Nor Scalloped Maxi","Dresses","MAXI029","1840.00","15.00","276.00","rate","","True","Black","Cotton",,"Square Neck","XS",,,"Maxi","denims"
"4658","Nor Scalloped Maxi","Dresses","MAXI030","1840.00","15.00","276.00","rate","3.0","True","Black","Cotton",,"Square Neck","S",,,"Maxi","denims"
"4659","Nor Scalloped Maxi","Dresses","MAXI031","1840.00","15.00","276.00","rate","17.0","True","Black","Cotton",,"Square Neck","M",,,"Maxi","denims"
"4660","Nor Scalloped Maxi","Dresses","MAXI032","1840.00","15.00","276.00","rate","8.0","True","Black","Cotton",,"Square Neck","L",,,"Maxi","denims"
"4661","Nor Scalloped Maxi","Dresses","MAXI033","1840.00","15.00","276.00","rate","9.0","True","Black","Cotton",,"Square Neck","XL",,,"Maxi","denims"
"4663","Nor Scalloped Maxi","Dresses","MAXI034","1840.00","15.00","276.00","rate","2.0","True","Black","Cotton",,"Square Neck","XXL",,,"Maxi","denims"
"4664","Nor Scalloped Maxi","Dresses","MAXI035","1840.00","15.00","276.00","rate","","True","Black","Cotton",,"Square Neck","XXXL",,,"Maxi","denims"
"4666","Red Echo Buttondown Maxi","Dresses","MAXI036","1840.00","40.00","736.00","rate","","True","RED","Chiffon",,"Round Neck","XS",,,"Maxi","Clearance"
"4667","Red Echo Buttondown Maxi","Dresses","MAXI037","1840.00","40.00","736.00","rate","","True","RED","Chiffon",,"Round Neck","S",,,"Maxi","Clearance"
"4668","Red Echo Buttondown Maxi","Dresses","MAXI038","1840.00","40.00","736.00","rate","","True","RED","Chiffon",,"Round Neck","M",,,"Maxi","Clearance"
"4669","Red Echo Buttondown Maxi","Dresses","MAXI039","1840.00","40.00","736.00","rate","","True","RED","Chiffon",,"Round Neck","L",,,"Maxi","Clearance"
"4670","Red Echo Buttondown Maxi","Dresses","MAXI040","1840.00","40.00","736.00","rate","","True","RED","Chiffon",,"Round Neck","XL",,,"Maxi","Clearance"
"4671","Red Echo Buttondown Maxi","Dresses","MAXI041","1840.00","40.00","736.00","rate","","True","RED","Chiffon",,"Round Neck","XXL",,,"Maxi","Clearance"
"4672","Red Echo Buttondown Maxi","Dresses","MAXI042","1840.00","40.00","736.00","rate","","True","RED","Chiffon",,"Round Neck","XXXL",,,"Maxi","Clearance"
"4676","Denim Scalloped Shirt","Dresses","SHIRT043","1480.00","15.00","222.00","rate","2.0","True","BLUE","Denim",,"V Neck","XS",,,,"Best Sellers,denims"
"4679","Denim Scalloped Shirt","Dresses","SHIRT044","1480.00","15.00","222.00","rate","","True","BLUE","Denim",,"V Neck","S",,,,"Best Sellers,denims"
"4680","Denim Scalloped Shirt","Dresses","SHIRT045","1480.00","15.00","222.00","rate","","True","BLUE","Denim",,"V Neck","M",,,,"Best Sellers,denims"
"4681","Denim Scalloped Shirt","Dresses","SHIRT046","1480.00","15.00","222.00","rate","1.0","True","BLUE","Denim",,"V Neck","L",,,,"denims,Best Sellers"
"4682","Denim Scalloped Shirt","Dresses","SHIRT047","1480.00","15.00","222.00","rate","7.0","True","BLUE","Denim",,"V Neck","XL",,,,"Best Sellers,denims"
"4683","Denim Scalloped Shirt","Dresses","SHIRT048","1480.00","15.00","222.00","rate","1.0","True","BLUE","Denim",,"V Neck","XXL",,,,"Best Sellers,denims"
"4684","Denim Scalloped Shirt","Dresses","SHIRT049","1480.00","15.00","222.00","rate","","True","BLUE","Denim",,"V Neck","XXXL",,,,"denims,Best Sellers"
"4693","Earthdown Chiffon Maxi","Dresses","MAXI050","1980.00","40.00","792.00","rate","","True","GREEN","Chiffon",,"V Neck","XS",,,"Maxi","clearance"
"4695","Earthdown Chiffon Maxi","Dresses","MAXI051","1980.00","40.00","792.00","rate","","True","GREEN","Chiffon",,"V Neck","S",,,"Maxi","clearance"
"4696","Earthdown Chiffon Maxi","Dresses","MAXI052","1980.00","40.00","792.00","rate","","True","GREEN","Chiffon",,"V Neck","M",,,"Maxi","clearance"
"4697","Earthdown Chiffon Maxi","Dresses","MAXI053","1980.00","40.00","792.00","rate","","True","GREEN","Chiffon",,"V Neck","L",,,"Maxi","clearance"
"4698","Earthdown Chiffon Maxi","Dresses","MAXI054","1980.00","40.00","792.00","rate","","True","GREEN","Chiffon",,"V Neck","XL",,,"Maxi","clearance"
"4699","Earthdown Chiffon Maxi","Dresses","MAXI055","1980.00","40.00","792.00","rate","","True","GREEN","Chiffon",,"V Neck","XXL",,,"Maxi","clearance"
"4700","Earthdown Chiffon Maxi","Dresses","MAXI056","1980.00","40.00","792.00","rate","","True","GREEN","Chiffon",,"V Neck","XXXL",,,"Maxi","clearance"
"4702","Sunlit Midi Dress","Dresses","MAXI057","1890.00","","","rate","","True",,"Cotton",,"V Neck","XS",,,"MIDI","Selling Fast"
"4703","Sunlit Midi Dress","Dresses","MAXI058","1890.00","","","rate","","True",,"Cotton",,"V Neck","S",,,"MIDI","Selling Fast"
"4704","Sunlit Midi Dress","Dresses","MAXI059","1890.00","","","rate","","True",,"Cotton",,"V Neck","M",,,"MIDI","Selling Fast"
"4706","Sunlit Midi Dress","Dresses","MAXI060","1890.00","","","rate","","True",,"Cotton",,"V Neck","L",,,"MIDI","Selling Fast"
"4708","Sunlit Midi Dress","Dresses","MAXI061","1890.00","","","rate","","True",,"Cotton",,"V Neck","XL",,,"MIDI","Selling Fast"
"4710","Sunlit Midi Dress","Dresses","MAXI062","1890.00","","","rate","","True",,"Cotton",,"V Neck","XXL",,,"MIDI","Selling Fast"
"4712","Sunlit Midi Dress","Dresses","MAXI063","1890.00","","","rate","","True",,"Cotton",,"V Neck","XXXL",,,"MIDI","Selling Fast"
"4780","Onyx Checked Maxi","Dresses","MAXI064","1860.00","30.00","558.00","rate","","True","Black","Cotton",,"Square Neck","XS",,,"Maxi","Clearance"
"4781","Onyx Checked Maxi","Dresses","MAXI065","1860.00","30.00","558.00","rate","","True","Black","Cotton",,"Square Neck","S",,,"Maxi","Clearance"
"4782","Onyx Checked Maxi","Dresses","MAXI066","1860.00","30.00","558.00","rate","","True","Black","Cotton",,"Square Neck","M",,,"Maxi","Clearance"
"4783","Onyx Checked Maxi","Dresses","MAXI067","1860.00","30.00","558.00","rate","","True","Black","Cotton",,"Square Neck","L",,,"Maxi","Clearance"
"4784","Onyx Checked Maxi","Dresses","MAXI068","1860.00","30.00","558.00","rate","","True","Black","Cotton",,"Square Neck","XL",,,"Maxi","Clearance"
"4785","Onyx Checked Maxi","Dresses","MAXI069","1860.00","30.00","558.00","rate","","True","Black","Cotton",,"Square Neck","XXL",,,"Maxi","Clearance"
"4786","Onyx Checked Maxi","Dresses","MAXI070","1860.00","30.00","558.00","rate","","True","Black","Cotton",,"Square Neck","XXXL",,,"Maxi","Clearance"
"4796","Antique Gold Leggings","Ready to Wear Blouses","AT01","499.00","20.00","99.80","rate","26.0","True",,,,,"S",,,,
"4797","Antique Gold Leggings","Ready to Wear Blouses","AT02","499.00","20.00","99.80","rate","","True",,,,,"M",,,,
"4798","Antique Gold Leggings","Ready to Wear Blouses","AT03","499.00","20.00","99.80","rate","","True",,,,,"L",,,,
"4799","Antique Gold Leggings","Ready to Wear Blouses","AT04","499.00","20.00","99.80","rate","7.0","True",,,,,"XL",,,,
"4801","Antique Gold Leggings","Ready to Wear Blouses","AT05","499.00","20.00","99.80","rate","21.0","True",,,,,"XXL",,,,
"4803","Denim Leggings","Ready to Wear Blouses","D01","499.00","20.00","99.80","rate","40.0","True",,,,,"S",,,,
"4804","Denim Leggings","Ready to Wear Blouses","D02","499.00","20.00","99.80","rate","23.0","True",,,,,"M",,,,
"4805","Denim Leggings","Ready to Wear Blouses","D03","499.00","20.00","99.80","rate","16.0","True",,,,,"L",,,,
"4806","Denim Leggings","Ready to Wear Blouses","D04","499.00","20.00","99.80","rate","29.0","True",,,,,"XL",,,,
"4807","Denim Leggings","Ready to Wear Blouses","D05","499.00","20.00","99.80","rate","28.0","True",,,,,"XXL",,,,
"4809","Black Leggings","Ready to Wear Blouses","BL01","499.00","20.00","99.80","rate","36.0","True",,,,,"S",,,,
"4810","Black Leggings","Ready to Wear Blouses","BL02","499.00","20.00","99.80","rate","24.0","True",,,,,"M",,,,
"4811","Black Leggings","Ready to Wear Blouses","BL03","499.00","20.00","99.80","rate","20.0","True",,,,,"L",,,,
"4812","Black Leggings","Ready to Wear Blouses","BL04","499.00","20.00","99.80","rate","23.0","True",,,,,"XL",,,,
"4813","Black Leggings","Ready to Wear Blouses","BL05","499.00","20.00","99.80","rate","26.0","True",,,,,"XXL",,,,
"4842","Mystic Ikkat Maxi","Dresses","MAXI071","1980.00","40.00","792.00","rate","","True","Black","Chiffon",,"Square Neck","XS",,,"Maxi","clearance"
"4843","Mystic Ikkat Maxi","Dresses","MAXI072","1980.00","40.00","792.00","rate","","True","Black","Chiffon",,"Square Neck","S",,,"Maxi","clearance"
"4844","Mystic Ikkat Maxi","Dresses","MAXI073","1980.00","40.00","792.00","rate","","True","Black","Chiffon",,"Square Neck","M",,,"Maxi","clearance"
"4845","Mystic Ikkat Maxi","Dresses","MAXI074","1980.00","40.00","792.00","rate","","True","Black","Chiffon",,"Square Neck","L",,,"Maxi","clearance"
"4846","Mystic Ikkat Maxi","Dresses","MAXI075","1980.00","40.00","792.00","rate","","True","Black","Chiffon",,"Square Neck","XL",,,"Maxi","clearance"
"4847","Mystic Ikkat Maxi","Dresses","MAXI076","1980.00","40.00","792.00","rate","","True","Black","Chiffon",,"Square Neck","XXL",,,"Maxi","clearance"
"4848","Mystic Ikkat Maxi","Dresses","MAXI077","1980.00","40.00","792.00","rate","","True","Black","Chiffon",,"Square Neck","XXXL",,,"Maxi","clearance"
"5125","Rosette Georgette Maxi","Dresses","MAXI078","2180.00","","","rate","","True","WHITE","Chiffon",,"V Neck","XS",,,"Maxi","Selling Fast"
"5126","Rosette Georgette Maxi","Dresses","MAXI079","2180.00","","","rate","","True","WHITE","Chiffon",,"V Neck","S",,,"Maxi","Selling Fast"
"5127","Rosette Georgette Maxi","Dresses","MAXI080","2180.00","","","rate","","True","WHITE","Chiffon",,"V Neck","M",,,"Maxi","Selling Fast"
"5128","Rosette Georgette Maxi","Dresses","MAXI081","2180.00","","","rate","","True","WHITE","Chiffon",,"V Neck","L",,,"Maxi","Selling Fast"
"5129","Rosette Georgette Maxi","Dresses","MAXI082","2180.00","","","rate","","True","WHITE","Chiffon",,"V Neck","XL",,,"Maxi","Selling Fast"
"5130","Rosette Georgette Maxi","Dresses","MAXI083","2180.00","","","rate","","True","WHITE","Chiffon",,"V Neck","XXL",,,"Maxi","Selling Fast"
"5131","Rosette Georgette Maxi","Dresses","MAXI084","2180.00","","","rate","","True","WHITE","Chiffon",,"V Neck","XXXL",,,"Maxi","Selling Fast"
"5133","Icy Bloom Pleated Maxi","Dresses","MAXI085","2240.00","","","rate","","True",,"Chiffon",,"Sweetheart","S",,,,
"5134","Icy Bloom Pleated Maxi","Dresses","MAXI086","2240.00","","","rate","","True",,"Chiffon",,"Sweetheart","M",,,,"Selling Fast"
"5135","Icy Bloom Pleated Maxi","Dresses","MAXI087","2240.00","","","rate","","True",,"Chiffon",,"Sweetheart","L",,,,
"5136","Icy Bloom Pleated Maxi","Dresses","MAXI088","2240.00","","","rate","","True",,"Chiffon",,"Sweetheart","XL",,,,
"5137","Icy Bloom Pleated Maxi","Dresses","MAXI089","2240.00","","","rate","","True",,"Chiffon",,"Sweetheart","XXL",,,,
"5139","Blue Georgette Midi","Dresses","MIDI89","1980.00","50.00","990.00","rate","","True",,,,,"S",,,,"clearance"
"5140","Blue Georgette Midi","Dresses","MAXI90","1980.00","50.00","990.00","rate","","True",,,,,"M",,,,"clearance,Dresses Under Rs.1500"
"5142","White Schiffili Midi","Dresses","MIDI91","1280.00","","","rate","","True",,,,,"S",,,,"clearance"
"5143","White Schiffili Midi","Dresses","MIDI92","1280.00","","","rate","","True",,,,,"M",,,,"Dresses Under Rs.1500,clearance"
"5145","Colour Pop Chiffon Midi","Dresses","MIDI93","1099.00","","","rate","","True",,,,,"S",,,,"clearance,Dresses Under Rs.1500"
"5146","Colour Pop Chiffon Midi","Dresses","MIDI94","1099.00","","","rate","","True",,,,,"M",,,,"clearance,Dresses Under Rs.1500"
"5148","Stripes Green Midi","Dresses","MIDI95","1140.00","","","rate","","True",,,,,"S",,,,"clearance"
"5150","Stripes Green Midi","Dresses","MIDI96","1140.00","","","rate","","True",,,,,"M",,,,"Dresses Under Rs.1500,clearance"
"5152","BlueBell Dream Chiffon Midi","Dresses","Maxi97","2240.00","35.00","784.00","rate","","True","BLUE","Chiffon",,"V Neck","XS",,,"MIDI","clearance"
"5153","BlueBell Dream Chiffon Midi","Dresses","MAXI98","2240.00","35.00","784.00","rate","","True","BLUE","Chiffon",,"V Neck","S",,,"MIDI","clearance"
"5154","BlueBell Dream Chiffon Midi","Dresses","MAXI100","2240.00","35.00","784.00","rate","","True","BLUE","Chiffon",,"V Neck","M",,,"MIDI","clearance"
"5155","BlueBell Dream Chiffon Midi","Dresses","MAXI101","2240.00","35.00","784.00","rate","","True","BLUE","Chiffon",,"V Neck","L",,,"MIDI","clearance"
"5157","BlueBell Dream Chiffon Midi","Dresses","MAXI102","2240.00","35.00","784.00","rate","","True","BLUE","Chiffon",,"V Neck","XL",,,"MIDI","clearance"
"5158","BlueBell Dream Chiffon Midi","Dresses","MAXI103","2240.00","35.00","784.00","rate","","True","BLUE","Chiffon",,"V Neck","XXL",,,"MIDI","clearance"
"5159","BlueBell Dream Chiffon Midi","Dresses","MAXI104","2240.00","35.00","784.00","rate","","True","BLUE","Chiffon",,"V Neck","XXXL",,,"MIDI","clearance"
"5161","Green Leopard Panel  Midi","Dresses","MAXI105","2170.00","10.00","217.00","rate","","True","GREEN","Chiffon",,"Round Neck","XS",,,"MIDI","Best Sellers,Dark Collections"
"5162","Green Leopard Panel  Midi","Dresses","MAXI106","2170.00","10.00","217.00","rate","","True","GREEN","Chiffon",,"Round Neck","S",,,"MIDI","Dark Collections,Best Sellers"
"5163","Green Leopard Panel  Midi","Dresses","MAXI107","2170.00","10.00","217.00","rate","","True","GREEN","Chiffon",,"Round Neck","M",,,"MIDI","Dark Collections,Best Sellers"
"5164","Green Leopard Panel  Midi","Dresses","MAXI108","2170.00","10.00","217.00","rate","","True","GREEN","Chiffon",,"Round Neck","L",,,"MIDI","Dark Collections,Best Sellers"
"5166","Green Leopard Panel  Midi","Dresses","MAXI109","2170.00","10.00","217.00","rate","","True","GREEN","Chiffon",,"Round Neck","XL",,,"MIDI","Dark Collections,Best Sellers"
"5167","Green Leopard Panel  Midi","Dresses","MAXI110","2170.00","10.00","217.00","rate","","True","GREEN","Chiffon",,"Round Neck","XXL",,,"MIDI","Dark Collections,Best Sellers"
"5168","Green Leopard Panel  Midi","Dresses","MAXI111","2170.00","10.00","217.00","rate","","True","GREEN","Chiffon",,"Round Neck","XXXL",,,"MIDI","Dark Collections,Best Sellers"
"5170","Cherry Chant Maxi","Dresses","MAXI112","1980.00","30.00","594.00","rate","","True","RED","Chiffon",,"V Neck","XS",,,"Maxi","Selling Fast,clearance"
"5171","Cherry Chant Maxi","Dresses","MAXI113","1980.00","30.00","594.00","rate","","True","RED","Chiffon",,"V Neck","S",,,"Maxi","Selling Fast,clearance"
"5172","Cherry Chant Maxi","Dresses","MAXI114","1980.00","30.00","594.00","rate","","True","RED","Chiffon",,"V Neck","M",,,"Maxi","Selling Fast,clearance"
"5173","Cherry Chant Maxi","Dresses","MAXI115","1980.00","30.00","594.00","rate","","True","RED","Chiffon",,"V Neck","L",,,"Maxi","clearance,Selling Fast"
"5174","Cherry Chant Maxi","Dresses","MAXI116","1980.00","30.00","594.00","rate","","True","RED","Chiffon",,"V Neck","XL",,,"Maxi","clearance,Selling Fast"
"5175","Cherry Chant Maxi","Dresses","MAXI117","1980.00","30.00","594.00","rate","","True","RED","Chiffon",,"V Neck","XXL",,,"Maxi","clearance,Selling Fast"
"5176","Cherry Chant Maxi","Dresses","MAXI118","1980.00","30.00","594.00","rate","","True","RED","Chiffon",,"V Neck","XXXL",,,"Maxi","clearance,Selling Fast"
"5178","Green Raga Panel Maxi","Dresses","MAXI119","2160.00","40.00","864.00","rate","","True","GREEN","Chiffon",,"V Neck","XS",,,"Maxi","Clearance"
"5179","Green Raga Panel Maxi","Dresses","MAXI120","2160.00","40.00","864.00","rate","","True","GREEN","Chiffon",,"V Neck","S",,,"Maxi","Clearance"
"5180","Green Raga Panel Maxi","Dresses","MAXI121","2160.00","40.00","864.00","rate","","True","GREEN","Chiffon",,"V Neck","M",,,"Maxi","Clearance"
"5181","Green Raga Panel Maxi","Dresses","MAXI122","2160.00","40.00","864.00","rate","","True","GREEN","Chiffon",,"V Neck","L",,,"Maxi","Clearance"
"5182","Green Raga Panel Maxi","Dresses","MAXI123","2160.00","40.00","864.00","rate","","True","GREEN","Chiffon",,"V Neck","XL",,,"Maxi","Clearance"
"5183","Green Raga Panel Maxi","Dresses","MAXI124","2160.00","40.00","864.00","rate","","True","GREEN","Chiffon",,"V Neck","XXL",,,"Maxi","Clearance"
"5184","Green Raga Panel Maxi","Dresses","MAXI125","2160.00","40.00","864.00","rate","","True","GREEN","Chiffon",,"V Neck","XXXL",,,"Maxi","Clearance"
"5186","Berry Burst Chiffon Maxi","Dresses","MAXI126","2080.00","","","rate","","True","RED","Chiffon",,"V Neck","XS",,,"Maxi","Dark Collections,Long Maxi Dresses,Selling Fast"
"5187","Berry Burst Chiffon Maxi","Dresses","MAXI127","2080.00","","","rate","","True","RED","Chiffon",,"V Neck","S",,,"Maxi","Selling Fast,Dark Collections,Long Maxi Dresses"
"5188","Berry Burst Chiffon Maxi","Dresses","MAXI128","2080.00","","","rate","","True","RED","Chiffon",,"V Neck","M",,,"Maxi","Long Maxi Dresses,Selling Fast,Dark Collections"
"5189","Berry Burst Chiffon Maxi","Dresses","MAXI129","2080.00","","","rate","","True","RED","Chiffon",,"V Neck","L",,,"Maxi","Dark Collections,Long Maxi Dresses,Selling Fast"
"5190","Berry Burst Chiffon Maxi","Dresses","MAXI130","2080.00","","","rate","","True","RED","Chiffon",,"V Neck","XL",,,"Maxi","Dark Collections,Long Maxi Dresses,Selling Fast"
"5191","Berry Burst Chiffon Maxi","Dresses","MAXI131","2080.00","","","rate","","True","RED","Chiffon",,"V Neck","XXL",,,"Maxi","Selling Fast,Dark Collections,Long Maxi Dresses"
"5192","Berry Burst Chiffon Maxi","Dresses","MAXI132","2080.00","","","rate","","True","RED","Chiffon",,"V Neck","XXXL",,,"Maxi","Long Maxi Dresses,Selling Fast,Dark Collections"
"5194","Raspberry Radiant Pleated Maxi","Dresses","MAXI133","2160.00","40.00","864.00","rate","","True","PINK","Chiffon",,"V Neck","XS",,,"Maxi","Clearance,Dark Collections"
"5195","Raspberry Radiant Pleated Maxi","Dresses","MAXI134","2160.00","40.00","864.00","rate","","True","PINK","Chiffon",,"V Neck","S",,,"Maxi","Clearance,Dark Collections"
"5198","Raspberry Radiant Pleated Maxi","Dresses","MAXI135","2160.00","40.00","864.00","rate","","True","PINK","Chiffon",,"V Neck","M",,,"Maxi","Clearance,Dark Collections"
"5199","Raspberry Radiant Pleated Maxi","Dresses","MAXI136","2160.00","40.00","864.00","rate","","True","PINK","Chiffon",,"V Neck","L",,,"Maxi","Dark Collections,Clearance"
"5200","Raspberry Radiant Pleated Maxi","Dresses","MAXI137","2160.00","40.00","864.00","rate","","True","PINK","Chiffon",,"V Neck","XL",,,"Maxi","Dark Collections,Clearance"
"5201","Raspberry Radiant Pleated Maxi","Dresses","MAXI138","2160.00","40.00","864.00","rate","","True","PINK","Chiffon",,"V Neck","XXL",,,"Maxi","Dark Collections,Clearance"
"5202","Raspberry Radiant Pleated Maxi","Dresses","MAXI139","2160.00","40.00","864.00","rate","","True","PINK","Chiffon",,"V Neck","XXXL",,,"Maxi","Dark Collections,Clearance"
"5206","Pink Mirage Chiffon Maxi","Dresses","MAXI140","1980.00","40.00","792.00","rate","","True","PINK","Chiffon",,"Square Neck","XS",,,"Maxi","Clearance"
"5207","Pink Mirage Chiffon Maxi","Dresses","MAXI141","1980.00","40.00","792.00","rate","","True","PINK","Chiffon",,"Square Neck","S",,,"Maxi","Clearance"
"5208","Pink Mirage Chiffon Maxi","Dresses","MAXI142","1980.00","40.00","792.00","rate","","True","PINK","Chiffon",,"Square Neck","M",,,"Maxi","Clearance"
"5209","Pink Mirage Chiffon Maxi","Dresses","MAXI143","1980.00","40.00","792.00","rate","","True","PINK","Chiffon",,"Square Neck","L",,,"Maxi","Clearance"
"5210","Pink Mirage Chiffon Maxi","Dresses","MAXI144","1980.00","40.00","792.00","rate","","True","PINK","Chiffon",,"Square Neck","XL",,,"Maxi","Clearance"
"5211","Pink Mirage Chiffon Maxi","Dresses","MAXI145","1980.00","40.00","792.00","rate","","True","PINK","Chiffon",,"Square Neck","XXL",,,"Maxi","Clearance"
"5212","Pink Mirage Chiffon Maxi","Dresses","MAXI146","1980.00","40.00","792.00","rate","","True","PINK","Chiffon",,"Square Neck","XXXL",,,"Maxi","Clearance"
"5214","Aegean Leaf Chiffon Maxi","Dresses","MAXI147","2090.00","","","rate","","True","BLUE","Chiffon",,"V Neck","XS",,,"Maxi","Dark Collections,Long Maxi Dresses"
"5215","Aegean Leaf Chiffon Maxi","Dresses","MAXI148","2090.00","","","rate","","True","BLUE","Chiffon",,"V Neck","S",,,"Maxi","Dark Collections,Long Maxi Dresses"
"5216","Aegean Leaf Chiffon Maxi","Dresses","MAXI149","2090.00","","","rate","","True","BLUE","Chiffon",,"V Neck","M",,,"Maxi","Dark Collections,Long Maxi Dresses"
"5219","Aegean Leaf Chiffon Maxi","Dresses","MAXI150","2090.00","","","rate","","True","BLUE","Chiffon",,"V Neck","L",,,"Maxi","Dark Collections,Long Maxi Dresses"
"5220","Aegean Leaf Chiffon Maxi","Dresses","MAXI151","2090.00","","","rate","","True","BLUE","Chiffon",,"V Neck","XL",,,"Maxi","Dark Collections,Long Maxi Dresses"
"5221","Aegean Leaf Chiffon Maxi","Dresses","MAXI152","2090.00","","","rate","","True","BLUE","Chiffon",,"V Neck","XXL",,,"Maxi","Dark Collections,Long Maxi Dresses"
"5223","Aegean Leaf Chiffon Maxi","Dresses","MAXI153","2090.00","","","rate","","True","BLUE","Chiffon",,"V Neck","XXXL",,,"Maxi","Dark Collections,Long Maxi Dresses"
"5561","Spring Muse Chiffon Maxi","Dresses","MAXI154","1990.00","40.00","796.00","rate","","True",,"Chiffon",,"Round Neck","XS",,,"Maxi","Clearance"
"5562","Spring Muse Chiffon Maxi","Dresses","MAXI155","1990.00","40.00","796.00","rate","","True",,"Chiffon",,"Round Neck","S",,,"Maxi","Clearance"
"5563","Spring Muse Chiffon Maxi","Dresses","MAXI156","1990.00","40.00","796.00","rate","","True",,"Chiffon",,"Round Neck","M",,,"Maxi","Clearance"
"5564","Spring Muse Chiffon Maxi","Dresses","MAXI157","1990.00","40.00","796.00","rate","","True",,"Chiffon",,"Round Neck","L",,,"Maxi","Clearance"
"5565","Spring Muse Chiffon Maxi","Dresses","MAXI158","1990.00","40.00","796.00","rate","","True",,"Chiffon",,"Round Neck","XL",,,"Maxi","Clearance"
"5566","Spring Muse Chiffon Maxi","Dresses","MAXI159","1990.00","40.00","796.00","rate","","True",,"Chiffon",,"Round Neck","XXL",,,"Maxi","Clearance"
"5567","Spring Muse Chiffon Maxi","Dresses","MAXI160","1990.00","40.00","796.00","rate","","True",,"Chiffon",,"Round Neck","XXXL",,,"Maxi","Clearance"
"5569","Ruby Garden Chiffon Maxi","Dresses","MAXI161","2240.00","30.00","672.00","rate","","True","BLUE","Chiffon",,"Close Neck","XS",,,"Maxi","clearance"
"5571","Ruby Garden Chiffon Maxi","Dresses","MAXI162","2240.00","30.00","672.00","rate","","True","BLUE","Chiffon",,"Close Neck","S",,,"Maxi","clearance"
"5572","Ruby Garden Chiffon Maxi","Dresses","MAXI163","2240.00","30.00","672.00","rate","","True","BLUE","Chiffon",,"Close Neck","M",,,"Maxi","clearance"
"5573","Ruby Garden Chiffon Maxi","Dresses","MAXI164","2240.00","30.00","672.00","rate","","True","BLUE","Chiffon",,"Close Neck","L",,,"Maxi","clearance"
"5574","Ruby Garden Chiffon Maxi","Dresses","MAXI165","2240.00","30.00","672.00","rate","","True","BLUE","Chiffon",,"Close Neck","XL",,,"Maxi","clearance"
"5576","Ruby Garden Chiffon Maxi","Dresses","MAXI166","2240.00","30.00","672.00","rate","","True","BLUE","Chiffon",,"Close Neck","XXL",,,"Maxi","clearance"
"5577","Ruby Garden Chiffon Maxi","Dresses","MAXI167","2240.00","30.00","672.00","rate","","True","BLUE","Chiffon",,"Close Neck","XXXL",,,"Maxi","clearance"
"5579","Peachwood Chiffon Maxi","Dresses","MAXI168","1990.00","40.00","796.00","rate","","True","PINK","Chiffon",,"Square Neck","XS",,,"Maxi","clearance"
"5580","Peachwood Chiffon Maxi","Dresses","MAXI169","1990.00","40.00","796.00","rate","","True","PINK","Chiffon",,"Square Neck","S",,,"Maxi","clearance"
"5581","Peachwood Chiffon Maxi","Dresses","MAXI170","1990.00","40.00","796.00","rate","","True","PINK","Chiffon",,"Square Neck","M",,,"Maxi","clearance"
"5583","Peachwood Chiffon Maxi","Dresses","MAXI171","1990.00","40.00","796.00","rate","","True","PINK","Chiffon",,"Square Neck","L",,,"Maxi","clearance"
"5584","Peachwood Chiffon Maxi","Dresses","MAXI172","1990.00","40.00","796.00","rate","","True","PINK","Chiffon",,"Square Neck","XL",,,"Maxi","clearance"
"5585","Peachwood Chiffon Maxi","Dresses","MAXI173","1990.00","40.00","796.00","rate","","True","PINK","Chiffon",,"Square Neck","XXL",,,"Maxi","clearance"
"5586","Peachwood Chiffon Maxi","Dresses","MAXI174","1990.00","40.00","796.00","rate","","True","PINK","Chiffon",,"Square Neck","XXXL",,,"Maxi","clearance"
"5588","Ivy Hakoba Midi","Dresses","MAXI175","1980.00","","","rate","","True","GREEN","Cotton",,"V Neck","XS",,,"MIDI","Selling Fast"
"5589","Ivy Hakoba Midi","Dresses","MAXI176","1980.00","","","rate","","True","GREEN","Cotton",,"V Neck","S",,,"MIDI","Selling Fast"
"5590","Ivy Hakoba Midi","Dresses","MAXI177","1980.00","","","rate","","True","GREEN","Cotton",,"V Neck","M",,,"MIDI","Selling Fast"
"5592","Ivy Hakoba Midi","Dresses","MAXI178","1980.00","","","rate","","True","GREEN","Cotton",,"V Neck","L",,,"MIDI","Selling Fast"
"5593","Ivy Hakoba Midi","Dresses","MAXI179","1980.00","","","rate","","True","GREEN","Cotton",,"V Neck","XL",,,"MIDI","Selling Fast"
"5594","Ivy Hakoba Midi","Dresses","MAXI180","1980.00","","","rate","","True","GREEN","Cotton",,"V Neck","XXL",,,"MIDI","Selling Fast"
"5595","Ivy Hakoba Midi","Dresses","MAXI181","1980.00","","","rate","","True","GREEN","Cotton",,"V Neck","XXXL",,,"MIDI","Selling Fast"
"5597","Calm Currents Hakoba Maxi","Dresses","MAXI182","2090.00","40.00","836.00","rate","","True","WHITE","Cotton",,"V Neck","XS",,,"Maxi","Clearance"
"5598","Calm Currents Hakoba Maxi","Dresses","MAXI183","2090.00","40.00","836.00","rate","","True","WHITE","Cotton",,"V Neck","S",,,"Maxi","Clearance"
"5600","Calm Currents Hakoba Maxi","Dresses","MAXI184","2090.00","40.00","836.00","rate","","True","WHITE","Cotton",,"V Neck","M",,,"Maxi","Clearance"
"5601","Calm Currents Hakoba Maxi","Dresses","MAXI185","2090.00","40.00","836.00","rate","","True","WHITE","Cotton",,"V Neck","L",,,"Maxi","Clearance"
"5602","Calm Currents Hakoba Maxi","Dresses","MAXI186","2090.00","40.00","836.00","rate","","True","WHITE","Cotton",,"V Neck","XL",,,"Maxi","Clearance"
"5603","Calm Currents Hakoba Maxi","Dresses","MAXI187","2090.00","40.00","836.00","rate","","True","WHITE","Cotton",,"V Neck","XXL",,,"Maxi","Clearance"
"5604","Calm Currents Hakoba Maxi","Dresses","MAXI188","2090.00","40.00","836.00","rate","","True","WHITE","Cotton",,"V Neck","XXXL",,,"Maxi","Clearance"
"5612","Sheer Blossom Chiffon Maxi","Dresses","MAXI189","2290.00","15.00","343.50","rate","","True","RED","Chiffon",,"V Neck","XS",,,"Maxi","Best Sellers,Superhit"
"5613","Sheer Blossom Chiffon Maxi","Dresses","MAXI190","2290.00","15.00","343.50","rate","5.0","True","RED","Chiffon",,"V Neck","S",,,"Maxi","Best Sellers,Superhit"
"5614","Sheer Blossom Chiffon Maxi","Dresses","MAXI191","2290.00","15.00","343.50","rate","13.0","True","RED","Chiffon",,"V Neck","M",,,"Maxi","Best Sellers,Superhit"
"5615","Sheer Blossom Chiffon Maxi","Dresses","MAXI192","2290.00","15.00","343.50","rate","12.0","True","RED","Chiffon",,"V Neck","L",,,"Maxi","Best Sellers,Superhit"
"5616","Sheer Blossom Chiffon Maxi","Dresses","MAXI193","2290.00","15.00","343.50","rate","7.0","True","RED","Chiffon",,"V Neck","XL",,,"Maxi","Best Sellers,Superhit"
"5617","Sheer Blossom Chiffon Maxi","Dresses","MAXI194","2290.00","15.00","343.50","rate","5.0","True","RED","Chiffon",,"V Neck","XXL",,,"Maxi","Best Sellers,Superhit"
"5618","Sheer Blossom Chiffon Maxi","Dresses","MAXI195","2290.00","15.00","343.50","rate","1.0","True","RED","Chiffon",,"V Neck","XXXL",,,"Maxi","Best Sellers,Superhit"
"5620","Chintz Blue Panel Midi","Dresses","MAXI196","1995.00","15.00","299.25","rate","","True","BLUE","Chiffon",,"Close Neck","XS",,,"MIDI","Selling Fast"
"5621","Chintz Blue Panel Midi","Dresses","MAXI197","1995.00","15.00","299.25","rate","","True","BLUE","Chiffon",,"Close Neck","S",,,"MIDI","Selling Fast"
"5622","Chintz Blue Panel Midi","Dresses","MAXI198","1995.00","15.00","299.25","rate","6.0","True","BLUE","Chiffon",,"Close Neck","M",,,"MIDI","Selling Fast"
"5623","Chintz Blue Panel Midi","Dresses","MAXI199","1995.00","15.00","299.25","rate","","True","BLUE","Chiffon",,"Close Neck","L",,,"MIDI","Selling Fast"
"5624","Chintz Blue Panel Midi","Dresses","MAXI200","1995.00","15.00","299.25","rate","","True","BLUE","Chiffon",,"Close Neck","XL",,,"MIDI","Selling Fast"
"5625","Chintz Blue Panel Midi","Dresses","MAXI201","1995.00","15.00","299.25","rate","","True","BLUE","Chiffon",,"Close Neck","XXL",,,"MIDI","Selling Fast"
"5626","Chintz Blue Panel Midi","Dresses","MAXI202","1995.00","15.00","299.25","rate","","True","BLUE","Chiffon",,"Close Neck","XXXL",,,"MIDI","Selling Fast"
"5628","Palace Petals Panel Maxi","Dresses","MAXI203","2290.00","15.00","343.50","rate","","True","BLUE","Chiffon",,"Round Neck","XS",,,"Maxi","Superhit,Best Sellers"
"5629","Palace Petals Panel Maxi","Dresses","MAXI204","2290.00","15.00","343.50","rate","3.0","True","BLUE","Chiffon",,"Round Neck","S",,,"Maxi","Superhit,Best Sellers"
"5630","Palace Petals Panel Maxi","Dresses","MAXI205","2290.00","15.00","343.50","rate","14.0","True","BLUE","Chiffon",,"Round Neck","M",,,"Maxi","Superhit,Best Sellers"
"5631","Palace Petals Panel Maxi","Dresses","MAXI206","2290.00","15.00","343.50","rate","10.0","True","BLUE","Chiffon",,"Round Neck","L",,,"Maxi","Best Sellers,Superhit"
"5632","Palace Petals Panel Maxi","Dresses","MAXI207","2290.00","15.00","343.50","rate","10.0","True","BLUE","Chiffon",,"Round Neck","XL",,,"Maxi","Best Sellers,Superhit"
"5633","Palace Petals Panel Maxi","Dresses","MAXI208","2290.00","15.00","343.50","rate","7.0","True","BLUE","Chiffon",,"Round Neck","XXL",,,"Maxi","Best Sellers,Superhit"
"5634","Palace Petals Panel Maxi","Dresses","MAXI209","2290.00","15.00","343.50","rate","3.0","True","BLUE","Chiffon",,"Round Neck","XXXL",,,"Maxi","Best Sellers,Superhit"
"5637","Denim Panel Midi","Dresses","MAXI211","1985.00","15.00","297.75","rate","","True","BLUE","Denim",,"Close Neck","S",,,"MIDI","Best Sellers,denims"
"5638","Denim Panel Midi","Dresses","MAXI212","1985.00","15.00","297.75","rate","","True","BLUE","Denim",,"Close Neck","M",,,"MIDI","Best Sellers,denims"
"5639","Denim Panel Midi","Dresses","MAXI213","1985.00","15.00","297.75","rate","6.0","True","BLUE","Denim",,"Close Neck","L",,,"MIDI","Best Sellers,denims"
"5640","Denim Panel Midi","Dresses","MAXI214","1985.00","15.00","297.75","rate","3.0","True","BLUE","Denim",,"Close Neck","XL",,,"MIDI","Best Sellers,denims"
"5641","Denim Panel Midi","Dresses","MAXI215","1985.00","15.00","297.75","rate","","True","BLUE","Denim",,"Close Neck","XXL",,,"MIDI","Best Sellers,denims"
"5642","Denim Panel Midi","Dresses","MAXI216","1985.00","15.00","297.75","rate","","True","BLUE","Denim",,"Close Neck","XXXL",,,"MIDI","Best Sellers,denims"
"5648","Painterly Chiffon Maxi","Dresses","MAXI217","2099.00","35.00","734.65","rate","","True",,"Chiffon",,"Close Neck","XS",,,"Maxi","clearance"
"5649","Painterly Chiffon Maxi","Dresses","MAXI218","2099.00","35.00","734.65","rate","","True",,"Chiffon",,"Close Neck","S",,,"Maxi","clearance"
"5650","Painterly Chiffon Maxi","Dresses","MAXI219","2099.00","35.00","734.65","rate","","True",,"Chiffon",,"Close Neck","M",,,"Maxi","clearance"
"5652","Painterly Chiffon Maxi","Dresses","MAXI220","2099.00","35.00","734.65","rate","","True",,"Chiffon",,"Close Neck","L",,,"Maxi","clearance"
"5653","Painterly Chiffon Maxi","Dresses","MAXI221","2099.00","35.00","734.65","rate","","True",,"Chiffon",,"Close Neck","XL",,,"Maxi","clearance"
"5654","Painterly Chiffon Maxi","Dresses","MAXI222","2099.00","35.00","734.65","rate","","True",,"Chiffon",,"Close Neck","XXL",,,"Maxi","clearance"
"5655","Painterly Chiffon Maxi","Dresses","MAXI223","2099.00","35.00","734.65","rate","","True",,"Chiffon",,"Close Neck","XXXL",,,"Maxi","clearance"
"5657","Multi Petals Chiffon Maxi","Dresses","MAXI1224","1995.00","40.00","798.00","rate","","True","ORANGE","Chiffon",,"Square Neck","XS",,,"Maxi","Clearance,Long Maxi Dresses"
"5658","Multi Petals Chiffon Maxi","Dresses","MAXI1225","1995.00","40.00","798.00","rate","","True","ORANGE","Chiffon",,"Square Neck","S",,,"Maxi","Clearance,Long Maxi Dresses"
"5659","Multi Petals Chiffon Maxi","Dresses","MAXI1226","1995.00","40.00","798.00","rate","18.0","True","ORANGE","Chiffon",,"Square Neck","M",,,"Maxi","Clearance,Long Maxi Dresses"
"5660","Multi Petals Chiffon Maxi","Dresses","MAXI1227","1995.00","40.00","798.00","rate","13.0","True","ORANGE","Chiffon",,"Square Neck","L",,,"Maxi","Long Maxi Dresses,Clearance"
"5661","Multi Petals Chiffon Maxi","Dresses","MAXI1228","1995.00","40.00","798.00","rate","1.0","True","ORANGE","Chiffon",,"Square Neck","XL",,,"Maxi","Long Maxi Dresses,Clearance"
"5662","Multi Petals Chiffon Maxi","Dresses","MAXI1229","1995.00","40.00","798.00","rate","4.0","True","ORANGE","Chiffon",,"Square Neck","XXL",,,"Maxi","Long Maxi Dresses,Clearance"
"5663","Multi Petals Chiffon Maxi","Dresses","MAXI1230","1995.00","40.00","798.00","rate","","True","ORANGE","Chiffon",,"Square Neck","XXXL",,,"Maxi","Long Maxi Dresses,Clearance"
"5664","Denim Panel Midi","Dresses","","1985.00","15.00","297.75","rate","","True","BLUE","Denim",,"Close Neck","XS",,,"MIDI","denims,Best Sellers"
"5665","Dream Petal Pleated Maxi","Dresses","MAXI1231","1990.00","30.00","597.00","rate","","True","PURPLE","Chiffon",,"V Neck","XS",,,"Maxi","Long Maxi Dresses,clearance"
"5666","Dream Petal Pleated Maxi","Dresses","MAXI1232","1990.00","30.00","597.00","rate","","True","PURPLE","Chiffon",,"V Neck","S",,,"Maxi","Long Maxi Dresses,clearance"
"5667","Dream Petal Pleated Maxi","Dresses","MAXI1233","1990.00","30.00","597.00","rate","","True","PURPLE","Chiffon",,"V Neck","M",,,"Maxi","Long Maxi Dresses,clearance"
"5668","Dream Petal Pleated Maxi","Dresses","MAXI1234","1990.00","30.00","597.00","rate","","True","PURPLE","Chiffon",,"V Neck","L",,,"Maxi","Long Maxi Dresses,clearance"
"5669","Dream Petal Pleated Maxi","Dresses","MAXI1235","1990.00","30.00","597.00","rate","","True","PURPLE","Chiffon",,"V Neck","XL",,,"Maxi","clearance,Long Maxi Dresses"
"5670","Dream Petal Pleated Maxi","Dresses","MAXI1236","1990.00","30.00","597.00","rate","","True","PURPLE","Chiffon",,"V Neck","XXL",,,"Maxi","clearance,Long Maxi Dresses"
"5671","Dream Petal Pleated Maxi","Dresses","MAXI1237","1990.00","30.00","597.00","rate","","True","PURPLE","Chiffon",,"V Neck","XXXL",,,"Maxi","clearance,Long Maxi Dresses"
"5672","Azure Chiffon Midi","Dresses","MAXI1238","1990.00","20.00","398.00","rate","","True","BLUE","Chiffon",,"Square Neck","XS",,,"MIDI","Selling Fast"
"5673","Azure Chiffon Midi","Dresses","MAXI1239","1990.00","20.00","398.00","rate","","True","BLUE","Chiffon",,"Square Neck","S",,,"MIDI","Selling Fast"
"5674","Azure Chiffon Midi","Dresses","MAXI1240","1990.00","20.00","398.00","rate","","True","BLUE","Chiffon",,"Square Neck","M",,,"MIDI","Selling Fast"
"5675","Azure Chiffon Midi","Dresses","MAXI1241","1990.00","20.00","398.00","rate","","True","BLUE","Chiffon",,"Square Neck","L",,,"MIDI","Selling Fast"
"5676","Azure Chiffon Midi","Dresses","MAXI1242","1990.00","20.00","398.00","rate","","True","BLUE","Chiffon",,"Square Neck","XL",,,"MIDI","Selling Fast"
"5677","Azure Chiffon Midi","Dresses","MAXI1243","1990.00","20.00","398.00","rate","","True","BLUE","Chiffon",,"Square Neck","XXL",,,"MIDI","Selling Fast"
"5678","Azure Chiffon Midi","Dresses","MAXI1244","1990.00","20.00","398.00","rate","","True","BLUE","Chiffon",,"Square Neck","XXXL",,,"MIDI","Selling Fast"
"5679","Petal Storm Panel Maxi","Dresses","MAXI1245","2189.97","10.00","219.00","rate","","True","RED","Chiffon",,"V Neck","XS",,,"Maxi","Dark Collections"
"5680","Petal Storm Panel Maxi","Dresses","MAXI1246","2189.97","10.00","219.00","rate","","True","RED","Chiffon",,"V Neck","S",,,"Maxi","Dark Collections"
"5681","Petal Storm Panel Maxi","Dresses","MAXI1247","2189.97","10.00","219.00","rate","2.0","True","RED","Chiffon",,"V Neck","M",,,"Maxi","Dark Collections"
"5682","Petal Storm Panel Maxi","Dresses","MAXI1248","2189.97","10.00","219.00","rate","6.0","True","RED","Chiffon",,"V Neck","L",,,"Maxi","Dark Collections"
"5683","Petal Storm Panel Maxi","Dresses","MAXI1249","2189.97","10.00","219.00","rate","","True","RED","Chiffon",,"V Neck","XL",,,"Maxi","Dark Collections"
"5684","Petal Storm Panel Maxi","Dresses","MAXI1250","2189.97","10.00","219.00","rate","","True","RED","Chiffon",,"V Neck","XXL",,,"Maxi","Dark Collections"
"5685","Petal Storm Panel Maxi","Dresses","MAXI1251","2189.97","10.00","219.00","rate","","True","RED","Chiffon",,"V Neck","XXXL",,,"Maxi","Dark Collections"
"5686","RetroRuby Chiffon  Midi","Dresses","MAXI252","1890.00","40.00","756.00","rate","","True","RED","Chiffon",,"Round Neck","XS",,,"MIDI","clearance,Dark Collections"
"5687","RetroRuby Chiffon  Midi","Dresses","MAXI253","1890.00","40.00","756.00","rate","","True","RED","Chiffon",,"Round Neck","S",,,"MIDI","clearance,Dark Collections"
"5688","RetroRuby Chiffon  Midi","Dresses","MAXI254","1890.00","40.00","756.00","rate","","True","RED","Chiffon",,"Round Neck","M",,,"MIDI","clearance,Dark Collections"
"5689","RetroRuby Chiffon  Midi","Dresses","MAXI255","1890.00","40.00","756.00","rate","","True","RED","Chiffon",,"Round Neck","L",,,"MIDI","clearance,Dark Collections"
"5690","RetroRuby Chiffon  Midi","Dresses","MAXI256","1890.00","40.00","756.00","rate","","True","RED","Chiffon",,"Round Neck","XL",,,"MIDI","Dark Collections,clearance"
"5692","RetroRuby Chiffon  Midi","Dresses","MAXI257","1890.00","40.00","756.00","rate","","True","RED","Chiffon",,"Round Neck","XXL",,,"MIDI","Dark Collections,clearance"
"5693","RetroRuby Chiffon  Midi","Dresses","MAXI258","1890.00","40.00","756.00","rate","","True","RED","Chiffon",,"Round Neck","XXXL",,,"MIDI","Dark Collections,clearance"
"5696","Coral Vinez Panel Maxi","Dresses","MAXI261","2190.00","30.00","657.00","rate","","True","Peach","Chiffon",,"V Neck","M",,,"MAXI","clearance"
"5697","Coral Vinez Panel Maxi","Dresses","MAXI259","2190.00","30.00","657.00","rate","","True","Peach","Chiffon",,"V Neck","XS",,,"MAXI","clearance"
"5698","Coral Vinez Panel Maxi","Dresses","MAXI260","2190.00","30.00","657.00","rate","","True","Peach","Chiffon",,"V Neck","S",,,"MAXI","clearance"
"5699","Coral Vinez Panel Maxi","Dresses","MAXI262","2190.00","30.00","657.00","rate","","True","Peach","Chiffon",,"V Neck","L",,,"MAXI","clearance"
"5700","Coral Vinez Panel Maxi","Dresses","MAXI263","2190.00","30.00","657.00","rate","","True","Peach","Chiffon",,"V Neck","XL",,,"MAXI","clearance"
"5701","Coral Vinez Panel Maxi","Dresses","MAXI264","2190.00","30.00","657.00","rate","","True","Peach","Chiffon",,"V Neck","XXL",,,"MAXI","clearance"
"5702","Coral Vinez Panel Maxi","Dresses","MAXI265","2190.00","30.00","657.00","rate","","True","Peach","Chiffon",,"V Neck","XXXL",,,"MAXI","clearance"
"5703","Classic Checkered Midi","Dresses","MAXI266","1799.00","50.00","899.50","rate","","True",,"Cotton",,"Square Neck","S",,,"MIDI","Clearance,cotton"
"5704","Classic Checkered Midi","Dresses","MAXI267","1799.00","50.00","899.50","rate","1.0","True",,"Cotton",,"Square Neck","M",,,"MIDI","Clearance,cotton"
"5705","Classic Checkered Midi","Dresses","MAXI268","1799.00","50.00","899.50","rate","","True",,"Cotton",,"Square Neck","L",,,"MIDI","cotton,Clearance"
"5706","Classic Checkered Midi","Dresses","MAXI269","1799.00","50.00","899.50","rate","","True",,"Cotton",,"Square Neck","XL",,,"MIDI","Clearance,cotton"
"5707","Navy Front-Slit Casual Midi","Dresses","MAXI270","1790.00","15.00","268.50","rate","1.0","True","BLUE","Cotton",,"Square Neck","S",,,"MIDI","Dark Collections"
"5708","Navy Front-Slit Casual Midi","Dresses","MAXI272","1790.00","15.00","268.50","rate","1.0","True","BLUE","Cotton",,"Square Neck","M",,,"MIDI","Dark Collections"
"5710","Navy Front-Slit Casual Midi","Dresses","MAXI273","1790.00","15.00","268.50","rate","6.0","True","BLUE","Cotton",,"Square Neck","L",,,"MIDI","Dark Collections"
"5711","Navy Front-Slit Casual Midi","Dresses","MAXI274","1790.00","15.00","268.50","rate","5.0","True","BLUE","Cotton",,"Square Neck","XL",,,"MIDI","Dark Collections"
"5712","Wild Hibicus Chiffon Midi","Dresses","MAXI275","1890.00","","","rate","","True","RED","Chiffon",,"Round Neck","S",,,"Maxi","Dark Collections"
"5713","Wild Hibicus Chiffon Midi","Dresses","MAXI276","1890.00","","","rate","","True","RED","Chiffon",,"Round Neck","M",,,"Maxi","Dark Collections"
"5714","Wild Hibicus Chiffon Midi","Dresses","MAXI277","1890.00","","","rate","","True","RED","Chiffon",,"Round Neck","L",,,"Maxi","Dark Collections"
"5715","Wild Hibicus Chiffon Midi","Dresses","MAXI278","1890.00","","","rate","","True","RED","Chiffon",,"Round Neck","XL",,,"Maxi","Dark Collections"
"5716","Wild Hibicus Chiffon Midi","Dresses","MAXI279","1890.00","","","rate","","True","RED","Chiffon",,"Round Neck","XXL",,,"Maxi","Dark Collections"
"5717","Wild Hibicus Chiffon Midi","Dresses","MAXI280","1890.00","","","rate","","True","RED","Chiffon",,"Round Neck","XXXL",,,"Maxi","Dark Collections"
"5718","Beryl Chiffon Maxi","Dresses","MAXI282","2180.00","15.00","327.00","rate","1.0","True","BLUE","Chiffon",,"Square Neck","S",,,"Maxi","Dark Collections,Selling Fast"
"5719","Beryl Chiffon Maxi","Dresses","MAXI281","2180.00","15.00","327.00","rate","","True","BLUE","Chiffon",,"Square Neck","XS",,,"Maxi","Dark Collections,Selling Fast"
"5720","Beryl Chiffon Maxi","Dresses","MAXI283","2180.00","15.00","327.00","rate","4.0","True","BLUE","Chiffon",,"Square Neck","M",,,"Maxi","Dark Collections,Selling Fast"
"5721","Beryl Chiffon Maxi","Dresses","MAXI284","2180.00","15.00","327.00","rate","1.0","True","BLUE","Chiffon",,"Square Neck","L",,,"Maxi","Dark Collections,Selling Fast"
"5722","Beryl Chiffon Maxi","Dresses","MAXI285","2180.00","15.00","327.00","rate","1.0","True","BLUE","Chiffon",,"Square Neck","XL",,,"Maxi","Dark Collections,Selling Fast"
"5723","Beryl Chiffon Maxi","Dresses","MAXI286","2180.00","15.00","327.00","rate","","True","BLUE","Chiffon",,"Square Neck","XXL",,,"Maxi","Dark Collections,Selling Fast"
"5724","Beryl Chiffon Maxi","Dresses","MAXI287","2180.00","15.00","327.00","rate","","True","BLUE","Chiffon",,"Square Neck","XXXL",,,"Maxi","Selling Fast,Dark Collections"
"5725","Marigold Meadow Panel Midi","Dresses","MAXI288","2190.00","15.00","328.50","rate","","True","WHITE","Cotton",,"Round Neck","XS",,,"MIDI","Selling Fast,cotton"
"5726","Marigold Meadow Panel Midi","Dresses","MAXI289","2190.00","15.00","328.50","rate","","True","WHITE","Cotton",,"Round Neck","S",,,"MIDI","Selling Fast,cotton"
"5727","Marigold Meadow Panel Midi","Dresses","MAXI290","2190.00","15.00","328.50","rate","","True","WHITE","Cotton",,"Round Neck","M",,,"MIDI","Selling Fast,cotton"
"5728","Marigold Meadow Panel Midi","Dresses","MAXI291","2190.00","15.00","328.50","rate","","True","WHITE","Cotton",,"Round Neck","L",,,"MIDI","Selling Fast,cotton"
"5729","Marigold Meadow Panel Midi","Dresses","MAXI292","2190.00","15.00","328.50","rate","","True","WHITE","Cotton",,"Round Neck","XL",,,"MIDI","Selling Fast,cotton"
"5730","Marigold Meadow Panel Midi","Dresses","MAXI293","2190.00","15.00","328.50","rate","","True","WHITE","Cotton",,"Round Neck","XXL",,,"MIDI","Selling Fast,cotton"
"5731","Marigold Meadow Panel Midi","Dresses","MAXI294","2190.00","15.00","328.50","rate","","True","WHITE","Cotton",,"Round Neck","XXXL",,,"MIDI","Selling Fast,cotton"
"5732","Mono Mirage Panel Maxi","Dresses","","2185.00","20.00","437.00","rate","","True","Black","Chiffon",,"Close Neck","XS",,,"Maxi","Selling Fast"
"5734","Mono Mirage Panel Maxi","Dresses","MAXI295","2185.00","20.00","437.00","rate","","True","Black","Chiffon",,"Close Neck","S",,,"Maxi","Selling Fast"
"5735","Mono Mirage Panel Maxi","Dresses","MAXI296","2185.00","20.00","437.00","rate","","True","Black","Chiffon",,"Close Neck","M",,,"Maxi","Selling Fast"
"5736","Mono Mirage Panel Maxi","Dresses","MAXI297","2185.00","20.00","437.00","rate","","True","Black","Chiffon",,"Close Neck","L",,,"Maxi","Selling Fast"
"5737","Mono Mirage Panel Maxi","Dresses","MAXI298","2185.00","20.00","437.00","rate","","True","Black","Chiffon",,"Close Neck","XL",,,"Maxi","Selling Fast"
"5738","Mono Mirage Panel Maxi","Dresses","MAXI299","2185.00","20.00","437.00","rate","","True","Black","Chiffon",,"Close Neck","XXL",,,"Maxi","Selling Fast"
"5739","Mono Mirage Panel Maxi","Dresses","MAXI300","2185.00","20.00","437.00","rate","","True","Black","Chiffon",,"Close Neck","XXXL",,,"Maxi","Selling Fast"
"5741","Seaform Daisy Chiffon Maxi","Dresses","MAXI302","1995.00","","","rate","","True","GREEN","Chiffon",,"Close Neck","S",,,"Maxi","Selling Fast"
"5742","Seaform Daisy Chiffon Maxi","Dresses","MAXI303","1995.00","","","rate","","True","GREEN","Chiffon",,"Close Neck","M",,,"Maxi","Selling Fast"
"5743","Seaform Daisy Chiffon Maxi","Dresses","MAXI304","1995.00","","","rate","","True","GREEN","Chiffon",,"Close Neck","L",,,"Maxi","Selling Fast"
"5744","Seaform Daisy Chiffon Maxi","Dresses","MAXI305","1995.00","","","rate","","True","GREEN","Chiffon",,"Close Neck","XL",,,"Maxi","Selling Fast"
"5745","Seaform Daisy Chiffon Maxi","Dresses","MAXI306","1995.00","","","rate","","True","GREEN","Chiffon",,"Close Neck","XXL",,,"Maxi","Selling Fast"
"5746","Seaform Daisy Chiffon Maxi","Dresses","MAXI307","1995.00","","","rate","","True","GREEN","Chiffon",,"Close Neck","XXXL",,,"Maxi","Selling Fast"
"5747","Infinity Hakoba Midi","Dresses","MIDI309","1980.00","20.00","396.00","rate","","True","WHITE","Cotton",,"Close Neck","S",,,"MIDI","Summer Collections,cotton,Selling Fast"
"5748","Infinity Hakoba Midi","Dresses","MIDI308","1980.00","20.00","396.00","rate","","True","WHITE","Cotton",,"Close Neck","XS",,,"MIDI","Selling Fast,Summer Collections,cotton"
"5749","Infinity Hakoba Midi","Dresses","MIDI310","1980.00","20.00","396.00","rate","","True","WHITE","Cotton",,"Close Neck","M",,,"MIDI","cotton,Selling Fast,Summer Collections"
"5750","Infinity Hakoba Midi","Dresses","MIDI311","1980.00","20.00","396.00","rate","","True","WHITE","Cotton",,"Close Neck","L",,,"MIDI","cotton,Selling Fast,Summer Collections"
"5751","Infinity Hakoba Midi","Dresses","MIDI312","1980.00","20.00","396.00","rate","","True","WHITE","Cotton",,"Close Neck","XL",,,"MIDI","Summer Collections,cotton,Selling Fast"
"5752","Infinity Hakoba Midi","Dresses","MIDI313","1980.00","20.00","396.00","rate","","True","WHITE","Cotton",,"Close Neck","XXL",,,"MIDI","Selling Fast,Summer Collections,cotton"
"5753","Infinity Hakoba Midi","Dresses","MIDI314","1980.00","20.00","396.00","rate","","True","WHITE","Cotton",,"Close Neck","XXXL",,,"MIDI","cotton,Selling Fast,Summer Collections"
"5754","Daffodil Chiffon Midi","Dresses","MIDI316","1990.00","20.00","398.00","rate","1.0","True","GREEN","Chiffon",,"Close Neck","S",,,"MIDI","Best Sellers"
"5755","Daffodil Chiffon Midi","Dresses","MIDI315","1990.00","20.00","398.00","rate","","True","GREEN","Chiffon",,"Close Neck","XS",,,"MIDI","Best Sellers"
"5756","Daffodil Chiffon Midi","Dresses","MIDI317","1990.00","20.00","398.00","rate","","True","GREEN","Chiffon",,"Close Neck","M",,,"MIDI","Best Sellers"
"5757","Daffodil Chiffon Midi","Dresses","MIDI318","1990.00","20.00","398.00","rate","","True","GREEN","Chiffon",,"Close Neck","L",,,"MIDI","Best Sellers"
"5758","Daffodil Chiffon Midi","Dresses","MIDI319","1990.00","20.00","398.00","rate","","True","GREEN","Chiffon",,"Close Neck","XL",,,"MIDI","Best Sellers"
"5759","Daffodil Chiffon Midi","Dresses","MIDI320","1990.00","20.00","398.00","rate","","True","GREEN","Chiffon",,"Close Neck","XXL",,,"MIDI","Best Sellers"
"5760","Daffodil Chiffon Midi","Dresses","MIDI321","1990.00","20.00","398.00","rate","","True","GREEN","Chiffon",,"Close Neck","XXXL",,,"MIDI","Best Sellers"
"5761","Copper Blossoms Chiffon maxi","Dresses","MAXI323","1990.00","15.00","298.50","rate","","True",,"Chiffon",,"Round Neck","S",,,"Maxi","Long Maxi Dresses,Selling Fast,Fast Moving"
"5762","Copper Blossoms Chiffon maxi","Dresses","MAXI322","1990.00","15.00","298.50","rate","","True",,"Chiffon",,"Round Neck","XS",,,"Maxi","Long Maxi Dresses,Selling Fast,Fast Moving"
"5763","Copper Blossoms Chiffon maxi","Dresses","MAXI325","1990.00","15.00","298.50","rate","5.0","True",,"Chiffon",,"Round Neck","M",,,"Maxi","Long Maxi Dresses,Selling Fast,Fast Moving"
"5764","Copper Blossoms Chiffon maxi","Dresses","MAXI326","1990.00","15.00","298.50","rate","4.0","True",,"Chiffon",,"Round Neck","L",,,"Maxi","Long Maxi Dresses,Selling Fast,Fast Moving"
"5765","Copper Blossoms Chiffon maxi","Dresses","MAXI327","1990.00","15.00","298.50","rate","4.0","True",,"Chiffon",,"Round Neck","XL",,,"Maxi","Long Maxi Dresses,Selling Fast,Fast Moving"
"5766","Copper Blossoms Chiffon maxi","Dresses","MAXI328","1990.00","15.00","298.50","rate","","True",,"Chiffon",,"Round Neck","XXL",,,"Maxi","Selling Fast,Fast Moving,Long Maxi Dresses"
"5767","Copper Blossoms Chiffon maxi","Dresses","MAXI329","1990.00","15.00","298.50","rate","","True",,"Chiffon",,"Round Neck","XXXL",,,"Maxi","Selling Fast,Fast Moving,Long Maxi Dresses"
"5768","Clover Field Panel Maxi","Dresses","MAXI331","2175.00","15.00","326.25","rate","","True","WHITE","Cotton",,"Close Neck","S",,,"MAXI","Fast Moving,Selling Fast,cotton"
"5770","Clover Field Panel Maxi","Dresses","MAXI332","2175.00","15.00","326.25","rate","","True","WHITE","Cotton",,"Close Neck","M",,,"MAXI","cotton,Fast Moving,Selling Fast"
"5771","Clover Field Panel Maxi","Dresses","MAXI333","2175.00","15.00","326.25","rate","","True","WHITE","Cotton",,"Close Neck","L",,,"MAXI","cotton,Fast Moving,Selling Fast"
"5772","Clover Field Panel Maxi","Dresses","MAXI334","2175.00","15.00","326.25","rate","4.0","True","WHITE","Cotton",,"Close Neck","XL",,,"MAXI","Selling Fast,cotton,Fast Moving"
"5773","Clover Field Panel Maxi","Dresses","MAXI335","2175.00","15.00","326.25","rate","2.0","True","WHITE","Cotton",,"Close Neck","XXL",,,"MAXI","Fast Moving,Selling Fast,cotton"
"5774","Clover Field Panel Maxi","Dresses","MAXI336","2175.00","15.00","326.25","rate","","True","WHITE","Cotton",,"Close Neck","XXXL",,,"MAXI","cotton,Fast Moving,Selling Fast"
"5775","Jade Bloom Chiffon Maxi","Dresses","MAXI337","1995.00","50.00","997.50","rate","2.0","True","GREEN","Chiffon",,"V Neck","S",,,"Maxi","Clearance"
"5776","Jade Bloom Chiffon Maxi","Dresses","MAXI338","1995.00","50.00","997.50","rate","7.0","True","GREEN","Chiffon",,"V Neck","M",,,"Maxi","Clearance"
"5777","Jade Bloom Chiffon Maxi","Dresses","MAXI339","1995.00","50.00","997.50","rate","1.0","True","GREEN","Chiffon",,"V Neck","L",,,"Maxi","Clearance"
"5778","Jade Bloom Chiffon Maxi","Dresses","MAXI340","1995.00","50.00","997.50","rate","","True","GREEN","Chiffon",,"V Neck","XL",,,"Maxi","Clearance"
"5779","Jade Bloom Chiffon Maxi","Dresses","MAXI341","1995.00","50.00","997.50","rate","","True","GREEN","Chiffon",,"V Neck","XXL",,,"Maxi","Clearance"
"5780","Jade Bloom Chiffon Maxi","Dresses","MAXI342","1995.00","50.00","997.50","rate","","True","GREEN","Chiffon",,"V Neck","XXXL",,,"Maxi","Clearance"
"5781","A-Line Denim Casual Maxi","Dresses","MAXI343","1840.00","15.00","276.00","rate","","True","BLUE","Denim",,"V Neck","XS",,,"Maxi","denims"
"5782","A-Line Denim Casual Maxi","Dresses","MAXI344","1840.00","15.00","276.00","rate","","True","BLUE","Denim",,"V Neck","S",,,"Maxi","denims"
"5783","A-Line Denim Casual Maxi","Dresses","MAXI245","1840.00","15.00","276.00","rate","4.0","True","BLUE","Denim",,"V Neck","M",,,"Maxi","denims"
"5784","A-Line Denim Casual Maxi","Dresses","MAXI346","1840.00","15.00","276.00","rate","7.0","True","BLUE","Denim",,"V Neck","L",,,"Maxi","denims"
"5785","A-Line Denim Casual Maxi","Dresses","MAXI347","1840.00","15.00","276.00","rate","10.0","True","BLUE","Denim",,"V Neck","XL",,,"Maxi","denims"
"5786","A-Line Denim Casual Maxi","Dresses","MAXI348","1840.00","15.00","276.00","rate","2.0","True","BLUE","Denim",,"V Neck","XXL",,,"Maxi","denims"
"5787","A-Line Denim Casual Maxi","Dresses","MAXI349","1840.00","15.00","276.00","rate","","True","BLUE","Denim",,"V Neck","XXXL",,,"Maxi","denims"
"5788","Denim Coastal Collar Midi","Dresses","MIDI350","2040.00","15.00","306.00","rate","","True","BLUE","Denim",,"Round Neck","XS",,,"MIDI","Best Sellers,denims"
"5789","Denim Coastal Collar Midi","Dresses","MIDI351","2040.00","15.00","306.00","rate","","True","BLUE","Denim",,"Round Neck","S",,,"MIDI","Best Sellers,denims"
"5790","Denim Coastal Collar Midi","Dresses","MIDI352","2040.00","15.00","306.00","rate","","True","BLUE","Denim",,"Round Neck","M",,,"MIDI","Best Sellers,denims"
"5791","Denim Coastal Collar Midi","Dresses","MIDI353","2040.00","15.00","306.00","rate","","True","BLUE","Denim",,"Round Neck","L",,,"MIDI","Best Sellers,denims"
"5793","Denim Coastal Collar Midi","Dresses","MIDI354","2040.00","15.00","306.00","rate","","True","BLUE","Denim",,"Round Neck","XL",,,"MIDI","Best Sellers,denims"
"5794","Denim Coastal Collar Midi","Dresses","MIDI355","2040.00","15.00","306.00","rate","","True","BLUE","Denim",,"Round Neck","XXL",,,"MIDI","Best Sellers,denims"
"5795","Denim Coastal Collar Midi","Dresses","MIDI356","2040.00","15.00","306.00","rate","","True","BLUE","Denim",,"Round Neck","XXXL",,,"MIDI","Best Sellers,denims"
"5796","Butterfly Denim Top","Dresses","TOP357","1660.00","15.00","249.00","rate","","True","BLUE","Denim",,"V Neck","XS",,,,"denims"
"5797","Butterfly Denim Top","Dresses","TOP358","1660.00","15.00","249.00","rate","","True","BLUE","Denim",,"V Neck","S",,,,"denims"
"5798","Butterfly Denim Top","Dresses","TOP359","1660.00","15.00","249.00","rate","7.0","True","BLUE","Denim",,"V Neck","M",,,,"denims"
"5799","Butterfly Denim Top","Dresses","TOP360","1660.00","15.00","249.00","rate","7.0","True","BLUE","Denim",,"V Neck","L",,,,"denims"
"5800","Butterfly Denim Top","Dresses","TOP361","1660.00","15.00","249.00","rate","15.0","True","BLUE","Denim",,"V Neck","XL",,,,"denims"
"5801","Butterfly Denim Top","Dresses","TOP362","1660.00","15.00","249.00","rate","","True","BLUE","Denim",,"V Neck","XXL",,,,"denims"
"5802","Butterfly Denim Top","Dresses","TOP363","1660.00","15.00","249.00","rate","","True","BLUE","Denim",,"V Neck","XXXL",,,,"denims"
"5803","Denim peplum Top","Dresses","TOP501","1480.00","15.00","222.00","rate","","True","BLUE","Denim",,"V Neck","XS",,,,"denims"
"5804","Denim peplum Top","Dresses","TOP502","1480.00","15.00","222.00","rate","","True","BLUE","Denim",,"V Neck","S",,,,"denims"
"5805","Denim peplum Top","Dresses","TOP503","1480.00","15.00","222.00","rate","3.0","True","BLUE","Denim",,"V Neck","M",,,,"denims"
"5807","Denim peplum Top","Dresses","TOP504","1480.00","15.00","222.00","rate","1.0","True","BLUE","Denim",,"V Neck","L",,,,"denims"
"5808","Denim peplum Top","Dresses","TOP505","1480.00","15.00","222.00","rate","11.0","True","BLUE","Denim",,"V Neck","XL",,,,"denims"
"5810","Denim peplum Top","Dresses","TOP506","1480.00","15.00","222.00","rate","1.0","True","BLUE","Denim",,"V Neck","XXL",,,,"denims"
"5811","Denim peplum Top","Dresses","TOP507","1480.00","15.00","222.00","rate","","True","BLUE","Denim",,"V Neck","XXXL",,,,"denims"
"5812","Skirt-Black Rayon ","Dresses","skuxs","1980.00","15.00","297.00","rate","","True","Black","Cotton",,,"XS",,,,"denims"
"5813","Skirt-Black Rayon ","Dresses","SKUS","1980.00","15.00","297.00","rate","","True","Black","Cotton",,,"S",,,,"denims"
"5814","Skirt-Black Rayon ","Dresses","SKUM","1980.00","15.00","297.00","rate","8.0","True","Black","Cotton",,,"M",,,,"denims"
"5815","Skirt-Black Rayon ","Dresses","SKUL","1980.00","15.00","297.00","rate","6.0","True","Black","Cotton",,,"L",,,,"denims"
"5816","Skirt-Black Rayon ","Dresses","SKUXL","1980.00","15.00","297.00","rate","8.0","True","Black","Cotton",,,"XL",,,,"denims"
"5817","Skirt-Black Rayon ","Dresses","SKUXXL","1980.00","15.00","297.00","rate","","True","Black","Cotton",,,"XXL",,,,"denims"
"5818","Skirt-Black Rayon ","Dresses","SKUXXXL","1980.00","15.00","297.00","rate","","True","Black","Cotton",,,"XXXL",,,,"denims"
"5819","Icy Blue Denim Skirt","Dresses","skirtxs","2190.00","15.00","328.50","rate","","True","BLUE","Denim",,,"XS",,,,"denims"
"5820","Icy Blue Denim Skirt","Dresses","SKIRTS","2190.00","15.00","328.50","rate","7.0","True","BLUE","Denim",,,"S",,,,"denims"
"5821","Icy Blue Denim Skirt","Dresses","SKIRTM","2190.00","15.00","328.50","rate","7.0","True","BLUE","Denim",,,"M",,,,"denims"
"5822","Icy Blue Denim Skirt","Dresses","SKIRTL","2190.00","15.00","328.50","rate","9.0","True","BLUE","Denim",,,"L",,,,"denims"
"5823","Icy Blue Denim Skirt","Dresses","SKIRTXL","2190.00","15.00","328.50","rate","16.0","True","BLUE","Denim",,,"XL",,,,"denims"
"5824","Icy Blue Denim Skirt","Dresses","SKIRTXXL","2190.00","15.00","328.50","rate","","True","BLUE","Denim",,,"XXL",,,,"denims"
"5825","Icy Blue Denim Skirt","Dresses","SKIRT3XL","2190.00","15.00","328.50","rate","","True","BLUE","Denim",,,"XXXL",,,,"denims"
"5826","Denim ALine Skirt","Dresses","ASKXS","1880.00","15.00","282.00","rate","","True","BLUE","Denim",,,"XS",,,,"denims"
"5827","Denim ALine Skirt","Dresses","ASKS","1880.00","15.00","282.00","rate","4.0","True","BLUE","Denim",,,"S",,,,"denims"
"5828","Denim ALine Skirt","Dresses","ASKM","1880.00","15.00","282.00","rate","2.0","True","BLUE","Denim",,,"M",,,,"denims"
"5829","Denim ALine Skirt","Dresses","ASKL","1880.00","15.00","282.00","rate","2.0","True","BLUE","Denim",,,"L",,,,"denims"
"5830","Denim ALine Skirt","Dresses","ASKXL","1880.00","15.00","282.00","rate","","True","BLUE","Denim",,,"XL",,,,"denims"
"5831","Denim ALine Skirt","Dresses","ASKXXL","1880.00","15.00","282.00","rate","","True","BLUE","Denim",,,"XXL",,,,"denims"
"5832","Denim ALine Skirt","Dresses","ASKXXXL","1880.00","15.00","282.00","rate","","True","BLUE","Denim",,,"XXXL",,,,"denims"
"5833","Denim Co-Ords","Dresses","DCOXS","1590.00","10.00","159.00","rate","1.0","True","BLUE","Denim",,"Close Neck","XS",,,"TOP ONLY","denims"
"5834","Denim Co-Ords","Dresses","DCOS","1590.00","10.00","159.00","rate","","True","BLUE","Denim",,"Close Neck","S",,,"TOP ONLY","denims"
"5835","Denim Co-Ords","Dresses","DCOM","1590.00","10.00","159.00","rate","","True","BLUE","Denim",,"Close Neck","M",,,"TOP ONLY","denims"
"5836","Denim Co-Ords","Dresses","DCOL","1590.00","10.00","159.00","rate","","True","BLUE","Denim",,"Close Neck","L",,,"TOP ONLY","denims"
"5837","Denim Co-Ords","Dresses","DCOXL","1590.00","10.00","159.00","rate","","True","BLUE","Denim",,"Close Neck","XL",,,"TOP ONLY","denims"
"5838","Denim Co-Ords","Dresses","DCOXXL","1590.00","10.00","159.00","rate","","True","BLUE","Denim",,"Close Neck","XXL",,,"TOP ONLY","denims"
"5839","Denim Co-Ords","Dresses","DCOXXXL","1590.00","10.00","159.00","rate","","True","BLUE","Denim",,"Close Neck","XXXL",,,"TOP ONLY","denims"
"5840","Denim Co-Ords","Dresses","DSKBS","1390.00","10.00","139.00","rate","","True","BLUE","Denim",,"Close Neck","S",,,"BOTTOM ONLY","denims"
"5841","Denim Co-Ords","Dresses","DSKBXS","1390.00","10.00","139.00","rate","1.0","True","BLUE","Denim",,"Close Neck","XS",,,"BOTTOM ONLY","denims"
"5842","Denim Co-Ords","Dresses","DSKBM","1390.00","10.00","139.00","rate","","True","BLUE","Denim",,"Close Neck","M",,,"BOTTOM ONLY","denims"
"5843","Denim Co-Ords","Dresses","DSKBL","1390.00","10.00","139.00","rate","","True","BLUE","Denim",,"Close Neck","L",,,"BOTTOM ONLY","denims"
"5844","Denim Co-Ords","Dresses","DSKBXL","1390.00","10.00","139.00","rate","","True","BLUE","Denim",,"Close Neck","XL",,,"BOTTOM ONLY","denims"
"5845","Denim Co-Ords","Dresses","DSKBXXL","1390.00","10.00","139.00","rate","1.0","True","BLUE","Denim",,"Close Neck","XXL",,,"BOTTOM ONLY","denims"
"5846","Denim Co-Ords","Dresses","DSKBXXXL","1390.00","10.00","139.00","rate","1.0","True","BLUE","Denim",,"Close Neck","XXXL",,,"BOTTOM ONLY","denims"
"5847","Denim Co-Ords","Dresses","DCOTBXS","2590.00","10.00","259.00","rate","1.0","True","BLUE","Denim",,"Close Neck","XS",,,"TOP AND BOTTOM","denims"
"5848","Denim Co-Ords","Dresses","DCOTMS","2590.00","10.00","259.00","rate","","True","BLUE","Denim",,"Close Neck","S",,,"TOP AND BOTTOM","denims"
"5849","Denim Co-Ords","Dresses","DCOTMM","2590.00","10.00","259.00","rate","","True","BLUE","Denim",,"Close Neck","M",,,"TOP AND BOTTOM","denims"
"5850","Denim Co-Ords","Dresses","DCOTML","2590.00","15.00","388.50","rate","","True","BLUE","Denim",,"Close Neck","L",,,"TOP AND BOTTOM","denims"
"5851","Denim Co-Ords","Dresses","DCOTMXL","2590.00","10.00","259.00","rate","","True","BLUE","Denim",,"Close Neck","XL",,,"TOP AND BOTTOM","denims"
"5852","Denim Co-Ords","Dresses","DCOTMXXL","2590.00","10.00","259.00","rate","","True","BLUE","Denim",,"Close Neck","XXL",,,"TOP AND BOTTOM","denims"
"5853","Denim Co-Ords","Dresses","DCOTMXXXL","2590.00","10.00","259.00","rate","","True","BLUE","Denim",,"Close Neck","XXXL",,,"TOP AND BOTTOM","denims"
"5854","Circuit Stream Chiffon Midi","Dresses","MAXI601","1890.00","10.00","189.00","rate","","True","BLUE","Chiffon",,"V Neck","XS",,,"MIDI","Best Sellers"
"5856","Circuit Stream Chiffon Midi","Dresses","MAXI602","1890.00","10.00","189.00","rate","1.0","True","BLUE","Chiffon",,"V Neck","S",,,"MIDI","Best Sellers"
"5857","Circuit Stream Chiffon Midi","Dresses","MAXI603","1890.00","10.00","189.00","rate","2.0","True","BLUE","Chiffon",,"V Neck","M",,,"MIDI","Best Sellers"
"5858","Circuit Stream Chiffon Midi","Dresses","MAXI604","1890.00","10.00","189.00","rate","6.0","True","BLUE","Chiffon",,"V Neck","L",,,"MIDI","Best Sellers"
"5859","Circuit Stream Chiffon Midi","Dresses","MAXI605","1890.00","10.00","189.00","rate","6.0","True","BLUE","Chiffon",,"V Neck","XL",,,"MIDI","Best Sellers"
"5860","Circuit Stream Chiffon Midi","Dresses","MAXI606","1890.00","10.00","189.00","rate","1.0","True","BLUE","Chiffon",,"V Neck","XXL",,,"MIDI","Best Sellers"
"5861","Circuit Stream Chiffon Midi","Dresses","MAXI607","1890.00","10.00","189.00","rate","","True","BLUE","Chiffon",,"V Neck","XXXL",,,"MIDI","Best Sellers"
"5862","Whimsical Chiffon Midi","Dresses","MAXI608","1970.00","15.00","295.50","rate","","True","Peach","Chiffon",,"V Neck","XS",,,"MIDI","Selling Fast"
"5863","Whimsical Chiffon Midi","Dresses","MAXI609","1970.00","15.00","295.50","rate","","True","Peach","Chiffon",,"V Neck","S",,,"MIDI","Selling Fast"
"5864","Whimsical Chiffon Midi","Dresses","MAXI610","1970.00","15.00","295.50","rate","","True","Peach","Chiffon",,"V Neck","M",,,"MIDI","Selling Fast"
"5865","Whimsical Chiffon Midi","Dresses","MAXI611","1970.00","15.00","295.50","rate","1.0","True","Peach","Chiffon",,"V Neck","L",,,"MIDI","Selling Fast"
"5866","Whimsical Chiffon Midi","Dresses","MAXI612","1970.00","15.00","295.50","rate","3.0","True","Peach","Chiffon",,"V Neck","XL",,,"MIDI","Selling Fast"
"5867","Whimsical Chiffon Midi","Dresses","MAXI613","1970.00","15.00","295.50","rate","","True","Peach","Chiffon",,"V Neck","XXL",,,"MIDI","Selling Fast"
"5868","Whimsical Chiffon Midi","Dresses","MAXI614","1970.00","15.00","295.50","rate","","True","Peach","Chiffon",,"V Neck","XXXL",,,"MIDI","Selling Fast"
"5869","Tulip Tango Flared Midi","Dresses","MIDI615","1520.00","50.00","760.00","rate","","True","PINK","Chiffon",,"Square Neck","XS",,,"MIDI","Clearance"
"5870","Tulip Tango Flared Midi","Dresses","MIDI616","1520.00","50.00","760.00","rate","","True","PINK","Chiffon",,"Square Neck","S",,,"MIDI","Clearance"
"5871","Tulip Tango Flared Midi","Dresses","MIDI617","1520.00","50.00","760.00","rate","","True","PINK","Chiffon",,"Square Neck","M",,,"MIDI","Clearance"
"5872","Tulip Tango Flared Midi","Dresses","MIDI618","1520.00","50.00","760.00","rate","","True","PINK","Chiffon",,"Square Neck","L",,,"MIDI","Clearance"
"5873","Tulip Tango Flared Midi","Dresses","MIDI619","1520.00","50.00","760.00","rate","","True","PINK","Chiffon",,"Square Neck","XL",,,"MIDI","Clearance"
"5874","Tulip Tango Flared Midi","Dresses","MIDI620","1520.00","50.00","760.00","rate","","True","PINK","Chiffon",,"Square Neck","XXL",,,"MIDI","Clearance"
"5875","Tulip Tango Flared Midi","Dresses","MIDI621","1520.00","50.00","760.00","rate","","True","PINK","Chiffon",,"Square Neck","XXXL",,,"MIDI","Clearance"
"5876","Cerise Chiffon Maxi","Dresses","MAXI622","1980.00","5.00","99.00","rate","","True","Red","Chiffon",,"Square Neck","XS",,,"Maxi","Dark Collections"
"5877","Cerise Chiffon Maxi","Dresses","MAXI623","1980.00","5.00","99.00","rate","","True","Red","Chiffon",,"Square Neck","S",,,"Maxi","Dark Collections"
"5878","Cerise Chiffon Maxi","Dresses","MAXI624","1980.00","5.00","99.00","rate","","True","Red","Chiffon",,"Square Neck","M",,,"Maxi","Dark Collections"
"5879","Cerise Chiffon Maxi","Dresses","MAXI625","1980.00","5.00","99.00","rate","","True","Red","Chiffon",,"Square Neck","L",,,"Maxi","Dark Collections"
"5880","Cerise Chiffon Maxi","Dresses","MAXI626","1980.00","5.00","99.00","rate","","True","Red","Chiffon",,"Square Neck","XL",,,"Maxi","Dark Collections"
"5881","Cerise Chiffon Maxi","Dresses","MAXI627","1980.00","5.00","99.00","rate","","True","Red","Chiffon",,"Square Neck","XXL",,,"Maxi","Dark Collections"
"5883","Cerise Chiffon Maxi","Dresses","MAXI628","1980.00","5.00","99.00","rate","","True","Red","Chiffon",,"Square Neck","XXXL",,,"Maxi","Dark Collections"
"5885","Stone Wash Chiffon Maxi","Dresses","MAXI630","1980.00","","","rate","","True","Black","Chiffon",,"V Neck","S",,,"Maxi","Dark Collections,Superhit"
"5886","Stone Wash Chiffon Maxi","Dresses","MAXI631","1980.00","","","rate","","True","Black","Chiffon",,"V Neck","M",,,"Maxi","Dark Collections,Superhit"
"5887","Stone Wash Chiffon Maxi","Dresses","MAXI632","1980.00","","","rate","","True","Black","Chiffon",,"V Neck","L",,,"Maxi","Dark Collections,Superhit"
"5888","Stone Wash Chiffon Maxi","Dresses","MAXI633","1980.00","","","rate","","True","Black","Chiffon",,"V Neck","XL",,,"Maxi","Superhit,Dark Collections"
"5889","Stone Wash Chiffon Maxi","Dresses","MAXI634","1980.00","","","rate","","True","Black","Chiffon",,"V Neck","XXL",,,"Maxi","Superhit,Dark Collections"
"5890","Stone Wash Chiffon Maxi","Dresses","MAXI635","1980.00","","","rate","","True","Black","Chiffon",,"V Neck","XXXL",,,"Maxi","Superhit,Dark Collections"
"5891","Rosette Panel Midi","Dresses","HAKXS","2180.00","15.00","327.00","rate","","True","RED","Cotton",,"Close Neck","XS",,,"MIDI","Dark Collections,cotton"
"5892","Rosette Panel Midi","Dresses","HAKS","2180.00","15.00","327.00","rate","2.0","True","RED","Cotton",,"Close Neck","S",,,"MIDI","Dark Collections,cotton"
"5893","Rosette Panel Midi","Dresses","HAKM","2180.00","15.00","327.00","rate","5.0","True","RED","Cotton",,"Close Neck","M",,,"MIDI","Dark Collections,cotton"
"5894","Rosette Panel Midi","Dresses","HAKL","2180.00","15.00","327.00","rate","12.0","True","RED","Cotton",,"Close Neck","L",,,"MIDI","Dark Collections,cotton"
"5895","Rosette Panel Midi","Dresses","HAKXL","2180.00","15.00","327.00","rate","11.0","True","RED","Cotton",,"Close Neck","XL",,,"MIDI","Dark Collections,cotton"
"5896","Rosette Panel Midi","Dresses","HAKXXL","2180.00","15.00","327.00","rate","7.0","True","RED","Cotton",,"Close Neck","XXL",,,"MIDI","Dark Collections,cotton"
"5897","Rosette Panel Midi","Dresses","HAKXXXL","2180.00","15.00","327.00","rate","2.0","True","RED","Cotton",,"Close Neck","XXXL",,,"MIDI","cotton,Dark Collections"
"5898","Willow Weave Chiffon Midi","Dresses","MIDI636","1980.00","15.00","297.00","rate","","True","GREEN","Chiffon",,"Close Neck","XS",,,"MIDI","Selling Fast,Dark Collections,Fast Moving"
"5899","Willow Weave Chiffon Midi","Dresses","MIDI638","1980.00","15.00","297.00","rate","1.0","True","GREEN","Chiffon",,"Close Neck","S",,,"MIDI","Fast Moving,Selling Fast,Dark Collections"
"5900","Willow Weave Chiffon Midi","Dresses","MIDI639","1980.00","15.00","297.00","rate","13.0","True","GREEN","Chiffon",,"Close Neck","M",,,"MIDI","Dark Collections,Fast Moving,Selling Fast"
"5901","Willow Weave Chiffon Midi","Dresses","MIDI640","1980.00","15.00","297.00","rate","8.0","True","GREEN","Chiffon",,"Close Neck","L",,,"MIDI","Dark Collections,Fast Moving,Selling Fast"
"5902","Willow Weave Chiffon Midi","Dresses","MIDI641","1980.00","15.00","297.00","rate","12.0","True","GREEN","Chiffon",,"Close Neck","XL",,,"MIDI","Selling Fast,Dark Collections,Fast Moving"
"5903","Willow Weave Chiffon Midi","Dresses","MIDI642","1980.00","15.00","297.00","rate","9.0","True","GREEN","Chiffon",,"Close Neck","XXL",,,"MIDI","Fast Moving,Selling Fast,Dark Collections"
"5904","Willow Weave Chiffon Midi","Dresses","MIDI644","1980.00","15.00","297.00","rate","","True","GREEN","Chiffon",,"Close Neck","XXXL",,,"MIDI","Dark Collections,Fast Moving,Selling Fast"
"5905","Harlequin Panel Midi","Dresses","MIDI645","1980.00","","","rate","","True","WHITE","Chiffon",,"Close Neck","XS",,,"MIDI","Best Sellers,Superhit"
"5906","Harlequin Panel Midi","Dresses","MIDI646","1980.00","","","rate","","True","WHITE","Chiffon",,"Close Neck","S",,,"MIDI","Best Sellers,Superhit"
"5907","Harlequin Panel Midi","Dresses","MIDI647","1980.00","","","rate","","True","WHITE","Chiffon",,"Close Neck","M",,,"MIDI","Best Sellers,Superhit"
"5908","Harlequin Panel Midi","Dresses","MIDI648","1980.00","","","rate","","True","WHITE","Chiffon",,"Close Neck","L",,,"MIDI","Best Sellers,Superhit"
"5909","Harlequin Panel Midi","Dresses","MIDI649","1980.00","","","rate","","True","WHITE","Chiffon",,"Close Neck","XL",,,"MIDI","Best Sellers,Superhit"
"5910","Harlequin Panel Midi","Dresses","MIDI650","1980.00","","","rate","","True","WHITE","Chiffon",,"Close Neck","XXL",,,"MIDI","Best Sellers,Superhit"
"5911","Harlequin Panel Midi","Dresses","MIDI651","1980.00","","","rate","","True","WHITE","Chiffon",,"Close Neck","XXXL",,,"MIDI","Best Sellers,Superhit"
"5912","Fuchsia Cloud Chiffon Maxi","Dresses","MAXI652","1990.00","15.00","298.50","rate","","True","PINK","Chiffon",,"Round Neck","XS",,,"Maxi","Long Maxi Dresses"
"5913","Fuchsia Cloud Chiffon Maxi","Dresses","MAXI653","1990.00","15.00","298.50","rate","3.0","True","PINK","Chiffon",,"Round Neck","S",,,"Maxi","Long Maxi Dresses"
"5914","Fuchsia Cloud Chiffon Maxi","Dresses","MAXI654","1990.00","15.00","298.50","rate","11.0","True","PINK","Chiffon",,"Round Neck","M",,,"Maxi","Long Maxi Dresses"
"5915","Fuchsia Cloud Chiffon Maxi","Dresses","MAXI655","1990.00","15.00","298.50","rate","5.0","True","PINK","Chiffon",,"Round Neck","L",,,"Maxi","Long Maxi Dresses"
"5916","Fuchsia Cloud Chiffon Maxi","Dresses","MAXI656","1990.00","15.00","298.50","rate","9.0","True","PINK","Chiffon",,"Round Neck","XL",,,"Maxi","Long Maxi Dresses"
"5917","Fuchsia Cloud Chiffon Maxi","Dresses","MAXI657","1990.00","15.00","298.50","rate","","True","PINK","Chiffon",,"Round Neck","XXL",,,"Maxi","Long Maxi Dresses"
"5918","Fuchsia Cloud Chiffon Maxi","Dresses","MAXI658","1990.00","15.00","298.50","rate","","True","PINK","Chiffon",,"Round Neck","XXXL",,,"Maxi","Long Maxi Dresses"
"5919","Petal Poem Chiffon Maxi","Dresses","MAXI659","2180.00","20.00","436.00","rate","","True","PURPLE","Chiffon",,"V Neck","XS",,,"Maxi","Long Maxi Dresses"
"5920","Petal Poem Chiffon Maxi","Dresses","MAXI660","2180.00","20.00","436.00","rate","","True","PURPLE","Chiffon",,"V Neck","S",,,"Maxi","Long Maxi Dresses"
"5921","Petal Poem Chiffon Maxi","Dresses","MAXI661","2180.00","20.00","436.00","rate","","True","PURPLE","Chiffon",,"V Neck","M",,,"Maxi","Long Maxi Dresses"
"5922","Petal Poem Chiffon Maxi","Dresses","MAXI662","2180.00","20.00","436.00","rate","","True","PURPLE","Chiffon",,"V Neck","L",,,"Maxi","Long Maxi Dresses"
"5923","Petal Poem Chiffon Maxi","Dresses","MAXI663","2180.00","20.00","436.00","rate","","True","PURPLE","Chiffon",,"V Neck","XL",,,"Maxi","Long Maxi Dresses"
"5924","Petal Poem Chiffon Maxi","Dresses","MAXI664","2180.00","20.00","436.00","rate","","True","PURPLE","Chiffon",,"V Neck","XXL",,,"Maxi","Long Maxi Dresses"
"5925","Petal Poem Chiffon Maxi","Dresses","MAXI665","2180.00","20.00","436.00","rate","","True","PURPLE","Chiffon",,"V Neck","XXXL",,,"Maxi","Long Maxi Dresses"
"5927","Orchid Sky Chiffon Maxi","Dresses","ORS666","1990.00","10.00","199.00","rate","","True","PURPLE","Chiffon",,"V Neck","XS",,,"Maxi","Long Maxi Dresses"
"5928","Orchid Sky Chiffon Maxi","Dresses","ORS667","1990.00","10.00","199.00","rate","3.0","True","PURPLE","Chiffon",,"V Neck","S",,,"Maxi","Long Maxi Dresses"
"5929","Orchid Sky Chiffon Maxi","Dresses","ORS668","1990.00","10.00","199.00","rate","6.0","True","PURPLE","Chiffon",,"V Neck","M",,,"Maxi","Long Maxi Dresses"
"5930","Orchid Sky Chiffon Maxi","Dresses","ORS669","1990.00","10.00","199.00","rate","3.0","True","PURPLE","Chiffon",,"V Neck","L",,,"Maxi","Long Maxi Dresses"
"5931","Orchid Sky Chiffon Maxi","Dresses","ORS670","1990.00","10.00","199.00","rate","6.0","True","PURPLE","Chiffon",,"V Neck","XL",,,"Maxi","Long Maxi Dresses"
"5932","Orchid Sky Chiffon Maxi","Dresses","ORS671","1990.00","10.00","199.00","rate","","True","PURPLE","Chiffon",,"V Neck","XXL",,,"Maxi","Long Maxi Dresses"
"5933","Orchid Sky Chiffon Maxi","Dresses","ORS672","1990.00","10.00","199.00","rate","","True","PURPLE","Chiffon",,"V Neck","XXXL",,,"Maxi","Long Maxi Dresses"
"5936","Sketch Chiffon Maxi","Dresses","MAXI672","2190.00","15.00","328.50","rate","","True","Peach","Chiffon",,"Square Neck","XS",,,"Maxi","Long Maxi Dresses,Selling Fast"
"5937","Sketch Chiffon Maxi","Dresses","MAXI673","2190.00","15.00","328.50","rate","3.0","True","Peach","Chiffon",,"Square Neck","S",,,"Maxi","Long Maxi Dresses,Selling Fast"
"5938","Sketch Chiffon Maxi","Dresses","MAXI674","2190.00","15.00","328.50","rate","6.0","True","Peach","Chiffon",,"Square Neck","M",,,"Maxi","Long Maxi Dresses,Selling Fast"
"5939","Sketch Chiffon Maxi","Dresses","MAXI675","2190.00","15.00","328.50","rate","","True","Peach","Chiffon",,"Square Neck","L",,,"Maxi","Long Maxi Dresses,Selling Fast"
"5940","Sketch Chiffon Maxi","Dresses","MAXI676","2190.00","15.00","328.50","rate","2.0","True","Peach","Chiffon",,"Square Neck","XL",,,"Maxi","Long Maxi Dresses,Selling Fast"
"5941","Sketch Chiffon Maxi","Dresses","MAXI677","2190.00","15.00","328.50","rate","","True","Peach","Chiffon",,"Square Neck","XXL",,,"Maxi","Long Maxi Dresses,Selling Fast"
"5942","Sketch Chiffon Maxi","Dresses","MAXI678","2190.00","15.00","328.50","rate","","True","Peach","Chiffon",,"Square Neck","XXXL",,,"Maxi","Long Maxi Dresses,Selling Fast"
"5943","Fiery Flora Midi","Dresses","MIDI679","1985.00","15.00","297.75","rate","","True","RED","LINEN",,"V Neck","XS",,,"MIDI",
"5944","Fiery Flora Midi","Dresses","MIDI680","1985.00","15.00","297.75","rate","2.0","True","RED","LINEN",,"V Neck","S",,,"MIDI",
"5945","Fiery Flora Midi","Dresses","MIDI681","1985.00","15.00","297.75","rate","5.0","True","RED","LINEN",,"V Neck","M",,,"MIDI",
"5946","Fiery Flora Midi","Dresses","MIDI682","1985.00","15.00","297.75","rate","10.0","True","RED","LINEN",,"V Neck","L",,,"MIDI",
"5947","Fiery Flora Midi","Dresses","MIDI683","1985.00","15.00","297.75","rate","11.0","True","RED","LINEN",,"V Neck","XL",,,"MIDI",
"5948","Fiery Flora Midi","Dresses","MIDI684","1985.00","15.00","297.75","rate","6.0","True","RED","LINEN",,"V Neck","XXL",,,"MIDI",
"5949","Fiery Flora Midi","Dresses","MIDI685","1985.00","15.00","297.75","rate","","True","RED","LINEN",,"V Neck","XXXL",,,"MIDI",
"5950","Confetti pop Chiffon Midi","Dresses","MIDI686","1880.00","15.00","282.00","rate","","True","PINK","Chiffon",,"V Neck","XS",,,"MIDI","Fast Moving,Selling Fast"
"5951","Confetti pop Chiffon Midi","Dresses","MIDI687","1880.00","15.00","282.00","rate","2.0","True","PINK","Chiffon",,"V Neck","S",,,"MIDI","Fast Moving,Selling Fast"
"5952","Confetti pop Chiffon Midi","Dresses","MIDI688","1880.00","15.00","282.00","rate","3.0","True","PINK","Chiffon",,"V Neck","M",,,"MIDI","Selling Fast,Fast Moving"
"5953","Confetti pop Chiffon Midi","Dresses","MIDI689","1880.00","15.00","282.00","rate","6.0","True","PINK","Chiffon",,"V Neck","L",,,"MIDI","Selling Fast,Fast Moving"
"5954","Confetti pop Chiffon Midi","Dresses","MIDI690","1880.00","15.00","282.00","rate","9.0","True","PINK","Chiffon",,"V Neck","XL",,,"MIDI","Selling Fast,Fast Moving"
"5955","Confetti pop Chiffon Midi","Dresses","MIDI691","1880.00","15.00","282.00","rate","3.0","True","PINK","Chiffon",,"V Neck","XXL",,,"MIDI","Selling Fast,Fast Moving"
"5956","Confetti pop Chiffon Midi","Dresses","MIDI692","1880.00","15.00","282.00","rate","1.0","True","PINK","Chiffon",,"V Neck","XXXL",,,"MIDI","Selling Fast,Fast Moving"
"5957","Trellis A-line Midi","Dresses","MIDI693","2090.00","15.00","313.50","rate","","True","PINK","Cotton",,"Close Neck","XS",,"WITH SLEEVE","MIDI","cotton"
"5958","Trellis A-line Midi","Dresses","MIDI694","2090.00","15.00","313.50","rate","1.0","True","PINK","Cotton",,"Close Neck","S",,"WITH SLEEVE","MIDI","cotton"
"5959","Trellis A-line Midi","Dresses","MIDI695","2090.00","15.00","313.50","rate","","True","PINK","Cotton",,"Close Neck","M",,"WITH SLEEVE","MIDI","cotton"
"5960","Trellis A-line Midi","Dresses","MIDI696","2090.00","15.00","313.50","rate","6.0","True","PINK","Cotton",,"Close Neck","L",,"WITH SLEEVE","MIDI","cotton"
"5961","Trellis A-line Midi","Dresses","MIDI697","2090.00","15.00","313.50","rate","4.0","True","PINK","Cotton",,"Close Neck","XL",,"WITH SLEEVE","MIDI","cotton"
"5962","Trellis A-line Midi","Dresses","MIDI698","2090.00","15.00","313.50","rate","4.0","True","PINK","Cotton",,"Close Neck","XXL",,"WITH SLEEVE","MIDI","cotton"
"5963","Trellis A-line Midi","Dresses","MIDI699","2090.00","15.00","313.50","rate","1.0","True","PINK","Cotton",,"Close Neck","XXXL",,"WITH SLEEVE","MIDI","cotton"
"5964","Ombre Mosaic Chiffon Midi","Dresses","MIDI670","1895.00","15.00","284.25","rate","","True","Black","Chiffon",,"V Neck","XS",,,"Maxi","Best Sellers,Superhit"
"5965","Ombre Mosaic Chiffon Midi","Dresses","MIDI671","1895.00","15.00","284.25","rate","5.0","True","Black","Chiffon",,"V Neck","S",,,"Maxi","Best Sellers,Superhit"
"5966","Ombre Mosaic Chiffon Midi","Dresses","MIDI672","1895.00","15.00","284.25","rate","11.0","True","Black","Chiffon",,"V Neck","M",,,"Maxi","Best Sellers,Superhit"
"5967","Ombre Mosaic Chiffon Midi","Dresses","MIDI673","1895.00","15.00","284.25","rate","7.0","True","Black","Chiffon",,"V Neck","L",,,"Maxi","Best Sellers,Superhit"
"5968","Ombre Mosaic Chiffon Midi","Dresses","MIDI674","1895.00","15.00","284.25","rate","9.0","True","Black","Chiffon",,"V Neck","XL",,,"Maxi","Best Sellers,Superhit"
"5970","Ombre Mosaic Chiffon Midi","Dresses","MIDI675","1895.00","15.00","284.25","rate","6.0","True","Black","Chiffon",,"V Neck","XXL",,,"Maxi","Best Sellers,Superhit"
"5971","Ombre Mosaic Chiffon Midi","Dresses","676","1895.00","15.00","284.25","rate","","True","Black","Chiffon",,"V Neck","XXXL",,,"Maxi","Best Sellers,Superhit"
"5972","Trellis A-line Midi","Dresses","XS/SLEEVELSS","2090.00","15.00","313.50","rate","","True","PINK","Cotton",,"Close Neck","XS",,"WITHOUT SLEEVE","MIDI","cotton"
"5973","Trellis A-line Midi","Dresses","S/SLEEVELESS","2090.00","15.00","313.50","rate","1.0","True","PINK","Cotton",,"Close Neck","S",,"WITHOUT SLEEVE","MIDI","cotton"
"5974","Trellis A-line Midi","Dresses","M/SLEEVELSS","2090.00","15.00","313.50","rate","6.0","True","PINK","Cotton",,"Close Neck","M",,"WITHOUT SLEEVE","MIDI","cotton"
"5975","Trellis A-line Midi","Dresses","L/SLEEVELSS","2090.00","15.00","313.50","rate","7.0","True","PINK","Cotton",,"Close Neck","L",,"WITHOUT SLEEVE","MIDI","cotton"
"5976","Trellis A-line Midi","Dresses","XL/SLEEVELSS","2090.00","15.00","313.50","rate","6.0","True","PINK","Cotton",,"Close Neck","XL",,"WITHOUT SLEEVE","MIDI","cotton"
"5977","Trellis A-line Midi","Dresses","XXL/SLEEVELSS","2090.00","15.00","313.50","rate","3.0","True","PINK","Cotton",,"Close Neck","XXL",,"WITHOUT SLEEVE","MIDI","cotton"
"5978","Trellis A-line Midi","Dresses","XXXL/SLEEVELSS","2090.00","15.00","313.50","rate","1.0","True","PINK","Cotton",,"Close Neck","XXXL",,"WITHOUT SLEEVE","MIDI","cotton"
"5979","Smudge Chiffon Midi","Dresses","MAXI681","1990.00","30.00","597.00","rate","","True","Black","Chiffon",,"V Neck","XS",,,"MIDI","Dark Collections"
"5981","Smudge Chiffon Midi","Dresses","MAXI682","1990.00","30.00","597.00","rate","1.0","True","Black","Chiffon",,"V Neck","S",,,"MIDI","Dark Collections"
"5982","Smudge Chiffon Midi","Dresses","MAXI683","1990.00","30.00","597.00","rate","4.0","True","Black","Chiffon",,"V Neck","M",,,"MIDI","Dark Collections"
"5983","Smudge Chiffon Midi","Dresses","MAXI684","1990.00","30.00","597.00","rate","11.0","True","Black","Chiffon",,"V Neck","L",,,"MIDI","Dark Collections"
"5984","Smudge Chiffon Midi","Dresses","MAXI685","1990.00","30.00","597.00","rate","17.0","True","Black","Chiffon",,"V Neck","XL",,,"MIDI","Dark Collections"
"5985","Smudge Chiffon Midi","Dresses","MAXI686","1990.00","30.00","597.00","rate","6.0","True","Black","Chiffon",,"V Neck","XXL",,,"MIDI","Dark Collections"
"5986","Smudge Chiffon Midi","Dresses","MAXI687","1990.00","30.00","597.00","rate","4.0","True","Black","Chiffon",,"V Neck","XXXL",,,"MIDI","Dark Collections"
"5987","Black Spade Fit and Flare Midi","Dresses","MIDI701","1680.00","","","rate","","True","Black","Cotton",,"V Neck","XS",,,"MIDI","selling fast,Fast Moving"
"5988","Black Spade Fit and Flare Midi","Dresses","MIDI702","1680.00","","","rate","","True","Black","Cotton",,"V Neck","S",,,"MIDI","Fast Moving,selling fast"
"5989","Black Spade Fit and Flare Midi","Dresses","MIDI703","1680.00","","","rate","","True","Black","Cotton",,"V Neck","M",,,"MIDI","Fast Moving,selling fast"
"5990","Black Spade Fit and Flare Midi","Dresses","MIDI704","1680.00","","","rate","","True","Black","Cotton",,"V Neck","L",,,"MIDI","Fast Moving,selling fast"
"5991","Black Spade Fit and Flare Midi","Dresses","MIDI705","1680.00","","","rate","","True","Black","Cotton",,"V Neck","XL",,,"MIDI","Fast Moving,selling fast"
"5992","Black Spade Fit and Flare Midi","Dresses","MIDI706","1680.00","","","rate","","True","Black","Cotton",,"V Neck","XXL",,,"MIDI","Fast Moving,selling fast"
"5993","Black Spade Fit and Flare Midi","Dresses","MIDI707","1680.00","","","rate","","True","Black","Cotton",,"V Neck","XXXL",,,"MIDI","Fast Moving,selling fast"
"5994","Black & White Checks Midi","Dresses","MIDI708","1790.00","50.00","895.00","rate","","True","Black","Cotton",,"Close Neck","XS",,,"MIDI","Clearance"
"5995","Black & White Checks Midi","Dresses","MIDI709","1790.00","50.00","895.00","rate","","True","Black","Cotton",,"Close Neck","S",,,"MIDI","Clearance"
"5996","Black & White Checks Midi","Dresses","MIDI710","1790.00","50.00","895.00","rate","","True","Black","Cotton",,"Close Neck","M",,,"MIDI","Clearance"
"5997","Black & White Checks Midi","Dresses","MIDI711","1790.00","50.00","895.00","rate","","True","Black","Cotton",,"Close Neck","L",,,"MIDI","Clearance"
"5998","Black & White Checks Midi","Dresses","MIDI712","1790.00","50.00","895.00","rate","","True","Black","Cotton",,"Close Neck","XL",,,"MIDI","Clearance"
"5999","Black & White Checks Midi","Dresses","MIDI713","1790.00","50.00","895.00","rate","","True","Black","Cotton",,"Close Neck","XXL",,,"MIDI","Clearance"
"6000","Black & White Checks Midi","Dresses","MIDI714","1790.00","50.00","895.00","rate","","True","Black","Cotton",,"Close Neck","XXXL",,,"MIDI","Clearance"
"6001","Rainbow Chiffon Maxi","Dresses","MAXI715","1790.00","15.00","268.50","rate","","True","Peach","Chiffon",,"V Neck","XS",,,"Maxi","Fast Moving,Long Maxi Dresses,Selling Fast"
"6002","Rainbow Chiffon Maxi","Dresses","MAXI716","1790.00","15.00","268.50","rate","1.0","True","Peach","Chiffon",,"V Neck","S",,,"Maxi","Selling Fast,Fast Moving,Long Maxi Dresses"
"6003","Rainbow Chiffon Maxi","Dresses","MAXI717","1790.00","15.00","268.50","rate","4.0","True","Peach","Chiffon",,"V Neck","M",,,"Maxi","Long Maxi Dresses,Selling Fast,Fast Moving"
"6004","Rainbow Chiffon Maxi","Dresses","MAXI718","1790.00","15.00","268.50","rate","1.0","True","Peach","Chiffon",,"V Neck","L",,,"Maxi","Fast Moving,Long Maxi Dresses,Selling Fast"
"6005","Rainbow Chiffon Maxi","Dresses","MAXI719","1790.00","15.00","268.50","rate","","True","Peach","Chiffon",,"V Neck","XL",,,"Maxi","Fast Moving,Long Maxi Dresses,Selling Fast"
"6006","Rainbow Chiffon Maxi","Dresses","MAXI720","1790.00","15.00","268.50","rate","","True","Peach","Chiffon",,"V Neck","XXL",,,"Maxi","Selling Fast,Fast Moving,Long Maxi Dresses"
"6007","Rainbow Chiffon Maxi","Dresses","MAXI721","1790.00","15.00","268.50","rate","","True","Peach","Chiffon",,"V Neck","XXXL",,,"Maxi","Fast Moving,Long Maxi Dresses,Selling Fast"
"6008","Red Drop Chiffon Maxi","Dresses","MAXI722","2090.00","15.00","313.50","rate","","True","RED","Chiffon",,"Square Neck","XS",,,"Maxi","Long Maxi Dresses,Selling Fast"
"6009","Red Drop Chiffon Maxi","Dresses","MAXI723","2090.00","15.00","313.50","rate","2.0","True","RED","Chiffon",,"Square Neck","S",,,"Maxi","Long Maxi Dresses,Selling Fast"
"6010","Red Drop Chiffon Maxi","Dresses","MAXI724","2090.00","15.00","313.50","rate","","True","RED","Chiffon",,"Square Neck","M",,,"Maxi","Long Maxi Dresses,Selling Fast"
"6011","Red Drop Chiffon Maxi","Dresses","MAXI725","2090.00","15.00","313.50","rate","3.0","True","RED","Chiffon",,"Square Neck","L",,,"Maxi","Long Maxi Dresses,Selling Fast"
"6012","Red Drop Chiffon Maxi","Dresses","MAXI726","2090.00","15.00","313.50","rate","2.0","True","RED","Chiffon",,"Square Neck","XL",,,"Maxi","Long Maxi Dresses,Selling Fast"
"6013","Red Drop Chiffon Maxi","Dresses","MAXI727","2090.00","15.00","313.50","rate","","True","RED","Chiffon",,"Square Neck","XXL",,,"Maxi","Long Maxi Dresses,Selling Fast"
"6014","Red Drop Chiffon Maxi","Dresses","MAXI728","2090.00","15.00","313.50","rate","","True","RED","Chiffon",,"Square Neck","XXXL",,,"Maxi","Long Maxi Dresses,Selling Fast"
"6015","Black Front-Slit Casual Midi","Dresses","MIDI729","1790.00","15.00","268.50","rate","","True","Black","Cotton",,"Square Neck","XS",,,"MIDI","Dark Collections"
"6016","Black Front-Slit Casual Midi","Dresses","MIDI730","1790.00","15.00","268.50","rate","4.0","True","Black","Cotton",,"Square Neck","S",,,"MIDI","Dark Collections"
"6017","Black Front-Slit Casual Midi","Dresses","MIDI731","1790.00","15.00","268.50","rate","9.0","True","Black","Cotton",,"Square Neck","M",,,"MIDI","Dark Collections"
"6018","Black Front-Slit Casual Midi","Dresses","MIDI732","1790.00","15.00","268.50","rate","10.0","True","Black","Cotton",,"Square Neck","L",,,"MIDI","Dark Collections"
"6019","Black Front-Slit Casual Midi","Dresses","MIDI733","1790.00","15.00","268.50","rate","5.0","True","Black","Cotton",,"Square Neck","XL",,,"MIDI","Dark Collections"
"6020","Black Front-Slit Casual Midi","Dresses","MIDI734","1790.00","15.00","268.50","rate","5.0","True","Black","Cotton",,"Square Neck","XXL",,,"MIDI","Dark Collections"
"6021","Black Front-Slit Casual Midi","Dresses","MIDI735","1790.00","15.00","268.50","rate","","True","Black","Cotton",,"Square Neck","XXXL",,,"MIDI","Dark Collections"
"6022","Beige Front-Slit Casual Midi","Dresses","MIDI736","1790.00","15.00","268.50","rate","","True","BEIGE","Cotton",,"Square Neck","XS",,,"MIDI","Selling Fast,Fast Moving"
"6023","Beige Front-Slit Casual Midi","Dresses","MIDI737","1790.00","15.00","268.50","rate","4.0","True","BEIGE","Cotton",,"Square Neck","S",,,"MIDI","Selling Fast,Fast Moving"
"6024","Beige Front-Slit Casual Midi","Dresses","MIDI738","1790.00","15.00","268.50","rate","6.0","True","BEIGE","Cotton",,"Square Neck","M",,,"MIDI","Selling Fast,Fast Moving"
"6025","Beige Front-Slit Casual Midi","Dresses","MIDI739","1790.00","15.00","268.50","rate","8.0","True","BEIGE","Cotton",,"Square Neck","L",,,"MIDI","Selling Fast,Fast Moving"
"6026","Beige Front-Slit Casual Midi","Dresses","MIDI740","1790.00","15.00","268.50","rate","4.0","True","BEIGE","Cotton",,"Square Neck","XL",,,"MIDI","Selling Fast,Fast Moving"
"6027","Beige Front-Slit Casual Midi","Dresses","MIDI741","1790.00","15.00","268.50","rate","2.0","True","BEIGE","Cotton",,"Square Neck","XXL",,,"MIDI","Fast Moving,Selling Fast"
"6028","Beige Front-Slit Casual Midi","Dresses","MIDI742","1790.00","15.00","268.50","rate","","True","BEIGE","Cotton",,"Square Neck","XXXL",,,"MIDI","Fast Moving,Selling Fast"
"6029","Cream Front-Slit Casual Midi","Dresses","MIDI743","1790.00","15.00","268.50","rate","","True","BEIGE","Cotton",,"Square Neck","XS",,,"MIDI","Selling Fast"
"6030","Cream Front-Slit Casual Midi","Dresses","MIDI744","1790.00","15.00","268.50","rate","4.0","True","BEIGE","Cotton",,"Square Neck","S",,,"MIDI","Selling Fast"
"6031","Cream Front-Slit Casual Midi","Dresses","MIDI745","1790.00","15.00","268.50","rate","6.0","True","BEIGE","Cotton",,"Square Neck","M",,,"MIDI","Selling Fast"
"6032","Cream Front-Slit Casual Midi","Dresses","MIDI746","1790.00","15.00","268.50","rate","9.0","True","BEIGE","Cotton",,"Square Neck","L",,,"MIDI","Selling Fast"
"6033","Cream Front-Slit Casual Midi","Dresses","MIDI747","1790.00","15.00","268.50","rate","3.0","True","BEIGE","Cotton",,"Square Neck","XL",,,"MIDI","Selling Fast"
"6034","Cream Front-Slit Casual Midi","Dresses","MIDI748","1790.00","15.00","268.50","rate","5.0","True","BEIGE","Cotton",,"Square Neck","XXL",,,"MIDI","Selling Fast"
"6035","Cream Front-Slit Casual Midi","Dresses","MIDI749","1790.00","15.00","268.50","rate","","True","BEIGE","Cotton",,"Square Neck","XXXL",,,"MIDI","Selling Fast"
"6036","Navy Front-Slit Casual Midi","Dresses","MIDI2XL","1790.00","15.00","268.50","rate","","True","BLUE","Cotton",,"Square Neck","XXL",,,"MIDI","Dark Collections"
"6037","Massai Wave Hakoba Midi","Dresses","MIDI750","2090.00","15.00","313.50","rate","","True","Black","Cotton",,"Close Neck","XS",,,"MIDI","cotton,Dark Collections"
"6038","Massai Wave Hakoba Midi","Dresses","MIDI751","2090.00","15.00","313.50","rate","5.0","True","Black","Cotton",,"Close Neck","S",,,"MIDI","Dark Collections,cotton"
"6039","Massai Wave Hakoba Midi","Dresses","MIDI752","2090.00","15.00","313.50","rate","10.0","True","Black","Cotton",,"Close Neck","M",,,"MIDI","Dark Collections,cotton"
"6040","Massai Wave Hakoba Midi","Dresses","MIDI753","2090.00","15.00","313.50","rate","7.0","True","Black","Cotton",,"Close Neck","L",,,"MIDI","Dark Collections,cotton"
"6041","Massai Wave Hakoba Midi","Dresses","MIDI754","2090.00","15.00","313.50","rate","10.0","True","Black","Cotton",,"Close Neck","XL",,,"MIDI","Dark Collections,cotton"
"6042","Massai Wave Hakoba Midi","Dresses","MIDI755","2090.00","15.00","313.50","rate","7.0","True","Black","Cotton",,"Close Neck","XXL",,,"MIDI","Dark Collections,cotton"
"6043","Massai Wave Hakoba Midi","Dresses","MIDI756","2090.00","15.00","313.50","rate","4.0","True","Black","Cotton",,"Close Neck","XXXL",,,"MIDI","Dark Collections,cotton"
"6050","Fall Foilage Chiffon Maxi","Dresses","MIDI757","2095.00","20.00","419.00","rate","","True","PINK","Chiffon",,"V Neck","XS",,,"Maxi","Best Sellers"
"6051","Fall Foilage Chiffon Maxi","Dresses","MIDI758","2095.00","20.00","419.00","rate","","True","PINK","Chiffon",,"V Neck","S",,,"Maxi","Best Sellers"
"6052","Fall Foilage Chiffon Maxi","Dresses","MIDI759","2095.00","20.00","419.00","rate","","True","PINK","Chiffon",,"V Neck","M",,,"Maxi","Best Sellers"
"6053","Fall Foilage Chiffon Maxi","Dresses","MIDI760","2095.00","20.00","419.00","rate","1.0","True","PINK","Chiffon",,"V Neck","L",,,"Maxi","Best Sellers"
"6054","Fall Foilage Chiffon Maxi","Dresses","MIDI761","2095.00","20.00","419.00","rate","1.0","True","PINK","Chiffon",,"V Neck","XL",,,"Maxi","Best Sellers"
"6055","Fall Foilage Chiffon Maxi","Dresses","MIDI762","2095.00","20.00","419.00","rate","","True","PINK","Chiffon",,"V Neck","XXL",,,"Maxi","Best Sellers"
"6056","Fall Foilage Chiffon Maxi","Dresses","MIDI763","2095.00","20.00","419.00","rate","","True","PINK","Chiffon",,"V Neck","XXXL",,,"Maxi","Best Sellers"
"6057","DriftWood Maxi","Dresses","MIDI764","2190.00","50.00","1095.00","rate","","True","RED","Chiffon",,"V Neck","XS",,,"Maxi","Clearance,Long Maxi Dresses"
"6058","DriftWood Maxi","Dresses","MIDI765","2190.00","50.00","1095.00","rate","5.0","True","RED","Chiffon",,"V Neck","S",,,"Maxi","Clearance,Long Maxi Dresses"
"6059","DriftWood Maxi","Dresses","MIDI766","2190.00","50.00","1095.00","rate","18.0","True","RED","Chiffon",,"V Neck","M",,,"Maxi","Clearance,Long Maxi Dresses"
"6060","DriftWood Maxi","Dresses","MIDI767","2190.00","50.00","1095.00","rate","16.0","True","RED","Chiffon",,"V Neck","L",,,"Maxi","Clearance,Long Maxi Dresses"
"6062","DriftWood Maxi","Dresses","MIDI768","2190.00","50.00","1095.00","rate","16.0","True","RED","Chiffon",,"V Neck","XL",,,"Maxi","Clearance,Long Maxi Dresses"
"6064","DriftWood Maxi","Dresses","MIDI769","2190.00","50.00","1095.00","rate","8.0","True","RED","Chiffon",,"V Neck","XXL",,,"Maxi","Clearance,Long Maxi Dresses"
"6065","DriftWood Maxi","Dresses","MIDI770","2190.00","50.00","1095.00","rate","2.0","True","RED","Chiffon",,"V Neck","XXXL",,,"Maxi","Clearance,Long Maxi Dresses"
"6066","Orange HalfMoon Hakoba Midi","Dresses","MIDI771","2080.00","15.00","312.00","rate","","True","ORANGE","Cotton",,"Close Neck","XS",,,"MIDI","Best Sellers,cotton"
"6067","Orange HalfMoon Hakoba Midi","Dresses","MIDI772","2080.00","15.00","312.00","rate","1.0","True","ORANGE","Cotton",,"Close Neck","S",,,"MIDI","Best Sellers,cotton"
"6068","Orange HalfMoon Hakoba Midi","Dresses","MIDI773","2080.00","15.00","312.00","rate","","True","ORANGE","Cotton",,"Close Neck","M",,,"MIDI","Best Sellers,cotton"
"6069","Orange HalfMoon Hakoba Midi","Dresses","MIDI774","2080.00","15.00","312.00","rate","2.0","True","ORANGE","Cotton",,"Close Neck","L",,,"MIDI","Best Sellers,cotton"
"6070","Orange HalfMoon Hakoba Midi","Dresses","MIDI775","2080.00","15.00","312.00","rate","4.0","True","ORANGE","Cotton",,"Close Neck","XL",,,"MIDI","Best Sellers,cotton"
"6071","Orange HalfMoon Hakoba Midi","Dresses","MIDI776","2080.00","15.00","312.00","rate","","True","ORANGE","Cotton",,"Close Neck","XXL",,,"MIDI","Best Sellers,cotton"
"6072","Orange HalfMoon Hakoba Midi","Dresses","MIDI777","2080.00","15.00","312.00","rate","","True","ORANGE","Cotton",,"Close Neck","XXXL",,,"MIDI","Best Sellers,cotton"
"6073","Minted Foilage Chiffon Midi","Dresses","MIDI778","2195.00","30.00","658.50","rate","","True","Green","Chiffon",,"Square Neck","XS",,,"MIDI","Selling Fast"
"6074","Minted Foilage Chiffon Midi","Dresses","MIDI779","2195.00","30.00","658.50","rate","4.0","True","Green","Chiffon",,"Square Neck","S",,,"MIDI","Selling Fast"
"6077","Minted Foilage Chiffon Midi","Dresses","MIDI780","2195.00","30.00","658.50","rate","14.0","True","Green","Chiffon",,"Square Neck","M",,,"MIDI","Selling Fast"
"6081","Minted Foilage Chiffon Midi","Dresses","MIDI781","2195.00","30.00","658.50","rate","15.0","True","Green","Chiffon",,"Square Neck","L",,,"MIDI","Selling Fast"
"6082","Minted Foilage Chiffon Midi","Dresses","MIDI782","2195.00","30.00","658.50","rate","15.0","True","Green","Chiffon",,"Square Neck","XL",,,"MIDI","Selling Fast"
"6085","Minted Foilage Chiffon Midi","Dresses","MIDI783","2195.00","30.00","658.50","rate","5.0","True","Green","Chiffon",,"Square Neck","XXL",,,"MIDI","Selling Fast"
"6086","Minted Foilage Chiffon Midi","Dresses","MIDI784","2195.00","30.00","658.50","rate","1.0","True","Green","Chiffon",,"Square Neck","XXXL",,,"MIDI","Selling Fast"
"6087","Regal Damask Maxi","Dresses","MIDI785","1895.00","15.00","284.25","rate","","True","Red","LINEN",,"V Neck","XS",,,"MIDI","Dark Collections"
"6088","Regal Damask Maxi","Dresses","MIDI786","1895.00","15.00","284.25","rate","4.0","True","Red","LINEN",,"V Neck","S",,,"MIDI","Dark Collections"
"6089","Regal Damask Maxi","Dresses","MIDI787","1895.00","15.00","284.25","rate","11.0","True","Red","LINEN",,"V Neck","M",,,"MIDI","Dark Collections"
"6090","Regal Damask Maxi","Dresses","MIDI788","1895.00","15.00","284.25","rate","12.0","True","Red","LINEN",,"V Neck","L",,,"MIDI","Dark Collections"
"6091","Regal Damask Maxi","Dresses","MIDI789","1895.00","15.00","284.25","rate","14.0","True","Red","LINEN",,"V Neck","XL",,,"MIDI","Dark Collections"
"6092","Regal Damask Maxi","Dresses","MIDI790","1895.00","15.00","284.25","rate","1.0","True","Red","LINEN",,"V Neck","XXL",,,"MIDI","Dark Collections"
"6093","Regal Damask Maxi","Dresses","MIDI800","1895.00","15.00","284.25","rate","3.0","True","Red","LINEN",,"V Neck","XXXL",,,"MIDI","Dark Collections"
"6096","Tapestry Dot Panel Midi","Dresses","MIDI801","1989.96","15.00","298.49","rate","","True","BEIGE","LINEN",,"Round Neck","XS",,,"MIDI",
"6097","Tapestry Dot Panel Midi","Dresses","MIDI802","1989.96","15.00","298.49","rate","2.0","True","BEIGE","LINEN",,"Round Neck","S",,,"MIDI",
"6098","Tapestry Dot Panel Midi","Dresses","MIDI803","1989.96","15.00","298.49","rate","15.0","True","BEIGE","LINEN",,"Round Neck","M",,,"MIDI",
"6099","Tapestry Dot Panel Midi","Dresses","MIDI804","1989.96","15.00","298.49","rate","15.0","True","BEIGE","LINEN",,"Round Neck","L",,,"MIDI",
"6100","Tapestry Dot Panel Midi","Dresses","MIDI805","1989.96","15.00","298.49","rate","16.0","True","BEIGE","LINEN",,"Round Neck","XL",,,"MIDI",
"6101","Tapestry Dot Panel Midi","Dresses","MIDI806","1989.96","15.00","298.49","rate","8.0","True","BEIGE","LINEN",,"Round Neck","XXL",,,"MIDI",
"6102","Tapestry Dot Panel Midi","Dresses","MIDI807","1989.96","15.00","298.49","rate","2.0","True","BEIGE","LINEN",,"Round Neck","XXXL",,,"MIDI",
"6103","Sable Midi Dress","Dresses","MIDI808","1895.00","50.00","947.50","rate","","True","BEIGE","LINEN",,"Round Neck","XS",,"WITH SLEEVE","Midi","Clearance"
"6104","Sable Midi Dress","Dresses","MIDI809","1895.00","50.00","947.50","rate","1.0","True","BEIGE","LINEN",,"Round Neck","S",,"WITH SLEEVE","Midi","Clearance"
"6105","Sable Midi Dress","Dresses","MIDI810","1895.00","50.00","947.50","rate","3.0","True","BEIGE","LINEN",,"Round Neck","M",,"WITH SLEEVE","Midi","Clearance"
"6106","Sable Midi Dress","Dresses","MIDI811","1895.00","50.00","947.50","rate","7.0","True","BEIGE","LINEN",,"Round Neck","L",,"WITH SLEEVE","Midi","Clearance"
"6108","Sable Midi Dress","Dresses","MIDI812","1895.00","50.00","947.50","rate","6.0","True","BEIGE","LINEN",,"Round Neck","XL",,"WITH SLEEVE","Midi","Clearance"
"6109","Sable Midi Dress","Dresses","MIDI813","1895.00","50.00","947.50","rate","4.0","True","BEIGE","LINEN",,"Round Neck","XXL",,"WITH SLEEVE","Midi","Clearance"
"6110","Sable Midi Dress","Dresses","MIDI814","1895.00","50.00","947.50","rate","1.0","True","BEIGE","LINEN",,"Round Neck","XXXL",,"WITH SLEEVE","Midi","Clearance"
"6111","Sable Midi Dress","Dresses","withoutxs","1895.00","50.00","947.50","rate","","True","BEIGE","LINEN",,"Round Neck","XS",,"WITHOUT SLEEVE","Midi","Clearance"
"6112","Sable Midi Dress","Dresses","withouts","1895.00","50.00","947.50","rate","2.0","True","BEIGE","LINEN",,"Round Neck","S",,"WITHOUT SLEEVE","Midi","Clearance"
"6114","Sable Midi Dress","Dresses","withoutm","1895.00","50.00","947.50","rate","7.0","True","BEIGE","LINEN",,"Round Neck","M",,"WITHOUT SLEEVE","Midi","Clearance"
"6115","Sable Midi Dress","Dresses","withoutL","1895.00","50.00","947.50","rate","7.0","True","BEIGE","LINEN",,"Round Neck","L",,"WITHOUT SLEEVE","Midi","Clearance"
"6116","Sable Midi Dress","Dresses","withoutxl","1895.00","50.00","947.50","rate","6.0","True","BEIGE","LINEN",,"Round Neck","XL",,"WITHOUT SLEEVE","Midi","Clearance"
"6117","Sable Midi Dress","Dresses","withoutxxl","1895.00","50.00","947.50","rate","3.0","True","BEIGE","LINEN",,"Round Neck","XXL",,"WITHOUT SLEEVE","Midi","Clearance"
"6118","Sable Midi Dress","Dresses","withoutxxxl","1895.00","50.00","947.50","rate","1.0","True","BEIGE","LINEN",,"Round Neck","XXXL",,"WITHOUT SLEEVE","Midi","Clearance"
"6119","Zinnia Flared Hakoba Midi","Dresses","Midi815","2185.00","15.00","327.75","rate","","True","Peach","Cotton",,"V Neck","XS",,,"MIDI","cotton"
"6120","Zinnia Flared Hakoba Midi","Dresses","MIDI816","2185.00","15.00","327.75","rate","4.0","True","Peach","Cotton",,"V Neck","S",,,"MIDI","cotton"
"6121","Zinnia Flared Hakoba Midi","Dresses","MIDI817","2185.00","15.00","327.75","rate","8.0","True","Peach","Cotton",,"V Neck","M",,,"MIDI","cotton"
"6122","Zinnia Flared Hakoba Midi","Dresses","MIDI818","2185.00","15.00","327.75","rate","6.0","True","Peach","Cotton",,"V Neck","L",,,"MIDI","cotton"
"6123","Zinnia Flared Hakoba Midi","Dresses","MIDI819","2185.00","15.00","327.75","rate","9.0","True","Peach","Cotton",,"V Neck","XL",,,"MIDI","cotton"
"6124","Zinnia Flared Hakoba Midi","Dresses","MIDI820","2185.00","15.00","327.75","rate","3.0","True","Peach","Cotton",,"V Neck","XXL",,,"MIDI","cotton"
"6125","Zinnia Flared Hakoba Midi","Dresses","MIDI821","2185.00","15.00","327.75","rate","1.0","True","Peach","Cotton",,"V Neck","XXXL",,,"MIDI","cotton"
"6126","Tutti Floral Midi","Dresses","MIDI822","1945.00","15.00","291.75","rate","","True","Peach","LINEN",,"V Neck","XS",,,"MIDI",
"6127","Tutti Floral Midi","Dresses","MIDI823","1945.00","15.00","291.75","rate","3.0","True","Peach","LINEN",,"V Neck","S",,,"MIDI",
"6128","Tutti Floral Midi","Dresses","MIDI824","1945.00","15.00","291.75","rate","14.0","True","Peach","LINEN",,"V Neck","M",,,"MIDI",
"6129","Tutti Floral Midi","Dresses","MIDI825","1945.00","15.00","291.75","rate","11.0","True","Peach","LINEN",,"V Neck","L",,,"MIDI",
"6130","Tutti Floral Midi","Dresses","MIDI826","1945.00","15.00","291.75","rate","16.0","True","Peach","LINEN",,"V Neck","XL",,,"MIDI",
"6131","Tutti Floral Midi","Dresses","MIDI827","1945.00","15.00","291.75","rate","8.0","True","Peach","LINEN",,"V Neck","XXL",,,"MIDI",
"6132","Tutti Floral Midi","Dresses","MIDI828","1945.00","15.00","291.75","rate","3.0","True","Peach","LINEN",,"V Neck","XXXL",,,"MIDI",
"6133","Ziggurat Line Panel Midi","Dresses","MIDI829","1990.00","15.00","298.50","rate","","True","RED","LINEN",,"V Neck","XS",,,"MIDI",
"6134","Ziggurat Line Panel Midi","Dresses","MIDI830","1990.00","15.00","298.50","rate","5.0","True","RED","LINEN",,"V Neck","S",,,"MIDI",
"6135","Ziggurat Line Panel Midi","Dresses","MIDI831","1990.00","15.00","298.50","rate","15.0","True","RED","LINEN",,"V Neck","M",,,"MIDI",
"6136","Ziggurat Line Panel Midi","Dresses","MIDI832","1990.00","15.00","298.50","rate","10.0","True","RED","LINEN",,"V Neck","L",,,"MIDI",
"6137","Ziggurat Line Panel Midi","Dresses","MIDI833","1990.00","15.00","298.50","rate","12.0","True","RED","LINEN",,"V Neck","XL",,,"MIDI",
"6138","Ziggurat Line Panel Midi","Dresses","MIDI834","1990.00","15.00","298.50","rate","8.0","True","RED","LINEN",,"V Neck","XXL",,,"MIDI",
"6139","Ziggurat Line Panel Midi","Dresses","MIDI835","1990.00","15.00","298.50","rate","1.0","True","RED","LINEN",,"V Neck","XXXL",,,"MIDI",
"6140","Disty Flowy Hakoba Midi","Dresses","MIDI836","2290.00","15.00","343.50","rate","","True","BLUE","Cotton",,"Round Neck","XS",,,"MIDI","cotton"
"6141","Disty Flowy Hakoba Midi","Dresses","MIDI837","2290.00","15.00","343.50","rate","1.0","True","BLUE","Cotton",,"Round Neck","S",,,"MIDI","cotton"
"6142","Disty Flowy Hakoba Midi","Dresses","MIDI838","2290.00","15.00","343.50","rate","7.0","True","BLUE","Cotton",,"Round Neck","M",,,"MIDI","cotton"
"6143","Disty Flowy Hakoba Midi","Dresses","MIDI839","2290.00","15.00","343.50","rate","6.0","True","BLUE","Cotton",,"Round Neck","L",,,"MIDI","cotton"
"6144","Disty Flowy Hakoba Midi","Dresses","MIDI840","2290.00","15.00","343.50","rate","9.0","True","BLUE","Cotton",,"Round Neck","XL",,,"MIDI","cotton"
"6147","Disty Flowy Hakoba Midi","Dresses","MIDI841","2290.00","15.00","343.50","rate","3.0","True","BLUE","Cotton",,"Round Neck","XXL",,,"MIDI","cotton"
"6148","Disty Flowy Hakoba Midi","Dresses","MIDI842","2290.00","15.00","343.50","rate","3.0","True","BLUE","Cotton",,"Round Neck","XXXL",,,"MIDI","cotton"
"6149","Swoop Panel Maxi","Dresses","MAXI843","2175.00","10.00","217.50","rate","","True","BLUE","LINEN",,"V Neck","XS",,,"Maxi","Dark Collections"
"6150","Swoop Panel Maxi","Dresses","MAXI844","2175.00","10.00","217.50","rate","4.0","True","BLUE","LINEN",,"V Neck","S",,,"Maxi","Dark Collections"
"6151","Swoop Panel Maxi","Dresses","MAXI845","2175.00","10.00","217.50","rate","7.0","True","BLUE","LINEN",,"V Neck","M",,,"Maxi","Dark Collections"
"6152","Swoop Panel Maxi","Dresses","MAXI846","2175.00","10.00","217.50","rate","8.0","True","BLUE","LINEN",,"V Neck","L",,,"Maxi","Dark Collections"
"6153","Swoop Panel Maxi","Dresses","MAXI847","2175.00","10.00","217.50","rate","7.0","True","BLUE","LINEN",,"V Neck","XL",,,"Maxi","Dark Collections"
"6154","Swoop Panel Maxi","Dresses","MAXI848","2175.00","10.00","217.50","rate","1.0","True","BLUE","LINEN",,"V Neck","XXL",,,"Maxi","Dark Collections"
"6155","Swoop Panel Maxi","Dresses","MAXI849","2175.00","10.00","217.50","rate","","True","BLUE","LINEN",,"V Neck","XXXL",,,"Maxi","Dark Collections"
"6156","Black Denim Casual Midi","Dresses","MIDI850","1699.00","15.00","254.85","rate","4.0","True","Black","Denim",,"Square Neck","XS",,,"MIDI","denims"
"6157","Black Denim Casual Midi","Dresses","MIDI851","1699.00","15.00","254.85","rate","3.0","True","Black","Denim",,"Square Neck","S",,,"MIDI","denims"
"6158","Black Denim Casual Midi","Dresses","MIDI853","1699.00","15.00","254.85","rate","13.0","True","Black","Denim",,"Square Neck","M",,,"MIDI","denims"
"6159","Black Denim Casual Midi","Dresses","MIDI854","1699.00","15.00","254.85","rate","8.0","True","Black","Denim",,"Square Neck","L",,,"MIDI","denims"
"6160","Black Denim Casual Midi","Dresses","MIDI855","1699.00","15.00","254.85","rate","9.0","True","Black","Denim",,"Square Neck","XL",,,"MIDI","denims"
"6161","Black Denim Casual Midi","Dresses","MIDI852","1699.00","15.00","254.85","rate","2.0","True","Black","Denim",,"Square Neck","XXL",,,"MIDI","denims"
"6162","Black Denim Casual Midi","Dresses","MIDI856","1699.00","15.00","254.85","rate","","True","Black","Denim",,"Square Neck","XXXL",,,"MIDI","denims"
"6163","Persian Chiffon Maxi","Dresses","MAXI857","2040.00","15.00","306.00","rate","","True","GREEN","Chiffon",,"Round Neck","XS",,,"Maxi","Best Sellers,Dark Collections"
"6164","Persian Chiffon Maxi","Dresses","MAXI858","2040.00","15.00","306.00","rate","","True","GREEN","Chiffon",,"Round Neck","S",,,"Maxi","Best Sellers,Dark Collections"
"6165","Persian Chiffon Maxi","Dresses","MAXI859","2040.00","15.00","306.00","rate","","True","GREEN","Chiffon",,"Round Neck","M",,,"Maxi","Best Sellers,Dark Collections"
"6166","Persian Chiffon Maxi","Dresses","MAXI860","2040.00","15.00","306.00","rate","","True","GREEN","Chiffon",,"Round Neck","L",,,"Maxi","Best Sellers,Dark Collections"
"6167","Persian Chiffon Maxi","Dresses","MAXI861","2040.00","15.00","306.00","rate","","True","GREEN","Chiffon",,"Round Neck","XL",,,"Maxi","Best Sellers,Dark Collections"
"6168","Persian Chiffon Maxi","Dresses","MAXI862","2040.00","15.00","306.00","rate","","True","GREEN","Chiffon",,"Round Neck","XXL",,,"Maxi","Best Sellers,Dark Collections"
"6169","Persian Chiffon Maxi","Dresses","MAXI863","2040.00","15.00","306.00","rate","","True","GREEN","Chiffon",,"Round Neck","XXXL",,,"Maxi","Best Sellers,Dark Collections"
"6170","Orche Floral Hakoba Maxi","Dresses","MAXI864","2190.00","15.00","328.50","rate","","True","GREEN","Cotton",,"Round Neck","XS",,,"Maxi","cotton"
"6171","Orche Floral Hakoba Maxi","Dresses","MAXI865","2190.00","15.00","328.50","rate","4.0","True","GREEN","Cotton",,"Round Neck","S",,,"Maxi","cotton"
"6172","Orche Floral Hakoba Maxi","Dresses","MAXI866","2190.00","15.00","328.50","rate","12.0","True","GREEN","Cotton",,"Round Neck","M",,,"Maxi","cotton"
"6173","Orche Floral Hakoba Maxi","Dresses","MAXI867","2190.00","15.00","328.50","rate","11.0","True","GREEN","Cotton",,"Round Neck","L",,,"Maxi","cotton"
"6174","Orche Floral Hakoba Maxi","Dresses","MAXI868","2190.00","15.00","328.50","rate","9.0","True","GREEN","Cotton",,"Round Neck","XL",,,"Maxi","cotton"
"6175","Orche Floral Hakoba Maxi","Dresses","MAXI869","2190.00","15.00","328.50","rate","3.0","True","GREEN","Cotton",,"Round Neck","XXL",,,"Maxi","cotton"
"6176","Orche Floral Hakoba Maxi","Dresses","MAXI870","2190.00","15.00","328.50","rate","2.0","True","GREEN","Cotton",,"Round Neck","XXXL",,,"Maxi","cotton"
"6177","Merlot Hakoba Maxi","Dresses","MAXI871","2220.00","15.00","333.00","rate","","True","Brown","Cotton",,"V Neck","XS",,,"Maxi","cotton"
"6178","Merlot Hakoba Maxi","Dresses","MAXI872","2220.00","15.00","333.00","rate","4.0","True","Brown","Cotton",,"V Neck","S",,,"Maxi","cotton"
"6179","Merlot Hakoba Maxi","Dresses","MAXI873","2220.00","15.00","333.00","rate","10.0","True","Brown","Cotton",,"V Neck","M",,,"Maxi","cotton"
"6180","Merlot Hakoba Maxi","Dresses","MAXI874","2220.00","15.00","333.00","rate","5.0","True","Brown","Cotton",,"V Neck","L",,,"Maxi","cotton"
"6181","Merlot Hakoba Maxi","Dresses","MAXI875","2220.00","15.00","333.00","rate","5.0","True","Brown","Cotton",,"V Neck","XL",,,"Maxi","cotton"
"6182","Merlot Hakoba Maxi","Dresses","MAXI876","2220.00","15.00","333.00","rate","5.0","True","Brown","Cotton",,"V Neck","XXL",,,"Maxi","cotton"
"6183","Merlot Hakoba Maxi","Dresses","MAXI877","2220.00","15.00","333.00","rate","4.0","True","Brown","Cotton",,"V Neck","XXXL",,,"Maxi","cotton"
"6184","Oil Stick Flora Hakoba Maxi","Dresses","MAXI878","2340.00","15.00","351.00","rate","","True","BEIGE","Cotton",,"Round Neck","XS",,,"Maxi","cotton"
"6185","Oil Stick Flora Hakoba Maxi","Dresses","MAXI879","2340.00","15.00","351.00","rate","2.0","True","BEIGE","Cotton",,"Round Neck","S",,,"Maxi","cotton"
"6186","Oil Stick Flora Hakoba Maxi","Dresses","MAXI880","2340.00","15.00","351.00","rate","10.0","True","BEIGE","Cotton",,"Round Neck","M",,,"Maxi","cotton"
"6187","Oil Stick Flora Hakoba Maxi","Dresses","MAXI881","2340.00","15.00","351.00","rate","6.0","True","BEIGE","Cotton",,"Round Neck","L",,,"Maxi","cotton"
"6188","Oil Stick Flora Hakoba Maxi","Dresses","MAXI882","2340.00","15.00","351.00","rate","7.0","True","BEIGE","Cotton",,"Round Neck","XL",,,"Maxi","cotton"
"6189","Oil Stick Flora Hakoba Maxi","Dresses","MAXI883","2340.00","15.00","351.00","rate","4.0","True","BEIGE","Cotton",,"Round Neck","XXL",,,"Maxi","cotton"
"6190","Oil Stick Flora Hakoba Maxi","Dresses","MAXI884","2340.00","15.00","351.00","rate","4.0","True","BEIGE","Cotton",,"Round Neck","XXXL",,,"Maxi","cotton"
"6192","Dainty Print Chiffon Maxi","Dresses","MAXI885","2085.00","15.00","312.75","rate","","True","BLUE","Chiffon",,"Boat neck","XS",,,"MAXI","Dark Collections,Superhit,Best Sellers"
"6193","Dainty Print Chiffon Maxi","Dresses","MAXI886","2085.00","15.00","312.75","rate","","True","BLUE","Chiffon",,"Boat neck","S",,,"MAXI","Best Sellers,Dark Collections,Superhit"
"6194","Dainty Print Chiffon Maxi","Dresses","MAXI887","2085.00","15.00","312.75","rate","","True","BLUE","Chiffon",,"Boat neck","M",,,"MAXI","Superhit,Best Sellers,Dark Collections"
"6195","Dainty Print Chiffon Maxi","Dresses","MAXI888","2085.00","15.00","312.75","rate","4.0","True","BLUE","Chiffon",,"Boat neck","L",,,"MAXI","Superhit,Best Sellers,Dark Collections"
"6196","Dainty Print Chiffon Maxi","Dresses","MAXI889","2085.00","15.00","312.75","rate","8.0","True","BLUE","Chiffon",,"Boat neck","XL",,,"MAXI","Dark Collections,Superhit,Best Sellers"
"6197","Dainty Print Chiffon Maxi","Dresses","MAXI890","2085.00","15.00","312.75","rate","5.0","True","BLUE","Chiffon",,"Boat neck","XXL",,,"MAXI","Best Sellers,Dark Collections,Superhit"
"6198","Dainty Print Chiffon Maxi","Dresses","MAXI891","2085.00","15.00","312.75","rate","","True","BLUE","Chiffon",,"Boat neck","XXXL",,,"MAXI","Superhit,Best Sellers,Dark Collections"
"6199","Sienna Splash Hakoba Midi","Dresses","Maxi892","2190.00","15.00","328.50","rate","","True","ORANGE","Cotton",,"Square Neck","XS",,,"MIDI","cotton"
"6200","Sienna Splash Hakoba Midi","Dresses","MAXI893","2190.00","15.00","328.50","rate","5.0","True","ORANGE","Cotton",,"Square Neck","S",,,"MIDI","cotton"
"6201","Sienna Splash Hakoba Midi","Dresses","MAXI894","2190.00","15.00","328.50","rate","11.0","True","ORANGE","Cotton",,"Square Neck","M",,,"MIDI","cotton"
"6202","Sienna Splash Hakoba Midi","Dresses","MAXI895","2190.00","15.00","328.50","rate","9.0","True","ORANGE","Cotton",,"Square Neck","L",,,"MIDI","cotton"
"6203","Sienna Splash Hakoba Midi","Dresses","MAXI896","2190.00","15.00","328.50","rate","5.0","True","ORANGE","Cotton",,"Square Neck","XL",,,"MIDI","cotton"
"6204","Sienna Splash Hakoba Midi","Dresses","MAXI897","2190.00","15.00","328.50","rate","1.0","True","ORANGE","Cotton",,"Square Neck","XXL",,,"MIDI","cotton"
"6205","Sienna Splash Hakoba Midi","Dresses","MAXI898","2190.00","15.00","328.50","rate","1.0","True","ORANGE","Cotton",,"Square Neck","XXXL",,,"MIDI","cotton"
"6206","Nomad Star Chiffon Maxi","Dresses","MAXI900","1985.00","10.00","198.50","rate","","True","BLUE","Chiffon",,"V Neck","XS",,,"Maxi","Dark Collections"
"6207","Nomad Star Chiffon Maxi","Dresses","MAXI901","1985.00","10.00","198.50","rate","3.0","True","BLUE","Chiffon",,"V Neck","S",,,"Maxi","Dark Collections"
"6208","Nomad Star Chiffon Maxi","Dresses","MAXI902","1985.00","10.00","198.50","rate","7.0","True","BLUE","Chiffon",,"V Neck","M",,,"Maxi","Dark Collections"
"6209","Nomad Star Chiffon Maxi","Dresses","MAXI903","1985.00","10.00","198.50","rate","3.0","True","BLUE","Chiffon",,"V Neck","L",,,"Maxi","Dark Collections"
"6210","Nomad Star Chiffon Maxi","Dresses","MAXI904","1985.00","10.00","198.50","rate","2.0","True","BLUE","Chiffon",,"V Neck","XL",,,"Maxi","Dark Collections"
"6211","Nomad Star Chiffon Maxi","Dresses","MAXI905","1985.00","10.00","198.50","rate","","True","BLUE","Chiffon",,"V Neck","XXL",,,"Maxi","Dark Collections"
"6212","Nomad Star Chiffon Maxi","Dresses","MAXI906","1985.00","10.00","198.50","rate","4.0","True","BLUE","Chiffon",,"V Neck","XXXL",,,"Maxi","Dark Collections"
"6213","Artic Bloom Panel Maxi","Dresses","MIDI907","2185.00","10.00","218.50","rate","","True","Black","Chiffon",,"V Neck","XS",,,"Maxi","Dark Collections,Superhit,Best Sellers"
"6214","Artic Bloom Panel Maxi","Dresses","MIDI908","2185.00","10.00","218.50","rate","1.0","True","Black","Chiffon",,"V Neck","S",,,"Maxi","Best Sellers,Dark Collections,Superhit"
"6215","Artic Bloom Panel Maxi","Dresses","MIDI909","2185.00","10.00","218.50","rate","7.0","True","Black","Chiffon",,"V Neck","M",,,"Maxi","Best Sellers,Dark Collections,Superhit"
"6216","Artic Bloom Panel Maxi","Dresses","MIDI910","2185.00","10.00","218.50","rate","9.0","True","Black","Chiffon",,"V Neck","L",,,"Maxi","Superhit,Best Sellers,Dark Collections"
"6217","Artic Bloom Panel Maxi","Dresses","MIDI911","2185.00","10.00","218.50","rate","7.0","True","Black","Chiffon",,"V Neck","XL",,,"Maxi","Dark Collections,Superhit,Best Sellers"
"6218","Artic Bloom Panel Maxi","Dresses","MIDI912","2185.00","10.00","218.50","rate","","True","Black","Chiffon",,"V Neck","XXL",,,"Maxi","Best Sellers,Dark Collections,Superhit"
"6219","Artic Bloom Panel Maxi","Dresses","MIDI913","2185.00","10.00","218.50","rate","","True","Black","Chiffon",,"V Neck","XXXL",,,"Maxi","Best Sellers,Dark Collections,Superhit"
"6220","Rustling Chiffon Maxi","Dresses","Midi914","2195.00","15.00","329.25","rate","","True","ORANGE","Chiffon",,"V Neck","XS",,,"MIDI","Selling Fast"
"6221","Rustling Chiffon Maxi","Dresses","Midi915","2195.00","15.00","329.25","rate","","True","ORANGE","Chiffon",,"V Neck","S",,,"MIDI","Selling Fast"
"6222","Rustling Chiffon Maxi","Dresses","Midi916","2195.00","15.00","329.25","rate","1.0","True","ORANGE","Chiffon",,"V Neck","M",,,"MIDI","Selling Fast"
"6223","Rustling Chiffon Maxi","Dresses","Midi917","2195.00","15.00","329.25","rate","7.0","True","ORANGE","Chiffon",,"V Neck","L",,,"MIDI","Selling Fast"
"6224","Rustling Chiffon Maxi","Dresses","Midi918","2195.00","15.00","329.25","rate","3.0","True","ORANGE","Chiffon",,"V Neck","XL",,,"MIDI","Selling Fast"
"6225","Rustling Chiffon Maxi","Dresses","Midi919","2195.00","15.00","329.25","rate","","True","ORANGE","Chiffon",,"V Neck","XXL",,,"MIDI","Selling Fast"
"6226","Rustling Chiffon Maxi","Dresses","Midi920","2195.00","15.00","329.25","rate","","True","ORANGE","Chiffon",,"V Neck","XXXL",,,"MIDI","Selling Fast"
"6227","Carnival Hakoba Maxi","Dresses","MAXI921","2090.00","15.00","313.50","rate","","True","PINK","Cotton",,"Close Neck","XS",,,"MIDI","cotton,New Arrivals"
"6228","Carnival Hakoba Maxi","Dresses","MAXI922","2090.00","15.00","313.50","rate","4.0","True","PINK","Cotton",,"Close Neck","S",,,"MIDI","cotton,New Arrivals"
"6229","Carnival Hakoba Maxi","Dresses","MAXI923","2090.00","15.00","313.50","rate","7.0","True","PINK","Cotton",,"Close Neck","M",,,"MIDI","cotton,New Arrivals"
"6230","Carnival Hakoba Maxi","Dresses","MAXI924","2090.00","15.00","313.50","rate","8.0","True","PINK","Cotton",,"Close Neck","L",,,"MIDI","cotton,New Arrivals"
"6231","Carnival Hakoba Maxi","Dresses","MAXI925","2090.00","15.00","313.50","rate","7.0","True","PINK","Cotton",,"Close Neck","XL",,,"MIDI","cotton,New Arrivals"
"6232","Carnival Hakoba Maxi","Dresses","MAXI926","2090.00","15.00","313.50","rate","","True","PINK","Cotton",,"Close Neck","XXL",,,"MIDI","cotton,New Arrivals"
"6233","Carnival Hakoba Maxi","Dresses","MAXI927","2090.00","15.00","313.50","rate","","True","PINK","Cotton",,"Close Neck","XXXL",,,"MIDI","cotton,New Arrivals"
"6234","Cosmic Flora Panel Maxi","Dresses","Midi928","2185.00","5.00","109.25","rate","","True","Grape","Chiffon",,"Round Neck","XS",,,"MIDI","Dark Collections"
"6235","Cosmic Flora Panel Maxi","Dresses","MIDI929","2185.00","5.00","109.25","rate","","True","Grape","Chiffon",,"Round Neck","S",,,"MIDI","Dark Collections"
"6236","Cosmic Flora Panel Maxi","Dresses","Midi930","2185.00","5.00","109.25","rate","","True","Grape","Chiffon",,"Round Neck","M",,,"MIDI","Dark Collections"
"6237","Cosmic Flora Panel Maxi","Dresses","MIDI931","2185.00","5.00","109.25","rate","","True","Grape","Chiffon",,"Round Neck","L",,,"MIDI","Dark Collections"
"6238","Cosmic Flora Panel Maxi","Dresses","MIDI932","2185.00","5.00","109.25","rate","","True","Grape","Chiffon",,"Round Neck","XL",,,"MIDI","Dark Collections"
"6239","Cosmic Flora Panel Maxi","Dresses","MIDI933","2185.00","5.00","109.25","rate","","True","Grape","Chiffon",,"Round Neck","XXL",,,"MIDI","Dark Collections"
"6240","Cosmic Flora Panel Maxi","Dresses","MIDI934","2185.00","5.00","109.25","rate","","True","Grape","Chiffon",,"Round Neck","XXXL",,,"MIDI","Dark Collections"
"6241","Black Denim Long shirt","Dresses","midi935","2199.00","15.00","329.85","rate","4.0","True","Black","Denim",,"Close Neck","XS",,,"Maxi","denims"
"6242","Black Denim Long shirt","Dresses","MIDI936","2199.00","15.00","329.85","rate","1.0","True","Black","Denim",,"Close Neck","S",,,"Maxi","denims"
"6244","Black Denim Long shirt","Dresses","MIDI937","2199.00","15.00","329.85","rate","9.0","True","Black","Denim",,"Close Neck","M",,,"Maxi","denims"
"6245","Black Denim Long shirt","Dresses","MIDI938","2199.00","15.00","329.85","rate","7.0","True","Black","Denim",,"Close Neck","L",,,"Maxi","denims"
"6246","Black Denim Long shirt","Dresses","MIDI939","2199.00","15.00","329.85","rate","11.0","True","Black","Denim",,"Close Neck","XL",,,"Maxi","denims"
"6247","Black Denim Long shirt","Dresses","MIDI940","2199.00","15.00","329.85","rate","5.0","True","Black","Denim",,"Close Neck","XXL",,,"Maxi","denims"
"6248","Black Denim Long shirt","Dresses","MIDI941","2199.00","15.00","329.85","rate","2.0","True","Black","Denim",,"Close Neck","XXXL",,,"Maxi","denims"
"6249","Terra Flora Chiffon Maxi","Dresses","MAXI941","1985.00","15.00","297.75","rate","","True","ORANGE","Chiffon",,"Round Neck","XS",,,"MIDI","New Arrivals"
"6250","Terra Flora Chiffon Maxi","Dresses","MAXI942","1985.00","15.00","297.75","rate","1.0","True","ORANGE","Chiffon",,"Round Neck","S",,,"MIDI","New Arrivals"
"6251","Terra Flora Chiffon Maxi","Dresses","MAXI944","1985.00","15.00","297.75","rate","2.0","True","ORANGE","Chiffon",,"Round Neck","M",,,"MIDI","New Arrivals"
"6252","Terra Flora Chiffon Maxi","Dresses","MAXI943","1985.00","15.00","297.75","rate","1.0","True","ORANGE","Chiffon",,"Round Neck","L",,,"MIDI","New Arrivals"
"6253","Terra Flora Chiffon Maxi","Dresses","MAXI945","1985.00","15.00","297.75","rate","6.0","True","ORANGE","Chiffon",,"Round Neck","XL",,,"MIDI","New Arrivals"
"6254","Terra Flora Chiffon Maxi","Dresses","MAXI946","1985.00","15.00","297.75","rate","2.0","True","ORANGE","Chiffon",,"Round Neck","XXL",,,"MIDI","New Arrivals"
"6255","Terra Flora Chiffon Maxi","Dresses","MAXI947","1985.00","15.00","297.75","rate","4.0","True","ORANGE","Chiffon",,"Round Neck","XXXL",,,"MIDI","New Arrivals"
"6256","Brown Rayon Shirt","Dresses","Shirt948","1480.00","15.00","222.00","rate","","True","Brown","Chiffon",,"V Neck","XS",,,,"denims"
"6257","Brown Rayon Shirt","Dresses","Shirt949","1480.00","15.00","222.00","rate","","True","Brown","Chiffon",,"V Neck","S",,,,"denims"
"6258","Brown Rayon Shirt","Dresses","shirt950","1480.00","15.00","222.00","rate","","True","Brown","Chiffon",,"V Neck","M",,,,"denims"
"6259","Brown Rayon Shirt","Dresses","SHIRT951","1480.00","15.00","222.00","rate","3.0","True","Brown","Chiffon",,"V Neck","L",,,,"denims"
"6260","Brown Rayon Shirt","Dresses","SHIRT952","1480.00","15.00","222.00","rate","3.0","True","Brown","Chiffon",,"V Neck","XL",,,,"denims"
"6261","Brown Rayon Shirt","Dresses","SHIRT953","1480.00","15.00","222.00","rate","","True","Brown","Chiffon",,"V Neck","XXL",,,,"denims"
"6262","Brown Rayon Shirt","Dresses","SHIRT954","1480.00","15.00","222.00","rate","","True","Brown","Chiffon",,"V Neck","XXXL",,,,"denims"
"6263","Black Denim Panel Midi","Dresses","Maxi955","1985.00","15.00","297.75","rate","","True","Black","Denim",,"Close Neck","XS",,,"MIDI","denims"
"6264","Black Denim Panel Midi","Dresses","MAXI957","1985.00","15.00","297.75","rate","","True","Black","Denim",,"Close Neck","S",,,"MIDI","denims"
"6270","Black Denim Panel Midi","Dresses","MAXI956","1985.00","15.00","297.75","rate","7.0","True","Black","Denim",,"Close Neck","M",,,"MIDI","denims"
"6271","Black Denim Panel Midi","Dresses","MAXI958","1985.00","15.00","297.75","rate","","True","Black","Denim",,"Close Neck","L",,,"MIDI","denims"
"6272","Black Denim Panel Midi","Dresses","MAXI959","1985.00","15.00","297.75","rate","1.0","True","Black","Denim",,"Close Neck","XL",,,"MIDI","denims"
"6274","Black Denim Panel Midi","Dresses","MAXI960","1985.00","15.00","297.75","rate","","True","Black","Denim",,"Close Neck","XXL",,,"MIDI","denims"
"6275","Black Denim Panel Midi","Dresses","MAXI961","1985.00","15.00","297.75","rate","","True","Black","Denim",,"Close Neck","XXXL",,,"MIDI","denims"
"6276","Ogee Lace Hakoba Maxi","Dresses","Maxi962","2290.00","15.00","343.50","rate","","True","PINK","Cotton",,"V Neck","XS",,,"Maxi","cotton,New Arrivals"
"6277","Ogee Lace Hakoba Maxi","Dresses","MAXI963","2290.00","15.00","343.50","rate","1.0","True","PINK","Cotton",,"V Neck","S",,,"Maxi","New Arrivals,cotton"
"6278","Ogee Lace Hakoba Maxi","Dresses","MAXI964","2290.00","15.00","343.50","rate","10.0","True","PINK","Cotton",,"V Neck","M",,,"Maxi","New Arrivals,cotton"
"6279","Ogee Lace Hakoba Maxi","Dresses","MAXI965","2290.00","15.00","343.50","rate","6.0","True","PINK","Cotton",,"V Neck","L",,,"Maxi","New Arrivals,cotton"
"6280","Ogee Lace Hakoba Maxi","Dresses","MAXI966","2290.00","15.00","343.50","rate","5.0","True","PINK","Cotton",,"V Neck","XL",,,"Maxi","New Arrivals,cotton"
"6281","Ogee Lace Hakoba Maxi","Dresses","MAXI967","2290.00","15.00","343.50","rate","4.0","True","PINK","Cotton",,"V Neck","XXL",,,"Maxi","New Arrivals,cotton"
"6282","Ogee Lace Hakoba Maxi","Dresses","MAXI968","2290.00","15.00","343.50","rate","2.0","True","PINK","Cotton",,"V Neck","XXXL",,,"Maxi","New Arrivals,cotton"
"6283","Brown Rayon Midi ","Dresses","Midi969","2099.00","15.00","314.85","rate","","True","Brown","Chiffon",,"Boat neck","XS",,,"Midi","Dark Collections"
"6289","Brown Rayon Midi ","Dresses","MIDI970","2099.00","15.00","314.85","rate","3.0","True","Brown","Chiffon",,"Boat neck","S",,,"Midi","Dark Collections"
"6290","Brown Rayon Midi ","Dresses","MIDI971","2099.00","15.00","314.85","rate","12.0","True","Brown","Chiffon",,"Boat neck","M",,,"Midi","Dark Collections"
"6291","Brown Rayon Midi ","Dresses","MIDI972","2099.00","15.00","314.85","rate","12.0","True","Brown","Chiffon",,"Boat neck","L",,,"Midi","Dark Collections"
"6292","Brown Rayon Midi ","Dresses","MIDI973","2099.00","15.00","314.85","rate","10.0","True","Brown","Chiffon",,"Boat neck","XL",,,"Midi","Dark Collections"
"6293","Brown Rayon Midi ","Dresses","MIDI974","2099.00","15.00","314.85","rate","9.0","True","Brown","Chiffon",,"Boat neck","XXL",,,"Midi","Dark Collections"
"6294","Brown Rayon Midi ","Dresses","MIDI975","2099.00","15.00","314.85","rate","","True","Brown","Chiffon",,"Boat neck","XXXL",,,"Midi","Dark Collections"
"6295","Fairy Tale Hakoba Midi","Dresses","MIDI976","1990.00","20.00","398.00","rate","","True","PINK","Chiffon",,"V Neck","XS",,,"Midi","cotton"
"6296","Fairy Tale Hakoba Midi","Dresses","MIDI977","1990.00","20.00","398.00","rate","6.0","True","PINK","Chiffon",,"V Neck","S",,,"Midi","cotton"
"6297","Fairy Tale Hakoba Midi","Dresses","MIDI978","1990.00","20.00","398.00","rate","17.0","True","PINK","Chiffon",,"V Neck","M",,,"Midi","cotton"
"6298","Fairy Tale Hakoba Midi","Dresses","MIDI979","1990.00","20.00","398.00","rate","15.0","True","PINK","Chiffon",,"V Neck","L",,,"Midi","cotton"
"6299","Fairy Tale Hakoba Midi","Dresses","MIDI980","1990.00","20.00","398.00","rate","13.0","True","PINK","Chiffon",,"V Neck","XL",,,"Midi","cotton"
"6300","Fairy Tale Hakoba Midi","Dresses","MIDI981","1990.00","20.00","398.00","rate","8.0","True","PINK","Chiffon",,"V Neck","XXL",,,"Midi","cotton"
"6301","Fairy Tale Hakoba Midi","Dresses","MIDI982","1990.00","20.00","398.00","rate","4.0","True","PINK","Chiffon",,"V Neck","XXXL",,,"Midi","cotton"
"6302","Liberty Floral Chiffon Midi","Dresses","MIDI983","1985.00","15.00","297.75","rate","","True","BLUE","Chiffon",,"Square Neck","XS",,,"MIDI","Best Sellers,Superhit"
"6303","Liberty Floral Chiffon Midi","Dresses","MIDI984","1985.00","15.00","297.75","rate","1.0","True","BLUE","Chiffon",,"Square Neck","S",,,"MIDI","Best Sellers,Superhit"
"6304","Liberty Floral Chiffon Midi","Dresses","MIDI986","1985.00","15.00","297.75","rate","","True","BLUE","Chiffon",,"Square Neck","M",,,"MIDI","Best Sellers,Superhit"
"6310","Liberty Floral Chiffon Midi","Dresses","MIDI985","1985.00","15.00","297.75","rate","4.0","True","BLUE","Chiffon",,"Square Neck","L",,,"MIDI","Best Sellers,Superhit"
"6311","Liberty Floral Chiffon Midi","Dresses","MIDI987","1985.00","15.00","297.75","rate","6.0","True","BLUE","Chiffon",,"Square Neck","XL",,,"MIDI","Best Sellers,Superhit"
"6312","Liberty Floral Chiffon Midi","Dresses","MIDI988","1985.00","15.00","297.75","rate","1.0","True","BLUE","Chiffon",,"Square Neck","XXL",,,"MIDI","Best Sellers,Superhit"
"6313","Liberty Floral Chiffon Midi","Dresses","MIDI989","1985.00","15.00","297.75","rate","","True","BLUE","Chiffon",,"Square Neck","XXXL",,,"MIDI","Best Sellers,Superhit"
"6314","Teal Daisy Hakoba Midi","Dresses","MIDI990","2290.00","15.00","343.50","rate","","True","BLUE","Cotton",,"Round Neck","XS",,,"MIDI","cotton"
"6315","Teal Daisy Hakoba Midi","Dresses","MIDI991","2290.00","15.00","343.50","rate","2.0","True","BLUE","Cotton",,"Round Neck","S",,,"MIDI","cotton"
"6316","Teal Daisy Hakoba Midi","Dresses","MIDI992","2290.00","15.00","343.50","rate","9.0","True","BLUE","Cotton",,"Round Neck","M",,,"MIDI","cotton"
"6317","Teal Daisy Hakoba Midi","Dresses","MIDI993","2290.00","15.00","343.50","rate","8.0","True","BLUE","Cotton",,"Round Neck","L",,,"MIDI","cotton"
"6318","Teal Daisy Hakoba Midi","Dresses","MIDI994","2290.00","15.00","343.50","rate","8.0","True","BLUE","Cotton",,"Round Neck","XL",,,"MIDI","cotton"
"6319","Teal Daisy Hakoba Midi","Dresses","MIDI995","2290.00","15.00","343.50","rate","4.0","True","BLUE","Cotton",,"Round Neck","XXL",,,"MIDI","cotton"
"6320","Teal Daisy Hakoba Midi","Dresses","MIDI996","2290.00","15.00","343.50","rate","1.0","True","BLUE","Cotton",,"Round Neck","XXXL",,,"MIDI","cotton"
"6322","October Glow Chiffon Maxi","Dresses","maxi997","2140.00","10.00","214.00","rate","","True","ORANGE","Chiffon",,"V Neck","XS",,,"Maxi","Fresh,New Arrivals"
"6323","October Glow Chiffon Maxi","Dresses","MAXI998","2140.00","10.00","214.00","rate","3.0","True","ORANGE","Chiffon",,"V Neck","S",,,"Maxi","Fresh,New Arrivals"
"6324","October Glow Chiffon Maxi","Dresses","MAXI999","2140.00","10.00","214.00","rate","5.0","True","ORANGE","Chiffon",,"V Neck","M",,,"Maxi","Fresh,New Arrivals"
"6328","October Glow Chiffon Maxi","Dresses","MAXI01","2140.00","10.00","214.00","rate","1.0","True","ORANGE","Chiffon",,"V Neck","L",,,"Maxi","Fresh,New Arrivals"
"6329","October Glow Chiffon Maxi","Dresses","MAXI02","2140.00","10.00","214.00","rate","5.0","True","ORANGE","Chiffon",,"V Neck","XL",,,"Maxi","Fresh,New Arrivals"
"6330","October Glow Chiffon Maxi","Dresses","MAXI03","2140.00","10.00","214.00","rate","1.0","True","ORANGE","Chiffon",,"V Neck","XXL",,,"Maxi","Fresh,New Arrivals"
"6331","October Glow Chiffon Maxi","Dresses","MAXI04","2140.00","10.00","214.00","rate","2.0","True","ORANGE","Chiffon",,"V Neck","XXXL",,,"Maxi","Fresh,New Arrivals"
"6332","Smoky Sage Chiffon Maxi","Dresses","maxi05","2040.00","10.00","204.00","rate","","True","Black","Chiffon",,"Round Neck","XS",,,"Maxi","Fresh,New Arrivals"
"6333","Smoky Sage Chiffon Maxi","Dresses","MAXI06","2040.00","10.00","204.00","rate","3.0","True","Black","Chiffon",,"Round Neck","S",,,"Maxi","Fresh,New Arrivals"
"6335","Smoky Sage Chiffon Maxi","Dresses","Maxi07","2040.00","10.00","204.00","rate","12.0","True","Black","Chiffon",,"Round Neck","M",,,"Maxi","Fresh,New Arrivals"
"6336","Smoky Sage Chiffon Maxi","Dresses","Maxi08","2040.00","10.00","204.00","rate","","True","Black","Chiffon",,"Round Neck","L",,,"Maxi","Fresh,New Arrivals"
"6337","Smoky Sage Chiffon Maxi","Dresses","Maxi09","2040.00","10.00","204.00","rate","9.0","True","Black","Chiffon",,"Round Neck","XL",,,"Maxi","Fresh,New Arrivals"
"6338","Smoky Sage Chiffon Maxi","Dresses","MAXI10","2040.00","10.00","204.00","rate","1.0","True","Black","Chiffon",,"Round Neck","XXL",,,"Maxi","Fresh,New Arrivals"
"6339","Smoky Sage Chiffon Maxi","Dresses","MAXI11","2040.00","10.00","204.00","rate","1.0","True","Black","Chiffon",,"Round Neck","XXXL",,,"Maxi","Fresh,New Arrivals"
"6340","Butterfly Chiffon Maxi","Dresses","MAXI12","2080.00","15.00","312.00","rate","","True","Black","Chiffon",,"V Neck","XS",,,"Maxi","Fresh,New Arrivals"
"6341","Butterfly Chiffon Maxi","Dresses","MAXI13","2080.00","15.00","312.00","rate","1.0","True","Black","Chiffon",,"V Neck","S",,,"Maxi","New Arrivals,Fresh"
"6342","Butterfly Chiffon Maxi","Dresses","MAXI14","2080.00","15.00","312.00","rate","6.0","True","Black","Chiffon",,"V Neck","M",,,"Maxi","New Arrivals,Fresh"
"6343","Butterfly Chiffon Maxi","Dresses","MAXI15","2080.00","15.00","312.00","rate","7.0","True","Black","Chiffon",,"V Neck","L",,,"Maxi","New Arrivals,Fresh"
"6344","Butterfly Chiffon Maxi","Dresses","MAXI16","2080.00","15.00","312.00","rate","7.0","True","Black","Chiffon",,"V Neck","XL",,,"Maxi","New Arrivals,Fresh"
"6345","Butterfly Chiffon Maxi","Dresses","MAXI17","2080.00","15.00","312.00","rate","2.0","True","Black","Chiffon",,"V Neck","XXL",,,"Maxi","New Arrivals,Fresh"
"6346","Butterfly Chiffon Maxi","Dresses","MAXI18","2080.00","15.00","312.00","rate","","True","Black","Chiffon",,"V Neck","XXXL",,,"Maxi","New Arrivals,Fresh"
"6347","Olive Long Shirt","Dresses","MAXI19","1995.00","15.00","299.25","rate","","True","GREEN","Cotton",,"Close Neck","XS",,,"Maxi","New Arrivals,Fresh"
"6351","Olive Long Shirt","Dresses","MAXI20","1995.00","15.00","299.25","rate","5.0","True","GREEN","Cotton",,"Close Neck","S",,,"Maxi","New Arrivals,Fresh"
"6352","Olive Long Shirt","Dresses","MAXI21","1995.00","15.00","299.25","rate","12.0","True","GREEN","Cotton",,"Close Neck","M",,,"Maxi","New Arrivals,Fresh"
"6353","Olive Long Shirt","Dresses","MAXI22","1995.00","15.00","299.25","rate","9.0","True","GREEN","Cotton",,"Close Neck","L",,,"Maxi","Fresh,New Arrivals"
"6354","Olive Long Shirt","Dresses","MAXI23","1995.00","15.00","299.25","rate","10.0","True","GREEN","Cotton",,"Close Neck","XL",,,"Maxi","Fresh,New Arrivals"
"6355","Olive Long Shirt","Dresses","MAXI24","1995.00","15.00","299.25","rate","4.0","True","GREEN","Cotton",,"Close Neck","XXL",,,"Maxi","New Arrivals,Fresh"
"6356","Olive Long Shirt","Dresses","MAXI25","1995.00","15.00","299.25","rate","2.0","True","GREEN","Cotton",,"Close Neck","XXXL",,,"Maxi","New Arrivals,Fresh"
"6357","Wine Panel Midi","Dresses","MAXI26","1940.00","10.00","194.00","rate","","True","Wine","Cotton",,"V Neck","XS",,,"MIDI","Best Sellers"
"6358","Wine Panel Midi","Dresses","MAXI27","1940.00","10.00","194.00","rate","","True","Wine","Cotton",,"V Neck","S",,,"MIDI","Best Sellers"
"6359","Wine Panel Midi","Dresses","MAXI28","1940.00","10.00","194.00","rate","6.0","True","Wine","Cotton",,"V Neck","M",,,"MIDI","Best Sellers"
"6360","Wine Panel Midi","Dresses","MAXI29","1940.00","10.00","194.00","rate","","True","Wine","Cotton",,"V Neck","L",,,"MIDI","Best Sellers"
"6361","Wine Panel Midi","Dresses","MAXI30","1940.00","10.00","194.00","rate","","True","Wine","Cotton",,"V Neck","XL",,,"MIDI","Best Sellers"
"6362","Wine Panel Midi","Dresses","MAXI31","1940.00","10.00","194.00","rate","","True","Wine","Cotton",,"V Neck","XXL",,,"MIDI","Best Sellers"
"6363","Wine Panel Midi","Dresses","MAXI32","1940.00","10.00","194.00","rate","","True","Wine","Cotton",,"V Neck","XXXL",,,"MIDI","Best Sellers"
"6364","Heirloom Chiffon Maxi","Dresses","MAXI33","2180.00","15.00","327.00","rate","","True","WHITE","Chiffon",,"V Neck","XS",,,"Maxi","New Arrivals,Fresh"
"6365","Heirloom Chiffon Maxi","Dresses","MAXI34","2180.00","15.00","327.00","rate","4.0","True","WHITE","Chiffon",,"V Neck","S",,,"Maxi","Fresh,New Arrivals"
"6366","Heirloom Chiffon Maxi","Dresses","MAXI35","2180.00","15.00","327.00","rate","15.0","True","WHITE","Chiffon",,"V Neck","M",,,"Maxi","Fresh,New Arrivals"
"6367","Heirloom Chiffon Maxi","Dresses","MAXI36","2180.00","15.00","327.00","rate","10.0","True","WHITE","Chiffon",,"V Neck","L",,,"Maxi","Fresh,New Arrivals"
"6368","Heirloom Chiffon Maxi","Dresses","MAXI37","2180.00","15.00","327.00","rate","8.0","True","WHITE","Chiffon",,"V Neck","XL",,,"Maxi","Fresh,New Arrivals"
"6369","Heirloom Chiffon Maxi","Dresses","MAXI38","2180.00","15.00","327.00","rate","4.0","True","WHITE","Chiffon",,"V Neck","XXL",,,"Maxi","Fresh,New Arrivals"
"6370","Heirloom Chiffon Maxi","Dresses","MAXI39","2180.00","15.00","327.00","rate","3.0","True","WHITE","Chiffon",,"V Neck","XXXL",,,"Maxi","Fresh,New Arrivals"
"6371","Coral Dusk Hakoba Midi","Dresses","Maxi40","2140.00","15.00","321.00","rate","","True","ORANGE","Cotton",,"V Neck","XS",,,"MIDI","New Arrivals,cotton,Fresh"
"6372","Coral Dusk Hakoba Midi","Dresses","MAXI41","2140.00","15.00","321.00","rate","3.0","True","ORANGE","Cotton",,"V Neck","S",,,"MIDI","Fresh,New Arrivals,cotton"
"6373","Coral Dusk Hakoba Midi","Dresses","MAXI42","2140.00","15.00","321.00","rate","9.0","True","ORANGE","Cotton",,"V Neck","M",,,"MIDI","cotton,Fresh,New Arrivals"
"6374","Coral Dusk Hakoba Midi","Dresses","MAXI43","2140.00","15.00","321.00","rate","8.0","True","ORANGE","Cotton",,"V Neck","L",,,"MIDI","cotton,Fresh,New Arrivals"
"6375","Coral Dusk Hakoba Midi","Dresses","MAXI44","2140.00","15.00","321.00","rate","7.0","True","ORANGE","Cotton",,"V Neck","XL",,,"MIDI","New Arrivals,cotton,Fresh"
"6377","Coral Dusk Hakoba Midi","Dresses","MAXI45","2140.00","15.00","321.00","rate","3.0","True","ORANGE","Cotton",,"V Neck","XXL",,,"MIDI","Fresh,New Arrivals,cotton"
"6378","Coral Dusk Hakoba Midi","Dresses","MAXI46","2140.00","15.00","321.00","rate","","True","ORANGE","Cotton",,"V Neck","XXXL",,,"MIDI","cotton,Fresh,New Arrivals"
"6379","Molten Onyx Chiffon Maxi","Dresses","MAXI47","2085.00","","","rate","","True","Black","Chiffon",,"Square Neck","XS",,,"Maxi","Fresh,New Arrivals"
"6382","Molten Onyx Chiffon Maxi","Dresses","MAXI48","2085.00","","","rate","2.0","True","Black","Chiffon",,"Square Neck","S",,,"Maxi","Fresh,New Arrivals"
"6383","Molten Onyx Chiffon Maxi","Dresses","MAXI49","2085.00","","","rate","9.0","True","Black","Chiffon",,"Square Neck","M",,,"Maxi","Fresh,New Arrivals"
"6384","Molten Onyx Chiffon Maxi","Dresses","MAXI50","2085.00","","","rate","7.0","True","Black","Chiffon",,"Square Neck","L",,,"Maxi","Fresh,New Arrivals"
"6385","Molten Onyx Chiffon Maxi","Dresses","MAXI51","2085.00","","","rate","6.0","True","Black","Chiffon",,"Square Neck","XL",,,"Maxi","Fresh,New Arrivals"
"6386","Molten Onyx Chiffon Maxi","Dresses","MAXI52","2085.00","","","rate","3.0","True","Black","Chiffon",,"Square Neck","XXL",,,"Maxi","Fresh,New Arrivals"
"6387","Molten Onyx Chiffon Maxi","Dresses","MAXI53","2085.00","","","rate","","True","Black","Chiffon",,"Square Neck","XXXL",,,"Maxi","Fresh,New Arrivals"
"6388","Palm Leaf Chiffon Midi","Dresses","MIDI54","1990.00","","","rate","","True",,,,,"XS",,,,"Fresh,New Arrivals"
"6389","Palm Leaf Chiffon Midi","Dresses","MIDI55","1990.00","","","rate","6.0","True",,,,,"S",,,,"Fresh,New Arrivals"
"6390","Palm Leaf Chiffon Midi","Dresses","MIDI56","1990.00","","","rate","19.0","True",,,,,"M",,,,"Fresh,New Arrivals"
"6391","Palm Leaf Chiffon Midi","Dresses","MIDI57","1990.00","","","rate","14.0","True",,,,,"L",,,,"New Arrivals,Fresh"
"6392","Palm Leaf Chiffon Midi","Dresses","MIDI58","1990.00","","","rate","12.0","True",,,,,"XL",,,,"New Arrivals,Fresh"
"6393","Palm Leaf Chiffon Midi","Dresses","MIDI59","1990.00","","","rate","7.0","True",,,,,"XXL",,,,"Fresh,New Arrivals"
"6394","Palm Leaf Chiffon Midi","Dresses","MIDI60","1990.00","","","rate","5.0","True",,,,,"XXXL",,,,"Fresh,New Arrivals"
"6396","Gallery Bloom Feeding  Midi","Dresses","MIDI61","2095.00","","","rate","","True","PINK","Chiffon",,"V Neck","XS",,,"MIDI","Feeding,New Arrivals,Dual"
"6397","Gallery Bloom Feeding  Midi","Dresses","MIDI62","2095.00","","","rate","3.0","True","PINK","Chiffon",,"V Neck","S",,,"MIDI","Dual,Feeding,New Arrivals"
"6398","Gallery Bloom Feeding  Midi","Dresses","MIDI63","2095.00","","","rate","10.0","True","PINK","Chiffon",,"V Neck","M",,,"MIDI","Dual,Feeding,New Arrivals"
"6399","Gallery Bloom Feeding  Midi","Dresses","MIDI64","2095.00","","","rate","8.0","True","PINK","Chiffon",,"V Neck","L",,,"MIDI","New Arrivals,Dual,Feeding"
"6400","Gallery Bloom Feeding  Midi","Dresses","MIDI65","2095.00","","","rate","7.0","True","PINK","Chiffon",,"V Neck","XL",,,"MIDI","Feeding,New Arrivals,Dual"
"6401","Gallery Bloom Feeding  Midi","Dresses","MIDI66","2095.00","","","rate","4.0","True","PINK","Chiffon",,"V Neck","XXL",,,"MIDI","Dual,Feeding,New Arrivals"
"6402","Gallery Bloom Feeding  Midi","Dresses","MIDI67","2095.00","","","rate","2.0","True","PINK","Chiffon",,"V Neck","XXXL",,,"MIDI","Dual,Feeding,New Arrivals"
"6403","Prismatic Leopard  Maxi","Dresses","MAXI68","2095.00","","","rate","","True","Black","Chiffon",,"V Neck","XS",,,"Maxi","Fresh,New Arrivals"
"6404","Prismatic Leopard  Maxi","Dresses","MAXI69","2095.00","","","rate","5.0","True","Black","Chiffon",,"V Neck","S",,,"Maxi","Fresh,New Arrivals"
"6405","Prismatic Leopard  Maxi","Dresses","MAXI70","2095.00","","","rate","13.0","True","Black","Chiffon",,"V Neck","M",,,"Maxi","Fresh,New Arrivals"
"6406","Prismatic Leopard  Maxi","Dresses","MAXI71","2095.00","","","rate","10.0","True","Black","Chiffon",,"V Neck","L",,,"Maxi","Fresh,New Arrivals"
"6407","Prismatic Leopard  Maxi","Dresses","MAXI72","2095.00","","","rate","9.0","True","Black","Chiffon",,"V Neck","XL",,,"Maxi","Fresh,New Arrivals"
"6408","Prismatic Leopard  Maxi","Dresses","MAXI73","2095.00","","","rate","2.0","True","Black","Chiffon",,"V Neck","XXL",,,"Maxi","Fresh,New Arrivals"
"6409","Prismatic Leopard  Maxi","Dresses","MAXI74","2095.00","","","rate","3.0","True","Black","Chiffon",,"V Neck","XXXL",,,"Maxi","Fresh,New Arrivals"
"6410","Alpine Air Chiffon Maxi","Dresses","MAXI75","2090.00","","","rate","","True","Peach","Chiffon",,"Square Neck","XS",,,"Maxi","Fresh,New Arrivals"
"6411","Alpine Air Chiffon Maxi","Dresses","MAXI76","2090.00","","","rate","2.0","True","Peach","Chiffon",,"Square Neck","S",,,"Maxi","Fresh,New Arrivals"
"6412","Alpine Air Chiffon Maxi","Dresses","MAXI77","2090.00","","","rate","9.0","True","Peach","Chiffon",,"Square Neck","M",,,"Maxi","Fresh,New Arrivals"
"6413","Alpine Air Chiffon Maxi","Dresses","MAXI78","2090.00","","","rate","7.0","True","Peach","Chiffon",,"Square Neck","L",,,"Maxi","Fresh,New Arrivals"
"6414","Alpine Air Chiffon Maxi","Dresses","MAXI79","2090.00","","","rate","9.0","True","Peach","Chiffon",,"Square Neck","XL",,,"Maxi","Fresh,New Arrivals"
"6415","Alpine Air Chiffon Maxi","Dresses","MAXI80","2090.00","","","rate","4.0","True","Peach","Chiffon",,"Square Neck","XXL",,,"Maxi","Fresh,New Arrivals"
"6416","Alpine Air Chiffon Maxi","Dresses","MAXI81","2090.00","","","rate","2.0","True","Peach","Chiffon",,"Square Neck","XXXL",,,"Maxi","Fresh,New Arrivals"
"6418","Cherry Blossom Feeding Maxi","Dresses","MAXI82","1995.00","","","rate","","True",,,,,"XS",,,,"New Arrivals,Dual,Feeding"
"6419","Cherry Blossom Feeding Maxi","Dresses","MAXI83","1995.00","","","rate","6.0","True",,,,,"S",,,,"New Arrivals,Dual,Feeding"
"6420","Cherry Blossom Feeding Maxi","Dresses","MAXI84","1995.00","","","rate","15.0","True",,,,,"M",,,,"New Arrivals,Dual,Feeding"
"6422","Cherry Blossom Feeding Maxi","Dresses","MAXI85","1995.00","","","rate","11.0","True",,,,,"L",,,,"New Arrivals,Dual,Feeding"
"6423","Cherry Blossom Feeding Maxi","Dresses","MAXI86","1995.00","","","rate","11.0","True",,,,,"XL",,,,"Feeding,New Arrivals,Dual"
"6424","Cherry Blossom Feeding Maxi","Dresses","MAXI87","1995.00","","","rate","8.0","True",,,,,"XXL",,,,"Feeding,New Arrivals,Dual"
"6425","Cherry Blossom Feeding Maxi","Dresses","MAXI88","1995.00","","","rate","5.0","True",,,,,"XXXL",,,,"Dual,Feeding,New Arrivals"
"6426","Navy Prism Feeding Maxi","Dresses","MAXI89","2090.00","","","rate","","True",,,"XS",,,,,,"Feeding,New Arrivals,Dual"
"6436","Navy Prism Feeding Maxi","Dresses","MAXI91","2090.00","","","rate","3.0","True",,,"S",,,,,,"Dual,Feeding,New Arrivals"
"6438","Navy Prism Feeding Maxi","Dresses","MAXI92","2090.00","","","rate","9.0","True",,,"M",,,,,,"Dual,Feeding,New Arrivals"
"6439","Navy Prism Feeding Maxi","Dresses","MAXI93","2090.00","","","rate","6.0","True",,,"L",,,,,,"Dual,Feeding,New Arrivals"
"6440","Navy Prism Feeding Maxi","Dresses","MAXI94","2090.00","","","rate","7.0","True",,,"XL",,,,,,"Dual,Feeding,New Arrivals"
"6441","Navy Prism Feeding Maxi","Dresses","MAXI95","2090.00","","","rate","6.0","True",,,"XXL",,,,,,"New Arrivals,Dual,Feeding"
"6442","Navy Prism Feeding Maxi","Dresses","MAXI96","2090.00","","","rate","2.0","True",,,"XXXL",,,,,,"New Arrivals,Dual,Feeding"
"6443","Desert Palette Feeding Maxi","Dresses","MAXI2002","2185.00","","","rate","","True",,,"XS",,,,,,"Feeding,New Arrivals,Dual"
"6447","Desert Palette Feeding Maxi","Dresses","MAXI99","2185.00","","","rate","3.0","True",,,"S",,,,,,"Feeding,New Arrivals,Dual"
"6452","Desert Palette Feeding Maxi","Dresses","MAXI2001","2185.00","","","rate","11.0","True",,,"M",,,,,,"Dual,Feeding,New Arrivals"
"6453","Desert Palette Feeding Maxi","Dresses","MAXI2003","2185.00","","","rate","4.0","True",,,"L",,,,,,"Dual,Feeding,New Arrivals"
"6454","Desert Palette Feeding Maxi","Dresses","MAXI2004","2185.00","","","rate","2.0","True",,,"XL",,,,,,"Dual,Feeding,New Arrivals"
"6455","Desert Palette Feeding Maxi","Dresses","MAXI2005","2185.00","","","rate","4.0","True",,,"XXL",,,,,,"Dual,Feeding,New Arrivals"
"6456","Desert Palette Feeding Maxi","Dresses","MAXI2006","2185.00","","","rate","1.0","True",,,"XXXL",,,,,,"New Arrivals,Dual,Feeding"
"6457","Elowen Garden Maxi","Dresses","MAXI2014","2185.00","","","rate","","True",,,,,"XS",,,,"New Arrivals,Fresh"
"6458","Elowen Garden Maxi","Dresses","MAXI2015","2185.00","","","rate","5.0","True",,,,,"S",,,,"New Arrivals,Fresh"
"6459","Elowen Garden Maxi","Dresses","MAXI2016","2185.00","","","rate","15.0","True",,,,,"M",,,,"Fresh,New Arrivals"
"6460","Elowen Garden Maxi","Dresses","MAXI2017","2185.00","","","rate","10.0","True",,,,,"L",,,,"Fresh,New Arrivals"
"6461","Elowen Garden Maxi","Dresses","MAXI2018","2185.00","","","rate","10.0","True",,,,,"XL",,,,"Fresh,New Arrivals"
"6462","Elowen Garden Maxi","Dresses","MAXI2019","2185.00","","","rate","6.0","True",,,,,"XXL",,,,"Fresh,New Arrivals"
"6463","Elowen Garden Maxi","Dresses","MAXI2020","2185.00","","","rate","5.0","True",,,,,"XXXL",,,,"Fresh,New Arrivals"
"6465","Vionne Flow Feeding Maxi","Dresses","MAXI2021","1995.00","","","rate","","True",,,"XS",,,,,,"New Arrivals,Dual,Feeding"
"6466","Vionne Flow Feeding Maxi","Dresses","MAXI2022","1995.00","","","rate","5.0","True",,,"S",,,,,,"New Arrivals,Dual,Feeding"
"6467","Vionne Flow Feeding Maxi","Dresses","MAXI2023","1995.00","","","rate","18.0","True",,,"M",,,,,,"Feeding,New Arrivals,Dual"
"6468","Vionne Flow Feeding Maxi","Dresses","MAXI2024","1995.00","","","rate","15.0","True",,,"L",,,,,,"Dual,Feeding,New Arrivals"
"6469","Vionne Flow Feeding Maxi","Dresses","MAXI2025","1995.00","","","rate","13.0","True",,,"XL",,,,,,"Dual,Feeding,New Arrivals"
"6470","Vionne Flow Feeding Maxi","Dresses","MAXI2026","1995.00","","","rate","8.0","True",,,"XXL",,,,,,"Dual,Feeding,New Arrivals"
"6471","Vionne Flow Feeding Maxi","Dresses","MAXI2027","1995.00","","","rate","","True",,,"XXXL",,,,,,"New Arrivals,Dual,Feeding"
