id,title,description,availability,condition,link,image_link,brand,color,material,pattern,size,google_product_category,fb_product_category,gender,age_group,sale price,price
A1-0DR-001-XS,Brown Kanchi Cotton Dress-Maroon,Brown Kanchi Cotton Dress-Maroon,out of stock,new,https://www.prathiksham.in/store/item/Brown+Kanchi+Cotton+Dress?id=35,https://www.prathiksham.in/aalam/stock/item/35/image/_/face-img,Prathiksham,Maroon,Cotton,Solid,XS,Apparel & Accessories > Clothing,Clothing & Accessories > Clothing,Female,adult,,1699.0 INR
A1-0DR-001-S,Brown Kanchi Cotton Dress-Maroon,Brown Kanchi Cotton Dress-Maroon,in stock,new,https://www.prathiksham.in/store/item/Brown+Kanchi+Cotton+Dress?id=36,https://www.prathiksham.in/aalam/stock/item/36/image/_/face-img,Prathiksham,Maroon,Cotton,Solid,S,Apparel & Accessories > Clothing,Clothing & Accessories > Clothing,Female,adult,,1699.0 INR
A1-0DR-001-M,Brown Kanchi Cotton Dress-Maroon,Brown Kanchi Cotton Dress-Maroon,out of stock,new,https://www.prathiksham.in/store/item/Brown+Kanchi+Cotton+Dress?id=37,https://www.prathiksham.in/aalam/stock/item/37/image/_/face-img,Prathiksham,Maroon,Cotton,Solid,M,Apparel & Accessories > Clothing,Clothing & Accessories > Clothing,Female,adult,,1699.0 INR
A1-0DR-001-L,Brown Kanchi Cotton Dress-Maroon,Brown Kanchi Cotton Dress-Maroon,in stock,new,https://www.prathiksham.in/store/item/Brown+Kanchi+Cotton+Dress?id=38,https://www.prathiksham.in/aalam/stock/item/38/image/_/face-img,Prathiksham,Maroon,Cotton,Solid,L,Apparel & Accessories > Clothing,Clothing & Accessories > Clothing,Female,adult,,1699.0 INR
A1-0DR-001-XL,Brown Kanchi Cotton Dress-Maroon,Brown Kanchi Cotton Dress-Maroon,out of stock,new,https://www.prathiksham.in/store/item/Brown+Kanchi+Cotton+Dress?id=39,https://www.prathiksham.in/aalam/stock/item/39/image/_/face-img,Prathiksham,Maroon,Cotton,Solid,XL,Apparel & Accessories > Clothing,Clothing & Accessories > Clothing,Female,adult,,1699.0 INR
A1-0DR-001-XXL,Brown Kanchi Cotton Dress-Maroon,Brown Kanchi Cotton Dress-Maroon,out of stock,new,https://www.prathiksham.in/store/item/Brown+Kanchi+Cotton+Dress?id=40,https://www.prathiksham.in/aalam/stock/item/40/image/_/face-img,Prathiksham,Maroon,Cotton,Solid,XXL,Apparel & Accessories > Clothing,Clothing & Accessories > Clothing,Female,adult,,1699.0 INR
A1-0DR-002-XS,Teal Handloom Dress-Teal,Teal Handloom Dress-Teal,in stock,new,https://www.prathiksham.in/store/item/Teal+Handloom+Dress?id=41,https://www.prathiksham.in/aalam/stock/item/41/image/_/face-img,Prathiksham,Teal,Handloom Cotton,Solid,XS,Apparel & Accessories > Clothing,Clothing & Accessories > Clothing,Female,adult,,1600.0 INR
A1-0DR-002-S,Teal Handloom Dress-Teal,Teal Handloom Dress-Teal,out of stock,new,https://www.prathiksham.in/store/item/Teal+Handloom+Dress?id=42,https://www.prathiksham.in/aalam/stock/item/42/image/_/face-img,Prathiksham,Teal,Handloom Cotton,Solid,S,Apparel & Accessories > Clothing,Clothing & Accessories > Clothing,Female,adult,,1600.0 INR
A1-0DR-002-M,Teal Handloom Dress-Teal,Teal Handloom Dress-Teal,out of stock,new,https://www.prathiksham.in/store/item/Teal+Handloom+Dress?id=43,https://www.prathiksham.in/aalam/stock/item/43/image/_/face-img,Prathiksham,Teal,Handloom Cotton,Solid,M,Apparel & Accessories > Clothing,Clothing & Accessories > Clothing,Female,adult,,1600.0 INR
A1-0DR-002-L,Teal Handloom Dress-Teal,Teal Handloom Dress-Teal,in stock,new,https://www.prathiksham.in/store/item/Teal+Handloom+Dress?id=44,https://www.prathiksham.in/aalam/stock/item/44/image/_/face-img,Prathiksham,Teal,Handloom Cotton,Solid,L,Apparel & Accessories > Clothing,Clothing & Accessories > Clothing,Female,adult,,1600.0 INR
A1-0DR-002-XL,Teal Handloom Dress-Teal,Teal Handloom Dress-Teal,out of stock,new,https://www.prathiksham.in/store/item/Teal+Handloom+Dress?id=45,https://www.prathiksham.in/aalam/stock/item/45/image/_/face-img,Prathiksham,Teal,Handloom Cotton,Solid,XL,Apparel & Accessories > Clothing,Clothing & Accessories > Clothing,Female,adult,,1600.0 INR
A1-0DR-002-XXL,Teal Handloom Dress-Teal,Teal Handloom Dress-Teal,out of stock,new,https://www.prathiksham.in/store/item/Teal+Handloom+Dress?id=46,https://www.prathiksham.in/aalam/stock/item/46/image/_/face-img,Prathiksham,Teal,Handloom Cotton,Solid,XXL,Apparel & Accessories > Clothing,Clothing & Accessories > Clothing,Female,adult,,1600.0 INR
A1-0CD-001-XS,Orange Ikkat Co-ord Set-Orange,Orange Ikkat Co-ord Set-Orange,out of stock,new,https://www.prathiksham.in/store/item/Orange+Ikkat+Co-ord+Set?id=47,https://www.prathiksham.in/aalam/stock/item/47/image/_/face-img,Prathiksham,Orange,Cotton,Ikkat,XS,Apparel & Accessories > Clothing,Clothing & Accessories > Clothing,Female,adult,,1400.0 INR
A1-0CD-001-S,Orange Ikkat Co-ord Set-Orange,Orange Ikkat Co-ord Set-Orange,out of stock,new,https://www.prathiksham.in/store/item/Orange+Ikkat+Co-ord+Set?id=48,https://www.prathiksham.in/aalam/stock/item/48/image/_/face-img,Prathiksham,Orange,Cotton,Ikkat,S,Apparel & Accessories > Clothing,Clothing & Accessories > Clothing,Female,adult,,1400.0 INR
A1-0CD-001-M,Orange Ikkat Co-ord Set-Orange,Orange Ikkat Co-ord Set-Orange,out of stock,new,https://www.prathiksham.in/store/item/Orange+Ikkat+Co-ord+Set?id=49,https://www.prathiksham.in/aalam/stock/item/49/image/_/face-img,Prathiksham,Orange,Cotton,Ikkat,M,Apparel & Accessories > Clothing,Clothing & Accessories > Clothing,Female,adult,,1400.0 INR
A1-0CD-001-L,Orange Ikkat Co-ord Set-Orange,Orange Ikkat Co-ord Set-Orange,out of stock,new,https://www.prathiksham.in/store/item/Orange+Ikkat+Co-ord+Set?id=50,https://www.prathiksham.in/aalam/stock/item/50/image/_/face-img,Prathiksham,Orange,Cotton,Ikkat,L,Apparel & Accessories > Clothing,Clothing & Accessories > Clothing,Female,adult,,1400.0 INR
A1-0CD-001-XL,Orange Ikkat Co-ord Set-Orange,Orange Ikkat Co-ord Set-Orange,out of stock,new,https://www.prathiksham.in/store/item/Orange+Ikkat+Co-ord+Set?id=51,https://www.prathiksham.in/aalam/stock/item/51/image/_/face-img,Prathiksham,Orange,Cotton,Ikkat,XL,Apparel & Accessories > Clothing,Clothing & Accessories > Clothing,Female,adult,,1400.0 INR
A1-0CD-001-XXL,Orange Ikkat Co-ord Set-Orange,Orange Ikkat Co-ord Set-Orange,out of stock,new,https://www.prathiksham.in/store/item/Orange+Ikkat+Co-ord+Set?id=52,https://www.prathiksham.in/aalam/stock/item/52/image/_/face-img,Prathiksham,Orange,Cotton,Ikkat,XXL,Apparel & Accessories > Clothing,Clothing & Accessories > Clothing,Female,adult,,1400.0 INR
A1-0KP-001-XS,Doriya Kurta Set-Yellow,Doriya Kurta Set-Yellow,out of stock,new,https://www.prathiksham.in/store/item/Doriya+Kurta+Set?id=53,https://www.prathiksham.in/aalam/stock/item/53/image/_/face-img,Prathiksham,Yellow,"Kota Doria,Cotton",Block Print,XS,Apparel & Accessories > Clothing,Clothing & Accessories > Clothing,Female,adult,,4200.0 INR
A1-0KP-001-S,Doriya Kurta Set-Yellow,Doriya Kurta Set-Yellow,out of stock,new,https://www.prathiksham.in/store/item/Doriya+Kurta+Set?id=54,https://www.prathiksham.in/aalam/stock/item/54/image/_/face-img,Prathiksham,Yellow,"Kota Doria,Cotton",Block Print,S,Apparel & Accessories > Clothing,Clothing & Accessories > Clothing,Female,adult,,4200.0 INR
A1-0KP-001-M,Doriya Kurta Set-Yellow,Doriya Kurta Set-Yellow,out of stock,new,https://www.prathiksham.in/store/item/Doriya+Kurta+Set?id=55,https://www.prathiksham.in/aalam/stock/item/55/image/_/face-img,Prathiksham,Yellow,"Cotton,Kota Doria",Block Print,M,Apparel & Accessories > Clothing,Clothing & Accessories > Clothing,Female,adult,,4200.0 INR
A1-0KP-001-L,Doriya Kurta Set-Yellow,Doriya Kurta Set-Yellow,out of stock,new,https://www.prathiksham.in/store/item/Doriya+Kurta+Set?id=56,https://www.prathiksham.in/aalam/stock/item/56/image/_/face-img,Prathiksham,Yellow,"Cotton,Kota Doria",Block Print,L,Apparel & Accessories > Clothing,Clothing & Accessories > Clothing,Female,adult,,4200.0 INR
A1-0KP-001-XL,Doriya Kurta Set-Yellow,Doriya Kurta Set-Yellow,out of stock,new,https://www.prathiksham.in/store/item/Doriya+Kurta+Set?id=57,https://www.prathiksham.in/aalam/stock/item/57/image/_/face-img,Prathiksham,Yellow,"Kota Doria,Cotton",Block Print,XL,Apparel & Accessories > Clothing,Clothing & Accessories > Clothing,Female,adult,,4200.0 INR
A1-00K-001-XS,Yellow Hand Block Print Kurta-Yellow,Yellow Hand Block Print Kurta-Yellow,in stock,new,https://www.prathiksham.in/store/item/Yellow+Hand+Block+Print+Kurta?id=58,https://www.prathiksham.in/aalam/stock/item/58/image/_/face-img,Prathiksham,Yellow,Cotton,Block Print,XS,Apparel & Accessories > Clothing,Clothing & Accessories > Clothing,Female,adult,,2800.0 INR
A1-00K-001-S,Yellow Hand Block Print Kurta-Yellow,Yellow Hand Block Print Kurta-Yellow,in stock,new,https://www.prathiksham.in/store/item/Yellow+Hand+Block+Print+Kurta?id=59,https://www.prathiksham.in/aalam/stock/item/59/image/_/face-img,Prathiksham,Yellow,Cotton,Block Print,S,Apparel & Accessories > Clothing,Clothing & Accessories > Clothing,Female,adult,,2800.0 INR
A1-00K-001-M,Yellow Hand Block Print Kurta-Yellow,Yellow Hand Block Print Kurta-Yellow,in stock,new,https://www.prathiksham.in/store/item/Yellow+Hand+Block+Print+Kurta?id=60,https://www.prathiksham.in/aalam/stock/item/60/image/_/face-img,Prathiksham,Yellow,Cotton,Block Print,M,Apparel & Accessories > Clothing,Clothing & Accessories > Clothing,Female,adult,,2800.0 INR
A1-00K-001-L,Yellow Hand Block Print Kurta-Yellow,Yellow Hand Block Print Kurta-Yellow,in stock,new,https://www.prathiksham.in/store/item/Yellow+Hand+Block+Print+Kurta?id=61,https://www.prathiksham.in/aalam/stock/item/61/image/_/face-img,Prathiksham,Yellow,Cotton,Block Print,L,Apparel & Accessories > Clothing,Clothing & Accessories > Clothing,Female,adult,,2800.0 INR
A1-00K-001-XL,Yellow Hand Block Print Kurta-Yellow,Yellow Hand Block Print Kurta-Yellow,in stock,new,https://www.prathiksham.in/store/item/Yellow+Hand+Block+Print+Kurta?id=62,https://www.prathiksham.in/aalam/stock/item/62/image/_/face-img,Prathiksham,Yellow,Cotton,Block Print,XL,Apparel & Accessories > Clothing,Clothing & Accessories > Clothing,Female,adult,,2800.0 INR
A1-00K-002-XS,Lotus Linen Floral Kurta-LavenderBlush,Lotus Linen Floral Kurta-LavenderBlush,out of stock,new,https://www.prathiksham.in/store/item/Lotus+Linen+Floral+Kurta?id=63,https://www.prathiksham.in/aalam/stock/item/63/image/_/face-img,Prathiksham,LavenderBlush,Linen,Floral,XS,Apparel & Accessories > Clothing,Clothing & Accessories > Clothing,Female,adult,,2600.0 INR
A1-00K-002-S,Lotus Linen Floral Kurta-LavenderBlush,Lotus Linen Floral Kurta-LavenderBlush,out of stock,new,https://www.prathiksham.in/store/item/Lotus+Linen+Floral+Kurta?id=64,https://www.prathiksham.in/aalam/stock/item/64/image/_/face-img,Prathiksham,LavenderBlush,Linen,Floral,S,Apparel & Accessories > Clothing,Clothing & Accessories > Clothing,Female,adult,,2600.0 INR
A1-00K-002-M,Lotus Linen Floral Kurta-LavenderBlush,Lotus Linen Floral Kurta-LavenderBlush,out of stock,new,https://www.prathiksham.in/store/item/Lotus+Linen+Floral+Kurta?id=65,https://www.prathiksham.in/aalam/stock/item/65/image/_/face-img,Prathiksham,LavenderBlush,Linen,Floral,M,Apparel & Accessories > Clothing,Clothing & Accessories > Clothing,Female,adult,,2600.0 INR
A1-00K-002-L,Lotus Linen Floral Kurta-LavenderBlush,Lotus Linen Floral Kurta-LavenderBlush,out of stock,new,https://www.prathiksham.in/store/item/Lotus+Linen+Floral+Kurta?id=66,https://www.prathiksham.in/aalam/stock/item/66/image/_/face-img,Prathiksham,LavenderBlush,Linen,Floral,L,Apparel & Accessories > Clothing,Clothing & Accessories > Clothing,Female,adult,,2600.0 INR
A1-00K-002-XL,Lotus Linen Floral Kurta-LavenderBlush,Lotus Linen Floral Kurta-LavenderBlush,out of stock,new,https://www.prathiksham.in/store/item/Lotus+Linen+Floral+Kurta?id=67,https://www.prathiksham.in/aalam/stock/item/67/image/_/face-img,Prathiksham,LavenderBlush,Linen,Floral,XL,Apparel & Accessories > Clothing,Clothing & Accessories > Clothing,Female,adult,,2600.0 INR
A1-00K-002-XXL,Lotus Linen Floral Kurta-LavenderBlush,Lotus Linen Floral Kurta-LavenderBlush,out of stock,new,https://www.prathiksham.in/store/item/Lotus+Linen+Floral+Kurta?id=68,https://www.prathiksham.in/aalam/stock/item/68/image/_/face-img,Prathiksham,LavenderBlush,Linen,Floral,XXL,Apparel & Accessories > Clothing,Clothing & Accessories > Clothing,Female,adult,,2600.0 INR
A1-0CD-002-XS,Dark Peach Co-ord Set-PaleVioletRed,Dark Peach Co-ord Set-PaleVioletRed,in stock,new,https://www.prathiksham.in/store/item/Dark+Peach+Co-ord+Set?id=69,https://www.prathiksham.in/aalam/stock/item/69/image/_/face-img,Prathiksham,PaleVioletRed,Rayon,Solid,XS,Apparel & Accessories > Clothing,Clothing & Accessories > Clothing,Female,adult,,2370.0 INR
A1-0CD-002-S,Dark Peach Co-ord Set-PaleVioletRed,Dark Peach Co-ord Set-PaleVioletRed,in stock,new,https://www.prathiksham.in/store/item/Dark+Peach+Co-ord+Set?id=70,https://www.prathiksham.in/aalam/stock/item/70/image/_/face-img,Prathiksham,PaleVioletRed,Rayon,Solid,S,Apparel & Accessories > Clothing,Clothing & Accessories > Clothing,Female,adult,,2370.0 INR
A1-0CD-002-M,Dark Peach Co-ord Set-PaleVioletRed,Dark Peach Co-ord Set-PaleVioletRed,in stock,new,https://www.prathiksham.in/store/item/Dark+Peach+Co-ord+Set?id=71,https://www.prathiksham.in/aalam/stock/item/71/image/_/face-img,Prathiksham,PaleVioletRed,Rayon,Solid,M,Apparel & Accessories > Clothing,Clothing & Accessories > Clothing,Female,adult,,2370.0 INR
A1-0CD-002-L,Dark Peach Co-ord Set-PaleVioletRed,Dark Peach Co-ord Set-PaleVioletRed,in stock,new,https://www.prathiksham.in/store/item/Dark+Peach+Co-ord+Set?id=72,https://www.prathiksham.in/aalam/stock/item/72/image/_/face-img,Prathiksham,PaleVioletRed,Rayon,Solid,L,Apparel & Accessories > Clothing,Clothing & Accessories > Clothing,Female,adult,,2370.0 INR
A1-0CD-002-XL,Dark Peach Co-ord Set-PaleVioletRed,Dark Peach Co-ord Set-PaleVioletRed,in stock,new,https://www.prathiksham.in/store/item/Dark+Peach+Co-ord+Set?id=73,https://www.prathiksham.in/aalam/stock/item/73/image/_/face-img,Prathiksham,PaleVioletRed,Rayon,Solid,XL,Apparel & Accessories > Clothing,Clothing & Accessories > Clothing,Female,adult,,2370.0 INR
A1-0CD-002-XXL,Dark Peach Co-ord Set-PaleVioletRed,Dark Peach Co-ord Set-PaleVioletRed,in stock,new,https://www.prathiksham.in/store/item/Dark+Peach+Co-ord+Set?id=74,https://www.prathiksham.in/aalam/stock/item/74/image/_/face-img,Prathiksham,PaleVioletRed,Rayon,Solid,XXL,Apparel & Accessories > Clothing,Clothing & Accessories > Clothing,Female,adult,,2370.0 INR
A1-0CD-003-XS,Lemon Green Co-ord Set-LimeGreen,Lemon Green Co-ord Set-LimeGreen,in stock,new,https://www.prathiksham.in/store/item/Lemon+Green+Co-ord+Set?id=75,https://www.prathiksham.in/aalam/stock/item/75/image/_/face-img,Prathiksham,LimeGreen,Linen,Floral,XS,Apparel & Accessories > Clothing,Clothing & Accessories > Clothing,Female,adult,,2074.0 INR
A1-0CD-003-S,Lemon Green Co-ord Set-LimeGreen,Lemon Green Co-ord Set-LimeGreen,in stock,new,https://www.prathiksham.in/store/item/Lemon+Green+Co-ord+Set?id=76,https://www.prathiksham.in/aalam/stock/item/76/image/_/face-img,Prathiksham,LimeGreen,Linen,Floral,S,Apparel & Accessories > Clothing,Clothing & Accessories > Clothing,Female,adult,,2074.0 INR
A1-0CD-003-M,Lemon Green Co-ord Set-LimeGreen,Lemon Green Co-ord Set-LimeGreen,in stock,new,https://www.prathiksham.in/store/item/Lemon+Green+Co-ord+Set?id=77,https://www.prathiksham.in/aalam/stock/item/77/image/_/face-img,Prathiksham,LimeGreen,Linen,Floral,M,Apparel & Accessories > Clothing,Clothing & Accessories > Clothing,Female,adult,,2074.0 INR
A1-0CD-003-L,Lemon Green Co-ord Set-LimeGreen,Lemon Green Co-ord Set-LimeGreen,out of stock,new,https://www.prathiksham.in/store/item/Lemon+Green+Co-ord+Set?id=78,https://www.prathiksham.in/aalam/stock/item/78/image/_/face-img,Prathiksham,LimeGreen,Linen,Floral,L,Apparel & Accessories > Clothing,Clothing & Accessories > Clothing,Female,adult,,2074.0 INR
A1-0CD-003-XL,Lemon Green Co-ord Set-LimeGreen,Lemon Green Co-ord Set-LimeGreen,in stock,new,https://www.prathiksham.in/store/item/Lemon+Green+Co-ord+Set?id=79,https://www.prathiksham.in/aalam/stock/item/79/image/_/face-img,Prathiksham,LimeGreen,Linen,Floral,XL,Apparel & Accessories > Clothing,Clothing & Accessories > Clothing,Female,adult,,2074.0 INR
A1-0CD-003-XXL,Lemon Green Co-ord Set-LimeGreen,Lemon Green Co-ord Set-LimeGreen,in stock,new,https://www.prathiksham.in/store/item/Lemon+Green+Co-ord+Set?id=80,https://www.prathiksham.in/aalam/stock/item/80/image/_/face-img,Prathiksham,LimeGreen,Linen,Floral,XXL,Apparel & Accessories > Clothing,Clothing & Accessories > Clothing,Female,adult,,2074.0 INR
A1-00K-003-XS,Floral Print Organza Kurta-LightPink,Floral Print Organza Kurta-LightPink,out of stock,new,https://www.prathiksham.in/store/item/Floral+Print+Organza+Kurta?id=81,https://www.prathiksham.in/aalam/stock/item/81/image/_/face-img,Prathiksham,LightPink,Organza,Floral,XS,Apparel & Accessories > Clothing,Clothing & Accessories > Clothing,Female,adult,,1599.0 INR
A1-00K-003-S,Floral Print Organza Kurta-LightPink,Floral Print Organza Kurta-LightPink,in stock,new,https://www.prathiksham.in/store/item/Floral+Print+Organza+Kurta?id=82,https://www.prathiksham.in/aalam/stock/item/82/image/_/face-img,Prathiksham,LightPink,Organza,Floral,S,Apparel & Accessories > Clothing,Clothing & Accessories > Clothing,Female,adult,,1599.0 INR
A1-00K-003-M,Floral Print Organza Kurta-LightPink,Floral Print Organza Kurta-LightPink,out of stock,new,https://www.prathiksham.in/store/item/Floral+Print+Organza+Kurta?id=83,https://www.prathiksham.in/aalam/stock/item/83/image/_/face-img,Prathiksham,LightPink,Organza,Floral,M,Apparel & Accessories > Clothing,Clothing & Accessories > Clothing,Female,adult,,1599.0 INR
A1-00K-003-L,Floral Print Organza Kurta-LightPink,Floral Print Organza Kurta-LightPink,in stock,new,https://www.prathiksham.in/store/item/Floral+Print+Organza+Kurta?id=84,https://www.prathiksham.in/aalam/stock/item/84/image/_/face-img,Prathiksham,LightPink,Organza,Floral,L,Apparel & Accessories > Clothing,Clothing & Accessories > Clothing,Female,adult,,1599.0 INR
A1-00K-003-XL,Floral Print Organza Kurta-LightPink,Floral Print Organza Kurta-LightPink,out of stock,new,https://www.prathiksham.in/store/item/Floral+Print+Organza+Kurta?id=85,https://www.prathiksham.in/aalam/stock/item/85/image/_/face-img,Prathiksham,LightPink,Organza,Floral,XL,Apparel & Accessories > Clothing,Clothing & Accessories > Clothing,Female,adult,,1599.0 INR
A1-00K-003-XXL,Floral Print Organza Kurta-LightPink,Floral Print Organza Kurta-LightPink,in stock,new,https://www.prathiksham.in/store/item/Floral+Print+Organza+Kurta?id=86,https://www.prathiksham.in/aalam/stock/item/86/image/_/face-img,Prathiksham,LightPink,Organza,Floral,XXL,Apparel & Accessories > Clothing,Clothing & Accessories > Clothing,Female,adult,,1599.0 INR
A1-00K-004-XS,Purple Lavender Linen Kurta-Lavender,Purple Lavender Linen Kurta-Lavender,in stock,new,https://www.prathiksham.in/store/item/Purple+Lavender+Linen+Kurta?id=87,https://www.prathiksham.in/aalam/stock/item/87/image/_/face-img,Prathiksham,Lavender,Linen,Floral,XS,Apparel & Accessories > Clothing,Clothing & Accessories > Clothing,Female,adult,,1258.0 INR
A1-00K-004-S,Purple Lavender Linen Kurta-Lavender,Purple Lavender Linen Kurta-Lavender,in stock,new,https://www.prathiksham.in/store/item/Purple+Lavender+Linen+Kurta?id=88,https://www.prathiksham.in/aalam/stock/item/88/image/_/face-img,Prathiksham,Lavender,Linen,Floral,S,Apparel & Accessories > Clothing,Clothing & Accessories > Clothing,Female,adult,,1258.0 INR
A1-00K-004-M,Purple Lavender Linen Kurta-Lavender,Purple Lavender Linen Kurta-Lavender,in stock,new,https://www.prathiksham.in/store/item/Purple+Lavender+Linen+Kurta?id=89,https://www.prathiksham.in/aalam/stock/item/89/image/_/face-img,Prathiksham,Lavender,Linen,Floral,M,Apparel & Accessories > Clothing,Clothing & Accessories > Clothing,Female,adult,,1258.0 INR
A1-00K-004-L,Purple Lavender Linen Kurta-Lavender,Purple Lavender Linen Kurta-Lavender,in stock,new,https://www.prathiksham.in/store/item/Purple+Lavender+Linen+Kurta?id=90,https://www.prathiksham.in/aalam/stock/item/90/image/_/face-img,Prathiksham,Lavender,Linen,Floral,L,Apparel & Accessories > Clothing,Clothing & Accessories > Clothing,Female,adult,,1258.0 INR
A1-00K-004-XL,Purple Lavender Linen Kurta-Lavender,Purple Lavender Linen Kurta-Lavender,in stock,new,https://www.prathiksham.in/store/item/Purple+Lavender+Linen+Kurta?id=91,https://www.prathiksham.in/aalam/stock/item/91/image/_/face-img,Prathiksham,Lavender,Linen,Floral,XL,Apparel & Accessories > Clothing,Clothing & Accessories > Clothing,Female,adult,,1258.0 INR
A1-00K-004-XXL,Purple Lavender Linen Kurta-Lavender,Purple Lavender Linen Kurta-Lavender,in stock,new,https://www.prathiksham.in/store/item/Purple+Lavender+Linen+Kurta?id=92,https://www.prathiksham.in/aalam/stock/item/92/image/_/face-img,Prathiksham,Lavender,Linen,Floral,XXL,Apparel & Accessories > Clothing,Clothing & Accessories > Clothing,Female,adult,,1258.0 INR
A1-0CD-004-XS -1,Brinjal Purple Co-ord Set - 1-Purple,Brinjal Purple Co-ord Set - 1-Purple,out of stock,new,https://www.prathiksham.in/store/item/Brinjal+Purple+Co-ord+Set+-+1?id=93,https://www.prathiksham.in/aalam/stock/item/93/image/_/face-img,Prathiksham,Purple,Cotton,Solid,XS,Apparel & Accessories > Clothing,Clothing & Accessories > Clothing,Female,adult,,2299.0 INR
A1-0CD-004-S -1,Brinjal Purple Co-ord Set - 1-Purple,Brinjal Purple Co-ord Set - 1-Purple,out of stock,new,https://www.prathiksham.in/store/item/Brinjal+Purple+Co-ord+Set+-+1?id=94,https://www.prathiksham.in/aalam/stock/item/94/image/_/face-img,Prathiksham,Purple,Cotton,Solid,S,Apparel & Accessories > Clothing,Clothing & Accessories > Clothing,Female,adult,,2299.0 INR
A1-0CD-004-M -1,Brinjal Purple Co-ord Set - 1-Purple,Brinjal Purple Co-ord Set - 1-Purple,out of stock,new,https://www.prathiksham.in/store/item/Brinjal+Purple+Co-ord+Set+-+1?id=95,https://www.prathiksham.in/aalam/stock/item/95/image/_/face-img,Prathiksham,Purple,Cotton,Solid,M,Apparel & Accessories > Clothing,Clothing & Accessories > Clothing,Female,adult,,2299.0 INR
A1-0CD-004-L -1,Brinjal Purple Co-ord Set - 1-Purple,Brinjal Purple Co-ord Set - 1-Purple,out of stock,new,https://www.prathiksham.in/store/item/Brinjal+Purple+Co-ord+Set+-+1?id=96,https://www.prathiksham.in/aalam/stock/item/96/image/_/face-img,Prathiksham,Purple,Cotton,Solid,L,Apparel & Accessories > Clothing,Clothing & Accessories > Clothing,Female,adult,,2299.0 INR
A1-0CD-004-XL -1,Brinjal Purple Co-ord Set - 1-Purple,Brinjal Purple Co-ord Set - 1-Purple,out of stock,new,https://www.prathiksham.in/store/item/Brinjal+Purple+Co-ord+Set+-+1?id=97,https://www.prathiksham.in/aalam/stock/item/97/image/_/face-img,Prathiksham,Purple,Cotton,Solid,XL,Apparel & Accessories > Clothing,Clothing & Accessories > Clothing,Female,adult,,2299.0 INR
A1-0CD-004-XXL -1,Brinjal Purple Co-ord Set - 1-Purple,Brinjal Purple Co-ord Set - 1-Purple,out of stock,new,https://www.prathiksham.in/store/item/Brinjal+Purple+Co-ord+Set+-+1?id=98,https://www.prathiksham.in/aalam/stock/item/98/image/_/face-img,Prathiksham,Purple,Cotton,Solid,XXL,Apparel & Accessories > Clothing,Clothing & Accessories > Clothing,Female,adult,,2299.0 INR
A1-0CD-005-XS,Mint green Rayon Co-ord Set-Green,Mint green Rayon Co-ord Set-Green,out of stock,new,https://www.prathiksham.in/store/item/Mint+green+Rayon+Co-ord+Set?id=99,https://www.prathiksham.in/aalam/stock/item/99/image/_/face-img,Prathiksham,Green,Rayon,Solid,XS,Apparel & Accessories > Clothing,Clothing & Accessories > Clothing,Female,adult,,2938.0 INR
A1-0CD-005-S,Mint green Rayon Co-ord Set-Green,Mint green Rayon Co-ord Set-Green,out of stock,new,https://www.prathiksham.in/store/item/Mint+green+Rayon+Co-ord+Set?id=100,https://www.prathiksham.in/aalam/stock/item/100/image/_/face-img,Prathiksham,Green,Rayon,Solid,S,Apparel & Accessories > Clothing,Clothing & Accessories > Clothing,Female,adult,,2938.0 INR
A1-0CD-005-M,Mint green Rayon Co-ord Set-Green,Mint green Rayon Co-ord Set-Green,out of stock,new,https://www.prathiksham.in/store/item/Mint+green+Rayon+Co-ord+Set?id=101,https://www.prathiksham.in/aalam/stock/item/101/image/_/face-img,Prathiksham,Green,Rayon,Solid,M,Apparel & Accessories > Clothing,Clothing & Accessories > Clothing,Female,adult,,2938.0 INR
A1-0CD-005-L,Mint green Rayon Co-ord Set-Green,Mint green Rayon Co-ord Set-Green,out of stock,new,https://www.prathiksham.in/store/item/Mint+green+Rayon+Co-ord+Set?id=102,https://www.prathiksham.in/aalam/stock/item/102/image/_/face-img,Prathiksham,Green,Rayon,Solid,L,Apparel & Accessories > Clothing,Clothing & Accessories > Clothing,Female,adult,,2938.0 INR
A1-0CD-005-XL,Mint green Rayon Co-ord Set-Green,Mint green Rayon Co-ord Set-Green,out of stock,new,https://www.prathiksham.in/store/item/Mint+green+Rayon+Co-ord+Set?id=103,https://www.prathiksham.in/aalam/stock/item/103/image/_/face-img,Prathiksham,Green,Rayon,Solid,XL,Apparel & Accessories > Clothing,Clothing & Accessories > Clothing,Female,adult,,2938.0 INR
A1-0CD-005-XXL,Mint green Rayon Co-ord Set-Green,Mint green Rayon Co-ord Set-Green,out of stock,new,https://www.prathiksham.in/store/item/Mint+green+Rayon+Co-ord+Set?id=104,https://www.prathiksham.in/aalam/stock/item/104/image/_/face-img,Prathiksham,Green,Rayon,Solid,XXL,Apparel & Accessories > Clothing,Clothing & Accessories > Clothing,Female,adult,,2938.0 INR
A1-0KP-002-XS -1,Pink Kurta Set - 1-DeepPink,Pink Kurta Set - 1-DeepPink,out of stock,new,https://www.prathiksham.in/store/item/Pink+Kurta+Set+-+1?id=105,https://www.prathiksham.in/aalam/stock/item/105/image/_/face-img,Prathiksham,DeepPink,Cotton,Woven Butta,XS,Apparel & Accessories > Clothing,Clothing & Accessories > Clothing,Female,adult,,2399.0 INR
A1-0KP-002-S -1,Pink Kurta Set - 1-DeepPink,Pink Kurta Set - 1-DeepPink,out of stock,new,https://www.prathiksham.in/store/item/Pink+Kurta+Set+-+1?id=106,https://www.prathiksham.in/aalam/stock/item/106/image/_/face-img,Prathiksham,DeepPink,Cotton,Woven Butta,S,Apparel & Accessories > Clothing,Clothing & Accessories > Clothing,Female,adult,,2399.0 INR
A1-0KP-002-M -1,Pink Kurta Set - 1-DeepPink,Pink Kurta Set - 1-DeepPink,out of stock,new,https://www.prathiksham.in/store/item/Pink+Kurta+Set+-+1?id=107,https://www.prathiksham.in/aalam/stock/item/107/image/_/face-img,Prathiksham,DeepPink,Cotton,Woven Butta,M,Apparel & Accessories > Clothing,Clothing & Accessories > Clothing,Female,adult,,2399.0 INR
A1-0KP-002-L -1,Pink Kurta Set - 1-DeepPink,Pink Kurta Set - 1-DeepPink,out of stock,new,https://www.prathiksham.in/store/item/Pink+Kurta+Set+-+1?id=108,https://www.prathiksham.in/aalam/stock/item/108/image/_/face-img,Prathiksham,DeepPink,Cotton,Woven Butta,L,Apparel & Accessories > Clothing,Clothing & Accessories > Clothing,Female,adult,,2399.0 INR
A1-0KP-002-XL -1,Pink Kurta Set - 1-DeepPink,Pink Kurta Set - 1-DeepPink,out of stock,new,https://www.prathiksham.in/store/item/Pink+Kurta+Set+-+1?id=109,https://www.prathiksham.in/aalam/stock/item/109/image/_/face-img,Prathiksham,DeepPink,Cotton,Woven Butta,XL,Apparel & Accessories > Clothing,Clothing & Accessories > Clothing,Female,adult,,2399.0 INR
A1-0KP-002-XXL -1,Pink Kurta Set - 1-DeepPink,Pink Kurta Set - 1-DeepPink,out of stock,new,https://www.prathiksham.in/store/item/Pink+Kurta+Set+-+1?id=110,https://www.prathiksham.in/aalam/stock/item/110/image/_/face-img,Prathiksham,DeepPink,Cotton,Woven Butta,XXL,Apparel & Accessories > Clothing,Clothing & Accessories > Clothing,Female,adult,,2399.0 INR
A1-0KP-003-XS -1,Bagru Beige Kurta Set - 1-Beige,Bagru Beige Kurta Set - 1-Beige,out of stock,new,https://www.prathiksham.in/store/item/Bagru+Beige+Kurta+Set+-+1?id=111,https://www.prathiksham.in/aalam/stock/item/111/image/_/face-img,Prathiksham,Beige,Pure Cotton,Bagru Print,XS,Apparel & Accessories > Clothing,Clothing & Accessories > Clothing,Female,adult,,3200.0 INR
A1-0KP-003-S -1,Bagru Beige Kurta Set - 1-Beige,Bagru Beige Kurta Set - 1-Beige,out of stock,new,https://www.prathiksham.in/store/item/Bagru+Beige+Kurta+Set+-+1?id=112,https://www.prathiksham.in/aalam/stock/item/112/image/_/face-img,Prathiksham,Beige,Pure Cotton,Bagru Print,S,Apparel & Accessories > Clothing,Clothing & Accessories > Clothing,Female,adult,,3200.0 INR
A1-0KP-003-M -1,Bagru Beige Kurta Set - 1-Beige,Bagru Beige Kurta Set - 1-Beige,out of stock,new,https://www.prathiksham.in/store/item/Bagru+Beige+Kurta+Set+-+1?id=113,https://www.prathiksham.in/aalam/stock/item/113/image/_/face-img,Prathiksham,Beige,Pure Cotton,Bagru Print,M,Apparel & Accessories > Clothing,Clothing & Accessories > Clothing,Female,adult,,3200.0 INR
A1-0KP-003-L -1,Bagru Beige Kurta Set - 1-Beige,Bagru Beige Kurta Set - 1-Beige,out of stock,new,https://www.prathiksham.in/store/item/Bagru+Beige+Kurta+Set+-+1?id=114,https://www.prathiksham.in/aalam/stock/item/114/image/_/face-img,Prathiksham,Beige,Pure Cotton,Bagru Print,L,Apparel & Accessories > Clothing,Clothing & Accessories > Clothing,Female,adult,,3200.0 INR
A1-0KP-003-XL -1,Bagru Beige Kurta Set - 1-Beige,Bagru Beige Kurta Set - 1-Beige,out of stock,new,https://www.prathiksham.in/store/item/Bagru+Beige+Kurta+Set+-+1?id=115,https://www.prathiksham.in/aalam/stock/item/115/image/_/face-img,Prathiksham,Beige,Pure Cotton,Bagru Print,XL,Apparel & Accessories > Clothing,Clothing & Accessories > Clothing,Female,adult,,3200.0 INR
A1-0KP-003-XXL -1,Bagru Beige Kurta Set - 1-Beige,Bagru Beige Kurta Set - 1-Beige,out of stock,new,https://www.prathiksham.in/store/item/Bagru+Beige+Kurta+Set+-+1?id=116,https://www.prathiksham.in/aalam/stock/item/116/image/_/face-img,Prathiksham,Beige,Pure Cotton,Bagru Print,XXL,Apparel & Accessories > Clothing,Clothing & Accessories > Clothing,Female,adult,,3200.0 INR
A1-0KP-004-XS -1,Lotus Indigo Kurta Set - 1-Indigo,Lotus Indigo Kurta Set - 1-Indigo,out of stock,new,https://www.prathiksham.in/store/item/Lotus+Indigo+Kurta+Set+-+1?id=117,https://www.prathiksham.in/aalam/stock/item/117/image/_/face-img,Prathiksham,Indigo,Cotton,Indigo,XS,Apparel & Accessories > Clothing,Clothing & Accessories > Clothing,Female,adult,,3200.0 INR
A1-0KP-004-S -1,Lotus Indigo Kurta Set - 1-Indigo,Lotus Indigo Kurta Set - 1-Indigo,out of stock,new,https://www.prathiksham.in/store/item/Lotus+Indigo+Kurta+Set+-+1?id=118,https://www.prathiksham.in/aalam/stock/item/118/image/_/face-img,Prathiksham,Indigo,Cotton,Indigo,S,Apparel & Accessories > Clothing,Clothing & Accessories > Clothing,Female,adult,,3200.0 INR
A1-0KP-004-M -1,Lotus Indigo Kurta Set - 1-Indigo,Lotus Indigo Kurta Set - 1-Indigo,out of stock,new,https://www.prathiksham.in/store/item/Lotus+Indigo+Kurta+Set+-+1?id=119,https://www.prathiksham.in/aalam/stock/item/119/image/_/face-img,Prathiksham,Indigo,Cotton,Indigo,M,Apparel & Accessories > Clothing,Clothing & Accessories > Clothing,Female,adult,,3200.0 INR
A1-0KP-004-L -1,Lotus Indigo Kurta Set - 1-Indigo,Lotus Indigo Kurta Set - 1-Indigo,out of stock,new,https://www.prathiksham.in/store/item/Lotus+Indigo+Kurta+Set+-+1?id=120,https://www.prathiksham.in/aalam/stock/item/120/image/_/face-img,Prathiksham,Indigo,Cotton,Indigo,L,Apparel & Accessories > Clothing,Clothing & Accessories > Clothing,Female,adult,,3200.0 INR
A1-0KP-004-XL -1,Lotus Indigo Kurta Set - 1-Indigo,Lotus Indigo Kurta Set - 1-Indigo,out of stock,new,https://www.prathiksham.in/store/item/Lotus+Indigo+Kurta+Set+-+1?id=121,https://www.prathiksham.in/aalam/stock/item/121/image/_/face-img,Prathiksham,Indigo,Cotton,Indigo,XL,Apparel & Accessories > Clothing,Clothing & Accessories > Clothing,Female,adult,,3200.0 INR
A1-0KP-004-XXL -1,Lotus Indigo Kurta Set - 1-Indigo,Lotus Indigo Kurta Set - 1-Indigo,out of stock,new,https://www.prathiksham.in/store/item/Lotus+Indigo+Kurta+Set+-+1?id=122,https://www.prathiksham.in/aalam/stock/item/122/image/_/face-img,Prathiksham,Indigo,Cotton,Indigo,XXL,Apparel & Accessories > Clothing,Clothing & Accessories > Clothing,Female,adult,,3200.0 INR
A1-00K-005-XS,Beige Linen Floral Kurta-Beige,Beige Linen Floral Kurta-Beige,in stock,new,https://www.prathiksham.in/store/item/Beige+Linen+Floral+Kurta?id=123,https://www.prathiksham.in/aalam/stock/item/123/image/_/face-img,Prathiksham,Beige,Linen,Floral,XS,Apparel & Accessories > Clothing,Clothing & Accessories > Clothing,Female,adult,,1199.0 INR
A1-00K-005-S,Beige Linen Floral Kurta-Beige,Beige Linen Floral Kurta-Beige,in stock,new,https://www.prathiksham.in/store/item/Beige+Linen+Floral+Kurta?id=124,https://www.prathiksham.in/aalam/stock/item/124/image/_/face-img,Prathiksham,Beige,Linen,Floral,S,Apparel & Accessories > Clothing,Clothing & Accessories > Clothing,Female,adult,,1199.0 INR
A1-00K-005-M,Beige Linen Floral Kurta-Beige,Beige Linen Floral Kurta-Beige,in stock,new,https://www.prathiksham.in/store/item/Beige+Linen+Floral+Kurta?id=125,https://www.prathiksham.in/aalam/stock/item/125/image/_/face-img,Prathiksham,Beige,Linen,Floral,M,Apparel & Accessories > Clothing,Clothing & Accessories > Clothing,Female,adult,,1199.0 INR
A1-00K-005-L,Beige Linen Floral Kurta-Beige,Beige Linen Floral Kurta-Beige,in stock,new,https://www.prathiksham.in/store/item/Beige+Linen+Floral+Kurta?id=126,https://www.prathiksham.in/aalam/stock/item/126/image/_/face-img,Prathiksham,Beige,Linen,Floral,L,Apparel & Accessories > Clothing,Clothing & Accessories > Clothing,Female,adult,,1199.0 INR
A1-00K-005-XL,Beige Linen Floral Kurta-Beige,Beige Linen Floral Kurta-Beige,in stock,new,https://www.prathiksham.in/store/item/Beige+Linen+Floral+Kurta?id=127,https://www.prathiksham.in/aalam/stock/item/127/image/_/face-img,Prathiksham,Beige,Linen,Floral,XL,Apparel & Accessories > Clothing,Clothing & Accessories > Clothing,Female,adult,,1199.0 INR
A1-00K-005-XXL,Beige Linen Floral Kurta-Beige,Beige Linen Floral Kurta-Beige,in stock,new,https://www.prathiksham.in/store/item/Beige+Linen+Floral+Kurta?id=128,https://www.prathiksham.in/aalam/stock/item/128/image/_/face-img,Prathiksham,Beige,Linen,Floral,XXL,Apparel & Accessories > Clothing,Clothing & Accessories > Clothing,Female,adult,,1199.0 INR
A1-00K-006-XS,Lemon Green linen Floral Kurta-LimeGreen,Lemon Green linen Floral Kurta-LimeGreen,in stock,new,https://www.prathiksham.in/store/item/Lemon+Green+linen+Floral+Kurta?id=129,https://www.prathiksham.in/aalam/stock/item/129/image/_/face-img,Prathiksham,LimeGreen,Linen,Floral,XS,Apparel & Accessories > Clothing,Clothing & Accessories > Clothing,Female,adult,,1199.0 INR
A1-00K-006-S,Lemon Green linen Floral Kurta-LimeGreen,Lemon Green linen Floral Kurta-LimeGreen,in stock,new,https://www.prathiksham.in/store/item/Lemon+Green+linen+Floral+Kurta?id=130,https://www.prathiksham.in/aalam/stock/item/130/image/_/face-img,Prathiksham,LimeGreen,Linen,Floral,S,Apparel & Accessories > Clothing,Clothing & Accessories > Clothing,Female,adult,,1199.0 INR
A1-00K-006-M,Lemon Green linen Floral Kurta-LimeGreen,Lemon Green linen Floral Kurta-LimeGreen,in stock,new,https://www.prathiksham.in/store/item/Lemon+Green+linen+Floral+Kurta?id=131,https://www.prathiksham.in/aalam/stock/item/131/image/_/face-img,Prathiksham,LimeGreen,Linen,Floral,M,Apparel & Accessories > Clothing,Clothing & Accessories > Clothing,Female,adult,,1199.0 INR
A1-00K-006-L,Lemon Green linen Floral Kurta-LimeGreen,Lemon Green linen Floral Kurta-LimeGreen,in stock,new,https://www.prathiksham.in/store/item/Lemon+Green+linen+Floral+Kurta?id=132,https://www.prathiksham.in/aalam/stock/item/132/image/_/face-img,Prathiksham,LimeGreen,Linen,Floral,L,Apparel & Accessories > Clothing,Clothing & Accessories > Clothing,Female,adult,,1199.0 INR
A1-00K-006-XL,Lemon Green linen Floral Kurta-LimeGreen,Lemon Green linen Floral Kurta-LimeGreen,in stock,new,https://www.prathiksham.in/store/item/Lemon+Green+linen+Floral+Kurta?id=133,https://www.prathiksham.in/aalam/stock/item/133/image/_/face-img,Prathiksham,LimeGreen,Linen,Floral,XL,Apparel & Accessories > Clothing,Clothing & Accessories > Clothing,Female,adult,,1199.0 INR
A1-00K-006-XXL,Lemon Green linen Floral Kurta-LimeGreen,Lemon Green linen Floral Kurta-LimeGreen,in stock,new,https://www.prathiksham.in/store/item/Lemon+Green+linen+Floral+Kurta?id=134,https://www.prathiksham.in/aalam/stock/item/134/image/_/face-img,Prathiksham,LimeGreen,Linen,Floral,XXL,Apparel & Accessories > Clothing,Clothing & Accessories > Clothing,Female,adult,,1199.0 INR
A1-WS-P-059-XS,Yellow Linen Floral Kurta-Yellow,Yellow Linen Floral Kurta-Yellow,in stock,new,https://www.prathiksham.in/store/item/Yellow+Linen+Floral+Kurta?id=135,https://www.prathiksham.in/aalam/stock/item/135/image/_/face-img,Prathiksham,Yellow,Linen,Floral,XS,Apparel & Accessories > Clothing,Clothing & Accessories > Clothing,Female,adult,,1199.0 INR
A1-WS-P-059-S,Yellow Linen Floral Kurta-Yellow,Yellow Linen Floral Kurta-Yellow,in stock,new,https://www.prathiksham.in/store/item/Yellow+Linen+Floral+Kurta?id=136,https://www.prathiksham.in/aalam/stock/item/136/image/_/face-img,Prathiksham,Yellow,Linen,Floral,S,Apparel & Accessories > Clothing,Clothing & Accessories > Clothing,Female,adult,,1199.0 INR
A1-WS-P-059-M,Yellow Linen Floral Kurta-Yellow,Yellow Linen Floral Kurta-Yellow,in stock,new,https://www.prathiksham.in/store/item/Yellow+Linen+Floral+Kurta?id=137,https://www.prathiksham.in/aalam/stock/item/137/image/_/face-img,Prathiksham,Yellow,Linen,Floral,M,Apparel & Accessories > Clothing,Clothing & Accessories > Clothing,Female,adult,,1199.0 INR
A1-WS-P-059-L,Yellow Linen Floral Kurta-Yellow,Yellow Linen Floral Kurta-Yellow,in stock,new,https://www.prathiksham.in/store/item/Yellow+Linen+Floral+Kurta?id=138,https://www.prathiksham.in/aalam/stock/item/138/image/_/face-img,Prathiksham,Yellow,Linen,Floral,L,Apparel & Accessories > Clothing,Clothing & Accessories > Clothing,Female,adult,,1199.0 INR
A1-WS-P-059-XL,Yellow Linen Floral Kurta-Yellow,Yellow Linen Floral Kurta-Yellow,in stock,new,https://www.prathiksham.in/store/item/Yellow+Linen+Floral+Kurta?id=139,https://www.prathiksham.in/aalam/stock/item/139/image/_/face-img,Prathiksham,Yellow,Linen,Floral,XL,Apparel & Accessories > Clothing,Clothing & Accessories > Clothing,Female,adult,,1199.0 INR
A1-WS-P-059-XXL,Yellow Linen Floral Kurta-Yellow,Yellow Linen Floral Kurta-Yellow,in stock,new,https://www.prathiksham.in/store/item/Yellow+Linen+Floral+Kurta?id=140,https://www.prathiksham.in/aalam/stock/item/140/image/_/face-img,Prathiksham,Yellow,Linen,Floral,XXL,Apparel & Accessories > Clothing,Clothing & Accessories > Clothing,Female,adult,,1199.0 INR
A1-00K-008-XS,Peach Roses Kurta-PeachPuff,Peach Roses Kurta-PeachPuff,in stock,new,https://www.prathiksham.in/store/item/Peach+Roses+Kurta?id=141,https://www.prathiksham.in/aalam/stock/item/141/image/_/face-img,Prathiksham,PeachPuff,Rayon,Solid,XS,Apparel & Accessories > Clothing,Clothing & Accessories > Clothing,Female,adult,,1580.0 INR
A1-00K-008-S,Peach Roses Kurta-PeachPuff,Peach Roses Kurta-PeachPuff,in stock,new,https://www.prathiksham.in/store/item/Peach+Roses+Kurta?id=142,https://www.prathiksham.in/aalam/stock/item/142/image/_/face-img,Prathiksham,PeachPuff,Rayon,Solid,S,Apparel & Accessories > Clothing,Clothing & Accessories > Clothing,Female,adult,,1580.0 INR
A1-00K-008-M,Peach Roses Kurta-PeachPuff,Peach Roses Kurta-PeachPuff,in stock,new,https://www.prathiksham.in/store/item/Peach+Roses+Kurta?id=143,https://www.prathiksham.in/aalam/stock/item/143/image/_/face-img,Prathiksham,PeachPuff,Rayon,Solid,M,Apparel & Accessories > Clothing,Clothing & Accessories > Clothing,Female,adult,,1580.0 INR
A1-00K-008-L,Peach Roses Kurta-PeachPuff,Peach Roses Kurta-PeachPuff,in stock,new,https://www.prathiksham.in/store/item/Peach+Roses+Kurta?id=144,https://www.prathiksham.in/aalam/stock/item/144/image/_/face-img,Prathiksham,PeachPuff,Rayon,Solid,L,Apparel & Accessories > Clothing,Clothing & Accessories > Clothing,Female,adult,,1580.0 INR
A1-00K-008-XL,Peach Roses Kurta-PeachPuff,Peach Roses Kurta-PeachPuff,in stock,new,https://www.prathiksham.in/store/item/Peach+Roses+Kurta?id=145,https://www.prathiksham.in/aalam/stock/item/145/image/_/face-img,Prathiksham,PeachPuff,Rayon,Solid,XL,Apparel & Accessories > Clothing,Clothing & Accessories > Clothing,Female,adult,,1580.0 INR
A1-00K-008-XXL,Peach Roses Kurta-PeachPuff,Peach Roses Kurta-PeachPuff,in stock,new,https://www.prathiksham.in/store/item/Peach+Roses+Kurta?id=146,https://www.prathiksham.in/aalam/stock/item/146/image/_/face-img,Prathiksham,PeachPuff,Rayon,Solid,XXL,Apparel & Accessories > Clothing,Clothing & Accessories > Clothing,Female,adult,,1580.0 INR
A1-00K-009-XS,Blue Rayon with Organza Applique Kurta-Blue,Blue Rayon with Organza Applique Kurta-Blue,in stock,new,https://www.prathiksham.in/store/item/Blue+Rayon+with+Organza+Applique+Kurta?id=147,https://www.prathiksham.in/aalam/stock/item/147/image/_/face-img,Prathiksham,Blue,Rayon,Solid,XS,Apparel & Accessories > Clothing,Clothing & Accessories > Clothing,Female,adult,,2044.0 INR
A1-00K-009-S,Blue Rayon with Organza Applique Kurta-Blue,Blue Rayon with Organza Applique Kurta-Blue,out of stock,new,https://www.prathiksham.in/store/item/Blue+Rayon+with+Organza+Applique+Kurta?id=148,https://www.prathiksham.in/aalam/stock/item/148/image/_/face-img,Prathiksham,Blue,Rayon,Solid,S,Apparel & Accessories > Clothing,Clothing & Accessories > Clothing,Female,adult,,2044.0 INR
A1-00K-009-M,Blue Rayon with Organza Applique Kurta-Blue,Blue Rayon with Organza Applique Kurta-Blue,in stock,new,https://www.prathiksham.in/store/item/Blue+Rayon+with+Organza+Applique+Kurta?id=149,https://www.prathiksham.in/aalam/stock/item/149/image/_/face-img,Prathiksham,Blue,Rayon,Solid,M,Apparel & Accessories > Clothing,Clothing & Accessories > Clothing,Female,adult,,2044.0 INR
A1-00K-009-L,Blue Rayon with Organza Applique Kurta-Blue,Blue Rayon with Organza Applique Kurta-Blue,in stock,new,https://www.prathiksham.in/store/item/Blue+Rayon+with+Organza+Applique+Kurta?id=150,https://www.prathiksham.in/aalam/stock/item/150/image/_/face-img,Prathiksham,Blue,Rayon,Solid,L,Apparel & Accessories > Clothing,Clothing & Accessories > Clothing,Female,adult,,2044.0 INR
A1-00K-009-XL,Blue Rayon with Organza Applique Kurta-Blue,Blue Rayon with Organza Applique Kurta-Blue,in stock,new,https://www.prathiksham.in/store/item/Blue+Rayon+with+Organza+Applique+Kurta?id=151,https://www.prathiksham.in/aalam/stock/item/151/image/_/face-img,Prathiksham,Blue,Rayon,Solid,XL,Apparel & Accessories > Clothing,Clothing & Accessories > Clothing,Female,adult,,2044.0 INR
A1-00K-009-XXL,Blue Rayon with Organza Applique Kurta-Blue,Blue Rayon with Organza Applique Kurta-Blue,in stock,new,https://www.prathiksham.in/store/item/Blue+Rayon+with+Organza+Applique+Kurta?id=152,https://www.prathiksham.in/aalam/stock/item/152/image/_/face-img,Prathiksham,Blue,Rayon,Solid,XXL,Apparel & Accessories > Clothing,Clothing & Accessories > Clothing,Female,adult,,2044.0 INR
A1-00B-001-S,Black Cotton Pant-Black,Black Cotton Pant-Black,in stock,new,https://www.prathiksham.in/store/item/Black+Cotton+Pant?id=153,https://www.prathiksham.in/aalam/stock/item/153/image/_/face-img,Prathiksham,Black,100% Premium Viscose,Solid,S,Apparel & Accessories > Clothing,Clothing & Accessories > Clothing,Female,adult,,899.0 INR
A1-00B-001-M,Black Cotton Pant-Black,Black Cotton Pant-Black,in stock,new,https://www.prathiksham.in/store/item/Black+Cotton+Pant?id=154,https://www.prathiksham.in/aalam/stock/item/154/image/_/face-img,Prathiksham,Black,100% Premium Viscose,Solid,M,Apparel & Accessories > Clothing,Clothing & Accessories > Clothing,Female,adult,,899.0 INR
A1-00B-001-L,Black Cotton Pant-Black,Black Cotton Pant-Black,in stock,new,https://www.prathiksham.in/store/item/Black+Cotton+Pant?id=155,https://www.prathiksham.in/aalam/stock/item/155/image/_/face-img,Prathiksham,Black,100% Premium Viscose,Solid,L,Apparel & Accessories > Clothing,Clothing & Accessories > Clothing,Female,adult,,899.0 INR
A1-00B-001-XL,Black Cotton Pant-Black,Black Cotton Pant-Black,in stock,new,https://www.prathiksham.in/store/item/Black+Cotton+Pant?id=156,https://www.prathiksham.in/aalam/stock/item/156/image/_/face-img,Prathiksham,Black,100% Premium Viscose,Solid,XL,Apparel & Accessories > Clothing,Clothing & Accessories > Clothing,Female,adult,,899.0 INR
A1-00B-001-XXL,Black Cotton Pant-Black,Black Cotton Pant-Black,in stock,new,https://www.prathiksham.in/store/item/Black+Cotton+Pant?id=157,https://www.prathiksham.in/aalam/stock/item/157/image/_/face-img,Prathiksham,Black,100% Premium Viscose,Solid,XXL,Apparel & Accessories > Clothing,Clothing & Accessories > Clothing,Female,adult,,899.0 INR
A1-00B-002-S,Pink Cotton Pant-DeepPink,Pink Cotton Pant-DeepPink,in stock,new,https://www.prathiksham.in/store/item/Pink+Cotton+Pant?id=158,https://www.prathiksham.in/aalam/stock/item/158/image/_/face-img,Prathiksham,DeepPink,100% Premium Viscose,Solid,S,Apparel & Accessories > Clothing,Clothing & Accessories > Clothing,Female,adult,,899.0 INR
A1-00B-002-M,Pink Cotton Pant-DeepPink,Pink Cotton Pant-DeepPink,in stock,new,https://www.prathiksham.in/store/item/Pink+Cotton+Pant?id=159,https://www.prathiksham.in/aalam/stock/item/159/image/_/face-img,Prathiksham,DeepPink,100% Premium Viscose,Solid,M,Apparel & Accessories > Clothing,Clothing & Accessories > Clothing,Female,adult,,899.0 INR
A1-00B-002-L,Pink Cotton Pant-DeepPink,Pink Cotton Pant-DeepPink,in stock,new,https://www.prathiksham.in/store/item/Pink+Cotton+Pant?id=160,https://www.prathiksham.in/aalam/stock/item/160/image/_/face-img,Prathiksham,DeepPink,100% Premium Viscose,Solid,L,Apparel & Accessories > Clothing,Clothing & Accessories > Clothing,Female,adult,,899.0 INR
A1-00B-002-XL,Pink Cotton Pant-DeepPink,Pink Cotton Pant-DeepPink,in stock,new,https://www.prathiksham.in/store/item/Pink+Cotton+Pant?id=161,https://www.prathiksham.in/aalam/stock/item/161/image/_/face-img,Prathiksham,DeepPink,100% Premium Viscose,Solid,XL,Apparel & Accessories > Clothing,Clothing & Accessories > Clothing,Female,adult,,899.0 INR
A1-00B-002-XXL,Pink Cotton Pant-DeepPink,Pink Cotton Pant-DeepPink,in stock,new,https://www.prathiksham.in/store/item/Pink+Cotton+Pant?id=162,https://www.prathiksham.in/aalam/stock/item/162/image/_/face-img,Prathiksham,DeepPink,100% Premium Viscose,Solid,XXL,Apparel & Accessories > Clothing,Clothing & Accessories > Clothing,Female,adult,,899.0 INR
A1-00B-003-S,Blue Cotton Pant-Blue,Blue Cotton Pant-Blue,in stock,new,https://www.prathiksham.in/store/item/Blue+Cotton+Pant?id=163,https://www.prathiksham.in/aalam/stock/item/163/image/_/face-img,Prathiksham,Blue,100% Premium Viscose,Solid,S,Apparel & Accessories > Clothing,Clothing & Accessories > Clothing,Female,adult,,899.0 INR
A1-00B-003-M,Blue Cotton Pant-Blue,Blue Cotton Pant-Blue,in stock,new,https://www.prathiksham.in/store/item/Blue+Cotton+Pant?id=164,https://www.prathiksham.in/aalam/stock/item/164/image/_/face-img,Prathiksham,Blue,100% Premium Viscose,Solid,M,Apparel & Accessories > Clothing,Clothing & Accessories > Clothing,Female,adult,,899.0 INR
A1-00B-003-L,Blue Cotton Pant-Blue,Blue Cotton Pant-Blue,in stock,new,https://www.prathiksham.in/store/item/Blue+Cotton+Pant?id=165,https://www.prathiksham.in/aalam/stock/item/165/image/_/face-img,Prathiksham,Blue,100% Premium Viscose,Solid,L,Apparel & Accessories > Clothing,Clothing & Accessories > Clothing,Female,adult,,899.0 INR
A1-00B-003-XL,Blue Cotton Pant-Blue,Blue Cotton Pant-Blue,in stock,new,https://www.prathiksham.in/store/item/Blue+Cotton+Pant?id=166,https://www.prathiksham.in/aalam/stock/item/166/image/_/face-img,Prathiksham,Blue,100% Premium Viscose,Solid,XL,Apparel & Accessories > Clothing,Clothing & Accessories > Clothing,Female,adult,,899.0 INR
A1-00B-003-XXL,Blue Cotton Pant-Blue,Blue Cotton Pant-Blue,in stock,new,https://www.prathiksham.in/store/item/Blue+Cotton+Pant?id=167,https://www.prathiksham.in/aalam/stock/item/167/image/_/face-img,Prathiksham,Blue,100% Premium Viscose,Solid,XXL,Apparel & Accessories > Clothing,Clothing & Accessories > Clothing,Female,adult,,899.0 INR
A1-00B-004-S,Grey Cotton Pant-Gray,Grey Cotton Pant-Gray,in stock,new,https://www.prathiksham.in/store/item/Grey+Cotton+Pant?id=168,https://www.prathiksham.in/aalam/stock/item/168/image/_/face-img,Prathiksham,Gray,100% Premium Viscose,Solid,S,Apparel & Accessories > Clothing,Clothing & Accessories > Clothing,Female,adult,,899.0 INR
A1-00B-004-M,Grey Cotton Pant-Gray,Grey Cotton Pant-Gray,in stock,new,https://www.prathiksham.in/store/item/Grey+Cotton+Pant?id=169,https://www.prathiksham.in/aalam/stock/item/169/image/_/face-img,Prathiksham,Gray,100% Premium Viscose,Solid,M,Apparel & Accessories > Clothing,Clothing & Accessories > Clothing,Female,adult,,899.0 INR
A1-00B-004-L,Grey Cotton Pant-Gray,Grey Cotton Pant-Gray,in stock,new,https://www.prathiksham.in/store/item/Grey+Cotton+Pant?id=170,https://www.prathiksham.in/aalam/stock/item/170/image/_/face-img,Prathiksham,Gray,100% Premium Viscose,Solid,L,Apparel & Accessories > Clothing,Clothing & Accessories > Clothing,Female,adult,,899.0 INR
A1-00B-004-XL,Grey Cotton Pant-Gray,Grey Cotton Pant-Gray,in stock,new,https://www.prathiksham.in/store/item/Grey+Cotton+Pant?id=171,https://www.prathiksham.in/aalam/stock/item/171/image/_/face-img,Prathiksham,Gray,100% Premium Viscose,Solid,XL,Apparel & Accessories > Clothing,Clothing & Accessories > Clothing,Female,adult,,899.0 INR
A1-00B-004-XXL,Grey Cotton Pant-Gray,Grey Cotton Pant-Gray,in stock,new,https://www.prathiksham.in/store/item/Grey+Cotton+Pant?id=172,https://www.prathiksham.in/aalam/stock/item/172/image/_/face-img,Prathiksham,Gray,100% Premium Viscose,Solid,XXL,Apparel & Accessories > Clothing,Clothing & Accessories > Clothing,Female,adult,,899.0 INR
A1-00B-005-S,Olive Green Cotton Pant-Olive,Olive Green Cotton Pant-Olive,in stock,new,https://www.prathiksham.in/store/item/Olive+Green+Cotton+Pant?id=173,https://www.prathiksham.in/aalam/stock/item/173/image/_/face-img,Prathiksham,Olive,100% Premium Viscose,Solid,S,Apparel & Accessories > Clothing,Clothing & Accessories > Clothing,Female,adult,,899.0 INR
A1-00B-005-M,Olive Green Cotton Pant-Olive,Olive Green Cotton Pant-Olive,in stock,new,https://www.prathiksham.in/store/item/Olive+Green+Cotton+Pant?id=174,https://www.prathiksham.in/aalam/stock/item/174/image/_/face-img,Prathiksham,Olive,100% Premium Viscose,Solid,M,Apparel & Accessories > Clothing,Clothing & Accessories > Clothing,Female,adult,,899.0 INR
A1-00B-005-L,Olive Green Cotton Pant-Olive,Olive Green Cotton Pant-Olive,in stock,new,https://www.prathiksham.in/store/item/Olive+Green+Cotton+Pant?id=175,https://www.prathiksham.in/aalam/stock/item/175/image/_/face-img,Prathiksham,Olive,100% Premium Viscose,Solid,L,Apparel & Accessories > Clothing,Clothing & Accessories > Clothing,Female,adult,,899.0 INR
A1-00B-005-XL,Olive Green Cotton Pant-Olive,Olive Green Cotton Pant-Olive,in stock,new,https://www.prathiksham.in/store/item/Olive+Green+Cotton+Pant?id=176,https://www.prathiksham.in/aalam/stock/item/176/image/_/face-img,Prathiksham,Olive,100% Premium Viscose,Solid,XL,Apparel & Accessories > Clothing,Clothing & Accessories > Clothing,Female,adult,,899.0 INR
A1-00B-005-XXL,Olive Green Cotton Pant-Olive,Olive Green Cotton Pant-Olive,in stock,new,https://www.prathiksham.in/store/item/Olive+Green+Cotton+Pant?id=177,https://www.prathiksham.in/aalam/stock/item/177/image/_/face-img,Prathiksham,Olive,100% Premium Viscose,Solid,XXL,Apparel & Accessories > Clothing,Clothing & Accessories > Clothing,Female,adult,,899.0 INR
A1-00B-006-S,White Cotton Pant-White,White Cotton Pant-White,in stock,new,https://www.prathiksham.in/store/item/White+Cotton+Pant?id=178,https://www.prathiksham.in/aalam/stock/item/178/image/_/face-img,Prathiksham,White,100% Premium Viscose,Solid,S,Apparel & Accessories > Clothing,Clothing & Accessories > Clothing,Female,adult,,899.0 INR
A1-00B-006-M,White Cotton Pant-White,White Cotton Pant-White,in stock,new,https://www.prathiksham.in/store/item/White+Cotton+Pant?id=179,https://www.prathiksham.in/aalam/stock/item/179/image/_/face-img,Prathiksham,White,100% Premium Viscose,Solid,M,Apparel & Accessories > Clothing,Clothing & Accessories > Clothing,Female,adult,,899.0 INR
A1-00B-006-L,White Cotton Pant-White,White Cotton Pant-White,in stock,new,https://www.prathiksham.in/store/item/White+Cotton+Pant?id=180,https://www.prathiksham.in/aalam/stock/item/180/image/_/face-img,Prathiksham,White,100% Premium Viscose,Solid,L,Apparel & Accessories > Clothing,Clothing & Accessories > Clothing,Female,adult,,899.0 INR
A1-00B-006-XL,White Cotton Pant-White,White Cotton Pant-White,in stock,new,https://www.prathiksham.in/store/item/White+Cotton+Pant?id=181,https://www.prathiksham.in/aalam/stock/item/181/image/_/face-img,Prathiksham,White,100% Premium Viscose,Solid,XL,Apparel & Accessories > Clothing,Clothing & Accessories > Clothing,Female,adult,,899.0 INR
A1-00B-006-XXL,White Cotton Pant-White,White Cotton Pant-White,in stock,new,https://www.prathiksham.in/store/item/White+Cotton+Pant?id=182,https://www.prathiksham.in/aalam/stock/item/182/image/_/face-img,Prathiksham,White,100% Premium Viscose,Solid,XXL,Apparel & Accessories > Clothing,Clothing & Accessories > Clothing,Female,adult,,899.0 INR
A1-0CD-006-XS -1,Yelove Handloom Co-ord Set - 1-Yellow,Yelove Handloom Co-ord Set - 1-Yellow,out of stock,new,https://www.prathiksham.in/store/item/Yelove+Handloom+Co-ord+Set+-+1?id=183,https://www.prathiksham.in/aalam/stock/item/183/image/_/face-img,Prathiksham,Yellow,Handloom Cotton,Woven Butta,XS,Apparel & Accessories > Clothing,Clothing & Accessories > Clothing,Female,adult,,1896.0 INR
A1-0CD-006-S -1,Yelove Handloom Co-ord Set - 1-Yellow,Yelove Handloom Co-ord Set - 1-Yellow,out of stock,new,https://www.prathiksham.in/store/item/Yelove+Handloom+Co-ord+Set+-+1?id=184,https://www.prathiksham.in/aalam/stock/item/184/image/_/face-img,Prathiksham,Yellow,Handloom Cotton,Woven Butta,S,Apparel & Accessories > Clothing,Clothing & Accessories > Clothing,Female,adult,,1896.0 INR
A1-0CD-006-M -1,Yelove Handloom Co-ord Set - 1-Yellow,Yelove Handloom Co-ord Set - 1-Yellow,out of stock,new,https://www.prathiksham.in/store/item/Yelove+Handloom+Co-ord+Set+-+1?id=185,https://www.prathiksham.in/aalam/stock/item/185/image/_/face-img,Prathiksham,Yellow,Handloom Cotton,Woven Butta,M,Apparel & Accessories > Clothing,Clothing & Accessories > Clothing,Female,adult,,1896.0 INR
A1-0CD-006-L -1,Yelove Handloom Co-ord Set - 1-Yellow,Yelove Handloom Co-ord Set - 1-Yellow,out of stock,new,https://www.prathiksham.in/store/item/Yelove+Handloom+Co-ord+Set+-+1?id=186,https://www.prathiksham.in/aalam/stock/item/186/image/_/face-img,Prathiksham,Yellow,Handloom Cotton,Woven Butta,L,Apparel & Accessories > Clothing,Clothing & Accessories > Clothing,Female,adult,,1896.0 INR
A1-0CD-006-XL -1,Yelove Handloom Co-ord Set - 1-Yellow,Yelove Handloom Co-ord Set - 1-Yellow,out of stock,new,https://www.prathiksham.in/store/item/Yelove+Handloom+Co-ord+Set+-+1?id=187,https://www.prathiksham.in/aalam/stock/item/187/image/_/face-img,Prathiksham,Yellow,Handloom Cotton,Woven Butta,XL,Apparel & Accessories > Clothing,Clothing & Accessories > Clothing,Female,adult,,1896.0 INR
A1-0CD-006-XXL -1,Yelove Handloom Co-ord Set - 1-Yellow,Yelove Handloom Co-ord Set - 1-Yellow,out of stock,new,https://www.prathiksham.in/store/item/Yelove+Handloom+Co-ord+Set+-+1?id=188,https://www.prathiksham.in/aalam/stock/item/188/image/_/face-img,Prathiksham,Yellow,Handloom Cotton,Woven Butta,XXL,Apparel & Accessories > Clothing,Clothing & Accessories > Clothing,Female,adult,,1896.0 INR
A1-0CD-007-XS,Rose Ikkat Co-Ord Set-Plum,Rose Ikkat Co-Ord Set-Plum,in stock,new,https://www.prathiksham.in/store/item/Rose+Ikkat+Co-Ord+Set?id=189,https://www.prathiksham.in/aalam/stock/item/189/image/_/face-img,Prathiksham,Plum,Cotton,Ikkat,XS,Apparel & Accessories > Clothing,Clothing & Accessories > Clothing,Female,adult,,1400.0 INR
A1-0CD-007-S,Rose Ikkat Co-Ord Set-Plum,Rose Ikkat Co-Ord Set-Plum,in stock,new,https://www.prathiksham.in/store/item/Rose+Ikkat+Co-Ord+Set?id=190,https://www.prathiksham.in/aalam/stock/item/190/image/_/face-img,Prathiksham,Plum,Cotton,Ikkat,S,Apparel & Accessories > Clothing,Clothing & Accessories > Clothing,Female,adult,,1400.0 INR
A1-0CD-007-M,Rose Ikkat Co-Ord Set-Plum,Rose Ikkat Co-Ord Set-Plum,in stock,new,https://www.prathiksham.in/store/item/Rose+Ikkat+Co-Ord+Set?id=191,https://www.prathiksham.in/aalam/stock/item/191/image/_/face-img,Prathiksham,Plum,Cotton,Ikkat,M,Apparel & Accessories > Clothing,Clothing & Accessories > Clothing,Female,adult,,1400.0 INR
A1-0CD-007-L,Rose Ikkat Co-Ord Set-Plum,Rose Ikkat Co-Ord Set-Plum,in stock,new,https://www.prathiksham.in/store/item/Rose+Ikkat+Co-Ord+Set?id=192,https://www.prathiksham.in/aalam/stock/item/192/image/_/face-img,Prathiksham,Plum,Cotton,Ikkat,L,Apparel & Accessories > Clothing,Clothing & Accessories > Clothing,Female,adult,,1400.0 INR
A1-0CD-007-XL,Rose Ikkat Co-Ord Set-Plum,Rose Ikkat Co-Ord Set-Plum,in stock,new,https://www.prathiksham.in/store/item/Rose+Ikkat+Co-Ord+Set?id=193,https://www.prathiksham.in/aalam/stock/item/193/image/_/face-img,Prathiksham,Plum,Cotton,Ikkat,XL,Apparel & Accessories > Clothing,Clothing & Accessories > Clothing,Female,adult,,1400.0 INR
A1-0CD-007-XXl,Rose Ikkat Co-Ord Set-Plum,Rose Ikkat Co-Ord Set-Plum,in stock,new,https://www.prathiksham.in/store/item/Rose+Ikkat+Co-Ord+Set?id=194,https://www.prathiksham.in/aalam/stock/item/194/image/_/face-img,Prathiksham,Plum,Cotton,Ikkat,XXL,Apparel & Accessories > Clothing,Clothing & Accessories > Clothing,Female,adult,,1400.0 INR
A1-0CD-008-XS,Pale Green Ikkat Co-Ord Set-PaleGreen,Pale Green Ikkat Co-Ord Set-PaleGreen,out of stock,new,https://www.prathiksham.in/store/item/Pale+Green+Ikkat+Co-Ord+Set?id=195,https://www.prathiksham.in/aalam/stock/item/195/image/_/face-img,Prathiksham,PaleGreen,Cotton,Ikkat,XS,Apparel & Accessories > Clothing,Clothing & Accessories > Clothing,Female,adult,,1400.0 INR
A1-0CD-008-S,Pale Green Ikkat Co-Ord Set-PaleGreen,Pale Green Ikkat Co-Ord Set-PaleGreen,out of stock,new,https://www.prathiksham.in/store/item/Pale+Green+Ikkat+Co-Ord+Set?id=196,https://www.prathiksham.in/aalam/stock/item/196/image/_/face-img,Prathiksham,PaleGreen,Cotton,Ikkat,S,Apparel & Accessories > Clothing,Clothing & Accessories > Clothing,Female,adult,,1400.0 INR
A1-0CD-008-M,Pale Green Ikkat Co-Ord Set-PaleGreen,Pale Green Ikkat Co-Ord Set-PaleGreen,out of stock,new,https://www.prathiksham.in/store/item/Pale+Green+Ikkat+Co-Ord+Set?id=197,https://www.prathiksham.in/aalam/stock/item/197/image/_/face-img,Prathiksham,PaleGreen,Cotton,Ikkat,M,Apparel & Accessories > Clothing,Clothing & Accessories > Clothing,Female,adult,,1400.0 INR
A1-0CD-008-L,Pale Green Ikkat Co-Ord Set-PaleGreen,Pale Green Ikkat Co-Ord Set-PaleGreen,out of stock,new,https://www.prathiksham.in/store/item/Pale+Green+Ikkat+Co-Ord+Set?id=198,https://www.prathiksham.in/aalam/stock/item/198/image/_/face-img,Prathiksham,PaleGreen,Cotton,Ikkat,L,Apparel & Accessories > Clothing,Clothing & Accessories > Clothing,Female,adult,,1400.0 INR
A1-0CD-008-XL,Pale Green Ikkat Co-Ord Set-PaleGreen,Pale Green Ikkat Co-Ord Set-PaleGreen,out of stock,new,https://www.prathiksham.in/store/item/Pale+Green+Ikkat+Co-Ord+Set?id=199,https://www.prathiksham.in/aalam/stock/item/199/image/_/face-img,Prathiksham,PaleGreen,Cotton,Ikkat,XL,Apparel & Accessories > Clothing,Clothing & Accessories > Clothing,Female,adult,,1400.0 INR
A1-0CD-008-XXl,Pale Green Ikkat Co-Ord Set-PaleGreen,Pale Green Ikkat Co-Ord Set-PaleGreen,out of stock,new,https://www.prathiksham.in/store/item/Pale+Green+Ikkat+Co-Ord+Set?id=200,https://www.prathiksham.in/aalam/stock/item/200/image/_/face-img,Prathiksham,PaleGreen,Cotton,Ikkat,XXL,Apparel & Accessories > Clothing,Clothing & Accessories > Clothing,Female,adult,,1400.0 INR
A1-0CD-009-XS,Coffee Tan Ikkat Co-Ord Set-Wheat,Coffee Tan Ikkat Co-Ord Set-Wheat,out of stock,new,https://www.prathiksham.in/store/item/Coffee+Tan+Ikkat+Co-Ord+Set?id=201,https://www.prathiksham.in/aalam/stock/item/201/image/_/face-img,Prathiksham,Wheat,Cotton,Ikkat,XS,Apparel & Accessories > Clothing,Clothing & Accessories > Clothing,Female,adult,,1600.0 INR
A1-0CD-009-S,Coffee Tan Ikkat Co-Ord Set-Wheat,Coffee Tan Ikkat Co-Ord Set-Wheat,out of stock,new,https://www.prathiksham.in/store/item/Coffee+Tan+Ikkat+Co-Ord+Set?id=202,https://www.prathiksham.in/aalam/stock/item/202/image/_/face-img,Prathiksham,Wheat,Cotton,Ikkat,S,Apparel & Accessories > Clothing,Clothing & Accessories > Clothing,Female,adult,,1600.0 INR
A1-0CD-009-M,Coffee Tan Ikkat Co-Ord Set-Wheat,Coffee Tan Ikkat Co-Ord Set-Wheat,out of stock,new,https://www.prathiksham.in/store/item/Coffee+Tan+Ikkat+Co-Ord+Set?id=203,https://www.prathiksham.in/aalam/stock/item/203/image/_/face-img,Prathiksham,Wheat,Cotton,Ikkat,M,Apparel & Accessories > Clothing,Clothing & Accessories > Clothing,Female,adult,,1600.0 INR
A1-0CD-009-L,Coffee Tan Ikkat Co-Ord Set-Wheat,Coffee Tan Ikkat Co-Ord Set-Wheat,out of stock,new,https://www.prathiksham.in/store/item/Coffee+Tan+Ikkat+Co-Ord+Set?id=204,https://www.prathiksham.in/aalam/stock/item/204/image/_/face-img,Prathiksham,Wheat,Cotton,Ikkat,L,Apparel & Accessories > Clothing,Clothing & Accessories > Clothing,Female,adult,,1600.0 INR
A1-0CD-009-XL,Coffee Tan Ikkat Co-Ord Set-Wheat,Coffee Tan Ikkat Co-Ord Set-Wheat,out of stock,new,https://www.prathiksham.in/store/item/Coffee+Tan+Ikkat+Co-Ord+Set?id=205,https://www.prathiksham.in/aalam/stock/item/205/image/_/face-img,Prathiksham,Wheat,Cotton,Ikkat,XL,Apparel & Accessories > Clothing,Clothing & Accessories > Clothing,Female,adult,,1600.0 INR
A1-0CD-009-XXl,Coffee Tan Ikkat Co-Ord Set-Wheat,Coffee Tan Ikkat Co-Ord Set-Wheat,out of stock,new,https://www.prathiksham.in/store/item/Coffee+Tan+Ikkat+Co-Ord+Set?id=206,https://www.prathiksham.in/aalam/stock/item/206/image/_/face-img,Prathiksham,Wheat,Cotton,Ikkat,XXL,Apparel & Accessories > Clothing,Clothing & Accessories > Clothing,Female,adult,,1600.0 INR
A1-0DR-003-XS,Cool Green Hand Block Print Spegatie Dress-MediumSeaGreen,Cool Green Hand Block Print Spegatie Dress-MediumSeaGreen,in stock,new,https://www.prathiksham.in/store/item/Cool+Green+Hand+Block+Print+Spegatie+Dress?id=207,https://www.prathiksham.in/aalam/stock/item/207/image/_/face-img,Prathiksham,MediumSeaGreen,Pure Cotton,Handblock,XS,Apparel & Accessories > Clothing,Clothing & Accessories > Clothing,Female,adult,,2200.0 INR
A1-0DR-003-S,Cool Green Hand Block Print Spegatie Dress-MediumSeaGreen,Cool Green Hand Block Print Spegatie Dress-MediumSeaGreen,in stock,new,https://www.prathiksham.in/store/item/Cool+Green+Hand+Block+Print+Spegatie+Dress?id=208,https://www.prathiksham.in/aalam/stock/item/208/image/_/face-img,Prathiksham,MediumSeaGreen,Pure Cotton,Handblock,S,Apparel & Accessories > Clothing,Clothing & Accessories > Clothing,Female,adult,,2200.0 INR
A1-0DR-003-M,Cool Green Hand Block Print Spegatie Dress-MediumSeaGreen,Cool Green Hand Block Print Spegatie Dress-MediumSeaGreen,in stock,new,https://www.prathiksham.in/store/item/Cool+Green+Hand+Block+Print+Spegatie+Dress?id=209,https://www.prathiksham.in/aalam/stock/item/209/image/_/face-img,Prathiksham,MediumSeaGreen,Pure Cotton,Handblock,M,Apparel & Accessories > Clothing,Clothing & Accessories > Clothing,Female,adult,,2200.0 INR
A1-0DR-003-L,Cool Green Hand Block Print Spegatie Dress-MediumSeaGreen,Cool Green Hand Block Print Spegatie Dress-MediumSeaGreen,in stock,new,https://www.prathiksham.in/store/item/Cool+Green+Hand+Block+Print+Spegatie+Dress?id=210,https://www.prathiksham.in/aalam/stock/item/210/image/_/face-img,Prathiksham,MediumSeaGreen,Pure Cotton,Handblock,L,Apparel & Accessories > Clothing,Clothing & Accessories > Clothing,Female,adult,,2200.0 INR
A1-0DR-003-XL,Cool Green Hand Block Print Spegatie Dress-MediumSeaGreen,Cool Green Hand Block Print Spegatie Dress-MediumSeaGreen,in stock,new,https://www.prathiksham.in/store/item/Cool+Green+Hand+Block+Print+Spegatie+Dress?id=211,https://www.prathiksham.in/aalam/stock/item/211/image/_/face-img,Prathiksham,MediumSeaGreen,Pure Cotton,Handblock,XL,Apparel & Accessories > Clothing,Clothing & Accessories > Clothing,Female,adult,,1800.0 INR
A1-0DR-003-XXL,Cool Green Hand Block Print Spegatie Dress-MediumSeaGreen,Cool Green Hand Block Print Spegatie Dress-MediumSeaGreen,in stock,new,https://www.prathiksham.in/store/item/Cool+Green+Hand+Block+Print+Spegatie+Dress?id=212,https://www.prathiksham.in/aalam/stock/item/212/image/_/face-img,Prathiksham,MediumSeaGreen,Pure Cotton,Handblock,XXL,Apparel & Accessories > Clothing,Clothing & Accessories > Clothing,Female,adult,,2200.0 INR
A1-00K-010-XS,Blue & White Floral Kurta-LightSkyBlue,Blue & White Floral Kurta-LightSkyBlue,in stock,new,https://www.prathiksham.in/store/item/Blue+%26+White+Floral+Kurta?id=213,https://www.prathiksham.in/aalam/stock/item/213/image/_/face-img,Prathiksham,LightSkyBlue,Pure Cotton,Floral,XS,Apparel & Accessories > Clothing,Clothing & Accessories > Clothing,Female,adult,,999.0 INR
A1-00K-010-S,Blue & White Floral Kurta-LightSkyBlue,Blue & White Floral Kurta-LightSkyBlue,in stock,new,https://www.prathiksham.in/store/item/Blue+%26+White+Floral+Kurta?id=214,https://www.prathiksham.in/aalam/stock/item/214/image/_/face-img,Prathiksham,LightSkyBlue,Pure Cotton,Floral,S,Apparel & Accessories > Clothing,Clothing & Accessories > Clothing,Female,adult,,999.0 INR
A1-00K-010-M,Blue & White Floral Kurta-LightSkyBlue,Blue & White Floral Kurta-LightSkyBlue,in stock,new,https://www.prathiksham.in/store/item/Blue+%26+White+Floral+Kurta?id=215,https://www.prathiksham.in/aalam/stock/item/215/image/_/face-img,Prathiksham,LightSkyBlue,Pure Cotton,Floral,M,Apparel & Accessories > Clothing,Clothing & Accessories > Clothing,Female,adult,,999.0 INR
A1-00K-010-L,Blue & White Floral Kurta-LightSkyBlue,Blue & White Floral Kurta-LightSkyBlue,in stock,new,https://www.prathiksham.in/store/item/Blue+%26+White+Floral+Kurta?id=216,https://www.prathiksham.in/aalam/stock/item/216/image/_/face-img,Prathiksham,LightSkyBlue,Pure Cotton,Floral,L,Apparel & Accessories > Clothing,Clothing & Accessories > Clothing,Female,adult,,999.0 INR
A1-00K-010-XL,Blue & White Floral Kurta-LightSkyBlue,Blue & White Floral Kurta-LightSkyBlue,in stock,new,https://www.prathiksham.in/store/item/Blue+%26+White+Floral+Kurta?id=217,https://www.prathiksham.in/aalam/stock/item/217/image/_/face-img,Prathiksham,LightSkyBlue,Pure Cotton,Floral,XL,Apparel & Accessories > Clothing,Clothing & Accessories > Clothing,Female,adult,,999.0 INR
A1-00K-010-XXl,Blue & White Floral Kurta-LightSkyBlue,Blue & White Floral Kurta-LightSkyBlue,in stock,new,https://www.prathiksham.in/store/item/Blue+%26+White+Floral+Kurta?id=218,https://www.prathiksham.in/aalam/stock/item/218/image/_/face-img,Prathiksham,LightSkyBlue,Pure Cotton,Floral,XXL,Apparel & Accessories > Clothing,Clothing & Accessories > Clothing,Female,adult,,999.0 INR
A1-0DR-004-XS,Black Muslin Short Dress-Black,Black Muslin Short Dress-Black,in stock,new,https://www.prathiksham.in/store/item/Black+Muslin+Short+Dress?id=219,https://www.prathiksham.in/aalam/stock/item/219/image/_/face-img,Prathiksham,Black,Muslin,Solid,XS,Apparel & Accessories > Clothing,Clothing & Accessories > Clothing,Female,adult,,2200.0 INR
A1-0DR-004-S,Black Muslin Short Dress-Black,Black Muslin Short Dress-Black,in stock,new,https://www.prathiksham.in/store/item/Black+Muslin+Short+Dress?id=220,https://www.prathiksham.in/aalam/stock/item/220/image/_/face-img,Prathiksham,Black,Muslin,Solid,S,Apparel & Accessories > Clothing,Clothing & Accessories > Clothing,Female,adult,,2200.0 INR
A1-0DR-004-M,Black Muslin Short Dress-Black,Black Muslin Short Dress-Black,in stock,new,https://www.prathiksham.in/store/item/Black+Muslin+Short+Dress?id=221,https://www.prathiksham.in/aalam/stock/item/221/image/_/face-img,Prathiksham,Black,Muslin,Solid,M,Apparel & Accessories > Clothing,Clothing & Accessories > Clothing,Female,adult,,2200.0 INR
A1-0DR-004-L,Black Muslin Short Dress-Black,Black Muslin Short Dress-Black,in stock,new,https://www.prathiksham.in/store/item/Black+Muslin+Short+Dress?id=222,https://www.prathiksham.in/aalam/stock/item/222/image/_/face-img,Prathiksham,Black,Muslin,Solid,L,Apparel & Accessories > Clothing,Clothing & Accessories > Clothing,Female,adult,,2200.0 INR
A1-0DR-004-XL,Black Muslin Short Dress-Black,Black Muslin Short Dress-Black,in stock,new,https://www.prathiksham.in/store/item/Black+Muslin+Short+Dress?id=223,https://www.prathiksham.in/aalam/stock/item/223/image/_/face-img,Prathiksham,Black,Muslin,Solid,XL,Apparel & Accessories > Clothing,Clothing & Accessories > Clothing,Female,adult,,2200.0 INR
A1-0DR-004-XXL,Black Muslin Short Dress-Black,Black Muslin Short Dress-Black,out of stock,new,https://www.prathiksham.in/store/item/Black+Muslin+Short+Dress?id=224,https://www.prathiksham.in/aalam/stock/item/224/image/_/face-img,Prathiksham,Black,Muslin,Solid,XXL,Apparel & Accessories > Clothing,Clothing & Accessories > Clothing,Female,adult,,2200.0 INR
A1-0DR-005-XS,Cool Green Cotton Baggy Dress-MediumSeaGreen,Cool Green Cotton Baggy Dress-MediumSeaGreen,in stock,new,https://www.prathiksham.in/store/item/Cool+Green+Cotton+Baggy+Dress?id=225,https://www.prathiksham.in/aalam/stock/item/225/image/_/face-img,Prathiksham,MediumSeaGreen,Pure Cotton,Handblock,XS,Apparel & Accessories > Clothing,Clothing & Accessories > Clothing,Female,adult,,2400.0 INR
A1-0DR-005-S,Cool Green Cotton Baggy Dress-MediumSeaGreen,Cool Green Cotton Baggy Dress-MediumSeaGreen,in stock,new,https://www.prathiksham.in/store/item/Cool+Green+Cotton+Baggy+Dress?id=226,https://www.prathiksham.in/aalam/stock/item/226/image/_/face-img,Prathiksham,MediumSeaGreen,Pure Cotton,Handblock,S,Apparel & Accessories > Clothing,Clothing & Accessories > Clothing,Female,adult,,2400.0 INR
A1-0DR-005-M,Cool Green Cotton Baggy Dress-MediumSeaGreen,Cool Green Cotton Baggy Dress-MediumSeaGreen,in stock,new,https://www.prathiksham.in/store/item/Cool+Green+Cotton+Baggy+Dress?id=227,https://www.prathiksham.in/aalam/stock/item/227/image/_/face-img,Prathiksham,MediumSeaGreen,Pure Cotton,Handblock,M,Apparel & Accessories > Clothing,Clothing & Accessories > Clothing,Female,adult,,2400.0 INR
A1-0DR-005-L,Cool Green Cotton Baggy Dress-MediumSeaGreen,Cool Green Cotton Baggy Dress-MediumSeaGreen,in stock,new,https://www.prathiksham.in/store/item/Cool+Green+Cotton+Baggy+Dress?id=228,https://www.prathiksham.in/aalam/stock/item/228/image/_/face-img,Prathiksham,MediumSeaGreen,Pure Cotton,Handblock,L,Apparel & Accessories > Clothing,Clothing & Accessories > Clothing,Female,adult,,2400.0 INR
A1-0DR-005-XL,Cool Green Cotton Baggy Dress-MediumSeaGreen,Cool Green Cotton Baggy Dress-MediumSeaGreen,out of stock,new,https://www.prathiksham.in/store/item/Cool+Green+Cotton+Baggy+Dress?id=229,https://www.prathiksham.in/aalam/stock/item/229/image/_/face-img,Prathiksham,MediumSeaGreen,Pure Cotton,Handblock,XL,Apparel & Accessories > Clothing,Clothing & Accessories > Clothing,Female,adult,,2400.0 INR
A1-0DR-005-XXL,Cool Green Cotton Baggy Dress-MediumSeaGreen,Cool Green Cotton Baggy Dress-MediumSeaGreen,in stock,new,https://www.prathiksham.in/store/item/Cool+Green+Cotton+Baggy+Dress?id=230,https://www.prathiksham.in/aalam/stock/item/230/image/_/face-img,Prathiksham,MediumSeaGreen,Pure Cotton,Handblock,XXL,Apparel & Accessories > Clothing,Clothing & Accessories > Clothing,Female,adult,,2400.0 INR
A1-0DR-006-XS,Pocket Rose A-Line Dress-White,Pocket Rose A-Line Dress-White,out of stock,new,https://www.prathiksham.in/store/item/Pocket+Rose+A-Line+Dress?id=231,https://www.prathiksham.in/aalam/stock/item/231/image/_/face-img,Prathiksham,White,Pure Cotton,Handblock,XS,Apparel & Accessories > Clothing,Clothing & Accessories > Clothing,Female,adult,,3290.0 INR
A1-0DR-006-S,Pocket Rose A-Line Dress-White,Pocket Rose A-Line Dress-White,out of stock,new,https://www.prathiksham.in/store/item/Pocket+Rose+A-Line+Dress?id=232,https://www.prathiksham.in/aalam/stock/item/232/image/_/face-img,Prathiksham,White,Pure Cotton,Handblock,S,Apparel & Accessories > Clothing,Clothing & Accessories > Clothing,Female,adult,,3290.0 INR
A1-0DR-006-M,Pocket Rose A-Line Dress-White,Pocket Rose A-Line Dress-White,out of stock,new,https://www.prathiksham.in/store/item/Pocket+Rose+A-Line+Dress?id=233,https://www.prathiksham.in/aalam/stock/item/233/image/_/face-img,Prathiksham,White,Pure Cotton,Handblock,M,Apparel & Accessories > Clothing,Clothing & Accessories > Clothing,Female,adult,,3290.0 INR
A1-0DR-006-L,Pocket Rose A-Line Dress-White,Pocket Rose A-Line Dress-White,out of stock,new,https://www.prathiksham.in/store/item/Pocket+Rose+A-Line+Dress?id=234,https://www.prathiksham.in/aalam/stock/item/234/image/_/face-img,Prathiksham,White,Pure Cotton,Handblock,L,Apparel & Accessories > Clothing,Clothing & Accessories > Clothing,Female,adult,,3290.0 INR
A1-0DR-006-XL,Pocket Rose A-Line Dress-White,Pocket Rose A-Line Dress-White,out of stock,new,https://www.prathiksham.in/store/item/Pocket+Rose+A-Line+Dress?id=235,https://www.prathiksham.in/aalam/stock/item/235/image/_/face-img,Prathiksham,White,Pure Cotton,Handblock,XL,Apparel & Accessories > Clothing,Clothing & Accessories > Clothing,Female,adult,,3290.0 INR
A1-0DR-006-XXL,Pocket Rose A-Line Dress-White,Pocket Rose A-Line Dress-White,out of stock,new,https://www.prathiksham.in/store/item/Pocket+Rose+A-Line+Dress?id=236,https://www.prathiksham.in/aalam/stock/item/236/image/_/face-img,Prathiksham,White,Pure Cotton,Handblock,XXL,Apparel & Accessories > Clothing,Clothing & Accessories > Clothing,Female,adult,,3290.0 INR
A1-0KP-005-XS,Cyprus Leaf A-Line Kurta Set-White,Cyprus Leaf A-Line Kurta Set-White,out of stock,new,https://www.prathiksham.in/store/item/Cyprus+Leaf+A-Line+Kurta+Set?id=237,https://www.prathiksham.in/aalam/stock/item/237/image/_/face-img,Prathiksham,White,Pure Cotton,Handblock,XS,Apparel & Accessories > Clothing,Clothing & Accessories > Clothing,Female,adult,,3200.0 INR
A1-0KP-005-S,Cyprus Leaf A-Line Kurta Set-White,Cyprus Leaf A-Line Kurta Set-White,out of stock,new,https://www.prathiksham.in/store/item/Cyprus+Leaf+A-Line+Kurta+Set?id=238,https://www.prathiksham.in/aalam/stock/item/238/image/_/face-img,Prathiksham,White,Pure Cotton,Handblock,S,Apparel & Accessories > Clothing,Clothing & Accessories > Clothing,Female,adult,,3200.0 INR
A1-0KP-005-M,Cyprus Leaf A-Line Kurta Set-White,Cyprus Leaf A-Line Kurta Set-White,out of stock,new,https://www.prathiksham.in/store/item/Cyprus+Leaf+A-Line+Kurta+Set?id=239,https://www.prathiksham.in/aalam/stock/item/239/image/_/face-img,Prathiksham,White,Pure Cotton,Handblock,M,Apparel & Accessories > Clothing,Clothing & Accessories > Clothing,Female,adult,,3200.0 INR
A1-0KP-005-L,Cyprus Leaf A-Line Kurta Set-White,Cyprus Leaf A-Line Kurta Set-White,out of stock,new,https://www.prathiksham.in/store/item/Cyprus+Leaf+A-Line+Kurta+Set?id=240,https://www.prathiksham.in/aalam/stock/item/240/image/_/face-img,Prathiksham,White,Pure Cotton,Handblock,L,Apparel & Accessories > Clothing,Clothing & Accessories > Clothing,Female,adult,,3200.0 INR
A1-0KP-005-XL,Cyprus Leaf A-Line Kurta Set-White,Cyprus Leaf A-Line Kurta Set-White,out of stock,new,https://www.prathiksham.in/store/item/Cyprus+Leaf+A-Line+Kurta+Set?id=241,https://www.prathiksham.in/aalam/stock/item/241/image/_/face-img,Prathiksham,White,Pure Cotton,Handblock,XL,Apparel & Accessories > Clothing,Clothing & Accessories > Clothing,Female,adult,,3200.0 INR
A1-0KP-005-XXL,Cyprus Leaf A-Line Kurta Set-White,Cyprus Leaf A-Line Kurta Set-White,out of stock,new,https://www.prathiksham.in/store/item/Cyprus+Leaf+A-Line+Kurta+Set?id=242,https://www.prathiksham.in/aalam/stock/item/242/image/_/face-img,Prathiksham,White,Pure Cotton,Handblock,XXL,Apparel & Accessories > Clothing,Clothing & Accessories > Clothing,Female,adult,,3200.0 INR
A1-0KP-006-XS,White & Sage Blue Kurta-White,White & Sage Blue Kurta-White,out of stock,new,https://www.prathiksham.in/store/item/White+%26+Sage+Blue+Kurta?id=243,https://www.prathiksham.in/aalam/stock/item/243/image/_/face-img,Prathiksham,White,Pure Cotton,Handblock,XS,Apparel & Accessories > Clothing,Clothing & Accessories > Clothing,Female,adult,,2750.0 INR
A1-0KP-006-S,White & Sage Blue Kurta-White,White & Sage Blue Kurta-White,out of stock,new,https://www.prathiksham.in/store/item/White+%26+Sage+Blue+Kurta?id=244,https://www.prathiksham.in/aalam/stock/item/244/image/_/face-img,Prathiksham,White,Pure Cotton,Handblock,S,Apparel & Accessories > Clothing,Clothing & Accessories > Clothing,Female,adult,,2750.0 INR
A1-0KP-006-M,White & Sage Blue Kurta-White,White & Sage Blue Kurta-White,out of stock,new,https://www.prathiksham.in/store/item/White+%26+Sage+Blue+Kurta?id=245,https://www.prathiksham.in/aalam/stock/item/245/image/_/face-img,Prathiksham,White,Pure Cotton,Handblock,M,Apparel & Accessories > Clothing,Clothing & Accessories > Clothing,Female,adult,,2750.0 INR
A1-0KP-006-L,White & Sage Blue Kurta-White,White & Sage Blue Kurta-White,out of stock,new,https://www.prathiksham.in/store/item/White+%26+Sage+Blue+Kurta?id=246,https://www.prathiksham.in/aalam/stock/item/246/image/_/face-img,Prathiksham,White,Pure Cotton,Handblock,L,Apparel & Accessories > Clothing,Clothing & Accessories > Clothing,Female,adult,,2750.0 INR
A1-0KP-006-XL,White & Sage Blue Kurta-White,White & Sage Blue Kurta-White,out of stock,new,https://www.prathiksham.in/store/item/White+%26+Sage+Blue+Kurta?id=247,https://www.prathiksham.in/aalam/stock/item/247/image/_/face-img,Prathiksham,White,Pure Cotton,Handblock,XL,Apparel & Accessories > Clothing,Clothing & Accessories > Clothing,Female,adult,,2750.0 INR
A1-0KP-006-XXL,White & Sage Blue Kurta-White,White & Sage Blue Kurta-White,out of stock,new,https://www.prathiksham.in/store/item/White+%26+Sage+Blue+Kurta?id=248,https://www.prathiksham.in/aalam/stock/item/248/image/_/face-img,Prathiksham,White,Pure Cotton,Handblock,XXL,Apparel & Accessories > Clothing,Clothing & Accessories > Clothing,Female,adult,,2750.0 INR
A1-0CD-010-XS,Stygian Co-Ord Set-BlanchedAlmond,Stygian Co-Ord Set-BlanchedAlmond,out of stock,new,https://www.prathiksham.in/store/item/Stygian+Co-Ord+Set?id=249,https://www.prathiksham.in/aalam/stock/item/249/image/_/face-img,Prathiksham,BlanchedAlmond,Pure Cotton,Handblock,XS,Apparel & Accessories > Clothing,Clothing & Accessories > Clothing,Female,adult,,2200.0 INR
A1-0CD-010-S,Stygian Co-Ord Set-BlanchedAlmond,Stygian Co-Ord Set-BlanchedAlmond,out of stock,new,https://www.prathiksham.in/store/item/Stygian+Co-Ord+Set?id=250,https://www.prathiksham.in/aalam/stock/item/250/image/_/face-img,Prathiksham,BlanchedAlmond,Pure Cotton,Handblock,S,Apparel & Accessories > Clothing,Clothing & Accessories > Clothing,Female,adult,,2200.0 INR
A1-0CD-010-M,Stygian Co-Ord Set-BlanchedAlmond,Stygian Co-Ord Set-BlanchedAlmond,out of stock,new,https://www.prathiksham.in/store/item/Stygian+Co-Ord+Set?id=251,https://www.prathiksham.in/aalam/stock/item/251/image/_/face-img,Prathiksham,BlanchedAlmond,Pure Cotton,Handblock,M,Apparel & Accessories > Clothing,Clothing & Accessories > Clothing,Female,adult,,2200.0 INR
A1-0CD-010-L,Stygian Co-Ord Set-BlanchedAlmond,Stygian Co-Ord Set-BlanchedAlmond,out of stock,new,https://www.prathiksham.in/store/item/Stygian+Co-Ord+Set?id=252,https://www.prathiksham.in/aalam/stock/item/252/image/_/face-img,Prathiksham,BlanchedAlmond,Pure Cotton,Handblock,L,Apparel & Accessories > Clothing,Clothing & Accessories > Clothing,Female,adult,,2200.0 INR
A1-0CD-010-XL,Stygian Co-Ord Set-BlanchedAlmond,Stygian Co-Ord Set-BlanchedAlmond,out of stock,new,https://www.prathiksham.in/store/item/Stygian+Co-Ord+Set?id=253,https://www.prathiksham.in/aalam/stock/item/253/image/_/face-img,Prathiksham,BlanchedAlmond,Pure Cotton,Handblock,XL,Apparel & Accessories > Clothing,Clothing & Accessories > Clothing,Female,adult,,2200.0 INR
A1-0CD-010-XXL,Stygian Co-Ord Set-BlanchedAlmond,Stygian Co-Ord Set-BlanchedAlmond,out of stock,new,https://www.prathiksham.in/store/item/Stygian+Co-Ord+Set?id=254,https://www.prathiksham.in/aalam/stock/item/254/image/_/face-img,Prathiksham,BlanchedAlmond,Pure Cotton,Handblock,XXL,Apparel & Accessories > Clothing,Clothing & Accessories > Clothing,Female,adult,,2200.0 INR
A1-0KP-007-XS,Yellow Jhaal Kurta Set-Gold,Yellow Jhaal Kurta Set-Gold,out of stock,new,https://www.prathiksham.in/store/item/Yellow+Jhaal+Kurta+Set?id=255,https://www.prathiksham.in/aalam/stock/item/255/image/_/face-img,Prathiksham,Gold,Pure Cotton,Handblock,XS,Apparel & Accessories > Clothing,Clothing & Accessories > Clothing,Female,adult,,2800.0 INR
A1-0KP-007-S,Yellow Jhaal Kurta Set-Gold,Yellow Jhaal Kurta Set-Gold,out of stock,new,https://www.prathiksham.in/store/item/Yellow+Jhaal+Kurta+Set?id=256,https://www.prathiksham.in/aalam/stock/item/256/image/_/face-img,Prathiksham,Gold,Pure Cotton,Handblock,S,Apparel & Accessories > Clothing,Clothing & Accessories > Clothing,Female,adult,,2800.0 INR
A1-0KP-007-M,Yellow Jhaal Kurta Set-Gold,Yellow Jhaal Kurta Set-Gold,out of stock,new,https://www.prathiksham.in/store/item/Yellow+Jhaal+Kurta+Set?id=257,https://www.prathiksham.in/aalam/stock/item/257/image/_/face-img,Prathiksham,Gold,Pure Cotton,Handblock,M,Apparel & Accessories > Clothing,Clothing & Accessories > Clothing,Female,adult,,2800.0 INR
A1-0KP-007-L,Yellow Jhaal Kurta Set-Gold,Yellow Jhaal Kurta Set-Gold,out of stock,new,https://www.prathiksham.in/store/item/Yellow+Jhaal+Kurta+Set?id=258,https://www.prathiksham.in/aalam/stock/item/258/image/_/face-img,Prathiksham,Gold,Pure Cotton,Handblock,L,Apparel & Accessories > Clothing,Clothing & Accessories > Clothing,Female,adult,,2800.0 INR
A1-0KP-007-XL,Yellow Jhaal Kurta Set-Gold,Yellow Jhaal Kurta Set-Gold,out of stock,new,https://www.prathiksham.in/store/item/Yellow+Jhaal+Kurta+Set?id=259,https://www.prathiksham.in/aalam/stock/item/259/image/_/face-img,Prathiksham,Gold,Pure Cotton,Handblock,XL,Apparel & Accessories > Clothing,Clothing & Accessories > Clothing,Female,adult,,2800.0 INR
A1-0KP-007-XXL,Yellow Jhaal Kurta Set-Gold,Yellow Jhaal Kurta Set-Gold,in stock,new,https://www.prathiksham.in/store/item/Yellow+Jhaal+Kurta+Set?id=260,https://www.prathiksham.in/aalam/stock/item/260/image/_/face-img,Prathiksham,Gold,Pure Cotton,Handblock,XXL,Apparel & Accessories > Clothing,Clothing & Accessories > Clothing,Female,adult,,2800.0 INR
A1-0DR-007-XS,Lavender Muslin Dress-Lavender,Lavender Muslin Dress-Lavender,in stock,new,https://www.prathiksham.in/store/item/Lavender+Muslin+Dress?id=261,https://www.prathiksham.in/aalam/stock/item/261/image/_/face-img,Prathiksham,Lavender,Muslin,Solid,XS,Apparel & Accessories > Clothing,Clothing & Accessories > Clothing,Female,adult,,4500.0 INR
A1-0DR-007-S,Lavender Muslin Dress-Lavender,Lavender Muslin Dress-Lavender,in stock,new,https://www.prathiksham.in/store/item/Lavender+Muslin+Dress?id=262,https://www.prathiksham.in/aalam/stock/item/262/image/_/face-img,Prathiksham,Lavender,Muslin,Solid,S,Apparel & Accessories > Clothing,Clothing & Accessories > Clothing,Female,adult,,4500.0 INR
A1-0DR-007-M,Lavender Muslin Dress-Lavender,Lavender Muslin Dress-Lavender,in stock,new,https://www.prathiksham.in/store/item/Lavender+Muslin+Dress?id=263,https://www.prathiksham.in/aalam/stock/item/263/image/_/face-img,Prathiksham,Lavender,Muslin,Solid,M,Apparel & Accessories > Clothing,Clothing & Accessories > Clothing,Female,adult,,4500.0 INR
A1-0DR-007-L,Lavender Muslin Dress-Lavender,Lavender Muslin Dress-Lavender,in stock,new,https://www.prathiksham.in/store/item/Lavender+Muslin+Dress?id=264,https://www.prathiksham.in/aalam/stock/item/264/image/_/face-img,Prathiksham,Lavender,Muslin,Solid,L,Apparel & Accessories > Clothing,Clothing & Accessories > Clothing,Female,adult,,4500.0 INR
A1-0DR-007-XL,Lavender Muslin Dress-Lavender,Lavender Muslin Dress-Lavender,in stock,new,https://www.prathiksham.in/store/item/Lavender+Muslin+Dress?id=265,https://www.prathiksham.in/aalam/stock/item/265/image/_/face-img,Prathiksham,Lavender,Muslin,Solid,XL,Apparel & Accessories > Clothing,Clothing & Accessories > Clothing,Female,adult,,4500.0 INR
A1-0DR-007-XXL,Lavender Muslin Dress-Lavender,Lavender Muslin Dress-Lavender,in stock,new,https://www.prathiksham.in/store/item/Lavender+Muslin+Dress?id=266,https://www.prathiksham.in/aalam/stock/item/266/image/_/face-img,Prathiksham,Lavender,Muslin,Solid,XXL,Apparel & Accessories > Clothing,Clothing & Accessories > Clothing,Female,adult,,4500.0 INR
A1-0DR-008-XS,Peach Muslin Dress-PeachPuff,Peach Muslin Dress-PeachPuff,in stock,new,https://www.prathiksham.in/store/item/Peach+Muslin+Dress?id=267,https://www.prathiksham.in/aalam/stock/item/267/image/_/face-img,Prathiksham,PeachPuff,Muslin,Solid,XS,Apparel & Accessories > Clothing,Clothing & Accessories > Clothing,Female,adult,,4500.0 INR
A1-0DR-008-S,Peach Muslin Dress-PeachPuff,Peach Muslin Dress-PeachPuff,in stock,new,https://www.prathiksham.in/store/item/Peach+Muslin+Dress?id=268,https://www.prathiksham.in/aalam/stock/item/268/image/_/face-img,Prathiksham,PeachPuff,Muslin,Solid,S,Apparel & Accessories > Clothing,Clothing & Accessories > Clothing,Female,adult,,4500.0 INR
A1-0DR-008-M,Peach Muslin Dress-PeachPuff,Peach Muslin Dress-PeachPuff,in stock,new,https://www.prathiksham.in/store/item/Peach+Muslin+Dress?id=269,https://www.prathiksham.in/aalam/stock/item/269/image/_/face-img,Prathiksham,PeachPuff,Muslin,Solid,M,Apparel & Accessories > Clothing,Clothing & Accessories > Clothing,Female,adult,,4500.0 INR
A1-0DR-008-L,Peach Muslin Dress-PeachPuff,Peach Muslin Dress-PeachPuff,in stock,new,https://www.prathiksham.in/store/item/Peach+Muslin+Dress?id=270,https://www.prathiksham.in/aalam/stock/item/270/image/_/face-img,Prathiksham,PeachPuff,Muslin,Solid,L,Apparel & Accessories > Clothing,Clothing & Accessories > Clothing,Female,adult,,4500.0 INR
A1-0DR-008-XL,Peach Muslin Dress-PeachPuff,Peach Muslin Dress-PeachPuff,out of stock,new,https://www.prathiksham.in/store/item/Peach+Muslin+Dress?id=271,https://www.prathiksham.in/aalam/stock/item/271/image/_/face-img,Prathiksham,PeachPuff,Muslin,Solid,XL,Apparel & Accessories > Clothing,Clothing & Accessories > Clothing,Female,adult,,4500.0 INR
A1-0DR-008-XXL,Peach Muslin Dress-PeachPuff,Peach Muslin Dress-PeachPuff,in stock,new,https://www.prathiksham.in/store/item/Peach+Muslin+Dress?id=272,https://www.prathiksham.in/aalam/stock/item/272/image/_/face-img,Prathiksham,PeachPuff,Muslin,Solid,XXL,Apparel & Accessories > Clothing,Clothing & Accessories > Clothing,Female,adult,,4500.0 INR
A1-0KP-008-XS,"White & Purple 3 Piece Set-Teal,White","White & Purple 3 Piece Set-Teal,White",out of stock,new,https://www.prathiksham.in/store/item/White+%26+Purple+3+Piece+Set?id=273,https://www.prathiksham.in/aalam/stock/item/273/image/_/face-img,Prathiksham,"Teal,White",Pure Cotton,"Handblock,Stripes",XS,Apparel & Accessories > Clothing,Clothing & Accessories > Clothing,Female,adult,,3450.0 INR
A1-0KP-008-S,"White & Purple 3 Piece Set-Teal,White","White & Purple 3 Piece Set-Teal,White",out of stock,new,https://www.prathiksham.in/store/item/White+%26+Purple+3+Piece+Set?id=274,https://www.prathiksham.in/aalam/stock/item/274/image/_/face-img,Prathiksham,"Teal,White",Pure Cotton,"Stripes,Handblock",S,Apparel & Accessories > Clothing,Clothing & Accessories > Clothing,Female,adult,,3450.0 INR
A1-0KP-008-M,"White & Purple 3 Piece Set-White,Teal","White & Purple 3 Piece Set-White,Teal",out of stock,new,https://www.prathiksham.in/store/item/White+%26+Purple+3+Piece+Set?id=275,https://www.prathiksham.in/aalam/stock/item/275/image/_/face-img,Prathiksham,"White,Teal",Pure Cotton,"Stripes,Handblock",M,Apparel & Accessories > Clothing,Clothing & Accessories > Clothing,Female,adult,,3450.0 INR
A1-0KP-008-L,"White & Purple 3 Piece Set-Teal,White","White & Purple 3 Piece Set-Teal,White",out of stock,new,https://www.prathiksham.in/store/item/White+%26+Purple+3+Piece+Set?id=276,https://www.prathiksham.in/aalam/stock/item/276/image/_/face-img,Prathiksham,"Teal,White",Pure Cotton,"Handblock,Stripes",L,Apparel & Accessories > Clothing,Clothing & Accessories > Clothing,Female,adult,,3450.0 INR
A1-0KP-008-XL,"White & Purple 3 Piece Set-Teal,White","White & Purple 3 Piece Set-Teal,White",out of stock,new,https://www.prathiksham.in/store/item/White+%26+Purple+3+Piece+Set?id=277,https://www.prathiksham.in/aalam/stock/item/277/image/_/face-img,Prathiksham,"Teal,White",Pure Cotton,"Handblock,Stripes",XL,Apparel & Accessories > Clothing,Clothing & Accessories > Clothing,Female,adult,,3450.0 INR
A1-0KP-008-XXL,"White & Purple 3 Piece Set-White,Teal","White & Purple 3 Piece Set-White,Teal",out of stock,new,https://www.prathiksham.in/store/item/White+%26+Purple+3+Piece+Set?id=278,https://www.prathiksham.in/aalam/stock/item/278/image/_/face-img,Prathiksham,"White,Teal",Pure Cotton,"Stripes,Handblock",XXL,Apparel & Accessories > Clothing,Clothing & Accessories > Clothing,Female,adult,,3450.0 INR
A1-0CD-011-XS,Purple Ikat Co-Ord Set-Purple,Purple Ikat Co-Ord Set-Purple,in stock,new,https://www.prathiksham.in/store/item/Purple+Ikat+Co-Ord+Set?id=279,https://www.prathiksham.in/aalam/stock/item/279/image/_/face-img,Prathiksham,Purple,Cotton,Ikkat,XS,Apparel & Accessories > Clothing,Clothing & Accessories > Clothing,Female,adult,,1400.0 INR
A1-0CD-011-S,Purple Ikat Co-Ord Set-Purple,Purple Ikat Co-Ord Set-Purple,out of stock,new,https://www.prathiksham.in/store/item/Purple+Ikat+Co-Ord+Set?id=280,https://www.prathiksham.in/aalam/stock/item/280/image/_/face-img,Prathiksham,Purple,Cotton,Ikkat,S,Apparel & Accessories > Clothing,Clothing & Accessories > Clothing,Female,adult,,1400.0 INR
A1-0CD-011-M,Purple Ikat Co-Ord Set-Purple,Purple Ikat Co-Ord Set-Purple,out of stock,new,https://www.prathiksham.in/store/item/Purple+Ikat+Co-Ord+Set?id=281,https://www.prathiksham.in/aalam/stock/item/281/image/_/face-img,Prathiksham,Purple,Cotton,Ikkat,M,Apparel & Accessories > Clothing,Clothing & Accessories > Clothing,Female,adult,,1400.0 INR
A1-0CD-011-L,Purple Ikat Co-Ord Set-Purple,Purple Ikat Co-Ord Set-Purple,in stock,new,https://www.prathiksham.in/store/item/Purple+Ikat+Co-Ord+Set?id=282,https://www.prathiksham.in/aalam/stock/item/282/image/_/face-img,Prathiksham,Purple,Cotton,Ikkat,L,Apparel & Accessories > Clothing,Clothing & Accessories > Clothing,Female,adult,,1400.0 INR
A1-0CD-011-XL,Purple Ikat Co-Ord Set-Purple,Purple Ikat Co-Ord Set-Purple,out of stock,new,https://www.prathiksham.in/store/item/Purple+Ikat+Co-Ord+Set?id=283,https://www.prathiksham.in/aalam/stock/item/283/image/_/face-img,Prathiksham,Purple,Cotton,Ikkat,XL,Apparel & Accessories > Clothing,Clothing & Accessories > Clothing,Female,adult,,1400.0 INR
A1-0CD-011-XXL,Purple Ikat Co-Ord Set-Purple,Purple Ikat Co-Ord Set-Purple,out of stock,new,https://www.prathiksham.in/store/item/Purple+Ikat+Co-Ord+Set?id=284,https://www.prathiksham.in/aalam/stock/item/284/image/_/face-img,Prathiksham,Purple,Cotton,Ikkat,XXL,Apparel & Accessories > Clothing,Clothing & Accessories > Clothing,Female,adult,,1400.0 INR
A1-00K-011-XS,Yellow Tree Kurta-Yellow,Yellow Tree Kurta-Yellow,in stock,new,https://www.prathiksham.in/store/item/Yellow+Tree+Kurta?id=285,https://www.prathiksham.in/aalam/stock/item/285/image/_/face-img,Prathiksham,Yellow,Pure Cotton,Handblock,XS,Apparel & Accessories > Clothing,Clothing & Accessories > Clothing,Female,adult,,1800.0 INR
A1-00K-011-S,Yellow Tree Kurta-Yellow,Yellow Tree Kurta-Yellow,out of stock,new,https://www.prathiksham.in/store/item/Yellow+Tree+Kurta?id=286,https://www.prathiksham.in/aalam/stock/item/286/image/_/face-img,Prathiksham,Yellow,Pure Cotton,Handblock,S,Apparel & Accessories > Clothing,Clothing & Accessories > Clothing,Female,adult,,1800.0 INR
A1-00K-011-M,Yellow Tree Kurta-Yellow,Yellow Tree Kurta-Yellow,out of stock,new,https://www.prathiksham.in/store/item/Yellow+Tree+Kurta?id=287,https://www.prathiksham.in/aalam/stock/item/287/image/_/face-img,Prathiksham,Yellow,Pure Cotton,Handblock,M,Apparel & Accessories > Clothing,Clothing & Accessories > Clothing,Female,adult,,1800.0 INR
A1-00K-011-L,Yellow Tree Kurta-Yellow,Yellow Tree Kurta-Yellow,out of stock,new,https://www.prathiksham.in/store/item/Yellow+Tree+Kurta?id=288,https://www.prathiksham.in/aalam/stock/item/288/image/_/face-img,Prathiksham,Yellow,Pure Cotton,Handblock,L,Apparel & Accessories > Clothing,Clothing & Accessories > Clothing,Female,adult,,1800.0 INR
A1-00K-011-XL,Yellow Tree Kurta-Yellow,Yellow Tree Kurta-Yellow,out of stock,new,https://www.prathiksham.in/store/item/Yellow+Tree+Kurta?id=289,https://www.prathiksham.in/aalam/stock/item/289/image/_/face-img,Prathiksham,Yellow,Pure Cotton,Handblock,XL,Apparel & Accessories > Clothing,Clothing & Accessories > Clothing,Female,adult,,1800.0 INR
A1-00K-011-XXL,Yellow Tree Kurta-Yellow,Yellow Tree Kurta-Yellow,out of stock,new,https://www.prathiksham.in/store/item/Yellow+Tree+Kurta?id=290,https://www.prathiksham.in/aalam/stock/item/290/image/_/face-img,Prathiksham,Yellow,Pure Cotton,Handblock,XXL,Apparel & Accessories > Clothing,Clothing & Accessories > Clothing,Female,adult,,1800.0 INR
A1-00K-012-XS,Purple Tree Kurta-Purple,Purple Tree Kurta-Purple,in stock,new,https://www.prathiksham.in/store/item/Purple+Tree+Kurta?id=291,https://www.prathiksham.in/aalam/stock/item/291/image/_/face-img,Prathiksham,Purple,Pure Cotton,Handblock,XS,Apparel & Accessories > Clothing,Clothing & Accessories > Clothing,Female,adult,,2000.0 INR
A1-00K-012-S,Purple Tree Kurta-Purple,Purple Tree Kurta-Purple,in stock,new,https://www.prathiksham.in/store/item/Purple+Tree+Kurta?id=292,https://www.prathiksham.in/aalam/stock/item/292/image/_/face-img,Prathiksham,Purple,Pure Cotton,Handblock,S,Apparel & Accessories > Clothing,Clothing & Accessories > Clothing,Female,adult,,2000.0 INR
A1-00K-012-M,Purple Tree Kurta-Purple,Purple Tree Kurta-Purple,in stock,new,https://www.prathiksham.in/store/item/Purple+Tree+Kurta?id=293,https://www.prathiksham.in/aalam/stock/item/293/image/_/face-img,Prathiksham,Purple,Pure Cotton,Handblock,M,Apparel & Accessories > Clothing,Clothing & Accessories > Clothing,Female,adult,,2000.0 INR
A1-00K-012-L,Purple Tree Kurta-Purple,Purple Tree Kurta-Purple,in stock,new,https://www.prathiksham.in/store/item/Purple+Tree+Kurta?id=294,https://www.prathiksham.in/aalam/stock/item/294/image/_/face-img,Prathiksham,Purple,Pure Cotton,Handblock,L,Apparel & Accessories > Clothing,Clothing & Accessories > Clothing,Female,adult,,2000.0 INR
A1-00K-012-XL,Purple Tree Kurta-Purple,Purple Tree Kurta-Purple,in stock,new,https://www.prathiksham.in/store/item/Purple+Tree+Kurta?id=295,https://www.prathiksham.in/aalam/stock/item/295/image/_/face-img,Prathiksham,Purple,Pure Cotton,Handblock,XL,Apparel & Accessories > Clothing,Clothing & Accessories > Clothing,Female,adult,,2000.0 INR
A1-00K-012-XXL,Purple Tree Kurta-Purple,Purple Tree Kurta-Purple,in stock,new,https://www.prathiksham.in/store/item/Purple+Tree+Kurta?id=296,https://www.prathiksham.in/aalam/stock/item/296/image/_/face-img,Prathiksham,Purple,Pure Cotton,Handblock,XXL,Apparel & Accessories > Clothing,Clothing & Accessories > Clothing,Female,adult,,2000.0 INR
A1-0KP-009-XS,Bougainvillea Floral Kurta Set-DarkMagenta,Bougainvillea Floral Kurta Set-DarkMagenta,out of stock,new,https://www.prathiksham.in/store/item/Bougainvillea+Floral+Kurta+Set?id=297,https://www.prathiksham.in/aalam/stock/item/297/image/_/face-img,Prathiksham,DarkMagenta,Pure Cotton,Handblock,XS,Apparel & Accessories > Clothing,Clothing & Accessories > Clothing,Female,adult,,3200.0 INR
A1-0KP-009-S,Bougainvillea Floral Kurta Set-DarkMagenta,Bougainvillea Floral Kurta Set-DarkMagenta,out of stock,new,https://www.prathiksham.in/store/item/Bougainvillea+Floral+Kurta+Set?id=298,https://www.prathiksham.in/aalam/stock/item/298/image/_/face-img,Prathiksham,DarkMagenta,Pure Cotton,Handblock,S,Apparel & Accessories > Clothing,Clothing & Accessories > Clothing,Female,adult,,3200.0 INR
A1-0KP-009-M,Bougainvillea Floral Kurta Set-DarkMagenta,Bougainvillea Floral Kurta Set-DarkMagenta,out of stock,new,https://www.prathiksham.in/store/item/Bougainvillea+Floral+Kurta+Set?id=299,https://www.prathiksham.in/aalam/stock/item/299/image/_/face-img,Prathiksham,DarkMagenta,Pure Cotton,Handblock,M,Apparel & Accessories > Clothing,Clothing & Accessories > Clothing,Female,adult,,3200.0 INR
A1-0KP-009-L,Bougainvillea Floral Kurta Set-DarkMagenta,Bougainvillea Floral Kurta Set-DarkMagenta,out of stock,new,https://www.prathiksham.in/store/item/Bougainvillea+Floral+Kurta+Set?id=300,https://www.prathiksham.in/aalam/stock/item/300/image/_/face-img,Prathiksham,DarkMagenta,Pure Cotton,Handblock,L,Apparel & Accessories > Clothing,Clothing & Accessories > Clothing,Female,adult,,3200.0 INR
A1-0KP-009-XL,Bougainvillea Floral Kurta Set-DarkMagenta,Bougainvillea Floral Kurta Set-DarkMagenta,out of stock,new,https://www.prathiksham.in/store/item/Bougainvillea+Floral+Kurta+Set?id=301,https://www.prathiksham.in/aalam/stock/item/301/image/_/face-img,Prathiksham,DarkMagenta,Pure Cotton,Handblock,XL,Apparel & Accessories > Clothing,Clothing & Accessories > Clothing,Female,adult,,3200.0 INR
A1-0KP-009-XXL,Bougainvillea Floral Kurta Set-DarkMagenta,Bougainvillea Floral Kurta Set-DarkMagenta,out of stock,new,https://www.prathiksham.in/store/item/Bougainvillea+Floral+Kurta+Set?id=302,https://www.prathiksham.in/aalam/stock/item/302/image/_/face-img,Prathiksham,DarkMagenta,Pure Cotton,Handblock,XXL,Apparel & Accessories > Clothing,Clothing & Accessories > Clothing,Female,adult,,3200.0 INR
A1-00K-013-XS,Moss Poet Kurta-White,Moss Poet Kurta-White,out of stock,new,https://www.prathiksham.in/store/item/Moss+Poet+Kurta?id=303,https://www.prathiksham.in/aalam/stock/item/303/image/_/face-img,Prathiksham,White,Pure Cotton,Handblock,XS,Apparel & Accessories > Clothing,Clothing & Accessories > Clothing,Female,adult,,2800.0 INR
A1-00K-013-S,Moss Poet Kurta-White,Moss Poet Kurta-White,out of stock,new,https://www.prathiksham.in/store/item/Moss+Poet+Kurta?id=304,https://www.prathiksham.in/aalam/stock/item/304/image/_/face-img,Prathiksham,White,Pure Cotton,Handblock,S,Apparel & Accessories > Clothing,Clothing & Accessories > Clothing,Female,adult,,2800.0 INR
A1-00K-013-M,Moss Poet Kurta-White,Moss Poet Kurta-White,out of stock,new,https://www.prathiksham.in/store/item/Moss+Poet+Kurta?id=305,https://www.prathiksham.in/aalam/stock/item/305/image/_/face-img,Prathiksham,White,Pure Cotton,Handblock,M,Apparel & Accessories > Clothing,Clothing & Accessories > Clothing,Female,adult,,2800.0 INR
A1-00K-013-L,Moss Poet Kurta-White,Moss Poet Kurta-White,out of stock,new,https://www.prathiksham.in/store/item/Moss+Poet+Kurta?id=306,https://www.prathiksham.in/aalam/stock/item/306/image/_/face-img,Prathiksham,White,Pure Cotton,Handblock,L,Apparel & Accessories > Clothing,Clothing & Accessories > Clothing,Female,adult,,2800.0 INR
A1-00K-013-XL,Moss Poet Kurta-White,Moss Poet Kurta-White,out of stock,new,https://www.prathiksham.in/store/item/Moss+Poet+Kurta?id=307,https://www.prathiksham.in/aalam/stock/item/307/image/_/face-img,Prathiksham,White,Pure Cotton,Handblock,XL,Apparel & Accessories > Clothing,Clothing & Accessories > Clothing,Female,adult,,2800.0 INR
A1-00K-013-XXL,Moss Poet Kurta-White,Moss Poet Kurta-White,out of stock,new,https://www.prathiksham.in/store/item/Moss+Poet+Kurta?id=308,https://www.prathiksham.in/aalam/stock/item/308/image/_/face-img,Prathiksham,White,Pure Cotton,Handblock,XXL,Apparel & Accessories > Clothing,Clothing & Accessories > Clothing,Female,adult,,2800.0 INR
A1-0DR-009-XS,Sorbet Yellow Dress-Bright LemonChiffon,Sorbet Yellow Dress-Bright LemonChiffon,out of stock,new,https://www.prathiksham.in/store/item/Sorbet+Yellow+Dress?id=309,https://www.prathiksham.in/aalam/stock/item/309/image/_/face-img,Prathiksham,Bright LemonChiffon,Kota Cotton,Solid,XS,Apparel & Accessories > Clothing,Clothing & Accessories > Clothing,Female,adult,,5500.0 INR
A1-0DR-009-S,Sorbet Yellow Dress-Bright LemonChiffon,Sorbet Yellow Dress-Bright LemonChiffon,out of stock,new,https://www.prathiksham.in/store/item/Sorbet+Yellow+Dress?id=310,https://www.prathiksham.in/aalam/stock/item/310/image/_/face-img,Prathiksham,Bright LemonChiffon,Kota Cotton,Solid,S,Apparel & Accessories > Clothing,Clothing & Accessories > Clothing,Female,adult,,5500.0 INR
A1-0DR-009-M,Sorbet Yellow Dress-Bright LemonChiffon,Sorbet Yellow Dress-Bright LemonChiffon,out of stock,new,https://www.prathiksham.in/store/item/Sorbet+Yellow+Dress?id=311,https://www.prathiksham.in/aalam/stock/item/311/image/_/face-img,Prathiksham,Bright LemonChiffon,Kota Cotton,Solid,M,Apparel & Accessories > Clothing,Clothing & Accessories > Clothing,Female,adult,,5500.0 INR
A1-0DR-009-L,Sorbet Yellow Dress-Bright LemonChiffon,Sorbet Yellow Dress-Bright LemonChiffon,out of stock,new,https://www.prathiksham.in/store/item/Sorbet+Yellow+Dress?id=312,https://www.prathiksham.in/aalam/stock/item/312/image/_/face-img,Prathiksham,Bright LemonChiffon,Kota Cotton,Solid,L,Apparel & Accessories > Clothing,Clothing & Accessories > Clothing,Female,adult,,5500.0 INR
A1-0DR-009-XL,Sorbet Yellow Dress-Bright LemonChiffon,Sorbet Yellow Dress-Bright LemonChiffon,out of stock,new,https://www.prathiksham.in/store/item/Sorbet+Yellow+Dress?id=313,https://www.prathiksham.in/aalam/stock/item/313/image/_/face-img,Prathiksham,Bright LemonChiffon,Kota Cotton,Solid,XL,Apparel & Accessories > Clothing,Clothing & Accessories > Clothing,Female,adult,,5500.0 INR
A1-0DR-009-XXL,Sorbet Yellow Dress-Bright LemonChiffon,Sorbet Yellow Dress-Bright LemonChiffon,out of stock,new,https://www.prathiksham.in/store/item/Sorbet+Yellow+Dress?id=314,https://www.prathiksham.in/aalam/stock/item/314/image/_/face-img,Prathiksham,Bright LemonChiffon,Kota Cotton,Solid,XXL,Apparel & Accessories > Clothing,Clothing & Accessories > Clothing,Female,adult,,5500.0 INR
A1-00K-014-XS,Leaf Patch Kurta-Black,Leaf Patch Kurta-Black,out of stock,new,https://www.prathiksham.in/store/item/Leaf+Patch+Kurta?id=315,https://www.prathiksham.in/aalam/stock/item/315/image/_/face-img,Prathiksham,Black,Muslin,Solid,XS,Apparel & Accessories > Clothing,Clothing & Accessories > Clothing,Female,adult,,3199.0 INR
A1-00K-014-S,Leaf Patch Kurta-Black,Leaf Patch Kurta-Black,out of stock,new,https://www.prathiksham.in/store/item/Leaf+Patch+Kurta?id=316,https://www.prathiksham.in/aalam/stock/item/316/image/_/face-img,Prathiksham,Black,Muslin,Solid,S,Apparel & Accessories > Clothing,Clothing & Accessories > Clothing,Female,adult,,3199.0 INR
A1-00K-014-M,Leaf Patch Kurta-Black,Leaf Patch Kurta-Black,out of stock,new,https://www.prathiksham.in/store/item/Leaf+Patch+Kurta?id=317,https://www.prathiksham.in/aalam/stock/item/317/image/_/face-img,Prathiksham,Black,Muslin,Solid,M,Apparel & Accessories > Clothing,Clothing & Accessories > Clothing,Female,adult,,3199.0 INR
A1-00K-014-L,Leaf Patch Kurta-Black,Leaf Patch Kurta-Black,out of stock,new,https://www.prathiksham.in/store/item/Leaf+Patch+Kurta?id=318,https://www.prathiksham.in/aalam/stock/item/318/image/_/face-img,Prathiksham,Black,Muslin,Solid,L,Apparel & Accessories > Clothing,Clothing & Accessories > Clothing,Female,adult,,3199.0 INR
A1-00K-014-XL,Leaf Patch Kurta-Black,Leaf Patch Kurta-Black,out of stock,new,https://www.prathiksham.in/store/item/Leaf+Patch+Kurta?id=319,https://www.prathiksham.in/aalam/stock/item/319/image/_/face-img,Prathiksham,Black,Muslin,Solid,XL,Apparel & Accessories > Clothing,Clothing & Accessories > Clothing,Female,adult,,3199.0 INR
A1-00K-014-XXL,Leaf Patch Kurta-Black,Leaf Patch Kurta-Black,out of stock,new,https://www.prathiksham.in/store/item/Leaf+Patch+Kurta?id=320,https://www.prathiksham.in/aalam/stock/item/320/image/_/face-img,Prathiksham,Black,Muslin,Solid,XXL,Apparel & Accessories > Clothing,Clothing & Accessories > Clothing,Female,adult,,3199.0 INR
A1-0DR-010-XS,Blush Green Pleated Dress-MediumAquaMarine,Blush Green Pleated Dress-MediumAquaMarine,out of stock,new,https://www.prathiksham.in/store/item/Blush+Green+Pleated+Dress?id=321,https://www.prathiksham.in/aalam/stock/item/321/image/_/face-img,Prathiksham,MediumAquaMarine,Muslin,Solid,XS,Apparel & Accessories > Clothing,Clothing & Accessories > Clothing,Female,adult,,5800.0 INR
A1-0DR-010-S,Blush Green Pleated Dress-MediumAquaMarine,Blush Green Pleated Dress-MediumAquaMarine,out of stock,new,https://www.prathiksham.in/store/item/Blush+Green+Pleated+Dress?id=322,https://www.prathiksham.in/aalam/stock/item/322/image/_/face-img,Prathiksham,MediumAquaMarine,Muslin,Solid,S,Apparel & Accessories > Clothing,Clothing & Accessories > Clothing,Female,adult,,5800.0 INR
A1-0DR-010-M,Blush Green Pleated Dress-MediumAquaMarine,Blush Green Pleated Dress-MediumAquaMarine,out of stock,new,https://www.prathiksham.in/store/item/Blush+Green+Pleated+Dress?id=323,https://www.prathiksham.in/aalam/stock/item/323/image/_/face-img,Prathiksham,MediumAquaMarine,Muslin,Solid,M,Apparel & Accessories > Clothing,Clothing & Accessories > Clothing,Female,adult,,5800.0 INR
A1-0DR-010-L,Blush Green Pleated Dress-MediumAquaMarine,Blush Green Pleated Dress-MediumAquaMarine,out of stock,new,https://www.prathiksham.in/store/item/Blush+Green+Pleated+Dress?id=324,https://www.prathiksham.in/aalam/stock/item/324/image/_/face-img,Prathiksham,MediumAquaMarine,Muslin,Solid,L,Apparel & Accessories > Clothing,Clothing & Accessories > Clothing,Female,adult,,5800.0 INR
A1-0DR-010-XL,Blush Green Pleated Dress-MediumAquaMarine,Blush Green Pleated Dress-MediumAquaMarine,out of stock,new,https://www.prathiksham.in/store/item/Blush+Green+Pleated+Dress?id=325,https://www.prathiksham.in/aalam/stock/item/325/image/_/face-img,Prathiksham,MediumAquaMarine,Muslin,Solid,XL,Apparel & Accessories > Clothing,Clothing & Accessories > Clothing,Female,adult,,5800.0 INR
A1-0DR-010-XXL,Blush Green Pleated Dress-MediumAquaMarine,Blush Green Pleated Dress-MediumAquaMarine,out of stock,new,https://www.prathiksham.in/store/item/Blush+Green+Pleated+Dress?id=326,https://www.prathiksham.in/aalam/stock/item/326/image/_/face-img,Prathiksham,MediumAquaMarine,Muslin,Solid,XXL,Apparel & Accessories > Clothing,Clothing & Accessories > Clothing,Female,adult,,5800.0 INR
A1-00K-015-XS,Blue Lotus Printed Kurta-Aqua,Blue Lotus Printed Kurta-Aqua,in stock,new,https://www.prathiksham.in/store/item/Blue+Lotus+Printed+Kurta?id=327,https://www.prathiksham.in/aalam/stock/item/327/image/_/face-img,Prathiksham,Aqua,Cotton,Floral,XS,Apparel & Accessories > Clothing,Clothing & Accessories > Clothing,Female,adult,,1367.0 INR
A1-00K-015-S,Blue Lotus Printed Kurta-Aqua,Blue Lotus Printed Kurta-Aqua,in stock,new,https://www.prathiksham.in/store/item/Blue+Lotus+Printed+Kurta?id=328,https://www.prathiksham.in/aalam/stock/item/328/image/_/face-img,Prathiksham,Aqua,Cotton,Floral,S,Apparel & Accessories > Clothing,Clothing & Accessories > Clothing,Female,adult,,1367.0 INR
A1-00K-015-M,Blue Lotus Printed Kurta-Aqua,Blue Lotus Printed Kurta-Aqua,in stock,new,https://www.prathiksham.in/store/item/Blue+Lotus+Printed+Kurta?id=329,https://www.prathiksham.in/aalam/stock/item/329/image/_/face-img,Prathiksham,Aqua,Cotton,Floral,M,Apparel & Accessories > Clothing,Clothing & Accessories > Clothing,Female,adult,,1367.0 INR
A1-00K-015-L,Blue Lotus Printed Kurta-Aqua,Blue Lotus Printed Kurta-Aqua,in stock,new,https://www.prathiksham.in/store/item/Blue+Lotus+Printed+Kurta?id=330,https://www.prathiksham.in/aalam/stock/item/330/image/_/face-img,Prathiksham,Aqua,Cotton,Floral,L,Apparel & Accessories > Clothing,Clothing & Accessories > Clothing,Female,adult,,1367.0 INR
A1-00K-015-XL,Blue Lotus Printed Kurta-Aqua,Blue Lotus Printed Kurta-Aqua,in stock,new,https://www.prathiksham.in/store/item/Blue+Lotus+Printed+Kurta?id=331,https://www.prathiksham.in/aalam/stock/item/331/image/_/face-img,Prathiksham,Aqua,Cotton,Floral,XL,Apparel & Accessories > Clothing,Clothing & Accessories > Clothing,Female,adult,,1367.0 INR
A1-00K-015-XXL,Blue Lotus Printed Kurta-Aqua,Blue Lotus Printed Kurta-Aqua,in stock,new,https://www.prathiksham.in/store/item/Blue+Lotus+Printed+Kurta?id=332,https://www.prathiksham.in/aalam/stock/item/332/image/_/face-img,Prathiksham,Aqua,Cotton,Floral,XXL,Apparel & Accessories > Clothing,Clothing & Accessories > Clothing,Female,adult,,1367.0 INR
A1-00K-016-XS,Green & Peach Floral Kurta-ForestGreen,Green & Peach Floral Kurta-ForestGreen,out of stock,new,https://www.prathiksham.in/store/item/Green+%26+Peach+Floral+Kurta?id=333,https://www.prathiksham.in/aalam/stock/item/333/image/_/face-img,Prathiksham,ForestGreen,Cotton,Floral,XS,Apparel & Accessories > Clothing,Clothing & Accessories > Clothing,Female,adult,,1599.0 INR
A1-00K-016-S,Green & Peach Floral Kurta-ForestGreen,Green & Peach Floral Kurta-ForestGreen,out of stock,new,https://www.prathiksham.in/store/item/Green+%26+Peach+Floral+Kurta?id=334,https://www.prathiksham.in/aalam/stock/item/334/image/_/face-img,Prathiksham,ForestGreen,Cotton,Floral,S,Apparel & Accessories > Clothing,Clothing & Accessories > Clothing,Female,adult,,1599.0 INR
A1-00K-016-M,Green & Peach Floral Kurta-ForestGreen,Green & Peach Floral Kurta-ForestGreen,out of stock,new,https://www.prathiksham.in/store/item/Green+%26+Peach+Floral+Kurta?id=335,https://www.prathiksham.in/aalam/stock/item/335/image/_/face-img,Prathiksham,ForestGreen,Cotton,Floral,M,Apparel & Accessories > Clothing,Clothing & Accessories > Clothing,Female,adult,,1599.0 INR
A1-00K-016-L,Green & Peach Floral Kurta-ForestGreen,Green & Peach Floral Kurta-ForestGreen,out of stock,new,https://www.prathiksham.in/store/item/Green+%26+Peach+Floral+Kurta?id=336,https://www.prathiksham.in/aalam/stock/item/336/image/_/face-img,Prathiksham,ForestGreen,Cotton,Floral,L,Apparel & Accessories > Clothing,Clothing & Accessories > Clothing,Female,adult,,1599.0 INR
A1-00K-016-XL,Green & Peach Floral Kurta-ForestGreen,Green & Peach Floral Kurta-ForestGreen,out of stock,new,https://www.prathiksham.in/store/item/Green+%26+Peach+Floral+Kurta?id=337,https://www.prathiksham.in/aalam/stock/item/337/image/_/face-img,Prathiksham,ForestGreen,Cotton,Floral,XL,Apparel & Accessories > Clothing,Clothing & Accessories > Clothing,Female,adult,,1599.0 INR
A1-00K-016-XXL,Green & Peach Floral Kurta-ForestGreen,Green & Peach Floral Kurta-ForestGreen,out of stock,new,https://www.prathiksham.in/store/item/Green+%26+Peach+Floral+Kurta?id=338,https://www.prathiksham.in/aalam/stock/item/338/image/_/face-img,Prathiksham,ForestGreen,Cotton,Floral,XXL,Apparel & Accessories > Clothing,Clothing & Accessories > Clothing,Female,adult,,1599.0 INR
A1-0CD-012-XS,Peach Pleated Kurtha Co-Ord Set-LightPink,Peach Pleated Kurtha Co-Ord Set-LightPink,in stock,new,https://www.prathiksham.in/store/item/Peach+Pleated+Kurtha+Co-Ord+Set?id=339,https://www.prathiksham.in/aalam/stock/item/339/image/_/face-img,Prathiksham,LightPink,Pure Cotton,Solid,XS,Apparel & Accessories > Clothing,Clothing & Accessories > Clothing,Female,adult,,2299.0 INR
A1-0CD-012-S,Peach Pleated Kurtha Co-Ord Set-LightPink,Peach Pleated Kurtha Co-Ord Set-LightPink,in stock,new,https://www.prathiksham.in/store/item/Peach+Pleated+Kurtha+Co-Ord+Set?id=340,https://www.prathiksham.in/aalam/stock/item/340/image/_/face-img,Prathiksham,LightPink,Pure Cotton,Solid,S,Apparel & Accessories > Clothing,Clothing & Accessories > Clothing,Female,adult,,2299.0 INR
A1-0CD-012-M,Peach Pleated Kurtha Co-Ord Set-LightPink,Peach Pleated Kurtha Co-Ord Set-LightPink,in stock,new,https://www.prathiksham.in/store/item/Peach+Pleated+Kurtha+Co-Ord+Set?id=341,https://www.prathiksham.in/aalam/stock/item/341/image/_/face-img,Prathiksham,LightPink,Pure Cotton,Solid,M,Apparel & Accessories > Clothing,Clothing & Accessories > Clothing,Female,adult,,2299.0 INR
A1-0CD-012-L,Peach Pleated Kurtha Co-Ord Set-LightPink,Peach Pleated Kurtha Co-Ord Set-LightPink,in stock,new,https://www.prathiksham.in/store/item/Peach+Pleated+Kurtha+Co-Ord+Set?id=342,https://www.prathiksham.in/aalam/stock/item/342/image/_/face-img,Prathiksham,LightPink,Pure Cotton,Solid,L,Apparel & Accessories > Clothing,Clothing & Accessories > Clothing,Female,adult,,2299.0 INR
A1-0CD-012-XL,Peach Pleated Kurtha Co-Ord Set-LightPink,Peach Pleated Kurtha Co-Ord Set-LightPink,in stock,new,https://www.prathiksham.in/store/item/Peach+Pleated+Kurtha+Co-Ord+Set?id=343,https://www.prathiksham.in/aalam/stock/item/343/image/_/face-img,Prathiksham,LightPink,Pure Cotton,Solid,XL,Apparel & Accessories > Clothing,Clothing & Accessories > Clothing,Female,adult,,2299.0 INR
A1-0CD-012-XXL,Peach Pleated Kurtha Co-Ord Set-LightPink,Peach Pleated Kurtha Co-Ord Set-LightPink,in stock,new,https://www.prathiksham.in/store/item/Peach+Pleated+Kurtha+Co-Ord+Set?id=344,https://www.prathiksham.in/aalam/stock/item/344/image/_/face-img,Prathiksham,LightPink,Pure Cotton,Solid,XXL,Apparel & Accessories > Clothing,Clothing & Accessories > Clothing,Female,adult,,2299.0 INR
A1-0KP-010-XS,Yellow Handloom Kurta Set-Gold,Yellow Handloom Kurta Set-Gold,out of stock,new,https://www.prathiksham.in/store/item/Yellow+Handloom+Kurta+Set?id=345,https://www.prathiksham.in/aalam/stock/item/345/image/_/face-img,Prathiksham,Gold,Handloom Cotton,"Solid,Stripes",XS,Apparel & Accessories > Clothing,Clothing & Accessories > Clothing,Female,adult,,2299.0 INR
A1-0KP-010-S,Yellow Handloom Kurta Set-Gold,Yellow Handloom Kurta Set-Gold,in stock,new,https://www.prathiksham.in/store/item/Yellow+Handloom+Kurta+Set?id=346,https://www.prathiksham.in/aalam/stock/item/346/image/_/face-img,Prathiksham,Gold,Handloom Cotton,"Solid,Stripes",S,Apparel & Accessories > Clothing,Clothing & Accessories > Clothing,Female,adult,,2299.0 INR
A1-0KP-010-M,Yellow Handloom Kurta Set-Gold,Yellow Handloom Kurta Set-Gold,in stock,new,https://www.prathiksham.in/store/item/Yellow+Handloom+Kurta+Set?id=347,https://www.prathiksham.in/aalam/stock/item/347/image/_/face-img,Prathiksham,Gold,Handloom Cotton,"Solid,Stripes",M,Apparel & Accessories > Clothing,Clothing & Accessories > Clothing,Female,adult,,2299.0 INR
A1-0KP-010-L,Yellow Handloom Kurta Set-Gold,Yellow Handloom Kurta Set-Gold,in stock,new,https://www.prathiksham.in/store/item/Yellow+Handloom+Kurta+Set?id=348,https://www.prathiksham.in/aalam/stock/item/348/image/_/face-img,Prathiksham,Gold,Handloom Cotton,"Solid,Stripes",L,Apparel & Accessories > Clothing,Clothing & Accessories > Clothing,Female,adult,,2299.0 INR
A1-0KP-010-XL,Yellow Handloom Kurta Set-Gold,Yellow Handloom Kurta Set-Gold,in stock,new,https://www.prathiksham.in/store/item/Yellow+Handloom+Kurta+Set?id=349,https://www.prathiksham.in/aalam/stock/item/349/image/_/face-img,Prathiksham,Gold,Handloom Cotton,"Solid,Stripes",XL,Apparel & Accessories > Clothing,Clothing & Accessories > Clothing,Female,adult,,2299.0 INR
A1-0KP-010-XXL,Yellow Handloom Kurta Set-Gold,Yellow Handloom Kurta Set-Gold,in stock,new,https://www.prathiksham.in/store/item/Yellow+Handloom+Kurta+Set?id=350,https://www.prathiksham.in/aalam/stock/item/350/image/_/face-img,Prathiksham,Gold,Handloom Cotton,"Stripes,Solid",XXL,Apparel & Accessories > Clothing,Clothing & Accessories > Clothing,Female,adult,,2299.0 INR
A1-00K-017-XS,Turquoise Blue Kanchi Kurta-Teal,Turquoise Blue Kanchi Kurta-Teal,in stock,new,https://www.prathiksham.in/store/item/Turquoise+Blue+Kanchi+Kurta?id=351,https://www.prathiksham.in/aalam/stock/item/351/image/_/face-img,Prathiksham,Teal,Pure Cotton,Solid,XS,Apparel & Accessories > Clothing,Clothing & Accessories > Clothing,Female,adult,,1699.0 INR
A1-00K-017-S,Turquoise Blue Kanchi Kurta-Teal,Turquoise Blue Kanchi Kurta-Teal,in stock,new,https://www.prathiksham.in/store/item/Turquoise+Blue+Kanchi+Kurta?id=352,https://www.prathiksham.in/aalam/stock/item/352/image/_/face-img,Prathiksham,Teal,Pure Cotton,Solid,S,Apparel & Accessories > Clothing,Clothing & Accessories > Clothing,Female,adult,,1699.0 INR
A1-00K-017-M,Turquoise Blue Kanchi Kurta-Teal,Turquoise Blue Kanchi Kurta-Teal,in stock,new,https://www.prathiksham.in/store/item/Turquoise+Blue+Kanchi+Kurta?id=353,https://www.prathiksham.in/aalam/stock/item/353/image/_/face-img,Prathiksham,Teal,Pure Cotton,Solid,M,Apparel & Accessories > Clothing,Clothing & Accessories > Clothing,Female,adult,,1699.0 INR
A1-00K-017-L,Turquoise Blue Kanchi Kurta-Teal,Turquoise Blue Kanchi Kurta-Teal,out of stock,new,https://www.prathiksham.in/store/item/Turquoise+Blue+Kanchi+Kurta?id=354,https://www.prathiksham.in/aalam/stock/item/354/image/_/face-img,Prathiksham,Teal,Pure Cotton,Solid,L,Apparel & Accessories > Clothing,Clothing & Accessories > Clothing,Female,adult,,1699.0 INR
A1-00K-017-XL,Turquoise Blue Kanchi Kurta-Teal,Turquoise Blue Kanchi Kurta-Teal,out of stock,new,https://www.prathiksham.in/store/item/Turquoise+Blue+Kanchi+Kurta?id=355,https://www.prathiksham.in/aalam/stock/item/355/image/_/face-img,Prathiksham,Teal,Pure Cotton,Solid,XL,Apparel & Accessories > Clothing,Clothing & Accessories > Clothing,Female,adult,,1699.0 INR
A1-00K-017-XXL,Turquoise Blue Kanchi Kurta-Teal,Turquoise Blue Kanchi Kurta-Teal,out of stock,new,https://www.prathiksham.in/store/item/Turquoise+Blue+Kanchi+Kurta?id=356,https://www.prathiksham.in/aalam/stock/item/356/image/_/face-img,Prathiksham,Teal,Pure Cotton,Solid,XXL,Apparel & Accessories > Clothing,Clothing & Accessories > Clothing,Female,adult,,1699.0 INR
A1-00K-018-XS -1,Grey Budda Handloom Kurta -1-LightSteelBlue,Grey Budda Handloom Kurta -1-LightSteelBlue,out of stock,new,https://www.prathiksham.in/store/item/Grey+Budda+Handloom+Kurta+-1?id=357,https://www.prathiksham.in/aalam/stock/item/357/image/_/face-img,Prathiksham,LightSteelBlue,Handloom Cotton,Woven Butta,XS,Apparel & Accessories > Clothing,Clothing & Accessories > Clothing,Female,adult,,1269.0 INR
A1-00K-018-S -1,Grey Budda Handloom Kurta -1-LightSteelBlue,Grey Budda Handloom Kurta -1-LightSteelBlue,out of stock,new,https://www.prathiksham.in/store/item/Grey+Budda+Handloom+Kurta+-1?id=358,https://www.prathiksham.in/aalam/stock/item/358/image/_/face-img,Prathiksham,LightSteelBlue,Handloom Cotton,Woven Butta,S,Apparel & Accessories > Clothing,Clothing & Accessories > Clothing,Female,adult,,1269.0 INR
A1-00K-018-M -1,Grey Budda Handloom Kurta -1-LightSteelBlue,Grey Budda Handloom Kurta -1-LightSteelBlue,out of stock,new,https://www.prathiksham.in/store/item/Grey+Budda+Handloom+Kurta+-1?id=359,https://www.prathiksham.in/aalam/stock/item/359/image/_/face-img,Prathiksham,LightSteelBlue,Handloom Cotton,Woven Butta,M,Apparel & Accessories > Clothing,Clothing & Accessories > Clothing,Female,adult,,1269.0 INR
A1-00K-018-L -1,Grey Budda Handloom Kurta -1-LightSteelBlue,Grey Budda Handloom Kurta -1-LightSteelBlue,out of stock,new,https://www.prathiksham.in/store/item/Grey+Budda+Handloom+Kurta+-1?id=360,https://www.prathiksham.in/aalam/stock/item/360/image/_/face-img,Prathiksham,LightSteelBlue,Handloom Cotton,Woven Butta,L,Apparel & Accessories > Clothing,Clothing & Accessories > Clothing,Female,adult,,1269.0 INR
A1-00K-018-XL -1,Grey Budda Handloom Kurta -1-LightSteelBlue,Grey Budda Handloom Kurta -1-LightSteelBlue,out of stock,new,https://www.prathiksham.in/store/item/Grey+Budda+Handloom+Kurta+-1?id=361,https://www.prathiksham.in/aalam/stock/item/361/image/_/face-img,Prathiksham,LightSteelBlue,Handloom Cotton,Woven Butta,XL,Apparel & Accessories > Clothing,Clothing & Accessories > Clothing,Female,adult,,1269.0 INR
A1-00K-018-XXL -1,Grey Budda Handloom Kurta -1-LightSteelBlue,Grey Budda Handloom Kurta -1-LightSteelBlue,out of stock,new,https://www.prathiksham.in/store/item/Grey+Budda+Handloom+Kurta+-1?id=362,https://www.prathiksham.in/aalam/stock/item/362/image/_/face-img,Prathiksham,LightSteelBlue,Handloom Cotton,Woven Butta,XXL,Apparel & Accessories > Clothing,Clothing & Accessories > Clothing,Female,adult,,1269.0 INR
A1-00K-019-XS -1,Lotus Print Kurta -1-FireBrick,Lotus Print Kurta -1-FireBrick,out of stock,new,https://www.prathiksham.in/store/item/Lotus+Print+Kurta+-1?id=363,https://www.prathiksham.in/aalam/stock/item/363/image/_/face-img,Prathiksham,FireBrick,Pure Cotton,Handblock,XS,Apparel & Accessories > Clothing,Clothing & Accessories > Clothing,Female,adult,,1699.0 INR
A1-00K-019-S -1,Lotus Print Kurta -1-FireBrick,Lotus Print Kurta -1-FireBrick,out of stock,new,https://www.prathiksham.in/store/item/Lotus+Print+Kurta+-1?id=364,https://www.prathiksham.in/aalam/stock/item/364/image/_/face-img,Prathiksham,FireBrick,Pure Cotton,Handblock,S,Apparel & Accessories > Clothing,Clothing & Accessories > Clothing,Female,adult,,1699.0 INR
A1-00K-019-M -1,Lotus Print Kurta -1-FireBrick,Lotus Print Kurta -1-FireBrick,out of stock,new,https://www.prathiksham.in/store/item/Lotus+Print+Kurta+-1?id=365,https://www.prathiksham.in/aalam/stock/item/365/image/_/face-img,Prathiksham,FireBrick,Pure Cotton,Handblock,M,Apparel & Accessories > Clothing,Clothing & Accessories > Clothing,Female,adult,,1699.0 INR
A1-00K-019-L -1,Lotus Print Kurta -1-FireBrick,Lotus Print Kurta -1-FireBrick,out of stock,new,https://www.prathiksham.in/store/item/Lotus+Print+Kurta+-1?id=366,https://www.prathiksham.in/aalam/stock/item/366/image/_/face-img,Prathiksham,FireBrick,Pure Cotton,Handblock,L,Apparel & Accessories > Clothing,Clothing & Accessories > Clothing,Female,adult,,1699.0 INR
A1-00K-019-XL -1,Lotus Print Kurta -1-FireBrick,Lotus Print Kurta -1-FireBrick,out of stock,new,https://www.prathiksham.in/store/item/Lotus+Print+Kurta+-1?id=367,https://www.prathiksham.in/aalam/stock/item/367/image/_/face-img,Prathiksham,FireBrick,Pure Cotton,Handblock,XL,Apparel & Accessories > Clothing,Clothing & Accessories > Clothing,Female,adult,,1699.0 INR
A1-00K-019-XXL -1,Lotus Print Kurta -1-FireBrick,Lotus Print Kurta -1-FireBrick,out of stock,new,https://www.prathiksham.in/store/item/Lotus+Print+Kurta+-1?id=368,https://www.prathiksham.in/aalam/stock/item/368/image/_/face-img,Prathiksham,FireBrick,Pure Cotton,Handblock,XXL,Apparel & Accessories > Clothing,Clothing & Accessories > Clothing,Female,adult,,1699.0 INR
A1-00K-020-XS,Bottle Green Kanchi Kurta-ForestGreen,Bottle Green Kanchi Kurta-ForestGreen,out of stock,new,https://www.prathiksham.in/store/item/Bottle+Green+Kanchi+Kurta?id=369,https://www.prathiksham.in/aalam/stock/item/369/image/_/face-img,Prathiksham,ForestGreen,Pure Cotton,Solid,XS,Apparel & Accessories > Clothing,Clothing & Accessories > Clothing,Female,adult,,1800.0 INR
A1-00K-020-S,Bottle Green Kanchi Kurta-ForestGreen,Bottle Green Kanchi Kurta-ForestGreen,in stock,new,https://www.prathiksham.in/store/item/Bottle+Green+Kanchi+Kurta?id=370,https://www.prathiksham.in/aalam/stock/item/370/image/_/face-img,Prathiksham,ForestGreen,Pure Cotton,Solid,S,Apparel & Accessories > Clothing,Clothing & Accessories > Clothing,Female,adult,,1800.0 INR
A1-00K-020-M,Bottle Green Kanchi Kurta-ForestGreen,Bottle Green Kanchi Kurta-ForestGreen,out of stock,new,https://www.prathiksham.in/store/item/Bottle+Green+Kanchi+Kurta?id=371,https://www.prathiksham.in/aalam/stock/item/371/image/_/face-img,Prathiksham,ForestGreen,Pure Cotton,Solid,M,Apparel & Accessories > Clothing,Clothing & Accessories > Clothing,Female,adult,,1800.0 INR
A1-00K-020-L,Bottle Green Kanchi Kurta-ForestGreen,Bottle Green Kanchi Kurta-ForestGreen,out of stock,new,https://www.prathiksham.in/store/item/Bottle+Green+Kanchi+Kurta?id=372,https://www.prathiksham.in/aalam/stock/item/372/image/_/face-img,Prathiksham,ForestGreen,Pure Cotton,Solid,L,Apparel & Accessories > Clothing,Clothing & Accessories > Clothing,Female,adult,,1800.0 INR
A1-00K-020-XL,Bottle Green Kanchi Kurta-ForestGreen,Bottle Green Kanchi Kurta-ForestGreen,out of stock,new,https://www.prathiksham.in/store/item/Bottle+Green+Kanchi+Kurta?id=373,https://www.prathiksham.in/aalam/stock/item/373/image/_/face-img,Prathiksham,ForestGreen,Pure Cotton,Solid,XL,Apparel & Accessories > Clothing,Clothing & Accessories > Clothing,Female,adult,,1800.0 INR
A1-00K-020-XXL,Bottle Green Kanchi Kurta-ForestGreen,Bottle Green Kanchi Kurta-ForestGreen,out of stock,new,https://www.prathiksham.in/store/item/Bottle+Green+Kanchi+Kurta?id=374,https://www.prathiksham.in/aalam/stock/item/374/image/_/face-img,Prathiksham,ForestGreen,Pure Cotton,Solid,XXL,Apparel & Accessories > Clothing,Clothing & Accessories > Clothing,Female,adult,,1800.0 INR
A1-00K-021-XS,Black Fish Print Kurta-Black,Black Fish Print Kurta-Black,in stock,new,https://www.prathiksham.in/store/item/Black+Fish+Print+Kurta?id=375,https://www.prathiksham.in/aalam/stock/item/375/image/_/face-img,Prathiksham,Black,Pure Cotton,Handblock,XS,Apparel & Accessories > Clothing,Clothing & Accessories > Clothing,Female,adult,,2200.0 INR
A1-00K-021-S,Black Fish Print Kurta-Black,Black Fish Print Kurta-Black,in stock,new,https://www.prathiksham.in/store/item/Black+Fish+Print+Kurta?id=376,https://www.prathiksham.in/aalam/stock/item/376/image/_/face-img,Prathiksham,Black,Pure Cotton,Handblock,S,Apparel & Accessories > Clothing,Clothing & Accessories > Clothing,Female,adult,,2200.0 INR
A1-00K-021-M,Black Fish Print Kurta-Black,Black Fish Print Kurta-Black,in stock,new,https://www.prathiksham.in/store/item/Black+Fish+Print+Kurta?id=377,https://www.prathiksham.in/aalam/stock/item/377/image/_/face-img,Prathiksham,Black,Pure Cotton,Handblock,M,Apparel & Accessories > Clothing,Clothing & Accessories > Clothing,Female,adult,,2200.0 INR
A1-00K-021-L,Black Fish Print Kurta-Black,Black Fish Print Kurta-Black,in stock,new,https://www.prathiksham.in/store/item/Black+Fish+Print+Kurta?id=378,https://www.prathiksham.in/aalam/stock/item/378/image/_/face-img,Prathiksham,Black,Pure Cotton,Handblock,L,Apparel & Accessories > Clothing,Clothing & Accessories > Clothing,Female,adult,,2200.0 INR
A1-00K-021-XL,Black Fish Print Kurta-Black,Black Fish Print Kurta-Black,in stock,new,https://www.prathiksham.in/store/item/Black+Fish+Print+Kurta?id=379,https://www.prathiksham.in/aalam/stock/item/379/image/_/face-img,Prathiksham,Black,Pure Cotton,Handblock,XL,Apparel & Accessories > Clothing,Clothing & Accessories > Clothing,Female,adult,,2200.0 INR
A1-00K-021-XXL,Black Fish Print Kurta-Black,Black Fish Print Kurta-Black,in stock,new,https://www.prathiksham.in/store/item/Black+Fish+Print+Kurta?id=380,https://www.prathiksham.in/aalam/stock/item/380/image/_/face-img,Prathiksham,Black,Pure Cotton,Handblock,XXL,Apparel & Accessories > Clothing,Clothing & Accessories > Clothing,Female,adult,,2200.0 INR
A1-00K-022-XS -1,Blue Fish Print Kurta -1-BlanchedAlmond,Blue Fish Print Kurta -1-BlanchedAlmond,out of stock,new,https://www.prathiksham.in/store/item/Blue+Fish+Print+Kurta+-1?id=381,https://www.prathiksham.in/aalam/stock/item/381/image/_/face-img,Prathiksham,BlanchedAlmond,Pure Cotton,Handblock,XS,Apparel & Accessories > Clothing,Clothing & Accessories > Clothing,Female,adult,,1900.0 INR
A1-00K-022-S -1,Blue Fish Print Kurta -1-BlanchedAlmond,Blue Fish Print Kurta -1-BlanchedAlmond,out of stock,new,https://www.prathiksham.in/store/item/Blue+Fish+Print+Kurta+-1?id=382,https://www.prathiksham.in/aalam/stock/item/382/image/_/face-img,Prathiksham,BlanchedAlmond,Pure Cotton,Handblock,S,Apparel & Accessories > Clothing,Clothing & Accessories > Clothing,Female,adult,,1900.0 INR
A1-00K-022-M -1,Blue Fish Print Kurta -1-BlanchedAlmond,Blue Fish Print Kurta -1-BlanchedAlmond,out of stock,new,https://www.prathiksham.in/store/item/Blue+Fish+Print+Kurta+-1?id=383,https://www.prathiksham.in/aalam/stock/item/383/image/_/face-img,Prathiksham,BlanchedAlmond,Pure Cotton,Handblock,M,Apparel & Accessories > Clothing,Clothing & Accessories > Clothing,Female,adult,,1900.0 INR
A1-00K-022-L -1,Blue Fish Print Kurta -1-BlanchedAlmond,Blue Fish Print Kurta -1-BlanchedAlmond,out of stock,new,https://www.prathiksham.in/store/item/Blue+Fish+Print+Kurta+-1?id=384,https://www.prathiksham.in/aalam/stock/item/384/image/_/face-img,Prathiksham,BlanchedAlmond,Pure Cotton,Handblock,L,Apparel & Accessories > Clothing,Clothing & Accessories > Clothing,Female,adult,,1900.0 INR
A1-00K-022-XL -1,Blue Fish Print Kurta -1-BlanchedAlmond,Blue Fish Print Kurta -1-BlanchedAlmond,out of stock,new,https://www.prathiksham.in/store/item/Blue+Fish+Print+Kurta+-1?id=385,https://www.prathiksham.in/aalam/stock/item/385/image/_/face-img,Prathiksham,BlanchedAlmond,Pure Cotton,Handblock,XL,Apparel & Accessories > Clothing,Clothing & Accessories > Clothing,Female,adult,,1900.0 INR
A1-00K-022-XXL -1,Blue Fish Print Kurta -1-BlanchedAlmond,Blue Fish Print Kurta -1-BlanchedAlmond,out of stock,new,https://www.prathiksham.in/store/item/Blue+Fish+Print+Kurta+-1?id=386,https://www.prathiksham.in/aalam/stock/item/386/image/_/face-img,Prathiksham,BlanchedAlmond,Pure Cotton,Handblock,XXL,Apparel & Accessories > Clothing,Clothing & Accessories > Clothing,Female,adult,,1900.0 INR
A1-0DR-011-XS,Pink Floral Print Dress-Snow,Pink Floral Print Dress-Snow,out of stock,new,https://www.prathiksham.in/store/item/Pink+Floral+Print+Dress?id=387,https://www.prathiksham.in/aalam/stock/item/387/image/_/face-img,Prathiksham,Snow,Linen,Floral,XS,Apparel & Accessories > Clothing,Clothing & Accessories > Clothing,Female,adult,,1600.0 INR
A1-0DR-011-S,Pink Floral Print Dress-Snow,Pink Floral Print Dress-Snow,out of stock,new,https://www.prathiksham.in/store/item/Pink+Floral+Print+Dress?id=388,https://www.prathiksham.in/aalam/stock/item/388/image/_/face-img,Prathiksham,Snow,Linen,Floral,S,Apparel & Accessories > Clothing,Clothing & Accessories > Clothing,Female,adult,,1600.0 INR
A1-0DR-011-M,Pink Floral Print Dress-Snow,Pink Floral Print Dress-Snow,out of stock,new,https://www.prathiksham.in/store/item/Pink+Floral+Print+Dress?id=389,https://www.prathiksham.in/aalam/stock/item/389/image/_/face-img,Prathiksham,Snow,Linen,Floral,M,Apparel & Accessories > Clothing,Clothing & Accessories > Clothing,Female,adult,,1600.0 INR
A1-0DR-011-L,Pink Floral Print Dress-Snow,Pink Floral Print Dress-Snow,out of stock,new,https://www.prathiksham.in/store/item/Pink+Floral+Print+Dress?id=390,https://www.prathiksham.in/aalam/stock/item/390/image/_/face-img,Prathiksham,Snow,Linen,Floral,L,Apparel & Accessories > Clothing,Clothing & Accessories > Clothing,Female,adult,,1600.0 INR
A1-0DR-011-XL,Pink Floral Print Dress-Snow,Pink Floral Print Dress-Snow,out of stock,new,https://www.prathiksham.in/store/item/Pink+Floral+Print+Dress?id=391,https://www.prathiksham.in/aalam/stock/item/391/image/_/face-img,Prathiksham,Snow,Linen,Floral,XL,Apparel & Accessories > Clothing,Clothing & Accessories > Clothing,Female,adult,,1600.0 INR
A1-0DR-011-XXL,Pink Floral Print Dress-Snow,Pink Floral Print Dress-Snow,out of stock,new,https://www.prathiksham.in/store/item/Pink+Floral+Print+Dress?id=392,https://www.prathiksham.in/aalam/stock/item/392/image/_/face-img,Prathiksham,Snow,Linen,Floral,XXL,Apparel & Accessories > Clothing,Clothing & Accessories > Clothing,Female,adult,,1600.0 INR
A1-0DR-012-XS -1,Pure Cotton Indigo Dress -1-MidnightBlue,Pure Cotton Indigo Dress -1-MidnightBlue,out of stock,new,https://www.prathiksham.in/store/item/Pure+Cotton+Indigo+Dress+-1?id=393,https://www.prathiksham.in/aalam/stock/item/393/image/_/face-img,Prathiksham,MidnightBlue,Pure Cotton,Handblock,XS,Apparel & Accessories > Clothing,Clothing & Accessories > Clothing,Female,adult,,1980.0 INR
A1-0DR-012-S -1,Pure Cotton Indigo Dress -1-MidnightBlue,Pure Cotton Indigo Dress -1-MidnightBlue,out of stock,new,https://www.prathiksham.in/store/item/Pure+Cotton+Indigo+Dress+-1?id=394,https://www.prathiksham.in/aalam/stock/item/394/image/_/face-img,Prathiksham,MidnightBlue,Pure Cotton,Handblock,S,Apparel & Accessories > Clothing,Clothing & Accessories > Clothing,Female,adult,,1980.0 INR
A1-0DR-012-M -1,Pure Cotton Indigo Dress -1-MidnightBlue,Pure Cotton Indigo Dress -1-MidnightBlue,out of stock,new,https://www.prathiksham.in/store/item/Pure+Cotton+Indigo+Dress+-1?id=395,https://www.prathiksham.in/aalam/stock/item/395/image/_/face-img,Prathiksham,MidnightBlue,Pure Cotton,Handblock,M,Apparel & Accessories > Clothing,Clothing & Accessories > Clothing,Female,adult,,1980.0 INR
A1-0DR-012-L -1,Pure Cotton Indigo Dress -1-MidnightBlue,Pure Cotton Indigo Dress -1-MidnightBlue,out of stock,new,https://www.prathiksham.in/store/item/Pure+Cotton+Indigo+Dress+-1?id=396,https://www.prathiksham.in/aalam/stock/item/396/image/_/face-img,Prathiksham,MidnightBlue,Pure Cotton,Handblock,L,Apparel & Accessories > Clothing,Clothing & Accessories > Clothing,Female,adult,,1980.0 INR
A1-0DR-012-XL -1,Pure Cotton Indigo Dress -1-MidnightBlue,Pure Cotton Indigo Dress -1-MidnightBlue,out of stock,new,https://www.prathiksham.in/store/item/Pure+Cotton+Indigo+Dress+-1?id=397,https://www.prathiksham.in/aalam/stock/item/397/image/_/face-img,Prathiksham,MidnightBlue,Pure Cotton,Handblock,XL,Apparel & Accessories > Clothing,Clothing & Accessories > Clothing,Female,adult,,1980.0 INR
A1-0DR-012-XXL -1,Pure Cotton Indigo Dress -1-MidnightBlue,Pure Cotton Indigo Dress -1-MidnightBlue,out of stock,new,https://www.prathiksham.in/store/item/Pure+Cotton+Indigo+Dress+-1?id=398,https://www.prathiksham.in/aalam/stock/item/398/image/_/face-img,Prathiksham,MidnightBlue,Pure Cotton,Handblock,XXL,Apparel & Accessories > Clothing,Clothing & Accessories > Clothing,Female,adult,,1980.0 INR
A1-00K-023-XS,Pink Tie & Dye Bagru Print Kurta-MediumVioletRed,Pink Tie & Dye Bagru Print Kurta-MediumVioletRed,out of stock,new,https://www.prathiksham.in/store/item/Pink+Tie+%26+Dye+Bagru+Print+Kurta?id=399,https://www.prathiksham.in/aalam/stock/item/399/image/_/face-img,Prathiksham,MediumVioletRed,Pure Cotton,Handblock,XS,Apparel & Accessories > Clothing,Clothing & Accessories > Clothing,Female,adult,,1900.0 INR
A1-00K-023-S,Pink Tie & Dye Bagru Print Kurta-MediumVioletRed,Pink Tie & Dye Bagru Print Kurta-MediumVioletRed,out of stock,new,https://www.prathiksham.in/store/item/Pink+Tie+%26+Dye+Bagru+Print+Kurta?id=400,https://www.prathiksham.in/aalam/stock/item/400/image/_/face-img,Prathiksham,MediumVioletRed,Pure Cotton,Handblock,S,Apparel & Accessories > Clothing,Clothing & Accessories > Clothing,Female,adult,,1900.0 INR
A1-00K-023-M,Pink Tie & Dye Bagru Print Kurta-MediumVioletRed,Pink Tie & Dye Bagru Print Kurta-MediumVioletRed,out of stock,new,https://www.prathiksham.in/store/item/Pink+Tie+%26+Dye+Bagru+Print+Kurta?id=401,https://www.prathiksham.in/aalam/stock/item/401/image/_/face-img,Prathiksham,MediumVioletRed,Pure Cotton,Handblock,M,Apparel & Accessories > Clothing,Clothing & Accessories > Clothing,Female,adult,,1900.0 INR
A1-00K-023-L,Pink Tie & Dye Bagru Print Kurta-MediumVioletRed,Pink Tie & Dye Bagru Print Kurta-MediumVioletRed,out of stock,new,https://www.prathiksham.in/store/item/Pink+Tie+%26+Dye+Bagru+Print+Kurta?id=402,https://www.prathiksham.in/aalam/stock/item/402/image/_/face-img,Prathiksham,MediumVioletRed,Pure Cotton,Handblock,L,Apparel & Accessories > Clothing,Clothing & Accessories > Clothing,Female,adult,,1900.0 INR
A1-00K-023-XL,Pink Tie & Dye Bagru Print Kurta-MediumVioletRed,Pink Tie & Dye Bagru Print Kurta-MediumVioletRed,out of stock,new,https://www.prathiksham.in/store/item/Pink+Tie+%26+Dye+Bagru+Print+Kurta?id=403,https://www.prathiksham.in/aalam/stock/item/403/image/_/face-img,Prathiksham,MediumVioletRed,Pure Cotton,Handblock,XL,Apparel & Accessories > Clothing,Clothing & Accessories > Clothing,Female,adult,,1900.0 INR
A1-00K-023-XXL,Pink Tie & Dye Bagru Print Kurta-MediumVioletRed,Pink Tie & Dye Bagru Print Kurta-MediumVioletRed,out of stock,new,https://www.prathiksham.in/store/item/Pink+Tie+%26+Dye+Bagru+Print+Kurta?id=404,https://www.prathiksham.in/aalam/stock/item/404/image/_/face-img,Prathiksham,MediumVioletRed,Pure Cotton,Handblock,XXL,Apparel & Accessories > Clothing,Clothing & Accessories > Clothing,Female,adult,,1900.0 INR
A1-00K-024-XS,Purple On Cream Handloom Kurta-FloralWhite,Purple On Cream Handloom Kurta-FloralWhite,out of stock,new,https://www.prathiksham.in/store/item/Purple+On+Cream+Handloom+Kurta?id=405,https://www.prathiksham.in/aalam/stock/item/405/image/_/face-img,Prathiksham,FloralWhite,Handloom Cotton,Woven Butta,XS,Apparel & Accessories > Clothing,Clothing & Accessories > Clothing,Female,adult,,1900.0 INR
A1-00K-024-S,Purple On Cream Handloom Kurta-FloralWhite,Purple On Cream Handloom Kurta-FloralWhite,out of stock,new,https://www.prathiksham.in/store/item/Purple+On+Cream+Handloom+Kurta?id=406,https://www.prathiksham.in/aalam/stock/item/406/image/_/face-img,Prathiksham,FloralWhite,Handloom Cotton,Woven Butta,S,Apparel & Accessories > Clothing,Clothing & Accessories > Clothing,Female,adult,,1900.0 INR
A1-00K-024-M,Purple On Cream Handloom Kurta-FloralWhite,Purple On Cream Handloom Kurta-FloralWhite,out of stock,new,https://www.prathiksham.in/store/item/Purple+On+Cream+Handloom+Kurta?id=407,https://www.prathiksham.in/aalam/stock/item/407/image/_/face-img,Prathiksham,FloralWhite,Handloom Cotton,Woven Butta,M,Apparel & Accessories > Clothing,Clothing & Accessories > Clothing,Female,adult,,1900.0 INR
A1-00K-024-L,Purple On Cream Handloom Kurta-FloralWhite,Purple On Cream Handloom Kurta-FloralWhite,out of stock,new,https://www.prathiksham.in/store/item/Purple+On+Cream+Handloom+Kurta?id=408,https://www.prathiksham.in/aalam/stock/item/408/image/_/face-img,Prathiksham,FloralWhite,Handloom Cotton,Woven Butta,L,Apparel & Accessories > Clothing,Clothing & Accessories > Clothing,Female,adult,,1900.0 INR
A1-00K-024-XL,Purple On Cream Handloom Kurta-FloralWhite,Purple On Cream Handloom Kurta-FloralWhite,out of stock,new,https://www.prathiksham.in/store/item/Purple+On+Cream+Handloom+Kurta?id=409,https://www.prathiksham.in/aalam/stock/item/409/image/_/face-img,Prathiksham,FloralWhite,Handloom Cotton,Woven Butta,XL,Apparel & Accessories > Clothing,Clothing & Accessories > Clothing,Female,adult,,1900.0 INR
A1-00K-024-XXL,Purple On Cream Handloom Kurta-FloralWhite,Purple On Cream Handloom Kurta-FloralWhite,out of stock,new,https://www.prathiksham.in/store/item/Purple+On+Cream+Handloom+Kurta?id=410,https://www.prathiksham.in/aalam/stock/item/410/image/_/face-img,Prathiksham,FloralWhite,Handloom Cotton,Woven Butta,XXL,Apparel & Accessories > Clothing,Clothing & Accessories > Clothing,Female,adult,,1900.0 INR
A1-00K-025-XS,Printed Kali Kurta & Dupatta-MistyRose,Printed Kali Kurta & Dupatta-MistyRose,in stock,new,https://www.prathiksham.in/store/item/Printed+Kali+Kurta+%26+Dupatta?id=411,https://www.prathiksham.in/aalam/stock/item/411/image/_/face-img,Prathiksham,MistyRose,Linen,Printed,XS,Apparel & Accessories > Clothing,Clothing & Accessories > Clothing,Female,adult,,3200.0 INR
A1-00K-025-S,Printed Kali Kurta & Dupatta-MistyRose,Printed Kali Kurta & Dupatta-MistyRose,in stock,new,https://www.prathiksham.in/store/item/Printed+Kali+Kurta+%26+Dupatta?id=412,https://www.prathiksham.in/aalam/stock/item/412/image/_/face-img,Prathiksham,MistyRose,Linen,Printed,S,Apparel & Accessories > Clothing,Clothing & Accessories > Clothing,Female,adult,,3200.0 INR
A1-00K-025-M,Printed Kali Kurta & Dupatta-MistyRose,Printed Kali Kurta & Dupatta-MistyRose,in stock,new,https://www.prathiksham.in/store/item/Printed+Kali+Kurta+%26+Dupatta?id=413,https://www.prathiksham.in/aalam/stock/item/413/image/_/face-img,Prathiksham,MistyRose,Linen,Printed,M,Apparel & Accessories > Clothing,Clothing & Accessories > Clothing,Female,adult,,3200.0 INR
A1-00K-025-L,Printed Kali Kurta & Dupatta-MistyRose,Printed Kali Kurta & Dupatta-MistyRose,in stock,new,https://www.prathiksham.in/store/item/Printed+Kali+Kurta+%26+Dupatta?id=414,https://www.prathiksham.in/aalam/stock/item/414/image/_/face-img,Prathiksham,MistyRose,Linen,Printed,L,Apparel & Accessories > Clothing,Clothing & Accessories > Clothing,Female,adult,,3200.0 INR
A1-00K-025-XL,Printed Kali Kurta & Dupatta-MistyRose,Printed Kali Kurta & Dupatta-MistyRose,in stock,new,https://www.prathiksham.in/store/item/Printed+Kali+Kurta+%26+Dupatta?id=415,https://www.prathiksham.in/aalam/stock/item/415/image/_/face-img,Prathiksham,MistyRose,Linen,Printed,XL,Apparel & Accessories > Clothing,Clothing & Accessories > Clothing,Female,adult,,3200.0 INR
A1-00K-025-XXL,Printed Kali Kurta & Dupatta-MistyRose,Printed Kali Kurta & Dupatta-MistyRose,in stock,new,https://www.prathiksham.in/store/item/Printed+Kali+Kurta+%26+Dupatta?id=416,https://www.prathiksham.in/aalam/stock/item/416/image/_/face-img,Prathiksham,MistyRose,Linen,Printed,XXL,Apparel & Accessories > Clothing,Clothing & Accessories > Clothing,Female,adult,,3200.0 INR
A1-0CD-013-XS,Dark Blue Ikkat Co-Ord Set-MidnightBlue,Dark Blue Ikkat Co-Ord Set-MidnightBlue,out of stock,new,https://www.prathiksham.in/store/item/Dark+Blue+Ikkat+Co-Ord+Set?id=417,https://www.prathiksham.in/aalam/stock/item/417/image/_/face-img,Prathiksham,MidnightBlue,Pure Cotton,Ikkat,XS,Apparel & Accessories > Clothing,Clothing & Accessories > Clothing,Female,adult,,1400.0 INR
A1-0CD-013-S,Dark Blue Ikkat Co-Ord Set-MidnightBlue,Dark Blue Ikkat Co-Ord Set-MidnightBlue,out of stock,new,https://www.prathiksham.in/store/item/Dark+Blue+Ikkat+Co-Ord+Set?id=418,https://www.prathiksham.in/aalam/stock/item/418/image/_/face-img,Prathiksham,MidnightBlue,Pure Cotton,Ikkat,S,Apparel & Accessories > Clothing,Clothing & Accessories > Clothing,Female,adult,,1400.0 INR
A1-0CD-013-M,Dark Blue Ikkat Co-Ord Set-MidnightBlue,Dark Blue Ikkat Co-Ord Set-MidnightBlue,out of stock,new,https://www.prathiksham.in/store/item/Dark+Blue+Ikkat+Co-Ord+Set?id=419,https://www.prathiksham.in/aalam/stock/item/419/image/_/face-img,Prathiksham,MidnightBlue,Pure Cotton,Ikkat,M,Apparel & Accessories > Clothing,Clothing & Accessories > Clothing,Female,adult,,1400.0 INR
A1-0CD-013-L,Dark Blue Ikkat Co-Ord Set-MidnightBlue,Dark Blue Ikkat Co-Ord Set-MidnightBlue,out of stock,new,https://www.prathiksham.in/store/item/Dark+Blue+Ikkat+Co-Ord+Set?id=420,https://www.prathiksham.in/aalam/stock/item/420/image/_/face-img,Prathiksham,MidnightBlue,Pure Cotton,Ikkat,L,Apparel & Accessories > Clothing,Clothing & Accessories > Clothing,Female,adult,,1400.0 INR
A1-0CD-013-XL,Dark Blue Ikkat Co-Ord Set-MidnightBlue,Dark Blue Ikkat Co-Ord Set-MidnightBlue,out of stock,new,https://www.prathiksham.in/store/item/Dark+Blue+Ikkat+Co-Ord+Set?id=421,https://www.prathiksham.in/aalam/stock/item/421/image/_/face-img,Prathiksham,MidnightBlue,Pure Cotton,Ikkat,XL,Apparel & Accessories > Clothing,Clothing & Accessories > Clothing,Female,adult,,1400.0 INR
A1-0CD-013-XXL,Dark Blue Ikkat Co-Ord Set-MidnightBlue,Dark Blue Ikkat Co-Ord Set-MidnightBlue,out of stock,new,https://www.prathiksham.in/store/item/Dark+Blue+Ikkat+Co-Ord+Set?id=422,https://www.prathiksham.in/aalam/stock/item/422/image/_/face-img,Prathiksham,MidnightBlue,Pure Cotton,Ikkat,XXL,Apparel & Accessories > Clothing,Clothing & Accessories > Clothing,Female,adult,,1400.0 INR
A1-00K-026-XS,Black Kanchi Kurta-Black,Black Kanchi Kurta-Black,out of stock,new,https://www.prathiksham.in/store/item/Black+Kanchi+Kurta?id=423,https://www.prathiksham.in/aalam/stock/item/423/image/_/face-img,Prathiksham,Black,Pure Cotton,Solid,XS,Apparel & Accessories > Clothing,Clothing & Accessories > Clothing,Female,adult,,1800.0 INR
A1-00K-026-S,Black Kanchi Kurta-Black,Black Kanchi Kurta-Black,out of stock,new,https://www.prathiksham.in/store/item/Black+Kanchi+Kurta?id=424,https://www.prathiksham.in/aalam/stock/item/424/image/_/face-img,Prathiksham,Black,Pure Cotton,Solid,S,Apparel & Accessories > Clothing,Clothing & Accessories > Clothing,Female,adult,,1800.0 INR
A1-00K-026-M,Black Kanchi Kurta-Black,Black Kanchi Kurta-Black,out of stock,new,https://www.prathiksham.in/store/item/Black+Kanchi+Kurta?id=425,https://www.prathiksham.in/aalam/stock/item/425/image/_/face-img,Prathiksham,Black,Pure Cotton,Solid,M,Apparel & Accessories > Clothing,Clothing & Accessories > Clothing,Female,adult,,1800.0 INR
A1-00K-026-L,Black Kanchi Kurta-Black,Black Kanchi Kurta-Black,out of stock,new,https://www.prathiksham.in/store/item/Black+Kanchi+Kurta?id=426,https://www.prathiksham.in/aalam/stock/item/426/image/_/face-img,Prathiksham,Black,Pure Cotton,Solid,L,Apparel & Accessories > Clothing,Clothing & Accessories > Clothing,Female,adult,,1800.0 INR
A1-00K-026-XL,Black Kanchi Kurta-Black,Black Kanchi Kurta-Black,out of stock,new,https://www.prathiksham.in/store/item/Black+Kanchi+Kurta?id=427,https://www.prathiksham.in/aalam/stock/item/427/image/_/face-img,Prathiksham,Black,Pure Cotton,Solid,XL,Apparel & Accessories > Clothing,Clothing & Accessories > Clothing,Female,adult,,1800.0 INR
A1-00K-026-XXL,Black Kanchi Kurta-Black,Black Kanchi Kurta-Black,out of stock,new,https://www.prathiksham.in/store/item/Black+Kanchi+Kurta?id=428,https://www.prathiksham.in/aalam/stock/item/428/image/_/face-img,Prathiksham,Black,Pure Cotton,Solid,XXL,Apparel & Accessories > Clothing,Clothing & Accessories > Clothing,Female,adult,,1800.0 INR
A1-0KP-011-XS,Peach Handloom Kurta Set-LightPink,Peach Handloom Kurta Set-LightPink,in stock,new,https://www.prathiksham.in/store/item/Peach+Handloom+Kurta+Set?id=429,https://www.prathiksham.in/aalam/stock/item/429/image/_/face-img,Prathiksham,LightPink,Handloom Cotton,Woven Butta,XS,Apparel & Accessories > Clothing,Clothing & Accessories > Clothing,Female,adult,,2299.0 INR
A1-0KP-011-S,Peach Handloom Kurta Set-LightPink,Peach Handloom Kurta Set-LightPink,out of stock,new,https://www.prathiksham.in/store/item/Peach+Handloom+Kurta+Set?id=430,https://www.prathiksham.in/aalam/stock/item/430/image/_/face-img,Prathiksham,LightPink,Handloom Cotton,Woven Butta,S,Apparel & Accessories > Clothing,Clothing & Accessories > Clothing,Female,adult,,2299.0 INR
A1-0KP-011-M,Peach Handloom Kurta Set-LightPink,Peach Handloom Kurta Set-LightPink,out of stock,new,https://www.prathiksham.in/store/item/Peach+Handloom+Kurta+Set?id=431,https://www.prathiksham.in/aalam/stock/item/431/image/_/face-img,Prathiksham,LightPink,Handloom Cotton,Woven Butta,M,Apparel & Accessories > Clothing,Clothing & Accessories > Clothing,Female,adult,,2299.0 INR
A1-0KP-011-L,Peach Handloom Kurta Set-LightPink,Peach Handloom Kurta Set-LightPink,in stock,new,https://www.prathiksham.in/store/item/Peach+Handloom+Kurta+Set?id=432,https://www.prathiksham.in/aalam/stock/item/432/image/_/face-img,Prathiksham,LightPink,Handloom Cotton,Woven Butta,L,Apparel & Accessories > Clothing,Clothing & Accessories > Clothing,Female,adult,,2299.0 INR
A1-0KP-011-XL,Peach Handloom Kurta Set-LightPink,Peach Handloom Kurta Set-LightPink,out of stock,new,https://www.prathiksham.in/store/item/Peach+Handloom+Kurta+Set?id=433,https://www.prathiksham.in/aalam/stock/item/433/image/_/face-img,Prathiksham,LightPink,Handloom Cotton,Woven Butta,XL,Apparel & Accessories > Clothing,Clothing & Accessories > Clothing,Female,adult,,2299.0 INR
A1-0KP-011-XXL,Peach Handloom Kurta Set-LightPink,Peach Handloom Kurta Set-LightPink,out of stock,new,https://www.prathiksham.in/store/item/Peach+Handloom+Kurta+Set?id=434,https://www.prathiksham.in/aalam/stock/item/434/image/_/face-img,Prathiksham,LightPink,Handloom Cotton,Woven Butta,XXL,Apparel & Accessories > Clothing,Clothing & Accessories > Clothing,Female,adult,,2299.0 INR
A1-0CD-014-XS,Blue Handloom Co-Ord Set-MidnightBlue,Blue Handloom Co-Ord Set-MidnightBlue,out of stock,new,https://www.prathiksham.in/store/item/Blue+Handloom+Co-Ord+Set?id=435,https://www.prathiksham.in/aalam/stock/item/435/image/_/face-img,Prathiksham,MidnightBlue,Handloom Cotton,Woven Butta,XS,Apparel & Accessories > Clothing,Clothing & Accessories > Clothing,Female,adult,,2299.0 INR
A1-0CD-014-S,Blue Handloom Co-Ord Set-MidnightBlue,Blue Handloom Co-Ord Set-MidnightBlue,in stock,new,https://www.prathiksham.in/store/item/Blue+Handloom+Co-Ord+Set?id=436,https://www.prathiksham.in/aalam/stock/item/436/image/_/face-img,Prathiksham,MidnightBlue,Handloom Cotton,Woven Butta,S,Apparel & Accessories > Clothing,Clothing & Accessories > Clothing,Female,adult,,2299.0 INR
A1-0CD-014-M,Blue Handloom Co-Ord Set-MidnightBlue,Blue Handloom Co-Ord Set-MidnightBlue,in stock,new,https://www.prathiksham.in/store/item/Blue+Handloom+Co-Ord+Set?id=437,https://www.prathiksham.in/aalam/stock/item/437/image/_/face-img,Prathiksham,MidnightBlue,Handloom Cotton,Woven Butta,M,Apparel & Accessories > Clothing,Clothing & Accessories > Clothing,Female,adult,,2299.0 INR
A1-0CD-014-L,Blue Handloom Co-Ord Set-MidnightBlue,Blue Handloom Co-Ord Set-MidnightBlue,out of stock,new,https://www.prathiksham.in/store/item/Blue+Handloom+Co-Ord+Set?id=438,https://www.prathiksham.in/aalam/stock/item/438/image/_/face-img,Prathiksham,MidnightBlue,Handloom Cotton,Woven Butta,L,Apparel & Accessories > Clothing,Clothing & Accessories > Clothing,Female,adult,,2299.0 INR
A1-0CD-014-XL,Blue Handloom Co-Ord Set-MidnightBlue,Blue Handloom Co-Ord Set-MidnightBlue,out of stock,new,https://www.prathiksham.in/store/item/Blue+Handloom+Co-Ord+Set?id=439,https://www.prathiksham.in/aalam/stock/item/439/image/_/face-img,Prathiksham,MidnightBlue,Handloom Cotton,Woven Butta,XL,Apparel & Accessories > Clothing,Clothing & Accessories > Clothing,Female,adult,,2299.0 INR
A1-0CD-014-XXL,Blue Handloom Co-Ord Set-MidnightBlue,Blue Handloom Co-Ord Set-MidnightBlue,out of stock,new,https://www.prathiksham.in/store/item/Blue+Handloom+Co-Ord+Set?id=440,https://www.prathiksham.in/aalam/stock/item/440/image/_/face-img,Prathiksham,MidnightBlue,Handloom Cotton,Woven Butta,XXL,Apparel & Accessories > Clothing,Clothing & Accessories > Clothing,Female,adult,,2299.0 INR
A1-00K-027-XS,Pink Floral Organza Kurta-HotPink,Pink Floral Organza Kurta-HotPink,in stock,new,https://www.prathiksham.in/store/item/Pink+Floral+Organza+Kurta?id=441,https://www.prathiksham.in/aalam/stock/item/441/image/_/face-img,Prathiksham,HotPink,Organza,Floral,XS,Apparel & Accessories > Clothing,Clothing & Accessories > Clothing,Female,adult,,1599.0 INR
A1-00K-027-S,Pink Floral Organza Kurta-HotPink,Pink Floral Organza Kurta-HotPink,in stock,new,https://www.prathiksham.in/store/item/Pink+Floral+Organza+Kurta?id=442,https://www.prathiksham.in/aalam/stock/item/442/image/_/face-img,Prathiksham,HotPink,Organza,Floral,S,Apparel & Accessories > Clothing,Clothing & Accessories > Clothing,Female,adult,,1599.0 INR
A1-00K-027-M,Pink Floral Organza Kurta-HotPink,Pink Floral Organza Kurta-HotPink,in stock,new,https://www.prathiksham.in/store/item/Pink+Floral+Organza+Kurta?id=443,https://www.prathiksham.in/aalam/stock/item/443/image/_/face-img,Prathiksham,HotPink,Organza,Floral,M,Apparel & Accessories > Clothing,Clothing & Accessories > Clothing,Female,adult,,1599.0 INR
A1-00K-027-L,Pink Floral Organza Kurta-HotPink,Pink Floral Organza Kurta-HotPink,in stock,new,https://www.prathiksham.in/store/item/Pink+Floral+Organza+Kurta?id=444,https://www.prathiksham.in/aalam/stock/item/444/image/_/face-img,Prathiksham,HotPink,Organza,Floral,L,Apparel & Accessories > Clothing,Clothing & Accessories > Clothing,Female,adult,,1599.0 INR
A1-00K-027-XL,Pink Floral Organza Kurta-HotPink,Pink Floral Organza Kurta-HotPink,in stock,new,https://www.prathiksham.in/store/item/Pink+Floral+Organza+Kurta?id=445,https://www.prathiksham.in/aalam/stock/item/445/image/_/face-img,Prathiksham,HotPink,Organza,Floral,XL,Apparel & Accessories > Clothing,Clothing & Accessories > Clothing,Female,adult,,1599.0 INR
A1-00K-027-XXL,Pink Floral Organza Kurta-HotPink,Pink Floral Organza Kurta-HotPink,out of stock,new,https://www.prathiksham.in/store/item/Pink+Floral+Organza+Kurta?id=446,https://www.prathiksham.in/aalam/stock/item/446/image/_/face-img,Prathiksham,HotPink,Organza,Floral,XXL,Apparel & Accessories > Clothing,Clothing & Accessories > Clothing,Female,adult,,1599.0 INR
A1-0DR-013-XS,Midnight Muslin Mirror Work Dress-Black,Midnight Muslin Mirror Work Dress-Black,out of stock,new,https://www.prathiksham.in/store/item/Midnight+Muslin+Mirror+Work+Dress?id=447,https://www.prathiksham.in/aalam/stock/item/447/image/_/face-img,Prathiksham,Black,Muslin,Solid,XS,Apparel & Accessories > Clothing,Clothing & Accessories > Clothing,Female,adult,,2400.0 INR
A1-0DR-013-S,Midnight Muslin Mirror Work Dress-Black,Midnight Muslin Mirror Work Dress-Black,out of stock,new,https://www.prathiksham.in/store/item/Midnight+Muslin+Mirror+Work+Dress?id=448,https://www.prathiksham.in/aalam/stock/item/448/image/_/face-img,Prathiksham,Black,Muslin,Solid,S,Apparel & Accessories > Clothing,Clothing & Accessories > Clothing,Female,adult,,2400.0 INR
A1-0DR-013-M,Midnight Muslin Mirror Work Dress-Black,Midnight Muslin Mirror Work Dress-Black,out of stock,new,https://www.prathiksham.in/store/item/Midnight+Muslin+Mirror+Work+Dress?id=449,https://www.prathiksham.in/aalam/stock/item/449/image/_/face-img,Prathiksham,Black,Muslin,Solid,M,Apparel & Accessories > Clothing,Clothing & Accessories > Clothing,Female,adult,,2400.0 INR
A1-0DR-013-L,Midnight Muslin Mirror Work Dress-Black,Midnight Muslin Mirror Work Dress-Black,out of stock,new,https://www.prathiksham.in/store/item/Midnight+Muslin+Mirror+Work+Dress?id=450,https://www.prathiksham.in/aalam/stock/item/450/image/_/face-img,Prathiksham,Black,Muslin,Solid,L,Apparel & Accessories > Clothing,Clothing & Accessories > Clothing,Female,adult,,2400.0 INR
A1-0DR-013-XL,Midnight Muslin Mirror Work Dress-Black,Midnight Muslin Mirror Work Dress-Black,out of stock,new,https://www.prathiksham.in/store/item/Midnight+Muslin+Mirror+Work+Dress?id=451,https://www.prathiksham.in/aalam/stock/item/451/image/_/face-img,Prathiksham,Black,Muslin,Solid,XL,Apparel & Accessories > Clothing,Clothing & Accessories > Clothing,Female,adult,,2400.0 INR
A1-0DR-013-XXL,Midnight Muslin Mirror Work Dress-Black,Midnight Muslin Mirror Work Dress-Black,out of stock,new,https://www.prathiksham.in/store/item/Midnight+Muslin+Mirror+Work+Dress?id=452,https://www.prathiksham.in/aalam/stock/item/452/image/_/face-img,Prathiksham,Black,Muslin,Solid,XXL,Apparel & Accessories > Clothing,Clothing & Accessories > Clothing,Female,adult,,2400.0 INR
A1-00K-028-XS,Cotton Candy Bathik Kurta-LightPink,Cotton Candy Bathik Kurta-LightPink,out of stock,new,https://www.prathiksham.in/store/item/Cotton+Candy+Bathik+Kurta?id=453,https://www.prathiksham.in/aalam/stock/item/453/image/_/face-img,Prathiksham,LightPink,Cotton,Printed,XS,Apparel & Accessories > Clothing,Clothing & Accessories > Clothing,Female,adult,,999.0 INR
A1-00K-028-S,Cotton Candy Bathik Kurta-LightPink,Cotton Candy Bathik Kurta-LightPink,in stock,new,https://www.prathiksham.in/store/item/Cotton+Candy+Bathik+Kurta?id=454,https://www.prathiksham.in/aalam/stock/item/454/image/_/face-img,Prathiksham,LightPink,Cotton,Printed,S,Apparel & Accessories > Clothing,Clothing & Accessories > Clothing,Female,adult,,999.0 INR
A1-00K-028-M,Cotton Candy Bathik Kurta-LightPink,Cotton Candy Bathik Kurta-LightPink,out of stock,new,https://www.prathiksham.in/store/item/Cotton+Candy+Bathik+Kurta?id=455,https://www.prathiksham.in/aalam/stock/item/455/image/_/face-img,Prathiksham,LightPink,Cotton,Printed,M,Apparel & Accessories > Clothing,Clothing & Accessories > Clothing,Female,adult,,999.0 INR
A1-00K-028-L,Cotton Candy Bathik Kurta-LightPink,Cotton Candy Bathik Kurta-LightPink,out of stock,new,https://www.prathiksham.in/store/item/Cotton+Candy+Bathik+Kurta?id=456,https://www.prathiksham.in/aalam/stock/item/456/image/_/face-img,Prathiksham,LightPink,Cotton,Printed,L,Apparel & Accessories > Clothing,Clothing & Accessories > Clothing,Female,adult,,999.0 INR
A1-00K-028-XL,Cotton Candy Bathik Kurta-LightPink,Cotton Candy Bathik Kurta-LightPink,in stock,new,https://www.prathiksham.in/store/item/Cotton+Candy+Bathik+Kurta?id=457,https://www.prathiksham.in/aalam/stock/item/457/image/_/face-img,Prathiksham,LightPink,Cotton,Printed,XL,Apparel & Accessories > Clothing,Clothing & Accessories > Clothing,Female,adult,,999.0 INR
A1-00K-028-XXL,Cotton Candy Bathik Kurta-LightPink,Cotton Candy Bathik Kurta-LightPink,in stock,new,https://www.prathiksham.in/store/item/Cotton+Candy+Bathik+Kurta?id=458,https://www.prathiksham.in/aalam/stock/item/458/image/_/face-img,Prathiksham,LightPink,Cotton,Printed,XXL,Apparel & Accessories > Clothing,Clothing & Accessories > Clothing,Female,adult,,999.0 INR
A1-00K-029-XS,Peach Stripped Handloom Kurta-PeachPuff,Peach Stripped Handloom Kurta-PeachPuff,in stock,new,https://www.prathiksham.in/store/item/Peach+Stripped+Handloom+Kurta?id=459,https://www.prathiksham.in/aalam/stock/item/459/image/_/face-img,Prathiksham,PeachPuff,Handloom Cotton,Cotton Weave,XS,Apparel & Accessories > Clothing,Clothing & Accessories > Clothing,Female,adult,,1600.0 INR
A1-00K-029-S,Peach Stripped Handloom Kurta-PeachPuff,Peach Stripped Handloom Kurta-PeachPuff,in stock,new,https://www.prathiksham.in/store/item/Peach+Stripped+Handloom+Kurta?id=460,https://www.prathiksham.in/aalam/stock/item/460/image/_/face-img,Prathiksham,PeachPuff,Handloom Cotton,Cotton Weave,S,Apparel & Accessories > Clothing,Clothing & Accessories > Clothing,Female,adult,,1600.0 INR
A1-00K-029-M,Peach Stripped Handloom Kurta-PeachPuff,Peach Stripped Handloom Kurta-PeachPuff,in stock,new,https://www.prathiksham.in/store/item/Peach+Stripped+Handloom+Kurta?id=461,https://www.prathiksham.in/aalam/stock/item/461/image/_/face-img,Prathiksham,PeachPuff,Handloom Cotton,Cotton Weave,M,Apparel & Accessories > Clothing,Clothing & Accessories > Clothing,Female,adult,,1600.0 INR
A1-00K-029-L,Peach Stripped Handloom Kurta-PeachPuff,Peach Stripped Handloom Kurta-PeachPuff,in stock,new,https://www.prathiksham.in/store/item/Peach+Stripped+Handloom+Kurta?id=462,https://www.prathiksham.in/aalam/stock/item/462/image/_/face-img,Prathiksham,PeachPuff,Handloom Cotton,Cotton Weave,L,Apparel & Accessories > Clothing,Clothing & Accessories > Clothing,Female,adult,,1600.0 INR
A1-00K-029-XL,Peach Stripped Handloom Kurta-PeachPuff,Peach Stripped Handloom Kurta-PeachPuff,out of stock,new,https://www.prathiksham.in/store/item/Peach+Stripped+Handloom+Kurta?id=463,https://www.prathiksham.in/aalam/stock/item/463/image/_/face-img,Prathiksham,PeachPuff,Handloom Cotton,Cotton Weave,XL,Apparel & Accessories > Clothing,Clothing & Accessories > Clothing,Female,adult,,1600.0 INR
A1-00K-029-XXL,Peach Stripped Handloom Kurta-PeachPuff,Peach Stripped Handloom Kurta-PeachPuff,out of stock,new,https://www.prathiksham.in/store/item/Peach+Stripped+Handloom+Kurta?id=464,https://www.prathiksham.in/aalam/stock/item/464/image/_/face-img,Prathiksham,PeachPuff,Handloom Cotton,Cotton Weave,XXL,Apparel & Accessories > Clothing,Clothing & Accessories > Clothing,Female,adult,,1600.0 INR
A1-0CD-006-XS,Yelove Handloom Co-ord Set-Yellow,Yelove Handloom Co-ord Set-Yellow,out of stock,new,https://www.prathiksham.in/store/item/Yelove+Handloom+Co-ord+Set?id=465,https://www.prathiksham.in/aalam/stock/item/465/image/_/face-img,Prathiksham,Yellow,Handloom Cotton,Woven Butta,XS,Apparel & Accessories > Clothing,Clothing & Accessories > Clothing,Female,adult,,2299.0 INR
A1-0CD-006-S,Yelove Handloom Co-ord Set-Yellow,Yelove Handloom Co-ord Set-Yellow,out of stock,new,https://www.prathiksham.in/store/item/Yelove+Handloom+Co-ord+Set?id=466,https://www.prathiksham.in/aalam/stock/item/466/image/_/face-img,Prathiksham,Yellow,Handloom Cotton,Woven Butta,S,Apparel & Accessories > Clothing,Clothing & Accessories > Clothing,Female,adult,,2299.0 INR
A1-0CD-006-M,Yelove Handloom Co-ord Set-Yellow,Yelove Handloom Co-ord Set-Yellow,out of stock,new,https://www.prathiksham.in/store/item/Yelove+Handloom+Co-ord+Set?id=467,https://www.prathiksham.in/aalam/stock/item/467/image/_/face-img,Prathiksham,Yellow,Handloom Cotton,Woven Butta,M,Apparel & Accessories > Clothing,Clothing & Accessories > Clothing,Female,adult,,2299.0 INR
A1-0CD-006-L,Yelove Handloom Co-ord Set-Yellow,Yelove Handloom Co-ord Set-Yellow,out of stock,new,https://www.prathiksham.in/store/item/Yelove+Handloom+Co-ord+Set?id=468,https://www.prathiksham.in/aalam/stock/item/468/image/_/face-img,Prathiksham,Yellow,Handloom Cotton,Woven Butta,L,Apparel & Accessories > Clothing,Clothing & Accessories > Clothing,Female,adult,,2299.0 INR
A1-0CD-006-XL,Yelove Handloom Co-ord Set-Yellow,Yelove Handloom Co-ord Set-Yellow,out of stock,new,https://www.prathiksham.in/store/item/Yelove+Handloom+Co-ord+Set?id=469,https://www.prathiksham.in/aalam/stock/item/469/image/_/face-img,Prathiksham,Yellow,Handloom Cotton,Woven Butta,XL,Apparel & Accessories > Clothing,Clothing & Accessories > Clothing,Female,adult,,2299.0 INR
A1-0CD-006-XXL,Yelove Handloom Co-ord Set-Yellow,Yelove Handloom Co-ord Set-Yellow,out of stock,new,https://www.prathiksham.in/store/item/Yelove+Handloom+Co-ord+Set?id=470,https://www.prathiksham.in/aalam/stock/item/470/image/_/face-img,Prathiksham,Yellow,Handloom Cotton,Woven Butta,XXL,Apparel & Accessories > Clothing,Clothing & Accessories > Clothing,Female,adult,,2299.0 INR
A1-0KP-002-XS,Pink Handloom Kurta Set-DeepPink,Pink Handloom Kurta Set-DeepPink,out of stock,new,https://www.prathiksham.in/store/item/Pink+Handloom+Kurta+Set?id=471,https://www.prathiksham.in/aalam/stock/item/471/image/_/face-img,Prathiksham,DeepPink,Handloom Cotton,Woven Butta,XS,Apparel & Accessories > Clothing,Clothing & Accessories > Clothing,Female,adult,,2399.0 INR
A1-0KP-002-S,Pink Handloom Kurta Set-DeepPink,Pink Handloom Kurta Set-DeepPink,out of stock,new,https://www.prathiksham.in/store/item/Pink+Handloom+Kurta+Set?id=472,https://www.prathiksham.in/aalam/stock/item/472/image/_/face-img,Prathiksham,DeepPink,Handloom Cotton,Woven Butta,S,Apparel & Accessories > Clothing,Clothing & Accessories > Clothing,Female,adult,,2399.0 INR
A1-0KP-002-M,Pink Handloom Kurta Set-DeepPink,Pink Handloom Kurta Set-DeepPink,out of stock,new,https://www.prathiksham.in/store/item/Pink+Handloom+Kurta+Set?id=473,https://www.prathiksham.in/aalam/stock/item/473/image/_/face-img,Prathiksham,DeepPink,Handloom Cotton,Woven Butta,M,Apparel & Accessories > Clothing,Clothing & Accessories > Clothing,Female,adult,,2399.0 INR
A1-0KP-002-L,Pink Handloom Kurta Set-DeepPink,Pink Handloom Kurta Set-DeepPink,out of stock,new,https://www.prathiksham.in/store/item/Pink+Handloom+Kurta+Set?id=474,https://www.prathiksham.in/aalam/stock/item/474/image/_/face-img,Prathiksham,DeepPink,Handloom Cotton,Woven Butta,L,Apparel & Accessories > Clothing,Clothing & Accessories > Clothing,Female,adult,,2399.0 INR
A1-0KP-002-XL,Pink Handloom Kurta Set-DeepPink,Pink Handloom Kurta Set-DeepPink,out of stock,new,https://www.prathiksham.in/store/item/Pink+Handloom+Kurta+Set?id=475,https://www.prathiksham.in/aalam/stock/item/475/image/_/face-img,Prathiksham,DeepPink,Handloom Cotton,Woven Butta,XL,Apparel & Accessories > Clothing,Clothing & Accessories > Clothing,Female,adult,,2399.0 INR
A1-0KP-002-XXL,Pink Handloom Kurta Set-DeepPink,Pink Handloom Kurta Set-DeepPink,out of stock,new,https://www.prathiksham.in/store/item/Pink+Handloom+Kurta+Set?id=476,https://www.prathiksham.in/aalam/stock/item/476/image/_/face-img,Prathiksham,DeepPink,Handloom Cotton,Woven Butta,XXL,Apparel & Accessories > Clothing,Clothing & Accessories > Clothing,Female,adult,,2399.0 INR
A1-0KP-003-XS,Bagru Beige Kurta Set-Beige,Bagru Beige Kurta Set-Beige,out of stock,new,https://www.prathiksham.in/store/item/Bagru+Beige+Kurta+Set?id=477,https://www.prathiksham.in/aalam/stock/item/477/image/_/face-img,Prathiksham,Beige,Pure Cotton,Bagru Print,XS,Apparel & Accessories > Clothing,Clothing & Accessories > Clothing,Female,adult,,3200.0 INR
A1-0KP-003-S,Bagru Beige Kurta Set-Beige,Bagru Beige Kurta Set-Beige,out of stock,new,https://www.prathiksham.in/store/item/Bagru+Beige+Kurta+Set?id=478,https://www.prathiksham.in/aalam/stock/item/478/image/_/face-img,Prathiksham,Beige,Pure Cotton,Bagru Print,S,Apparel & Accessories > Clothing,Clothing & Accessories > Clothing,Female,adult,,3200.0 INR
A1-0KP-003-M,Bagru Beige Kurta Set-Beige,Bagru Beige Kurta Set-Beige,out of stock,new,https://www.prathiksham.in/store/item/Bagru+Beige+Kurta+Set?id=479,https://www.prathiksham.in/aalam/stock/item/479/image/_/face-img,Prathiksham,Beige,Pure Cotton,Bagru Print,M,Apparel & Accessories > Clothing,Clothing & Accessories > Clothing,Female,adult,,3200.0 INR
A1-0KP-003-L,Bagru Beige Kurta Set-Beige,Bagru Beige Kurta Set-Beige,out of stock,new,https://www.prathiksham.in/store/item/Bagru+Beige+Kurta+Set?id=480,https://www.prathiksham.in/aalam/stock/item/480/image/_/face-img,Prathiksham,Beige,Pure Cotton,Bagru Print,L,Apparel & Accessories > Clothing,Clothing & Accessories > Clothing,Female,adult,,3200.0 INR
A1-0KP-003-XL,Bagru Beige Kurta Set-Beige,Bagru Beige Kurta Set-Beige,out of stock,new,https://www.prathiksham.in/store/item/Bagru+Beige+Kurta+Set?id=481,https://www.prathiksham.in/aalam/stock/item/481/image/_/face-img,Prathiksham,Beige,Pure Cotton,Bagru Print,XL,Apparel & Accessories > Clothing,Clothing & Accessories > Clothing,Female,adult,,3200.0 INR
A1-0KP-003-XXL,Bagru Beige Kurta Set-Beige,Bagru Beige Kurta Set-Beige,out of stock,new,https://www.prathiksham.in/store/item/Bagru+Beige+Kurta+Set?id=482,https://www.prathiksham.in/aalam/stock/item/482/image/_/face-img,Prathiksham,Beige,Pure Cotton,Bagru Print,XXL,Apparel & Accessories > Clothing,Clothing & Accessories > Clothing,Female,adult,,3200.0 INR
A1-0KP-004-XS,Lotus Indigo Kurta Set-Indigo,Lotus Indigo Kurta Set-Indigo,out of stock,new,https://www.prathiksham.in/store/item/Lotus+Indigo+Kurta+Set?id=483,https://www.prathiksham.in/aalam/stock/item/483/image/_/face-img,Prathiksham,Indigo,Cotton,Indigo,XS,Apparel & Accessories > Clothing,Clothing & Accessories > Clothing,Female,adult,,3200.0 INR
A1-0KP-004-S,Lotus Indigo Kurta Set-Indigo,Lotus Indigo Kurta Set-Indigo,out of stock,new,https://www.prathiksham.in/store/item/Lotus+Indigo+Kurta+Set?id=484,https://www.prathiksham.in/aalam/stock/item/484/image/_/face-img,Prathiksham,Indigo,Cotton,Indigo,S,Apparel & Accessories > Clothing,Clothing & Accessories > Clothing,Female,adult,,3200.0 INR
A1-0KP-004-M,Lotus Indigo Kurta Set-Indigo,Lotus Indigo Kurta Set-Indigo,in stock,new,https://www.prathiksham.in/store/item/Lotus+Indigo+Kurta+Set?id=485,https://www.prathiksham.in/aalam/stock/item/485/image/_/face-img,Prathiksham,Indigo,Cotton,Indigo,M,Apparel & Accessories > Clothing,Clothing & Accessories > Clothing,Female,adult,,3200.0 INR
A1-0KP-004-L,Lotus Indigo Kurta Set-Indigo,Lotus Indigo Kurta Set-Indigo,out of stock,new,https://www.prathiksham.in/store/item/Lotus+Indigo+Kurta+Set?id=486,https://www.prathiksham.in/aalam/stock/item/486/image/_/face-img,Prathiksham,Indigo,Cotton,Indigo,L,Apparel & Accessories > Clothing,Clothing & Accessories > Clothing,Female,adult,,3200.0 INR
A1-0KP-004-XL,Lotus Indigo Kurta Set-Indigo,Lotus Indigo Kurta Set-Indigo,in stock,new,https://www.prathiksham.in/store/item/Lotus+Indigo+Kurta+Set?id=487,https://www.prathiksham.in/aalam/stock/item/487/image/_/face-img,Prathiksham,Indigo,Cotton,Indigo,XL,Apparel & Accessories > Clothing,Clothing & Accessories > Clothing,Female,adult,,3200.0 INR
A1-0KP-004-XXL,Lotus Indigo Kurta Set-Indigo,Lotus Indigo Kurta Set-Indigo,out of stock,new,https://www.prathiksham.in/store/item/Lotus+Indigo+Kurta+Set?id=488,https://www.prathiksham.in/aalam/stock/item/488/image/_/face-img,Prathiksham,Indigo,Cotton,Indigo,XXL,Apparel & Accessories > Clothing,Clothing & Accessories > Clothing,Female,adult,,3200.0 INR
A1-0CD-004-XS,Brinjal Purple Handloom Kurta Set-Purple,Brinjal Purple Handloom Kurta Set-Purple,out of stock,new,https://www.prathiksham.in/store/item/Brinjal+Purple+Handloom+Kurta+Set?id=489,https://www.prathiksham.in/aalam/stock/item/489/image/_/face-img,Prathiksham,Purple,Handloom Cotton,Solid,XS,Apparel & Accessories > Clothing,Clothing & Accessories > Clothing,Female,adult,,2299.0 INR
A1-0CD-004-S,Brinjal Purple Handloom Kurta Set-Purple,Brinjal Purple Handloom Kurta Set-Purple,out of stock,new,https://www.prathiksham.in/store/item/Brinjal+Purple+Handloom+Kurta+Set?id=490,https://www.prathiksham.in/aalam/stock/item/490/image/_/face-img,Prathiksham,Purple,Handloom Cotton,Solid,S,Apparel & Accessories > Clothing,Clothing & Accessories > Clothing,Female,adult,,2299.0 INR
A1-0CD-004-M,Brinjal Purple Handloom Kurta Set-Purple,Brinjal Purple Handloom Kurta Set-Purple,out of stock,new,https://www.prathiksham.in/store/item/Brinjal+Purple+Handloom+Kurta+Set?id=491,https://www.prathiksham.in/aalam/stock/item/491/image/_/face-img,Prathiksham,Purple,Handloom Cotton,Solid,M,Apparel & Accessories > Clothing,Clothing & Accessories > Clothing,Female,adult,,2299.0 INR
A1-0CD-004-L,Brinjal Purple Handloom Kurta Set-Purple,Brinjal Purple Handloom Kurta Set-Purple,in stock,new,https://www.prathiksham.in/store/item/Brinjal+Purple+Handloom+Kurta+Set?id=492,https://www.prathiksham.in/aalam/stock/item/492/image/_/face-img,Prathiksham,Purple,Handloom Cotton,Solid,L,Apparel & Accessories > Clothing,Clothing & Accessories > Clothing,Female,adult,,2299.0 INR
A1-0CD-004-XL,Brinjal Purple Handloom Kurta Set-Purple,Brinjal Purple Handloom Kurta Set-Purple,in stock,new,https://www.prathiksham.in/store/item/Brinjal+Purple+Handloom+Kurta+Set?id=493,https://www.prathiksham.in/aalam/stock/item/493/image/_/face-img,Prathiksham,Purple,Handloom Cotton,Solid,XL,Apparel & Accessories > Clothing,Clothing & Accessories > Clothing,Female,adult,,2299.0 INR
A1-0CD-004-XXL,Brinjal Purple Handloom Kurta Set-Purple,Brinjal Purple Handloom Kurta Set-Purple,in stock,new,https://www.prathiksham.in/store/item/Brinjal+Purple+Handloom+Kurta+Set?id=494,https://www.prathiksham.in/aalam/stock/item/494/image/_/face-img,Prathiksham,Purple,Handloom Cotton,Solid,XXL,Apparel & Accessories > Clothing,Clothing & Accessories > Clothing,Female,adult,,2299.0 INR
A2-00K-32-XS,Rustic Vibe Kurta-SaddleBrown,Rustic Vibe Kurta-SaddleBrown,in stock,new,https://www.prathiksham.in/store/item/Rustic+Vibe+Kurta?id=581,https://www.prathiksham.in/aalam/stock/item/581/image/_/face-img,Prathiksham,SaddleBrown,Mulmul,Floral,XS,Apparel & Accessories > Clothing,Clothing & Accessories > Clothing,Female,adult,,2999.0 INR
A2-00K-32-S,Rustic Vibe Kurta-SaddleBrown,Rustic Vibe Kurta-SaddleBrown,in stock,new,https://www.prathiksham.in/store/item/Rustic+Vibe+Kurta?id=582,https://www.prathiksham.in/aalam/stock/item/582/image/_/face-img,Prathiksham,SaddleBrown,Mulmul,Floral,S,Apparel & Accessories > Clothing,Clothing & Accessories > Clothing,Female,adult,,2999.0 INR
A2-00K-32-M,Rustic Vibe Kurta-SaddleBrown,Rustic Vibe Kurta-SaddleBrown,in stock,new,https://www.prathiksham.in/store/item/Rustic+Vibe+Kurta?id=583,https://www.prathiksham.in/aalam/stock/item/583/image/_/face-img,Prathiksham,SaddleBrown,Mulmul,Floral,M,Apparel & Accessories > Clothing,Clothing & Accessories > Clothing,Female,adult,,2999.0 INR
A2-00K-32-L,Rustic Vibe Kurta-SaddleBrown,Rustic Vibe Kurta-SaddleBrown,in stock,new,https://www.prathiksham.in/store/item/Rustic+Vibe+Kurta?id=584,https://www.prathiksham.in/aalam/stock/item/584/image/_/face-img,Prathiksham,SaddleBrown,Mulmul,Floral,L,Apparel & Accessories > Clothing,Clothing & Accessories > Clothing,Female,adult,,2999.0 INR
A2-00K-32-XL,Rustic Vibe Kurta-SaddleBrown,Rustic Vibe Kurta-SaddleBrown,in stock,new,https://www.prathiksham.in/store/item/Rustic+Vibe+Kurta?id=585,https://www.prathiksham.in/aalam/stock/item/585/image/_/face-img,Prathiksham,SaddleBrown,Mulmul,Floral,XL,Apparel & Accessories > Clothing,Clothing & Accessories > Clothing,Female,adult,,2999.0 INR
A2-00K-32-XXL,Rustic Vibe Kurta-SaddleBrown,Rustic Vibe Kurta-SaddleBrown,in stock,new,https://www.prathiksham.in/store/item/Rustic+Vibe+Kurta?id=586,https://www.prathiksham.in/aalam/stock/item/586/image/_/face-img,Prathiksham,SaddleBrown,Mulmul,Floral,XXL,Apparel & Accessories > Clothing,Clothing & Accessories > Clothing,Female,adult,,2999.0 INR
A2-00K-33-XS,Cinnamon Embroidered Kurta-SaddleBrown,Cinnamon Embroidered Kurta-SaddleBrown,out of stock,new,https://www.prathiksham.in/store/item/Cinnamon+Embroidered+Kurta?id=587,https://www.prathiksham.in/aalam/stock/item/587/image/_/face-img,Prathiksham,SaddleBrown,Linen,Solid,XS,Apparel & Accessories > Clothing,Clothing & Accessories > Clothing,Female,adult,,2599.0 INR
A2-00K-33-S,Cinnamon Embroidered Kurta-SaddleBrown,Cinnamon Embroidered Kurta-SaddleBrown,out of stock,new,https://www.prathiksham.in/store/item/Cinnamon+Embroidered+Kurta?id=588,https://www.prathiksham.in/aalam/stock/item/588/image/_/face-img,Prathiksham,SaddleBrown,Linen,Solid,S,Apparel & Accessories > Clothing,Clothing & Accessories > Clothing,Female,adult,,2599.0 INR
A2-00K-33-M,Cinnamon Embroidered Kurta-SaddleBrown,Cinnamon Embroidered Kurta-SaddleBrown,out of stock,new,https://www.prathiksham.in/store/item/Cinnamon+Embroidered+Kurta?id=589,https://www.prathiksham.in/aalam/stock/item/589/image/_/face-img,Prathiksham,SaddleBrown,Linen,Solid,M,Apparel & Accessories > Clothing,Clothing & Accessories > Clothing,Female,adult,,2599.0 INR
A2-00K-33-L,Cinnamon Embroidered Kurta-SaddleBrown,Cinnamon Embroidered Kurta-SaddleBrown,out of stock,new,https://www.prathiksham.in/store/item/Cinnamon+Embroidered+Kurta?id=590,https://www.prathiksham.in/aalam/stock/item/590/image/_/face-img,Prathiksham,SaddleBrown,Linen,Solid,L,Apparel & Accessories > Clothing,Clothing & Accessories > Clothing,Female,adult,,2599.0 INR
A2-00K-33-XL,Cinnamon Embroidered Kurta-SaddleBrown,Cinnamon Embroidered Kurta-SaddleBrown,out of stock,new,https://www.prathiksham.in/store/item/Cinnamon+Embroidered+Kurta?id=591,https://www.prathiksham.in/aalam/stock/item/591/image/_/face-img,Prathiksham,SaddleBrown,Linen,Solid,XL,Apparel & Accessories > Clothing,Clothing & Accessories > Clothing,Female,adult,,2599.0 INR
A2-00K-33-XXL,Cinnamon Embroidered Kurta-SaddleBrown,Cinnamon Embroidered Kurta-SaddleBrown,out of stock,new,https://www.prathiksham.in/store/item/Cinnamon+Embroidered+Kurta?id=592,https://www.prathiksham.in/aalam/stock/item/592/image/_/face-img,Prathiksham,SaddleBrown,Linen,Solid,XXL,Apparel & Accessories > Clothing,Clothing & Accessories > Clothing,Female,adult,,2599.0 INR
A2-00K-34-M,Blossom Embroidered Stripe Kurta-GhostWhite,Blossom Embroidered Stripe Kurta-GhostWhite,out of stock,new,https://www.prathiksham.in/store/item/Blossom+Embroidered+Stripe+Kurta?id=595,https://www.prathiksham.in/aalam/stock/item/595/image/_/face-img,Prathiksham,GhostWhite,Slub Cotton,Stripes,M,Apparel & Accessories > Clothing,Clothing & Accessories > Clothing,Female,adult,,2499.0 INR
A2-00K-34-L,Blossom Embroidered Stripe Kurta-GhostWhite,Blossom Embroidered Stripe Kurta-GhostWhite,out of stock,new,https://www.prathiksham.in/store/item/Blossom+Embroidered+Stripe+Kurta?id=596,https://www.prathiksham.in/aalam/stock/item/596/image/_/face-img,Prathiksham,GhostWhite,Slub Cotton,Stripes,L,Apparel & Accessories > Clothing,Clothing & Accessories > Clothing,Female,adult,,2499.0 INR
A2-00K-34-XL,Blossom Embroidered Stripe Kurta-GhostWhite,Blossom Embroidered Stripe Kurta-GhostWhite,out of stock,new,https://www.prathiksham.in/store/item/Blossom+Embroidered+Stripe+Kurta?id=597,https://www.prathiksham.in/aalam/stock/item/597/image/_/face-img,Prathiksham,GhostWhite,Slub Cotton,Stripes,XL,Apparel & Accessories > Clothing,Clothing & Accessories > Clothing,Female,adult,,2499.0 INR
A2-00K-34-XXL,Blossom Embroidered Stripe Kurta-GhostWhite,Blossom Embroidered Stripe Kurta-GhostWhite,out of stock,new,https://www.prathiksham.in/store/item/Blossom+Embroidered+Stripe+Kurta?id=598,https://www.prathiksham.in/aalam/stock/item/598/image/_/face-img,Prathiksham,GhostWhite,Slub Cotton,Stripes,XXL,Apparel & Accessories > Clothing,Clothing & Accessories > Clothing,Female,adult,,2499.0 INR
A2-00K-35-XS,Ajarh Whisper dress-Black,Ajarh Whisper dress-Black,out of stock,new,https://www.prathiksham.in/store/item/Ajarh+Whisper+dress?id=599,https://www.prathiksham.in/aalam/stock/item/599/image/_/face-img,Prathiksham,Black,Georgette,Floral,XS,Apparel & Accessories > Clothing,Clothing & Accessories > Clothing,Female,adult,,2783.0 INR
A2-00K-35-S,Ajarh Whisper dress-Black,Ajarh Whisper dress-Black,out of stock,new,https://www.prathiksham.in/store/item/Ajarh+Whisper+dress?id=600,https://www.prathiksham.in/aalam/stock/item/600/image/_/face-img,Prathiksham,Black,Georgette,Floral,S,Apparel & Accessories > Clothing,Clothing & Accessories > Clothing,Female,adult,,2783.0 INR
A2-00K-35-M,Ajarh Whisper dress-Black,Ajarh Whisper dress-Black,out of stock,new,https://www.prathiksham.in/store/item/Ajarh+Whisper+dress?id=601,https://www.prathiksham.in/aalam/stock/item/601/image/_/face-img,Prathiksham,Black,Georgette,Floral,M,Apparel & Accessories > Clothing,Clothing & Accessories > Clothing,Female,adult,,2783.0 INR
A2-00K-35-L,Ajarh Whisper dress-Black,Ajarh Whisper dress-Black,out of stock,new,https://www.prathiksham.in/store/item/Ajarh+Whisper+dress?id=602,https://www.prathiksham.in/aalam/stock/item/602/image/_/face-img,Prathiksham,Black,Georgette,Floral,L,Apparel & Accessories > Clothing,Clothing & Accessories > Clothing,Female,adult,,2783.0 INR
A2-00K-35-XL,Ajarh Whisper dress-Black,Ajarh Whisper dress-Black,out of stock,new,https://www.prathiksham.in/store/item/Ajarh+Whisper+dress?id=603,https://www.prathiksham.in/aalam/stock/item/603/image/_/face-img,Prathiksham,Black,Georgette,Floral,XL,Apparel & Accessories > Clothing,Clothing & Accessories > Clothing,Female,adult,,2783.0 INR
A2-00K-35-XXL,Ajarh Whisper dress-Black,Ajarh Whisper dress-Black,out of stock,new,https://www.prathiksham.in/store/item/Ajarh+Whisper+dress?id=604,https://www.prathiksham.in/aalam/stock/item/604/image/_/face-img,Prathiksham,Black,Georgette,Floral,XXL,Apparel & Accessories > Clothing,Clothing & Accessories > Clothing,Female,adult,,2783.0 INR
A2-00K-30-XS,Blossom check kurta-GhostWhite,Blossom check kurta-GhostWhite,out of stock,new,https://www.prathiksham.in/store/item/Blossom+check+kurta?id=605,https://www.prathiksham.in/aalam/stock/item/605/image/_/face-img,Prathiksham,GhostWhite,Slub Cotton,Checks,XS,Apparel & Accessories > Clothing,Clothing & Accessories > Clothing,Female,adult,,2497.0 INR
A2-00K-30-S,Blossom check kurta-GhostWhite,Blossom check kurta-GhostWhite,out of stock,new,https://www.prathiksham.in/store/item/Blossom+check+kurta?id=606,https://www.prathiksham.in/aalam/stock/item/606/image/_/face-img,Prathiksham,GhostWhite,Slub Cotton,Checks,S,Apparel & Accessories > Clothing,Clothing & Accessories > Clothing,Female,adult,,2497.0 INR
A2-00K-30-M,Blossom check kurta-GhostWhite,Blossom check kurta-GhostWhite,out of stock,new,https://www.prathiksham.in/store/item/Blossom+check+kurta?id=607,https://www.prathiksham.in/aalam/stock/item/607/image/_/face-img,Prathiksham,GhostWhite,Slub Cotton,Checks,M,Apparel & Accessories > Clothing,Clothing & Accessories > Clothing,Female,adult,,2497.0 INR
A2-00K-30-L,Blossom check kurta-GhostWhite,Blossom check kurta-GhostWhite,out of stock,new,https://www.prathiksham.in/store/item/Blossom+check+kurta?id=608,https://www.prathiksham.in/aalam/stock/item/608/image/_/face-img,Prathiksham,GhostWhite,Slub Cotton,Checks,L,Apparel & Accessories > Clothing,Clothing & Accessories > Clothing,Female,adult,,2497.0 INR
A2-00K-30-XL,Blossom check kurta-GhostWhite,Blossom check kurta-GhostWhite,out of stock,new,https://www.prathiksham.in/store/item/Blossom+check+kurta?id=609,https://www.prathiksham.in/aalam/stock/item/609/image/_/face-img,Prathiksham,GhostWhite,Slub Cotton,Checks,XL,Apparel & Accessories > Clothing,Clothing & Accessories > Clothing,Female,adult,,2497.0 INR
A2-00K-30-XXL,Blossom check kurta-GhostWhite,Blossom check kurta-GhostWhite,out of stock,new,https://www.prathiksham.in/store/item/Blossom+check+kurta?id=610,https://www.prathiksham.in/aalam/stock/item/610/image/_/face-img,Prathiksham,GhostWhite,Slub Cotton,Checks,XXL,Apparel & Accessories > Clothing,Clothing & Accessories > Clothing,Female,adult,,2497.0 INR
A2-00K-31-XS,Heritage Flow Dress-Black,Heritage Flow Dress-Black,out of stock,new,https://www.prathiksham.in/store/item/Heritage+Flow+Dress?id=611,https://www.prathiksham.in/aalam/stock/item/611/image/_/face-img,Prathiksham,Black,Georgette,Floral,XS,Apparel & Accessories > Clothing,Clothing & Accessories > Clothing,Female,adult,,2996.0 INR
A2-00K-31-S,Heritage Flow Dress-Black,Heritage Flow Dress-Black,out of stock,new,https://www.prathiksham.in/store/item/Heritage+Flow+Dress?id=612,https://www.prathiksham.in/aalam/stock/item/612/image/_/face-img,Prathiksham,Black,Georgette,Floral,S,Apparel & Accessories > Clothing,Clothing & Accessories > Clothing,Female,adult,,2996.0 INR
A2-00K-31-M,Heritage Flow Dress-Black,Heritage Flow Dress-Black,out of stock,new,https://www.prathiksham.in/store/item/Heritage+Flow+Dress?id=613,https://www.prathiksham.in/aalam/stock/item/613/image/_/face-img,Prathiksham,Black,Georgette,Floral,M,Apparel & Accessories > Clothing,Clothing & Accessories > Clothing,Female,adult,,2996.0 INR
A2-00K-31-L,Heritage Flow Dress-Black,Heritage Flow Dress-Black,out of stock,new,https://www.prathiksham.in/store/item/Heritage+Flow+Dress?id=614,https://www.prathiksham.in/aalam/stock/item/614/image/_/face-img,Prathiksham,Black,Georgette,Floral,L,Apparel & Accessories > Clothing,Clothing & Accessories > Clothing,Female,adult,,2996.0 INR
A2-00K-31-XL,Heritage Flow Dress-Black,Heritage Flow Dress-Black,out of stock,new,https://www.prathiksham.in/store/item/Heritage+Flow+Dress?id=615,https://www.prathiksham.in/aalam/stock/item/615/image/_/face-img,Prathiksham,Black,Georgette,Floral,XL,Apparel & Accessories > Clothing,Clothing & Accessories > Clothing,Female,adult,,2996.0 INR
A2-00K-31-XXL,Heritage Flow Dress-Black,Heritage Flow Dress-Black,out of stock,new,https://www.prathiksham.in/store/item/Heritage+Flow+Dress?id=616,https://www.prathiksham.in/aalam/stock/item/616/image/_/face-img,Prathiksham,Black,Georgette,Floral,XXL,Apparel & Accessories > Clothing,Clothing & Accessories > Clothing,Female,adult,,2996.0 INR
A2-0DR-15-XS,Amber Floral Mulmul Dress-SaddleBrown,Amber Floral Mulmul Dress-SaddleBrown,in stock,new,https://www.prathiksham.in/store/item/Amber+Floral+Mulmul+Dress?id=617,https://www.prathiksham.in/aalam/stock/item/617/image/_/face-img,Prathiksham,SaddleBrown,Mulmul,Floral,XS,Apparel & Accessories > Clothing,Clothing & Accessories > Clothing,Female,adult,,3799.0 INR
A2-0DR-15-S,Amber Floral Mulmul Dress-SaddleBrown,Amber Floral Mulmul Dress-SaddleBrown,in stock,new,https://www.prathiksham.in/store/item/Amber+Floral+Mulmul+Dress?id=618,https://www.prathiksham.in/aalam/stock/item/618/image/_/face-img,Prathiksham,SaddleBrown,Mulmul,Floral,S,Apparel & Accessories > Clothing,Clothing & Accessories > Clothing,Female,adult,,3799.0 INR
A2-0DR-15-M,Amber Floral Mulmul Dress-SaddleBrown,Amber Floral Mulmul Dress-SaddleBrown,in stock,new,https://www.prathiksham.in/store/item/Amber+Floral+Mulmul+Dress?id=619,https://www.prathiksham.in/aalam/stock/item/619/image/_/face-img,Prathiksham,SaddleBrown,Mulmul,Floral,M,Apparel & Accessories > Clothing,Clothing & Accessories > Clothing,Female,adult,,3799.0 INR
A2-0DR-15-L,Amber Floral Mulmul Dress-SaddleBrown,Amber Floral Mulmul Dress-SaddleBrown,in stock,new,https://www.prathiksham.in/store/item/Amber+Floral+Mulmul+Dress?id=620,https://www.prathiksham.in/aalam/stock/item/620/image/_/face-img,Prathiksham,SaddleBrown,Mulmul,Floral,L,Apparel & Accessories > Clothing,Clothing & Accessories > Clothing,Female,adult,,3799.0 INR
A2-0DR-15-XL,Amber Floral Mulmul Dress-SaddleBrown,Amber Floral Mulmul Dress-SaddleBrown,in stock,new,https://www.prathiksham.in/store/item/Amber+Floral+Mulmul+Dress?id=621,https://www.prathiksham.in/aalam/stock/item/621/image/_/face-img,Prathiksham,SaddleBrown,Mulmul,Floral,XL,Apparel & Accessories > Clothing,Clothing & Accessories > Clothing,Female,adult,,3799.0 INR
A2-0DR-15-XXL,Amber Floral Mulmul Dress-SaddleBrown,Amber Floral Mulmul Dress-SaddleBrown,in stock,new,https://www.prathiksham.in/store/item/Amber+Floral+Mulmul+Dress?id=622,https://www.prathiksham.in/aalam/stock/item/622/image/_/face-img,Prathiksham,SaddleBrown,Mulmul,Floral,XXL,Apparel & Accessories > Clothing,Clothing & Accessories > Clothing,Female,adult,,3799.0 INR
A2-0DR-16-XS,Rosy Whisper Dress-Pink,Rosy Whisper Dress-Pink,in stock,new,https://www.prathiksham.in/store/item/Rosy+Whisper+Dress?id=623,https://www.prathiksham.in/aalam/stock/item/623/image/_/face-img,Prathiksham,Pink,Mulmul,Floral,XS,Apparel & Accessories > Clothing,Clothing & Accessories > Clothing,Female,adult,,3799.0 INR
A2-0DR-16-S,Rosy Whisper Dress-Pink,Rosy Whisper Dress-Pink,in stock,new,https://www.prathiksham.in/store/item/Rosy+Whisper+Dress?id=624,https://www.prathiksham.in/aalam/stock/item/624/image/_/face-img,Prathiksham,Pink,Mulmul,Floral,S,Apparel & Accessories > Clothing,Clothing & Accessories > Clothing,Female,adult,,3799.0 INR
A2-0DR-16-M,Rosy Whisper Dress-Pink,Rosy Whisper Dress-Pink,in stock,new,https://www.prathiksham.in/store/item/Rosy+Whisper+Dress?id=625,https://www.prathiksham.in/aalam/stock/item/625/image/_/face-img,Prathiksham,Pink,Mulmul,Floral,M,Apparel & Accessories > Clothing,Clothing & Accessories > Clothing,Female,adult,,3799.0 INR
A2-0DR-16-L,Rosy Whisper Dress-Pink,Rosy Whisper Dress-Pink,in stock,new,https://www.prathiksham.in/store/item/Rosy+Whisper+Dress?id=626,https://www.prathiksham.in/aalam/stock/item/626/image/_/face-img,Prathiksham,Pink,Mulmul,Floral,L,Apparel & Accessories > Clothing,Clothing & Accessories > Clothing,Female,adult,,3799.0 INR
A2-0DR-16-XL,Rosy Whisper Dress-Pink,Rosy Whisper Dress-Pink,in stock,new,https://www.prathiksham.in/store/item/Rosy+Whisper+Dress?id=627,https://www.prathiksham.in/aalam/stock/item/627/image/_/face-img,Prathiksham,Pink,Mulmul,Floral,XL,Apparel & Accessories > Clothing,Clothing & Accessories > Clothing,Female,adult,,3799.0 INR
A2-0DR-16-XXL,Rosy Whisper Dress-Pink,Rosy Whisper Dress-Pink,in stock,new,https://www.prathiksham.in/store/item/Rosy+Whisper+Dress?id=628,https://www.prathiksham.in/aalam/stock/item/628/image/_/face-img,Prathiksham,Pink,Mulmul,Floral,XXL,Apparel & Accessories > Clothing,Clothing & Accessories > Clothing,Female,adult,,3799.0 INR
A2-0DR-14-XS,Midnight Bloom Dress-Black,Midnight Bloom Dress-Black,out of stock,new,https://www.prathiksham.in/store/item/Midnight+Bloom+Dress?id=629,https://www.prathiksham.in/aalam/stock/item/629/image/_/face-img,Prathiksham,Black,Mulmul,Floral,XS,Apparel & Accessories > Clothing,Clothing & Accessories > Clothing,Female,adult,,3799.0 INR
A2-0DR-14-S,Midnight Bloom Dress-Black,Midnight Bloom Dress-Black,out of stock,new,https://www.prathiksham.in/store/item/Midnight+Bloom+Dress?id=630,https://www.prathiksham.in/aalam/stock/item/630/image/_/face-img,Prathiksham,Black,Mulmul,Floral,S,Apparel & Accessories > Clothing,Clothing & Accessories > Clothing,Female,adult,,3799.0 INR
A2-0DR-14-M,Midnight Bloom Dress-Black,Midnight Bloom Dress-Black,out of stock,new,https://www.prathiksham.in/store/item/Midnight+Bloom+Dress?id=631,https://www.prathiksham.in/aalam/stock/item/631/image/_/face-img,Prathiksham,Black,Mulmul,Floral,M,Apparel & Accessories > Clothing,Clothing & Accessories > Clothing,Female,adult,,3799.0 INR
A2-0DR-14-L,Midnight Bloom Dress-Black,Midnight Bloom Dress-Black,out of stock,new,https://www.prathiksham.in/store/item/Midnight+Bloom+Dress?id=632,https://www.prathiksham.in/aalam/stock/item/632/image/_/face-img,Prathiksham,Black,Mulmul,Floral,L,Apparel & Accessories > Clothing,Clothing & Accessories > Clothing,Female,adult,,3799.0 INR
A2-0DR-14-XL,Midnight Bloom Dress-Black,Midnight Bloom Dress-Black,out of stock,new,https://www.prathiksham.in/store/item/Midnight+Bloom+Dress?id=633,https://www.prathiksham.in/aalam/stock/item/633/image/_/face-img,Prathiksham,Black,Mulmul,Floral,XL,Apparel & Accessories > Clothing,Clothing & Accessories > Clothing,Female,adult,,3799.0 INR
A2-0DR-14-XXL,Midnight Bloom Dress-Black,Midnight Bloom Dress-Black,out of stock,new,https://www.prathiksham.in/store/item/Midnight+Bloom+Dress?id=634,https://www.prathiksham.in/aalam/stock/item/634/image/_/face-img,Prathiksham,Black,Mulmul,Floral,XXL,Apparel & Accessories > Clothing,Clothing & Accessories > Clothing,Female,adult,,3799.0 INR
A2-0CD-15-XS,Mint Streak Co-Ord Set-DarkSeaGreen,Mint Streak Co-Ord Set-DarkSeaGreen,out of stock,new,https://www.prathiksham.in/store/item/Mint+Streak+Co-Ord+Set?id=635,https://www.prathiksham.in/aalam/stock/item/635/image/_/face-img,Prathiksham,DarkSeaGreen,Rayon,Solid,XS,Apparel & Accessories > Clothing,Clothing & Accessories > Clothing,Female,adult,,1724.0 INR
A2-0CD-15-S,Mint Streak Co-Ord Set-DarkSeaGreen,Mint Streak Co-Ord Set-DarkSeaGreen,in stock,new,https://www.prathiksham.in/store/item/Mint+Streak+Co-Ord+Set?id=636,https://www.prathiksham.in/aalam/stock/item/636/image/_/face-img,Prathiksham,DarkSeaGreen,Rayon,Solid,S,Apparel & Accessories > Clothing,Clothing & Accessories > Clothing,Female,adult,,1724.0 INR
A2-0CD-15-M,Mint Streak Co-Ord Set-DarkSeaGreen,Mint Streak Co-Ord Set-DarkSeaGreen,out of stock,new,https://www.prathiksham.in/store/item/Mint+Streak+Co-Ord+Set?id=637,https://www.prathiksham.in/aalam/stock/item/637/image/_/face-img,Prathiksham,DarkSeaGreen,Rayon,Solid,M,Apparel & Accessories > Clothing,Clothing & Accessories > Clothing,Female,adult,,1724.0 INR
A2-0CD-15-L,Mint Streak Co-Ord Set-DarkSeaGreen,Mint Streak Co-Ord Set-DarkSeaGreen,in stock,new,https://www.prathiksham.in/store/item/Mint+Streak+Co-Ord+Set?id=638,https://www.prathiksham.in/aalam/stock/item/638/image/_/face-img,Prathiksham,DarkSeaGreen,Rayon,Solid,L,Apparel & Accessories > Clothing,Clothing & Accessories > Clothing,Female,adult,,1724.0 INR
A2-0CD-15-XL,Mint Streak Co-Ord Set-DarkSeaGreen,Mint Streak Co-Ord Set-DarkSeaGreen,out of stock,new,https://www.prathiksham.in/store/item/Mint+Streak+Co-Ord+Set?id=639,https://www.prathiksham.in/aalam/stock/item/639/image/_/face-img,Prathiksham,DarkSeaGreen,Rayon,Solid,XL,Apparel & Accessories > Clothing,Clothing & Accessories > Clothing,Female,adult,,1724.0 INR
A2-0CD-15-XXL,Mint Streak Co-Ord Set-DarkSeaGreen,Mint Streak Co-Ord Set-DarkSeaGreen,out of stock,new,https://www.prathiksham.in/store/item/Mint+Streak+Co-Ord+Set?id=640,https://www.prathiksham.in/aalam/stock/item/640/image/_/face-img,Prathiksham,DarkSeaGreen,Rayon,Solid,XXL,Apparel & Accessories > Clothing,Clothing & Accessories > Clothing,Female,adult,,1724.0 INR
A2-0CD-16-XS,Blush Streak Co-Ord Set-LavenderBlush,Blush Streak Co-Ord Set-LavenderBlush,out of stock,new,https://www.prathiksham.in/store/item/Blush+Streak+Co-Ord+Set?id=641,https://www.prathiksham.in/aalam/stock/item/641/image/_/face-img,Prathiksham,LavenderBlush,Rayon,Solid,XS,Apparel & Accessories > Clothing,Clothing & Accessories > Clothing,Female,adult,,1789.0 INR
A2-0CD-16-S,Blush Streak Co-Ord Set-LavenderBlush,Blush Streak Co-Ord Set-LavenderBlush,in stock,new,https://www.prathiksham.in/store/item/Blush+Streak+Co-Ord+Set?id=642,https://www.prathiksham.in/aalam/stock/item/642/image/_/face-img,Prathiksham,LavenderBlush,Rayon,Solid,S,Apparel & Accessories > Clothing,Clothing & Accessories > Clothing,Female,adult,,1789.0 INR
A2-0CD-16-M,Blush Streak Co-Ord Set-LavenderBlush,Blush Streak Co-Ord Set-LavenderBlush,out of stock,new,https://www.prathiksham.in/store/item/Blush+Streak+Co-Ord+Set?id=643,https://www.prathiksham.in/aalam/stock/item/643/image/_/face-img,Prathiksham,LavenderBlush,Rayon,Solid,M,Apparel & Accessories > Clothing,Clothing & Accessories > Clothing,Female,adult,,1789.0 INR
A2-0CD-16-L,Blush Streak Co-Ord Set-LavenderBlush,Blush Streak Co-Ord Set-LavenderBlush,out of stock,new,https://www.prathiksham.in/store/item/Blush+Streak+Co-Ord+Set?id=644,https://www.prathiksham.in/aalam/stock/item/644/image/_/face-img,Prathiksham,LavenderBlush,Rayon,Solid,L,Apparel & Accessories > Clothing,Clothing & Accessories > Clothing,Female,adult,,1789.0 INR
A2-0CD-16-XL,Blush Streak Co-Ord Set-LavenderBlush,Blush Streak Co-Ord Set-LavenderBlush,out of stock,new,https://www.prathiksham.in/store/item/Blush+Streak+Co-Ord+Set?id=645,https://www.prathiksham.in/aalam/stock/item/645/image/_/face-img,Prathiksham,LavenderBlush,Rayon,Solid,XL,Apparel & Accessories > Clothing,Clothing & Accessories > Clothing,Female,adult,,1789.0 INR
A2-0CD-16-XXL,Blush Streak Co-Ord Set-LavenderBlush,Blush Streak Co-Ord Set-LavenderBlush,in stock,new,https://www.prathiksham.in/store/item/Blush+Streak+Co-Ord+Set?id=646,https://www.prathiksham.in/aalam/stock/item/646/image/_/face-img,Prathiksham,LavenderBlush,Rayon,Solid,XXL,Apparel & Accessories > Clothing,Clothing & Accessories > Clothing,Female,adult,,1789.0 INR
A2-0KP-12-XS,Arrow Charm Handloom Kurta Set-SlateBlue,Arrow Charm Handloom Kurta Set-SlateBlue,out of stock,new,https://www.prathiksham.in/store/item/Arrow+Charm+Handloom+Kurta+Set?id=647,https://www.prathiksham.in/aalam/stock/item/647/image/_/face-img,Prathiksham,SlateBlue,Handloom Cotton,Solid,XS,Apparel & Accessories > Clothing,Clothing & Accessories > Clothing,Female,adult,,1922.0 INR
A2-0KP-12-S,Arrow Charm Handloom Kurta Set-SlateBlue,Arrow Charm Handloom Kurta Set-SlateBlue,out of stock,new,https://www.prathiksham.in/store/item/Arrow+Charm+Handloom+Kurta+Set?id=648,https://www.prathiksham.in/aalam/stock/item/648/image/_/face-img,Prathiksham,SlateBlue,Handloom Cotton,Solid,S,Apparel & Accessories > Clothing,Clothing & Accessories > Clothing,Female,adult,,1922.0 INR
A2-0KP-12-M,Arrow Charm Handloom Kurta Set-SlateBlue,Arrow Charm Handloom Kurta Set-SlateBlue,out of stock,new,https://www.prathiksham.in/store/item/Arrow+Charm+Handloom+Kurta+Set?id=649,https://www.prathiksham.in/aalam/stock/item/649/image/_/face-img,Prathiksham,SlateBlue,Handloom Cotton,Solid,M,Apparel & Accessories > Clothing,Clothing & Accessories > Clothing,Female,adult,,1922.0 INR
A2-0KP-12-L,Arrow Charm Handloom Kurta Set-SlateBlue,Arrow Charm Handloom Kurta Set-SlateBlue,out of stock,new,https://www.prathiksham.in/store/item/Arrow+Charm+Handloom+Kurta+Set?id=650,https://www.prathiksham.in/aalam/stock/item/650/image/_/face-img,Prathiksham,SlateBlue,Handloom Cotton,Solid,L,Apparel & Accessories > Clothing,Clothing & Accessories > Clothing,Female,adult,,1922.0 INR
A2-0KP-12-XL,Arrow Charm Handloom Kurta Set-SlateBlue,Arrow Charm Handloom Kurta Set-SlateBlue,out of stock,new,https://www.prathiksham.in/store/item/Arrow+Charm+Handloom+Kurta+Set?id=651,https://www.prathiksham.in/aalam/stock/item/651/image/_/face-img,Prathiksham,SlateBlue,Handloom Cotton,Solid,XL,Apparel & Accessories > Clothing,Clothing & Accessories > Clothing,Female,adult,,1922.0 INR
A2-0KP-12-XXL,Arrow Charm Handloom Kurta Set-SlateBlue,Arrow Charm Handloom Kurta Set-SlateBlue,out of stock,new,https://www.prathiksham.in/store/item/Arrow+Charm+Handloom+Kurta+Set?id=652,https://www.prathiksham.in/aalam/stock/item/652/image/_/face-img,Prathiksham,SlateBlue,Handloom Cotton,Solid,XXL,Apparel & Accessories > Clothing,Clothing & Accessories > Clothing,Female,adult,,1922.0 INR
A3-0CD-17-XS,Hand Crafted Gold Co-Ord Set-DarkGreen,Hand Crafted Gold Co-Ord Set-DarkGreen,in stock,new,https://www.prathiksham.in/store/item/Hand+Crafted+Gold+Co-Ord+Set?id=653,https://www.prathiksham.in/aalam/stock/item/653/image/_/face-img,Prathiksham,DarkGreen,Chanderi,"Solid,Embroidered",XS,Apparel & Accessories > Clothing,Clothing & Accessories > Clothing,Female,adult,,7800.0 INR
A3-0CD-17-S,Hand Crafted Gold Co-Ord Set-DarkGreen,Hand Crafted Gold Co-Ord Set-DarkGreen,in stock,new,https://www.prathiksham.in/store/item/Hand+Crafted+Gold+Co-Ord+Set?id=654,https://www.prathiksham.in/aalam/stock/item/654/image/_/face-img,Prathiksham,DarkGreen,Chanderi,"Embroidered,Solid",S,Apparel & Accessories > Clothing,Clothing & Accessories > Clothing,Female,adult,,7800.0 INR
A3-0CD-17-M,Hand Crafted Gold Co-Ord Set-DarkGreen,Hand Crafted Gold Co-Ord Set-DarkGreen,in stock,new,https://www.prathiksham.in/store/item/Hand+Crafted+Gold+Co-Ord+Set?id=655,https://www.prathiksham.in/aalam/stock/item/655/image/_/face-img,Prathiksham,DarkGreen,Chanderi,"Embroidered,Solid",M,Apparel & Accessories > Clothing,Clothing & Accessories > Clothing,Female,adult,,7800.0 INR
A3-0CD-17-L,Hand Crafted Gold Co-Ord Set-DarkGreen,Hand Crafted Gold Co-Ord Set-DarkGreen,in stock,new,https://www.prathiksham.in/store/item/Hand+Crafted+Gold+Co-Ord+Set?id=656,https://www.prathiksham.in/aalam/stock/item/656/image/_/face-img,Prathiksham,DarkGreen,Chanderi,"Solid,Embroidered",L,Apparel & Accessories > Clothing,Clothing & Accessories > Clothing,Female,adult,,7800.0 INR
A3-0CD-17-XL,Hand Crafted Gold Co-Ord Set-DarkGreen,Hand Crafted Gold Co-Ord Set-DarkGreen,in stock,new,https://www.prathiksham.in/store/item/Hand+Crafted+Gold+Co-Ord+Set?id=657,https://www.prathiksham.in/aalam/stock/item/657/image/_/face-img,Prathiksham,DarkGreen,Chanderi,"Embroidered,Solid",XL,Apparel & Accessories > Clothing,Clothing & Accessories > Clothing,Female,adult,,7800.0 INR
A3-0CD-17-XXL,Hand Crafted Gold Co-Ord Set-DarkGreen,Hand Crafted Gold Co-Ord Set-DarkGreen,in stock,new,https://www.prathiksham.in/store/item/Hand+Crafted+Gold+Co-Ord+Set?id=658,https://www.prathiksham.in/aalam/stock/item/658/image/_/face-img,Prathiksham,DarkGreen,Chanderi,"Embroidered,Solid",XXL,Apparel & Accessories > Clothing,Clothing & Accessories > Clothing,Female,adult,,7800.0 INR
A3-0CD-18-XS,Hand Crafted Sunshine Chanderi Co-Ord Set-Gold,Hand Crafted Sunshine Chanderi Co-Ord Set-Gold,in stock,new,https://www.prathiksham.in/store/item/Hand+Crafted+Sunshine+Chanderi+Co-Ord+Set?id=659,https://www.prathiksham.in/aalam/stock/item/659/image/_/face-img,Prathiksham,Gold,Chanderi,Solid,XS,Apparel & Accessories > Clothing,Clothing & Accessories > Clothing,Female,adult,,8800.0 INR
A3-0CD-18-S,Hand Crafted Sunshine Chanderi Co-Ord Set-Gold,Hand Crafted Sunshine Chanderi Co-Ord Set-Gold,in stock,new,https://www.prathiksham.in/store/item/Hand+Crafted+Sunshine+Chanderi+Co-Ord+Set?id=660,https://www.prathiksham.in/aalam/stock/item/660/image/_/face-img,Prathiksham,Gold,Chanderi,Solid,S,Apparel & Accessories > Clothing,Clothing & Accessories > Clothing,Female,adult,,8800.0 INR
A3-0CD-18-M,Hand Crafted Sunshine Chanderi Co-Ord Set-Gold,Hand Crafted Sunshine Chanderi Co-Ord Set-Gold,in stock,new,https://www.prathiksham.in/store/item/Hand+Crafted+Sunshine+Chanderi+Co-Ord+Set?id=661,https://www.prathiksham.in/aalam/stock/item/661/image/_/face-img,Prathiksham,Gold,Chanderi,Solid,M,Apparel & Accessories > Clothing,Clothing & Accessories > Clothing,Female,adult,,8800.0 INR
A3-0CD-18-L,Hand Crafted Sunshine Chanderi Co-Ord Set-Gold,Hand Crafted Sunshine Chanderi Co-Ord Set-Gold,in stock,new,https://www.prathiksham.in/store/item/Hand+Crafted+Sunshine+Chanderi+Co-Ord+Set?id=662,https://www.prathiksham.in/aalam/stock/item/662/image/_/face-img,Prathiksham,Gold,Chanderi,Solid,L,Apparel & Accessories > Clothing,Clothing & Accessories > Clothing,Female,adult,,8800.0 INR
A3-0CD-18-XL,Hand Crafted Sunshine Chanderi Co-Ord Set-Gold,Hand Crafted Sunshine Chanderi Co-Ord Set-Gold,in stock,new,https://www.prathiksham.in/store/item/Hand+Crafted+Sunshine+Chanderi+Co-Ord+Set?id=663,https://www.prathiksham.in/aalam/stock/item/663/image/_/face-img,Prathiksham,Gold,Chanderi,Solid,XL,Apparel & Accessories > Clothing,Clothing & Accessories > Clothing,Female,adult,,8800.0 INR
A3-0CD-18-XXL,Hand Crafted Sunshine Chanderi Co-Ord Set-Gold,Hand Crafted Sunshine Chanderi Co-Ord Set-Gold,in stock,new,https://www.prathiksham.in/store/item/Hand+Crafted+Sunshine+Chanderi+Co-Ord+Set?id=664,https://www.prathiksham.in/aalam/stock/item/664/image/_/face-img,Prathiksham,Gold,Chanderi,Solid,XXL,Apparel & Accessories > Clothing,Clothing & Accessories > Clothing,Female,adult,,8800.0 INR
A3-0CD-19-XS,Chanderi Cham Co-Ord Set-Olive,Chanderi Cham Co-Ord Set-Olive,out of stock,new,https://www.prathiksham.in/store/item/Chanderi+Cham+Co-Ord+Set?id=665,https://www.prathiksham.in/aalam/stock/item/665/image/_/face-img,Prathiksham,Olive,Chanderi,Solid,XS,Apparel & Accessories > Clothing,Clothing & Accessories > Clothing,Female,adult,,6900.0 INR
A3-0CD-19-S,Chanderi Cham Co-Ord Set-Olive,Chanderi Cham Co-Ord Set-Olive,out of stock,new,https://www.prathiksham.in/store/item/Chanderi+Cham+Co-Ord+Set?id=666,https://www.prathiksham.in/aalam/stock/item/666/image/_/face-img,Prathiksham,Olive,Chanderi,Solid,S,Apparel & Accessories > Clothing,Clothing & Accessories > Clothing,Female,adult,,6900.0 INR
A3-0CD-19-M,Chanderi Cham Co-Ord Set-Olive,Chanderi Cham Co-Ord Set-Olive,out of stock,new,https://www.prathiksham.in/store/item/Chanderi+Cham+Co-Ord+Set?id=667,https://www.prathiksham.in/aalam/stock/item/667/image/_/face-img,Prathiksham,Olive,Chanderi,Solid,M,Apparel & Accessories > Clothing,Clothing & Accessories > Clothing,Female,adult,,6900.0 INR
A3-0CD-19-L,Chanderi Cham Co-Ord Set-Olive,Chanderi Cham Co-Ord Set-Olive,out of stock,new,https://www.prathiksham.in/store/item/Chanderi+Cham+Co-Ord+Set?id=668,https://www.prathiksham.in/aalam/stock/item/668/image/_/face-img,Prathiksham,Olive,Chanderi,Solid,L,Apparel & Accessories > Clothing,Clothing & Accessories > Clothing,Female,adult,,6900.0 INR
A3-0CD-19-XL,Chanderi Cham Co-Ord Set-Olive,Chanderi Cham Co-Ord Set-Olive,in stock,new,https://www.prathiksham.in/store/item/Chanderi+Cham+Co-Ord+Set?id=669,https://www.prathiksham.in/aalam/stock/item/669/image/_/face-img,Prathiksham,Olive,Chanderi,Solid,XL,Apparel & Accessories > Clothing,Clothing & Accessories > Clothing,Female,adult,,6900.0 INR
A3-0CD-19-XXL,Chanderi Cham Co-Ord Set-Olive,Chanderi Cham Co-Ord Set-Olive,in stock,new,https://www.prathiksham.in/store/item/Chanderi+Cham+Co-Ord+Set?id=670,https://www.prathiksham.in/aalam/stock/item/670/image/_/face-img,Prathiksham,Olive,Chanderi,Solid,XXL,Apparel & Accessories > Clothing,Clothing & Accessories > Clothing,Female,adult,,6900.0 INR
A3-0CD-20-XS,Pink Tuck Chanderi Elegance-Crimson,Pink Tuck Chanderi Elegance-Crimson,in stock,new,https://www.prathiksham.in/store/item/Pink+Tuck+Chanderi+Elegance?id=671,https://www.prathiksham.in/aalam/stock/item/671/image/_/face-img,Prathiksham,Crimson,Chanderi,Solid,XS,Apparel & Accessories > Clothing,Clothing & Accessories > Clothing,Female,adult,,6800.0 INR
A3-0CD-20-S,Pink Tuck Chanderi Elegance-Crimson,Pink Tuck Chanderi Elegance-Crimson,in stock,new,https://www.prathiksham.in/store/item/Pink+Tuck+Chanderi+Elegance?id=672,https://www.prathiksham.in/aalam/stock/item/672/image/_/face-img,Prathiksham,Crimson,Chanderi,Solid,S,Apparel & Accessories > Clothing,Clothing & Accessories > Clothing,Female,adult,,6800.0 INR
A3-0CD-20-M,Pink Tuck Chanderi Elegance-Crimson,Pink Tuck Chanderi Elegance-Crimson,in stock,new,https://www.prathiksham.in/store/item/Pink+Tuck+Chanderi+Elegance?id=673,https://www.prathiksham.in/aalam/stock/item/673/image/_/face-img,Prathiksham,Crimson,Chanderi,Solid,M,Apparel & Accessories > Clothing,Clothing & Accessories > Clothing,Female,adult,,6800.0 INR
A3-0CD-20-L,Pink Tuck Chanderi Elegance-Crimson,Pink Tuck Chanderi Elegance-Crimson,in stock,new,https://www.prathiksham.in/store/item/Pink+Tuck+Chanderi+Elegance?id=674,https://www.prathiksham.in/aalam/stock/item/674/image/_/face-img,Prathiksham,Crimson,Chanderi,Solid,L,Apparel & Accessories > Clothing,Clothing & Accessories > Clothing,Female,adult,,6800.0 INR
A3-0CD-20-XL,Pink Tuck Chanderi Elegance-Crimson,Pink Tuck Chanderi Elegance-Crimson,in stock,new,https://www.prathiksham.in/store/item/Pink+Tuck+Chanderi+Elegance?id=675,https://www.prathiksham.in/aalam/stock/item/675/image/_/face-img,Prathiksham,Crimson,Chanderi,Solid,XL,Apparel & Accessories > Clothing,Clothing & Accessories > Clothing,Female,adult,,6800.0 INR
A3-0CD-20-XXL,Pink Tuck Chanderi Elegance-Crimson,Pink Tuck Chanderi Elegance-Crimson,in stock,new,https://www.prathiksham.in/store/item/Pink+Tuck+Chanderi+Elegance?id=676,https://www.prathiksham.in/aalam/stock/item/676/image/_/face-img,Prathiksham,Crimson,Chanderi,Solid,XXL,Apparel & Accessories > Clothing,Clothing & Accessories > Clothing,Female,adult,,6800.0 INR
A3-00K-36-XS,Black Pearl Chanderi Harmony-Black,Black Pearl Chanderi Harmony-Black,in stock,new,https://www.prathiksham.in/store/item/Black+Pearl+Chanderi+Harmony?id=677,https://www.prathiksham.in/aalam/stock/item/677/image/_/face-img,Prathiksham,Black,Chanderi,Solid,XS,Apparel & Accessories > Clothing,Clothing & Accessories > Clothing,Female,adult,,4400.0 INR
A3-00K-36-S,Black Pearl Chanderi Harmony-Black,Black Pearl Chanderi Harmony-Black,out of stock,new,https://www.prathiksham.in/store/item/Black+Pearl+Chanderi+Harmony?id=678,https://www.prathiksham.in/aalam/stock/item/678/image/_/face-img,Prathiksham,Black,Chanderi,Solid,S,Apparel & Accessories > Clothing,Clothing & Accessories > Clothing,Female,adult,,4400.0 INR
A3-00K-36-M,Black Pearl Chanderi Harmony-Black,Black Pearl Chanderi Harmony-Black,in stock,new,https://www.prathiksham.in/store/item/Black+Pearl+Chanderi+Harmony?id=679,https://www.prathiksham.in/aalam/stock/item/679/image/_/face-img,Prathiksham,Black,Chanderi,Solid,M,Apparel & Accessories > Clothing,Clothing & Accessories > Clothing,Female,adult,,4400.0 INR
A3-00K-36-L,Black Pearl Chanderi Harmony-Black,Black Pearl Chanderi Harmony-Black,in stock,new,https://www.prathiksham.in/store/item/Black+Pearl+Chanderi+Harmony?id=680,https://www.prathiksham.in/aalam/stock/item/680/image/_/face-img,Prathiksham,Black,Chanderi,Solid,L,Apparel & Accessories > Clothing,Clothing & Accessories > Clothing,Female,adult,,4400.0 INR
A3-00K-36-XL,Black Pearl Chanderi Harmony-Black,Black Pearl Chanderi Harmony-Black,in stock,new,https://www.prathiksham.in/store/item/Black+Pearl+Chanderi+Harmony?id=681,https://www.prathiksham.in/aalam/stock/item/681/image/_/face-img,Prathiksham,Black,Chanderi,Solid,XL,Apparel & Accessories > Clothing,Clothing & Accessories > Clothing,Female,adult,,4400.0 INR
A3-00K-36-XXL,Black Pearl Chanderi Harmony-Black,Black Pearl Chanderi Harmony-Black,in stock,new,https://www.prathiksham.in/store/item/Black+Pearl+Chanderi+Harmony?id=682,https://www.prathiksham.in/aalam/stock/item/682/image/_/face-img,Prathiksham,Black,Chanderi,Solid,XXL,Apparel & Accessories > Clothing,Clothing & Accessories > Clothing,Female,adult,,4400.0 INR
A3-0CD-21-XS,Applique Floral Chanderi Co-Ord Set-LightGreen,Applique Floral Chanderi Co-Ord Set-LightGreen,in stock,new,https://www.prathiksham.in/store/item/Applique+Floral+Chanderi+Co-Ord+Set?id=683,https://www.prathiksham.in/aalam/stock/item/683/image/_/face-img,Prathiksham,LightGreen,Chanderi,Solid,XS,Apparel & Accessories > Clothing,Clothing & Accessories > Clothing,Female,adult,,7200.0 INR
A3-0CD-21-S,Applique Floral Chanderi Co-Ord Set-LightGreen,Applique Floral Chanderi Co-Ord Set-LightGreen,in stock,new,https://www.prathiksham.in/store/item/Applique+Floral+Chanderi+Co-Ord+Set?id=684,https://www.prathiksham.in/aalam/stock/item/684/image/_/face-img,Prathiksham,LightGreen,Chanderi,Solid,S,Apparel & Accessories > Clothing,Clothing & Accessories > Clothing,Female,adult,,7200.0 INR
A3-0CD-21-M,Applique Floral Chanderi Co-Ord Set-LightGreen,Applique Floral Chanderi Co-Ord Set-LightGreen,in stock,new,https://www.prathiksham.in/store/item/Applique+Floral+Chanderi+Co-Ord+Set?id=685,https://www.prathiksham.in/aalam/stock/item/685/image/_/face-img,Prathiksham,LightGreen,Chanderi,Solid,M,Apparel & Accessories > Clothing,Clothing & Accessories > Clothing,Female,adult,,7200.0 INR
A3-0CD-21-L,Applique Floral Chanderi Co-Ord Set-LightGreen,Applique Floral Chanderi Co-Ord Set-LightGreen,in stock,new,https://www.prathiksham.in/store/item/Applique+Floral+Chanderi+Co-Ord+Set?id=686,https://www.prathiksham.in/aalam/stock/item/686/image/_/face-img,Prathiksham,LightGreen,Chanderi,Solid,L,Apparel & Accessories > Clothing,Clothing & Accessories > Clothing,Female,adult,,7200.0 INR
A3-0CD-21-XL,Applique Floral Chanderi Co-Ord Set-LightGreen,Applique Floral Chanderi Co-Ord Set-LightGreen,out of stock,new,https://www.prathiksham.in/store/item/Applique+Floral+Chanderi+Co-Ord+Set?id=687,https://www.prathiksham.in/aalam/stock/item/687/image/_/face-img,Prathiksham,LightGreen,Chanderi,Solid,XL,Apparel & Accessories > Clothing,Clothing & Accessories > Clothing,Female,adult,,7200.0 INR
A3-0CD-21-XXL,Applique Floral Chanderi Co-Ord Set-LightGreen,Applique Floral Chanderi Co-Ord Set-LightGreen,in stock,new,https://www.prathiksham.in/store/item/Applique+Floral+Chanderi+Co-Ord+Set?id=688,https://www.prathiksham.in/aalam/stock/item/688/image/_/face-img,Prathiksham,LightGreen,Chanderi,Solid,XXL,Apparel & Accessories > Clothing,Clothing & Accessories > Clothing,Female,adult,,7200.0 INR
A3-00K-37-XS,Petal Charm Chanderi Embroidery Kurta-FloralWhite,Petal Charm Chanderi Embroidery Kurta-FloralWhite,in stock,new,https://www.prathiksham.in/store/item/Petal+Charm+Chanderi+Embroidery+Kurta?id=689,https://www.prathiksham.in/aalam/stock/item/689/image/_/face-img,Prathiksham,FloralWhite,Chanderi,"Floral,Solid",XS,Apparel & Accessories > Clothing,Clothing & Accessories > Clothing,Female,adult,,4500.0 INR
A3-00K-37-S,Petal Charm Chanderi Embroidery Kurta-FloralWhite,Petal Charm Chanderi Embroidery Kurta-FloralWhite,in stock,new,https://www.prathiksham.in/store/item/Petal+Charm+Chanderi+Embroidery+Kurta?id=690,https://www.prathiksham.in/aalam/stock/item/690/image/_/face-img,Prathiksham,FloralWhite,Chanderi,"Floral,Solid",S,Apparel & Accessories > Clothing,Clothing & Accessories > Clothing,Female,adult,,4500.0 INR
A3-00K-37-M,Petal Charm Chanderi Embroidery Kurta-FloralWhite,Petal Charm Chanderi Embroidery Kurta-FloralWhite,in stock,new,https://www.prathiksham.in/store/item/Petal+Charm+Chanderi+Embroidery+Kurta?id=691,https://www.prathiksham.in/aalam/stock/item/691/image/_/face-img,Prathiksham,FloralWhite,Chanderi,"Floral,Solid",M,Apparel & Accessories > Clothing,Clothing & Accessories > Clothing,Female,adult,,4500.0 INR
A3-00K-37-L,Petal Charm Chanderi Embroidery Kurta-FloralWhite,Petal Charm Chanderi Embroidery Kurta-FloralWhite,in stock,new,https://www.prathiksham.in/store/item/Petal+Charm+Chanderi+Embroidery+Kurta?id=692,https://www.prathiksham.in/aalam/stock/item/692/image/_/face-img,Prathiksham,FloralWhite,Chanderi,"Floral,Solid",L,Apparel & Accessories > Clothing,Clothing & Accessories > Clothing,Female,adult,,4500.0 INR
A3-00K-37-XL,Petal Charm Chanderi Embroidery Kurta-FloralWhite,Petal Charm Chanderi Embroidery Kurta-FloralWhite,in stock,new,https://www.prathiksham.in/store/item/Petal+Charm+Chanderi+Embroidery+Kurta?id=693,https://www.prathiksham.in/aalam/stock/item/693/image/_/face-img,Prathiksham,FloralWhite,Chanderi,"Floral,Solid",XL,Apparel & Accessories > Clothing,Clothing & Accessories > Clothing,Female,adult,,4500.0 INR
A3-00K-37-XXL,Petal Charm Chanderi Embroidery Kurta-FloralWhite,Petal Charm Chanderi Embroidery Kurta-FloralWhite,in stock,new,https://www.prathiksham.in/store/item/Petal+Charm+Chanderi+Embroidery+Kurta?id=694,https://www.prathiksham.in/aalam/stock/item/694/image/_/face-img,Prathiksham,FloralWhite,Chanderi,"Floral,Solid",XXL,Apparel & Accessories > Clothing,Clothing & Accessories > Clothing,Female,adult,,4500.0 INR
A3-0CD-22-XS,Pink & Gold Brocade Co-Ord Set-Pink,Pink & Gold Brocade Co-Ord Set-Pink,in stock,new,https://www.prathiksham.in/store/item/Pink+%26+Gold+Brocade+Co-Ord+Set?id=695,https://www.prathiksham.in/aalam/stock/item/695/image/_/face-img,Prathiksham,Pink,Brocade,Floral,XS,Apparel & Accessories > Clothing,Clothing & Accessories > Clothing,Female,adult,,6800.0 INR
A3-0CD-22-S,Pink & Gold Brocade Co-Ord Set-Pink,Pink & Gold Brocade Co-Ord Set-Pink,in stock,new,https://www.prathiksham.in/store/item/Pink+%26+Gold+Brocade+Co-Ord+Set?id=696,https://www.prathiksham.in/aalam/stock/item/696/image/_/face-img,Prathiksham,Pink,Brocade,Floral,S,Apparel & Accessories > Clothing,Clothing & Accessories > Clothing,Female,adult,,6800.0 INR
A3-0CD-22-M,Pink & Gold Brocade Co-Ord Set-Pink,Pink & Gold Brocade Co-Ord Set-Pink,in stock,new,https://www.prathiksham.in/store/item/Pink+%26+Gold+Brocade+Co-Ord+Set?id=697,https://www.prathiksham.in/aalam/stock/item/697/image/_/face-img,Prathiksham,Pink,Brocade,Floral,M,Apparel & Accessories > Clothing,Clothing & Accessories > Clothing,Female,adult,,6800.0 INR
A3-0CD-22-L,Pink & Gold Brocade Co-Ord Set-Pink,Pink & Gold Brocade Co-Ord Set-Pink,in stock,new,https://www.prathiksham.in/store/item/Pink+%26+Gold+Brocade+Co-Ord+Set?id=698,https://www.prathiksham.in/aalam/stock/item/698/image/_/face-img,Prathiksham,Pink,Brocade,Floral,L,Apparel & Accessories > Clothing,Clothing & Accessories > Clothing,Female,adult,,6800.0 INR
A3-0CD-22-XL,Pink & Gold Brocade Co-Ord Set-Pink,Pink & Gold Brocade Co-Ord Set-Pink,in stock,new,https://www.prathiksham.in/store/item/Pink+%26+Gold+Brocade+Co-Ord+Set?id=699,https://www.prathiksham.in/aalam/stock/item/699/image/_/face-img,Prathiksham,Pink,Brocade,Floral,XL,Apparel & Accessories > Clothing,Clothing & Accessories > Clothing,Female,adult,,6800.0 INR
A3-0CD-22-XXL,Pink & Gold Brocade Co-Ord Set-Pink,Pink & Gold Brocade Co-Ord Set-Pink,in stock,new,https://www.prathiksham.in/store/item/Pink+%26+Gold+Brocade+Co-Ord+Set?id=700,https://www.prathiksham.in/aalam/stock/item/700/image/_/face-img,Prathiksham,Pink,Brocade,Floral,XXL,Apparel & Accessories > Clothing,Clothing & Accessories > Clothing,Female,adult,,6800.0 INR
A3-00K-38-XS,Hand Embroidered & Printed Kurta-Salmon,Hand Embroidered & Printed Kurta-Salmon,in stock,new,https://www.prathiksham.in/store/item/Hand+Embroidered+%26+Printed+Kurta?id=701,https://www.prathiksham.in/aalam/stock/item/701/image/_/face-img,Prathiksham,Salmon,Chanderi,Floral,XS,Apparel & Accessories > Clothing,Clothing & Accessories > Clothing,Female,adult,,3800.0 INR
A3-00K-38-S,Hand Embroidered & Printed Kurta-Salmon,Hand Embroidered & Printed Kurta-Salmon,in stock,new,https://www.prathiksham.in/store/item/Hand+Embroidered+%26+Printed+Kurta?id=702,https://www.prathiksham.in/aalam/stock/item/702/image/_/face-img,Prathiksham,Salmon,Chanderi,Floral,S,Apparel & Accessories > Clothing,Clothing & Accessories > Clothing,Female,adult,,3800.0 INR
A3-00K-38-M,Hand Embroidered & Printed Kurta-Salmon,Hand Embroidered & Printed Kurta-Salmon,in stock,new,https://www.prathiksham.in/store/item/Hand+Embroidered+%26+Printed+Kurta?id=703,https://www.prathiksham.in/aalam/stock/item/703/image/_/face-img,Prathiksham,Salmon,Chanderi,Floral,M,Apparel & Accessories > Clothing,Clothing & Accessories > Clothing,Female,adult,,3800.0 INR
A3-00K-38-L,Hand Embroidered & Printed Kurta-Salmon,Hand Embroidered & Printed Kurta-Salmon,in stock,new,https://www.prathiksham.in/store/item/Hand+Embroidered+%26+Printed+Kurta?id=704,https://www.prathiksham.in/aalam/stock/item/704/image/_/face-img,Prathiksham,Salmon,Chanderi,Floral,L,Apparel & Accessories > Clothing,Clothing & Accessories > Clothing,Female,adult,,3800.0 INR
A3-00K-38-XL,Hand Embroidered & Printed Kurta-Salmon,Hand Embroidered & Printed Kurta-Salmon,in stock,new,https://www.prathiksham.in/store/item/Hand+Embroidered+%26+Printed+Kurta?id=705,https://www.prathiksham.in/aalam/stock/item/705/image/_/face-img,Prathiksham,Salmon,Chanderi,Floral,XL,Apparel & Accessories > Clothing,Clothing & Accessories > Clothing,Female,adult,,3800.0 INR
A3-00K-38-XXL,Hand Embroidered & Printed Kurta-Salmon,Hand Embroidered & Printed Kurta-Salmon,in stock,new,https://www.prathiksham.in/store/item/Hand+Embroidered+%26+Printed+Kurta?id=706,https://www.prathiksham.in/aalam/stock/item/706/image/_/face-img,Prathiksham,Salmon,Chanderi,Floral,XXL,Apparel & Accessories > Clothing,Clothing & Accessories > Clothing,Female,adult,,3800.0 INR
A3-00D-1-1,Applique Organza Duppatta-Peach,Applique Organza Duppatta-Peach,out of stock,new,https://www.prathiksham.in/store/item/Applique+Organza+Duppatta?id=707,https://www.prathiksham.in/aalam/stock/item/707/image/_/face-img,Prathiksham,Peach,Organza,Embroidered,,Apparel & Accessories > Clothing,Clothing & Accessories > Clothing,Female,adult,,3400.0 INR
A3-00D-2-1,Pink Striped Tissue Duppata-Pink,Pink Striped Tissue Duppata-Pink,out of stock,new,https://www.prathiksham.in/store/item/Pink+Striped+Tissue+Duppata?id=708,https://www.prathiksham.in/aalam/stock/item/708/image/_/face-img,Prathiksham,Pink,Tissue,Stripes,,Apparel & Accessories > Clothing,Clothing & Accessories > Clothing,Female,adult,,3400.0 INR
A3-00D-3-1,Olive Striped Tissue Duppata-Olive,Olive Striped Tissue Duppata-Olive,out of stock,new,https://www.prathiksham.in/store/item/Olive+Striped+Tissue+Duppata?id=709,https://www.prathiksham.in/aalam/stock/item/709/image/_/face-img,Prathiksham,Olive,Tissue,,,Apparel & Accessories > Clothing,Clothing & Accessories > Clothing,Female,adult,,3400.0 INR
A4-00K-39-XS,Pink Floral Linen Kurta-White,Pink Floral Linen Kurta-White,in stock,new,https://www.prathiksham.in/store/item/Pink+Floral+Linen+Kurta?id=710,https://www.prathiksham.in/aalam/stock/item/710/image/_/face-img,Prathiksham,White,Linen,Floral,XS,Apparel & Accessories > Clothing,Clothing & Accessories > Clothing,Female,adult,,1200.0 INR
A4-00K-39-S,Pink Floral Linen Kurta-White,Pink Floral Linen Kurta-White,in stock,new,https://www.prathiksham.in/store/item/Pink+Floral+Linen+Kurta?id=711,https://www.prathiksham.in/aalam/stock/item/711/image/_/face-img,Prathiksham,White,Linen,Floral,S,Apparel & Accessories > Clothing,Clothing & Accessories > Clothing,Female,adult,,1200.0 INR
A4-00K-39-M,Pink Floral Linen Kurta-White,Pink Floral Linen Kurta-White,in stock,new,https://www.prathiksham.in/store/item/Pink+Floral+Linen+Kurta?id=712,https://www.prathiksham.in/aalam/stock/item/712/image/_/face-img,Prathiksham,White,Linen,Floral,M,Apparel & Accessories > Clothing,Clothing & Accessories > Clothing,Female,adult,,1200.0 INR
A4-00K-39-L,Pink Floral Linen Kurta-White,Pink Floral Linen Kurta-White,in stock,new,https://www.prathiksham.in/store/item/Pink+Floral+Linen+Kurta?id=713,https://www.prathiksham.in/aalam/stock/item/713/image/_/face-img,Prathiksham,White,Linen,Floral,L,Apparel & Accessories > Clothing,Clothing & Accessories > Clothing,Female,adult,,1200.0 INR
A4-00K-39-XL,Pink Floral Linen Kurta-White,Pink Floral Linen Kurta-White,in stock,new,https://www.prathiksham.in/store/item/Pink+Floral+Linen+Kurta?id=714,https://www.prathiksham.in/aalam/stock/item/714/image/_/face-img,Prathiksham,White,Linen,Floral,XL,Apparel & Accessories > Clothing,Clothing & Accessories > Clothing,Female,adult,,1200.0 INR
A4-00K-39-XXL,Pink Floral Linen Kurta-White,Pink Floral Linen Kurta-White,in stock,new,https://www.prathiksham.in/store/item/Pink+Floral+Linen+Kurta?id=715,https://www.prathiksham.in/aalam/stock/item/715/image/_/face-img,Prathiksham,White,Linen,Floral,XXL,Apparel & Accessories > Clothing,Clothing & Accessories > Clothing,Female,adult,,1200.0 INR
A4-00K-42-XS,Rustic Charm Handblock Cotton Kurta-NavajoWhite,Rustic Charm Handblock Cotton Kurta-NavajoWhite,in stock,new,https://www.prathiksham.in/store/item/Rustic+Charm+Handblock+Cotton+Kurta?id=716,https://www.prathiksham.in/aalam/stock/item/716/image/_/face-img,Prathiksham,NavajoWhite,Cotton,Handblock,XS,Apparel & Accessories > Clothing,Clothing & Accessories > Clothing,Female,adult,,1500.0 INR
A4-00K-42-S,Rustic Charm Handblock Cotton Kurta-NavajoWhite,Rustic Charm Handblock Cotton Kurta-NavajoWhite,in stock,new,https://www.prathiksham.in/store/item/Rustic+Charm+Handblock+Cotton+Kurta?id=717,https://www.prathiksham.in/aalam/stock/item/717/image/_/face-img,Prathiksham,NavajoWhite,Cotton,Handblock,S,Apparel & Accessories > Clothing,Clothing & Accessories > Clothing,Female,adult,,1500.0 INR
A4-00K-42-M,Rustic Charm Handblock Cotton Kurta-NavajoWhite,Rustic Charm Handblock Cotton Kurta-NavajoWhite,in stock,new,https://www.prathiksham.in/store/item/Rustic+Charm+Handblock+Cotton+Kurta?id=718,https://www.prathiksham.in/aalam/stock/item/718/image/_/face-img,Prathiksham,NavajoWhite,Cotton,Handblock,M,Apparel & Accessories > Clothing,Clothing & Accessories > Clothing,Female,adult,,1500.0 INR
A4-00K-42-L,Rustic Charm Handblock Cotton Kurta-NavajoWhite,Rustic Charm Handblock Cotton Kurta-NavajoWhite,in stock,new,https://www.prathiksham.in/store/item/Rustic+Charm+Handblock+Cotton+Kurta?id=719,https://www.prathiksham.in/aalam/stock/item/719/image/_/face-img,Prathiksham,NavajoWhite,Cotton,Handblock,L,Apparel & Accessories > Clothing,Clothing & Accessories > Clothing,Female,adult,,1500.0 INR
A4-00K-42-XL,Rustic Charm Handblock Cotton Kurta-NavajoWhite,Rustic Charm Handblock Cotton Kurta-NavajoWhite,out of stock,new,https://www.prathiksham.in/store/item/Rustic+Charm+Handblock+Cotton+Kurta?id=720,https://www.prathiksham.in/aalam/stock/item/720/image/_/face-img,Prathiksham,NavajoWhite,Cotton,Handblock,XL,Apparel & Accessories > Clothing,Clothing & Accessories > Clothing,Female,adult,,1500.0 INR
A4-00K-42-XXL,Rustic Charm Handblock Cotton Kurta-NavajoWhite,Rustic Charm Handblock Cotton Kurta-NavajoWhite,in stock,new,https://www.prathiksham.in/store/item/Rustic+Charm+Handblock+Cotton+Kurta?id=721,https://www.prathiksham.in/aalam/stock/item/721/image/_/face-img,Prathiksham,NavajoWhite,Cotton,Handblock,XXL,Apparel & Accessories > Clothing,Clothing & Accessories > Clothing,Female,adult,,1500.0 INR
A4-00K-43-XS,Maroon Blossom Handblock Kurta-NavajoWhite,Maroon Blossom Handblock Kurta-NavajoWhite,out of stock,new,https://www.prathiksham.in/store/item/Maroon+Blossom+Handblock+Kurta?id=722,https://www.prathiksham.in/aalam/stock/item/722/image/_/face-img,Prathiksham,NavajoWhite,Cotton,Handblock,XS,Apparel & Accessories > Clothing,Clothing & Accessories > Clothing,Female,adult,,1800.0 INR
A4-00K-43-S,Maroon Blossom Handblock Kurta-NavajoWhite,Maroon Blossom Handblock Kurta-NavajoWhite,out of stock,new,https://www.prathiksham.in/store/item/Maroon+Blossom+Handblock+Kurta?id=723,https://www.prathiksham.in/aalam/stock/item/723/image/_/face-img,Prathiksham,NavajoWhite,Cotton,Handblock,S,Apparel & Accessories > Clothing,Clothing & Accessories > Clothing,Female,adult,,1800.0 INR
A4-00K-43-M,Maroon Blossom Handblock Kurta-NavajoWhite,Maroon Blossom Handblock Kurta-NavajoWhite,out of stock,new,https://www.prathiksham.in/store/item/Maroon+Blossom+Handblock+Kurta?id=724,https://www.prathiksham.in/aalam/stock/item/724/image/_/face-img,Prathiksham,NavajoWhite,Cotton,Handblock,M,Apparel & Accessories > Clothing,Clothing & Accessories > Clothing,Female,adult,,1800.0 INR
A4-00K-43-L,Maroon Blossom Handblock Kurta-NavajoWhite,Maroon Blossom Handblock Kurta-NavajoWhite,out of stock,new,https://www.prathiksham.in/store/item/Maroon+Blossom+Handblock+Kurta?id=725,https://www.prathiksham.in/aalam/stock/item/725/image/_/face-img,Prathiksham,NavajoWhite,Cotton,Handblock,L,Apparel & Accessories > Clothing,Clothing & Accessories > Clothing,Female,adult,,1800.0 INR
A4-00K-43-XL,Maroon Blossom Handblock Kurta-NavajoWhite,Maroon Blossom Handblock Kurta-NavajoWhite,out of stock,new,https://www.prathiksham.in/store/item/Maroon+Blossom+Handblock+Kurta?id=726,https://www.prathiksham.in/aalam/stock/item/726/image/_/face-img,Prathiksham,NavajoWhite,Cotton,Handblock,XL,Apparel & Accessories > Clothing,Clothing & Accessories > Clothing,Female,adult,,1800.0 INR
A4-00K-43-XXL,Maroon Blossom Handblock Kurta-NavajoWhite,Maroon Blossom Handblock Kurta-NavajoWhite,out of stock,new,https://www.prathiksham.in/store/item/Maroon+Blossom+Handblock+Kurta?id=727,https://www.prathiksham.in/aalam/stock/item/727/image/_/face-img,Prathiksham,NavajoWhite,Cotton,Handblock,XXL,Apparel & Accessories > Clothing,Clothing & Accessories > Clothing,Female,adult,,1800.0 INR
A4-00K-41-XS -1,Blue Blossom Stripe Kurta -1-RoyalBlue,Blue Blossom Stripe Kurta -1-RoyalBlue,out of stock,new,https://www.prathiksham.in/store/item/Blue+Blossom+Stripe+Kurta+-1?id=728,https://www.prathiksham.in/aalam/stock/item/728/image/_/face-img,Prathiksham,RoyalBlue,Cotton,Handblock,XS,Apparel & Accessories > Clothing,Clothing & Accessories > Clothing,Female,adult,,1660.0 INR
A4-00K-41-S -1,Blue Blossom Stripe Kurta -1-RoyalBlue,Blue Blossom Stripe Kurta -1-RoyalBlue,out of stock,new,https://www.prathiksham.in/store/item/Blue+Blossom+Stripe+Kurta+-1?id=729,https://www.prathiksham.in/aalam/stock/item/729/image/_/face-img,Prathiksham,RoyalBlue,Cotton,Handblock,S,Apparel & Accessories > Clothing,Clothing & Accessories > Clothing,Female,adult,,1660.0 INR
A4-00K-41-M -1,Blue Blossom Stripe Kurta -1-RoyalBlue,Blue Blossom Stripe Kurta -1-RoyalBlue,out of stock,new,https://www.prathiksham.in/store/item/Blue+Blossom+Stripe+Kurta+-1?id=730,https://www.prathiksham.in/aalam/stock/item/730/image/_/face-img,Prathiksham,RoyalBlue,Cotton,Handblock,M,Apparel & Accessories > Clothing,Clothing & Accessories > Clothing,Female,adult,,1660.0 INR
A4-00K-41-L -1,Blue Blossom Stripe Kurta -1-RoyalBlue,Blue Blossom Stripe Kurta -1-RoyalBlue,out of stock,new,https://www.prathiksham.in/store/item/Blue+Blossom+Stripe+Kurta+-1?id=731,https://www.prathiksham.in/aalam/stock/item/731/image/_/face-img,Prathiksham,RoyalBlue,Cotton,Handblock,L,Apparel & Accessories > Clothing,Clothing & Accessories > Clothing,Female,adult,,1660.0 INR
A4-00K-41-XL -1,Blue Blossom Stripe Kurta -1-RoyalBlue,Blue Blossom Stripe Kurta -1-RoyalBlue,out of stock,new,https://www.prathiksham.in/store/item/Blue+Blossom+Stripe+Kurta+-1?id=732,https://www.prathiksham.in/aalam/stock/item/732/image/_/face-img,Prathiksham,RoyalBlue,Cotton,Handblock,XL,Apparel & Accessories > Clothing,Clothing & Accessories > Clothing,Female,adult,,1660.0 INR
A4-00K-41-XXL -1,Blue Blossom Stripe Kurta -1-RoyalBlue,Blue Blossom Stripe Kurta -1-RoyalBlue,out of stock,new,https://www.prathiksham.in/store/item/Blue+Blossom+Stripe+Kurta+-1?id=733,https://www.prathiksham.in/aalam/stock/item/733/image/_/face-img,Prathiksham,RoyalBlue,Cotton,Handblock,XXL,Apparel & Accessories > Clothing,Clothing & Accessories > Clothing,Female,adult,,1660.0 INR
A4-00K-40-XS -1,Pink Blossom Stripe Kurta -1-Pink,Pink Blossom Stripe Kurta -1-Pink,out of stock,new,https://www.prathiksham.in/store/item/Pink+Blossom+Stripe+Kurta+-1?id=734,https://www.prathiksham.in/aalam/stock/item/734/image/_/face-img,Prathiksham,Pink,Cotton,Handblock,XS,Apparel & Accessories > Clothing,Clothing & Accessories > Clothing,Female,adult,,1600.0 INR
A4-00K-40-S -1,Pink Blossom Stripe Kurta -1-Pink,Pink Blossom Stripe Kurta -1-Pink,out of stock,new,https://www.prathiksham.in/store/item/Pink+Blossom+Stripe+Kurta+-1?id=735,https://www.prathiksham.in/aalam/stock/item/735/image/_/face-img,Prathiksham,Pink,Cotton,Handblock,S,Apparel & Accessories > Clothing,Clothing & Accessories > Clothing,Female,adult,,1600.0 INR
A4-00K-40-M -1,Pink Blossom Stripe Kurta -1-Pink,Pink Blossom Stripe Kurta -1-Pink,out of stock,new,https://www.prathiksham.in/store/item/Pink+Blossom+Stripe+Kurta+-1?id=736,https://www.prathiksham.in/aalam/stock/item/736/image/_/face-img,Prathiksham,Pink,Cotton,Handblock,M,Apparel & Accessories > Clothing,Clothing & Accessories > Clothing,Female,adult,,1600.0 INR
A4-00K-40-L -1,Pink Blossom Stripe Kurta -1-Pink,Pink Blossom Stripe Kurta -1-Pink,out of stock,new,https://www.prathiksham.in/store/item/Pink+Blossom+Stripe+Kurta+-1?id=737,https://www.prathiksham.in/aalam/stock/item/737/image/_/face-img,Prathiksham,Pink,Cotton,Handblock,L,Apparel & Accessories > Clothing,Clothing & Accessories > Clothing,Female,adult,,1600.0 INR
A4-00K-40-XL -1,Pink Blossom Stripe Kurta -1-Pink,Pink Blossom Stripe Kurta -1-Pink,out of stock,new,https://www.prathiksham.in/store/item/Pink+Blossom+Stripe+Kurta+-1?id=738,https://www.prathiksham.in/aalam/stock/item/738/image/_/face-img,Prathiksham,Pink,Cotton,Handblock,XL,Apparel & Accessories > Clothing,Clothing & Accessories > Clothing,Female,adult,,1600.0 INR
A4-00K-40-XXL -1,Pink Blossom Stripe Kurta -1-Pink,Pink Blossom Stripe Kurta -1-Pink,out of stock,new,https://www.prathiksham.in/store/item/Pink+Blossom+Stripe+Kurta+-1?id=739,https://www.prathiksham.in/aalam/stock/item/739/image/_/face-img,Prathiksham,Pink,Cotton,Handblock,XXL,Apparel & Accessories > Clothing,Clothing & Accessories > Clothing,Female,adult,,1600.0 INR
A4-0CD-29-XS,Green Bloom Cotton Set-SeaGreen,Green Bloom Cotton Set-SeaGreen,out of stock,new,https://www.prathiksham.in/store/item/Green+Bloom+Cotton+Set?id=740,https://www.prathiksham.in/aalam/stock/item/740/image/_/face-img,Prathiksham,SeaGreen,Cotton,Floral,XS,Apparel & Accessories > Clothing,Clothing & Accessories > Clothing,Female,adult,,2250.0 INR
A4-0CD-29-S,Green Bloom Cotton Set-SeaGreen,Green Bloom Cotton Set-SeaGreen,out of stock,new,https://www.prathiksham.in/store/item/Green+Bloom+Cotton+Set?id=741,https://www.prathiksham.in/aalam/stock/item/741/image/_/face-img,Prathiksham,SeaGreen,Cotton,Floral,S,Apparel & Accessories > Clothing,Clothing & Accessories > Clothing,Female,adult,,2250.0 INR
A4-0CD-29-M,Green Bloom Cotton Set-SeaGreen,Green Bloom Cotton Set-SeaGreen,out of stock,new,https://www.prathiksham.in/store/item/Green+Bloom+Cotton+Set?id=742,https://www.prathiksham.in/aalam/stock/item/742/image/_/face-img,Prathiksham,SeaGreen,Cotton,Floral,M,Apparel & Accessories > Clothing,Clothing & Accessories > Clothing,Female,adult,,2250.0 INR
A4-0CD-29-L,Green Bloom Cotton Set-SeaGreen,Green Bloom Cotton Set-SeaGreen,out of stock,new,https://www.prathiksham.in/store/item/Green+Bloom+Cotton+Set?id=743,https://www.prathiksham.in/aalam/stock/item/743/image/_/face-img,Prathiksham,SeaGreen,Cotton,Floral,L,Apparel & Accessories > Clothing,Clothing & Accessories > Clothing,Female,adult,,2250.0 INR
A4-0CD-29-XL,Green Bloom Cotton Set-SeaGreen,Green Bloom Cotton Set-SeaGreen,out of stock,new,https://www.prathiksham.in/store/item/Green+Bloom+Cotton+Set?id=744,https://www.prathiksham.in/aalam/stock/item/744/image/_/face-img,Prathiksham,SeaGreen,Cotton,Floral,XL,Apparel & Accessories > Clothing,Clothing & Accessories > Clothing,Female,adult,,2250.0 INR
A4-0CD-29-XXL,Green Bloom Cotton Set-SeaGreen,Green Bloom Cotton Set-SeaGreen,out of stock,new,https://www.prathiksham.in/store/item/Green+Bloom+Cotton+Set?id=745,https://www.prathiksham.in/aalam/stock/item/745/image/_/face-img,Prathiksham,SeaGreen,Cotton,Floral,XXL,Apparel & Accessories > Clothing,Clothing & Accessories > Clothing,Female,adult,,2250.0 INR
A4-0CD-28-XS,Daisy Dreams Co-Ord Set-SteelBlue,Daisy Dreams Co-Ord Set-SteelBlue,out of stock,new,https://www.prathiksham.in/store/item/Daisy+Dreams+Co-Ord+Set?id=746,https://www.prathiksham.in/aalam/stock/item/746/image/_/face-img,Prathiksham,SteelBlue,Cotton,Floral,XS,Apparel & Accessories > Clothing,Clothing & Accessories > Clothing,Female,adult,,2250.0 INR
A4-0CD-28-S,Daisy Dreams Co-Ord Set-SteelBlue,Daisy Dreams Co-Ord Set-SteelBlue,in stock,new,https://www.prathiksham.in/store/item/Daisy+Dreams+Co-Ord+Set?id=747,https://www.prathiksham.in/aalam/stock/item/747/image/_/face-img,Prathiksham,SteelBlue,Cotton,Floral,S,Apparel & Accessories > Clothing,Clothing & Accessories > Clothing,Female,adult,,2250.0 INR
A4-0CD-28-M,Daisy Dreams Co-Ord Set-SteelBlue,Daisy Dreams Co-Ord Set-SteelBlue,in stock,new,https://www.prathiksham.in/store/item/Daisy+Dreams+Co-Ord+Set?id=748,https://www.prathiksham.in/aalam/stock/item/748/image/_/face-img,Prathiksham,SteelBlue,Cotton,Floral,M,Apparel & Accessories > Clothing,Clothing & Accessories > Clothing,Female,adult,,2250.0 INR
A4-0CD-28-L,Daisy Dreams Co-Ord Set-SteelBlue,Daisy Dreams Co-Ord Set-SteelBlue,out of stock,new,https://www.prathiksham.in/store/item/Daisy+Dreams+Co-Ord+Set?id=749,https://www.prathiksham.in/aalam/stock/item/749/image/_/face-img,Prathiksham,SteelBlue,Cotton,Floral,L,Apparel & Accessories > Clothing,Clothing & Accessories > Clothing,Female,adult,,2250.0 INR
A4-0CD-28-XL,Daisy Dreams Co-Ord Set-SteelBlue,Daisy Dreams Co-Ord Set-SteelBlue,out of stock,new,https://www.prathiksham.in/store/item/Daisy+Dreams+Co-Ord+Set?id=750,https://www.prathiksham.in/aalam/stock/item/750/image/_/face-img,Prathiksham,SteelBlue,Cotton,Floral,XL,Apparel & Accessories > Clothing,Clothing & Accessories > Clothing,Female,adult,,2250.0 INR
A4-0CD-28-XXL,Daisy Dreams Co-Ord Set-SteelBlue,Daisy Dreams Co-Ord Set-SteelBlue,out of stock,new,https://www.prathiksham.in/store/item/Daisy+Dreams+Co-Ord+Set?id=751,https://www.prathiksham.in/aalam/stock/item/751/image/_/face-img,Prathiksham,SteelBlue,Cotton,Floral,XXL,Apparel & Accessories > Clothing,Clothing & Accessories > Clothing,Female,adult,,2250.0 INR
A4-0CD-27-XS,Earthy Olive Co-Ord Set with Threadwork-DimGray,Earthy Olive Co-Ord Set with Threadwork-DimGray,in stock,new,https://www.prathiksham.in/store/item/Earthy+Olive+Co-Ord+Set+with+Threadwork?id=752,https://www.prathiksham.in/aalam/stock/item/752/image/_/face-img,Prathiksham,DimGray,Cotton,Solid,XS,Apparel & Accessories > Clothing,Clothing & Accessories > Clothing,Female,adult,,2900.0 INR
A4-0CD-27-S,Earthy Olive Co-Ord Set with Threadwork-DimGray,Earthy Olive Co-Ord Set with Threadwork-DimGray,in stock,new,https://www.prathiksham.in/store/item/Earthy+Olive+Co-Ord+Set+with+Threadwork?id=753,https://www.prathiksham.in/aalam/stock/item/753/image/_/face-img,Prathiksham,DimGray,Cotton,Solid,S,Apparel & Accessories > Clothing,Clothing & Accessories > Clothing,Female,adult,,2900.0 INR
A4-0CD-27-M,Earthy Olive Co-Ord Set with Threadwork-DimGray,Earthy Olive Co-Ord Set with Threadwork-DimGray,out of stock,new,https://www.prathiksham.in/store/item/Earthy+Olive+Co-Ord+Set+with+Threadwork?id=754,https://www.prathiksham.in/aalam/stock/item/754/image/_/face-img,Prathiksham,DimGray,Cotton,Solid,M,Apparel & Accessories > Clothing,Clothing & Accessories > Clothing,Female,adult,,2900.0 INR
A4-0CD-27-L,Earthy Olive Co-Ord Set with Threadwork-DimGray,Earthy Olive Co-Ord Set with Threadwork-DimGray,out of stock,new,https://www.prathiksham.in/store/item/Earthy+Olive+Co-Ord+Set+with+Threadwork?id=755,https://www.prathiksham.in/aalam/stock/item/755/image/_/face-img,Prathiksham,DimGray,Cotton,Solid,L,Apparel & Accessories > Clothing,Clothing & Accessories > Clothing,Female,adult,,2900.0 INR
A4-0CD-27-XL,Earthy Olive Co-Ord Set with Threadwork-DimGray,Earthy Olive Co-Ord Set with Threadwork-DimGray,in stock,new,https://www.prathiksham.in/store/item/Earthy+Olive+Co-Ord+Set+with+Threadwork?id=756,https://www.prathiksham.in/aalam/stock/item/756/image/_/face-img,Prathiksham,DimGray,Cotton,Solid,XL,Apparel & Accessories > Clothing,Clothing & Accessories > Clothing,Female,adult,,2900.0 INR
A4-0CD-27-XXL,Earthy Olive Co-Ord Set with Threadwork-DimGray,Earthy Olive Co-Ord Set with Threadwork-DimGray,in stock,new,https://www.prathiksham.in/store/item/Earthy+Olive+Co-Ord+Set+with+Threadwork?id=757,https://www.prathiksham.in/aalam/stock/item/757/image/_/face-img,Prathiksham,DimGray,Cotton,Solid,XXL,Apparel & Accessories > Clothing,Clothing & Accessories > Clothing,Female,adult,,2900.0 INR
A4-0CD-26-XS,Black Threadwork Co-ord Set-Black,Black Threadwork Co-ord Set-Black,in stock,new,https://www.prathiksham.in/store/item/Black+Threadwork+Co-ord+Set?id=758,https://www.prathiksham.in/aalam/stock/item/758/image/_/face-img,Prathiksham,Black,Cotton,Solid,XS,Apparel & Accessories > Clothing,Clothing & Accessories > Clothing,Female,adult,,2900.0 INR
A4-0CD-26-S,Black Threadwork Co-ord Set-Black,Black Threadwork Co-ord Set-Black,out of stock,new,https://www.prathiksham.in/store/item/Black+Threadwork+Co-ord+Set?id=759,https://www.prathiksham.in/aalam/stock/item/759/image/_/face-img,Prathiksham,Black,Cotton,Solid,S,Apparel & Accessories > Clothing,Clothing & Accessories > Clothing,Female,adult,,2900.0 INR
A4-0CD-26-M,Black Threadwork Co-ord Set-Black,Black Threadwork Co-ord Set-Black,out of stock,new,https://www.prathiksham.in/store/item/Black+Threadwork+Co-ord+Set?id=760,https://www.prathiksham.in/aalam/stock/item/760/image/_/face-img,Prathiksham,Black,Cotton,Solid,M,Apparel & Accessories > Clothing,Clothing & Accessories > Clothing,Female,adult,,2900.0 INR
A4-0CD-26-L,Black Threadwork Co-ord Set-Black,Black Threadwork Co-ord Set-Black,out of stock,new,https://www.prathiksham.in/store/item/Black+Threadwork+Co-ord+Set?id=761,https://www.prathiksham.in/aalam/stock/item/761/image/_/face-img,Prathiksham,Black,Cotton,Solid,L,Apparel & Accessories > Clothing,Clothing & Accessories > Clothing,Female,adult,,2900.0 INR
A4-0CD-26-XL,Black Threadwork Co-ord Set-Black,Black Threadwork Co-ord Set-Black,out of stock,new,https://www.prathiksham.in/store/item/Black+Threadwork+Co-ord+Set?id=762,https://www.prathiksham.in/aalam/stock/item/762/image/_/face-img,Prathiksham,Black,Cotton,Solid,XL,Apparel & Accessories > Clothing,Clothing & Accessories > Clothing,Female,adult,,2900.0 INR
A4-0CD-26-XXL,Black Threadwork Co-ord Set-Black,Black Threadwork Co-ord Set-Black,out of stock,new,https://www.prathiksham.in/store/item/Black+Threadwork+Co-ord+Set?id=763,https://www.prathiksham.in/aalam/stock/item/763/image/_/face-img,Prathiksham,Black,Cotton,Solid,XXL,Apparel & Accessories > Clothing,Clothing & Accessories > Clothing,Female,adult,,2900.0 INR
A4-0CD-25-XS,Violet Ikkat Co-ord Set-RebeccaPurple,Violet Ikkat Co-ord Set-RebeccaPurple,in stock,new,https://www.prathiksham.in/store/item/Violet+Ikkat+Co-ord+Set?id=764,https://www.prathiksham.in/aalam/stock/item/764/image/_/face-img,Prathiksham,RebeccaPurple,Cotton,Ikkat,XS,Apparel & Accessories > Clothing,Clothing & Accessories > Clothing,Female,adult,,1400.0 INR
A4-0CD-25-S,Violet Ikkat Co-ord Set-RebeccaPurple,Violet Ikkat Co-ord Set-RebeccaPurple,out of stock,new,https://www.prathiksham.in/store/item/Violet+Ikkat+Co-ord+Set?id=765,https://www.prathiksham.in/aalam/stock/item/765/image/_/face-img,Prathiksham,RebeccaPurple,Cotton,Ikkat,S,Apparel & Accessories > Clothing,Clothing & Accessories > Clothing,Female,adult,,1400.0 INR
A4-0CD-25-M,Violet Ikkat Co-ord Set-RebeccaPurple,Violet Ikkat Co-ord Set-RebeccaPurple,out of stock,new,https://www.prathiksham.in/store/item/Violet+Ikkat+Co-ord+Set?id=766,https://www.prathiksham.in/aalam/stock/item/766/image/_/face-img,Prathiksham,RebeccaPurple,Cotton,Ikkat,M,Apparel & Accessories > Clothing,Clothing & Accessories > Clothing,Female,adult,,1400.0 INR
A4-0CD-25-L,Violet Ikkat Co-ord Set-RebeccaPurple,Violet Ikkat Co-ord Set-RebeccaPurple,out of stock,new,https://www.prathiksham.in/store/item/Violet+Ikkat+Co-ord+Set?id=767,https://www.prathiksham.in/aalam/stock/item/767/image/_/face-img,Prathiksham,RebeccaPurple,Cotton,Ikkat,L,Apparel & Accessories > Clothing,Clothing & Accessories > Clothing,Female,adult,,1400.0 INR
A4-0CD-25-XL,Violet Ikkat Co-ord Set-RebeccaPurple,Violet Ikkat Co-ord Set-RebeccaPurple,out of stock,new,https://www.prathiksham.in/store/item/Violet+Ikkat+Co-ord+Set?id=768,https://www.prathiksham.in/aalam/stock/item/768/image/_/face-img,Prathiksham,RebeccaPurple,Cotton,Ikkat,XL,Apparel & Accessories > Clothing,Clothing & Accessories > Clothing,Female,adult,,1400.0 INR
A4-0CD-25-XXL,Violet Ikkat Co-ord Set-RebeccaPurple,Violet Ikkat Co-ord Set-RebeccaPurple,out of stock,new,https://www.prathiksham.in/store/item/Violet+Ikkat+Co-ord+Set?id=769,https://www.prathiksham.in/aalam/stock/item/769/image/_/face-img,Prathiksham,RebeccaPurple,Cotton,Ikkat,XXL,Apparel & Accessories > Clothing,Clothing & Accessories > Clothing,Female,adult,,1400.0 INR
A4-0CD-24-XS,Peachy Hue Ikat Co-ord Set-PaleVioletRed,Peachy Hue Ikat Co-ord Set-PaleVioletRed,in stock,new,https://www.prathiksham.in/store/item/Peachy+Hue+Ikat+Co-ord+Set?id=770,https://www.prathiksham.in/aalam/stock/item/770/image/_/face-img,Prathiksham,PaleVioletRed,Cotton,Ikkat,XS,Apparel & Accessories > Clothing,Clothing & Accessories > Clothing,Female,adult,,1400.0 INR
A4-0CD-24-S,Peachy Hue Ikat Co-ord Set-PaleVioletRed,Peachy Hue Ikat Co-ord Set-PaleVioletRed,out of stock,new,https://www.prathiksham.in/store/item/Peachy+Hue+Ikat+Co-ord+Set?id=771,https://www.prathiksham.in/aalam/stock/item/771/image/_/face-img,Prathiksham,PaleVioletRed,Cotton,Ikkat,S,Apparel & Accessories > Clothing,Clothing & Accessories > Clothing,Female,adult,,1400.0 INR
A4-0CD-24-M,Peachy Hue Ikat Co-ord Set-PaleVioletRed,Peachy Hue Ikat Co-ord Set-PaleVioletRed,in stock,new,https://www.prathiksham.in/store/item/Peachy+Hue+Ikat+Co-ord+Set?id=772,https://www.prathiksham.in/aalam/stock/item/772/image/_/face-img,Prathiksham,PaleVioletRed,Cotton,Ikkat,M,Apparel & Accessories > Clothing,Clothing & Accessories > Clothing,Female,adult,,1400.0 INR
A4-0CD-24-L,Peachy Hue Ikat Co-ord Set-PaleVioletRed,Peachy Hue Ikat Co-ord Set-PaleVioletRed,in stock,new,https://www.prathiksham.in/store/item/Peachy+Hue+Ikat+Co-ord+Set?id=773,https://www.prathiksham.in/aalam/stock/item/773/image/_/face-img,Prathiksham,PaleVioletRed,Cotton,Ikkat,L,Apparel & Accessories > Clothing,Clothing & Accessories > Clothing,Female,adult,,1400.0 INR
A4-0CD-24-XL,Peachy Hue Ikat Co-ord Set-PaleVioletRed,Peachy Hue Ikat Co-ord Set-PaleVioletRed,out of stock,new,https://www.prathiksham.in/store/item/Peachy+Hue+Ikat+Co-ord+Set?id=774,https://www.prathiksham.in/aalam/stock/item/774/image/_/face-img,Prathiksham,PaleVioletRed,Cotton,Ikkat,XL,Apparel & Accessories > Clothing,Clothing & Accessories > Clothing,Female,adult,,1400.0 INR
A4-0CD-24-XXL,Peachy Hue Ikat Co-ord Set-PaleVioletRed,Peachy Hue Ikat Co-ord Set-PaleVioletRed,in stock,new,https://www.prathiksham.in/store/item/Peachy+Hue+Ikat+Co-ord+Set?id=775,https://www.prathiksham.in/aalam/stock/item/775/image/_/face-img,Prathiksham,PaleVioletRed,Cotton,Ikkat,XXL,Apparel & Accessories > Clothing,Clothing & Accessories > Clothing,Female,adult,,1400.0 INR
A4-0CD-23-XS,Black Ikkat Co-ord Set-Black,Black Ikkat Co-ord Set-Black,in stock,new,https://www.prathiksham.in/store/item/Black+Ikkat+Co-ord+Set?id=776,https://www.prathiksham.in/aalam/stock/item/776/image/_/face-img,Prathiksham,Black,Cotton,Ikkat,XS,Apparel & Accessories > Clothing,Clothing & Accessories > Clothing,Female,adult,,1400.0 INR
A4-0CD-23-S,Black Ikkat Co-ord Set-Black,Black Ikkat Co-ord Set-Black,out of stock,new,https://www.prathiksham.in/store/item/Black+Ikkat+Co-ord+Set?id=777,https://www.prathiksham.in/aalam/stock/item/777/image/_/face-img,Prathiksham,Black,Cotton,Ikkat,S,Apparel & Accessories > Clothing,Clothing & Accessories > Clothing,Female,adult,,1400.0 INR
A4-0CD-23-M,Black Ikkat Co-ord Set-Black,Black Ikkat Co-ord Set-Black,out of stock,new,https://www.prathiksham.in/store/item/Black+Ikkat+Co-ord+Set?id=778,https://www.prathiksham.in/aalam/stock/item/778/image/_/face-img,Prathiksham,Black,Cotton,Ikkat,M,Apparel & Accessories > Clothing,Clothing & Accessories > Clothing,Female,adult,,1400.0 INR
A4-0CD-23-L,Black Ikkat Co-ord Set-Black,Black Ikkat Co-ord Set-Black,out of stock,new,https://www.prathiksham.in/store/item/Black+Ikkat+Co-ord+Set?id=779,https://www.prathiksham.in/aalam/stock/item/779/image/_/face-img,Prathiksham,Black,Cotton,Ikkat,L,Apparel & Accessories > Clothing,Clothing & Accessories > Clothing,Female,adult,,1400.0 INR
A4-0CD-23-XL,Black Ikkat Co-ord Set-Black,Black Ikkat Co-ord Set-Black,out of stock,new,https://www.prathiksham.in/store/item/Black+Ikkat+Co-ord+Set?id=780,https://www.prathiksham.in/aalam/stock/item/780/image/_/face-img,Prathiksham,Black,Cotton,Ikkat,XL,Apparel & Accessories > Clothing,Clothing & Accessories > Clothing,Female,adult,,1400.0 INR
A4-0CD-23-XXL,Black Ikkat Co-ord Set-Black,Black Ikkat Co-ord Set-Black,out of stock,new,https://www.prathiksham.in/store/item/Black+Ikkat+Co-ord+Set?id=781,https://www.prathiksham.in/aalam/stock/item/781/image/_/face-img,Prathiksham,Black,Cotton,Ikkat,XXL,Apparel & Accessories > Clothing,Clothing & Accessories > Clothing,Female,adult,,1400.0 INR
A3-0CDD-19-XS,Chanderi Cham Co-Ord Set-Olive,Chanderi Cham Co-Ord Set-Olive,out of stock,new,https://www.prathiksham.in/store/item/Chanderi+Cham+Co-Ord+Set?id=782,https://www.prathiksham.in/aalam/stock/item/782/image/_/face-img,Prathiksham,Olive,Chanderi,Solid,XS,Apparel & Accessories > Clothing,Clothing & Accessories > Clothing,Female,adult,,10300.0 INR
A3-0CDD-19-S,Chanderi Cham Co-Ord Set-Olive,Chanderi Cham Co-Ord Set-Olive,out of stock,new,https://www.prathiksham.in/store/item/Chanderi+Cham+Co-Ord+Set?id=783,https://www.prathiksham.in/aalam/stock/item/783/image/_/face-img,Prathiksham,Olive,Chanderi,Solid,S,Apparel & Accessories > Clothing,Clothing & Accessories > Clothing,Female,adult,,10300.0 INR
A3-0CDD-19-M,Chanderi Cham Co-Ord Set-Olive,Chanderi Cham Co-Ord Set-Olive,out of stock,new,https://www.prathiksham.in/store/item/Chanderi+Cham+Co-Ord+Set?id=784,https://www.prathiksham.in/aalam/stock/item/784/image/_/face-img,Prathiksham,Olive,Chanderi,Solid,M,Apparel & Accessories > Clothing,Clothing & Accessories > Clothing,Female,adult,,10300.0 INR
A3-0CDD-19-L,Chanderi Cham Co-Ord Set-Olive,Chanderi Cham Co-Ord Set-Olive,out of stock,new,https://www.prathiksham.in/store/item/Chanderi+Cham+Co-Ord+Set?id=785,https://www.prathiksham.in/aalam/stock/item/785/image/_/face-img,Prathiksham,Olive,Chanderi,Solid,L,Apparel & Accessories > Clothing,Clothing & Accessories > Clothing,Female,adult,,10300.0 INR
A3-00KD-36-XS,Black Pearl Chanderi Harmony-Black,Black Pearl Chanderi Harmony-Black,out of stock,new,https://www.prathiksham.in/store/item/Black+Pearl+Chanderi+Harmony?id=788,https://www.prathiksham.in/aalam/stock/item/788/image/_/face-img,Prathiksham,Black,Chanderi,Solid,XS,Apparel & Accessories > Clothing,Clothing & Accessories > Clothing,Female,adult,,7800.0 INR
A3-00KD-36-S,Black Pearl Chanderi Harmony-Black,Black Pearl Chanderi Harmony-Black,out of stock,new,https://www.prathiksham.in/store/item/Black+Pearl+Chanderi+Harmony?id=789,https://www.prathiksham.in/aalam/stock/item/789/image/_/face-img,Prathiksham,Black,Chanderi,Solid,S,Apparel & Accessories > Clothing,Clothing & Accessories > Clothing,Female,adult,,7800.0 INR
A3-00KD-36-M,Black Pearl Chanderi Harmony-Black,Black Pearl Chanderi Harmony-Black,out of stock,new,https://www.prathiksham.in/store/item/Black+Pearl+Chanderi+Harmony?id=790,https://www.prathiksham.in/aalam/stock/item/790/image/_/face-img,Prathiksham,Black,Chanderi,Solid,M,Apparel & Accessories > Clothing,Clothing & Accessories > Clothing,Female,adult,,7800.0 INR
A3-00KD-36-L,Black Pearl Chanderi Harmony-Black,Black Pearl Chanderi Harmony-Black,out of stock,new,https://www.prathiksham.in/store/item/Black+Pearl+Chanderi+Harmony?id=791,https://www.prathiksham.in/aalam/stock/item/791/image/_/face-img,Prathiksham,Black,Chanderi,Solid,L,Apparel & Accessories > Clothing,Clothing & Accessories > Clothing,Female,adult,,7800.0 INR
A3-00KD-36-XL,Black Pearl Chanderi Harmony-Black,Black Pearl Chanderi Harmony-Black,out of stock,new,https://www.prathiksham.in/store/item/Black+Pearl+Chanderi+Harmony?id=792,https://www.prathiksham.in/aalam/stock/item/792/image/_/face-img,Prathiksham,Black,Chanderi,Solid,XL,Apparel & Accessories > Clothing,Clothing & Accessories > Clothing,Female,adult,,7800.0 INR
A3-00KD-36-XXL,Black Pearl Chanderi Harmony-Black,Black Pearl Chanderi Harmony-Black,out of stock,new,https://www.prathiksham.in/store/item/Black+Pearl+Chanderi+Harmony?id=793,https://www.prathiksham.in/aalam/stock/item/793/image/_/face-img,Prathiksham,Black,Chanderi,Solid,XXL,Apparel & Accessories > Clothing,Clothing & Accessories > Clothing,Female,adult,,7800.0 INR
A3-0CDD-21-XS,Applique Floral Chanderi Co-Ord Set-LightGreen,Applique Floral Chanderi Co-Ord Set-LightGreen,out of stock,new,https://www.prathiksham.in/store/item/Applique+Floral+Chanderi+Co-Ord+Set?id=794,https://www.prathiksham.in/aalam/stock/item/794/image/_/face-img,Prathiksham,LightGreen,Chanderi,Solid,XS,Apparel & Accessories > Clothing,Clothing & Accessories > Clothing,Female,adult,,10600.0 INR
A3-0CDD-21-S,Applique Floral Chanderi Co-Ord Set-LightGreen,Applique Floral Chanderi Co-Ord Set-LightGreen,out of stock,new,https://www.prathiksham.in/store/item/Applique+Floral+Chanderi+Co-Ord+Set?id=795,https://www.prathiksham.in/aalam/stock/item/795/image/_/face-img,Prathiksham,LightGreen,Chanderi,Solid,S,Apparel & Accessories > Clothing,Clothing & Accessories > Clothing,Female,adult,,10600.0 INR
A3-0CDD-21-M,Applique Floral Chanderi Co-Ord Set-LightGreen,Applique Floral Chanderi Co-Ord Set-LightGreen,out of stock,new,https://www.prathiksham.in/store/item/Applique+Floral+Chanderi+Co-Ord+Set?id=796,https://www.prathiksham.in/aalam/stock/item/796/image/_/face-img,Prathiksham,LightGreen,Chanderi,Solid,M,Apparel & Accessories > Clothing,Clothing & Accessories > Clothing,Female,adult,,10600.0 INR
A3-0CDD-21-L,Applique Floral Chanderi Co-Ord Set-LightGreen,Applique Floral Chanderi Co-Ord Set-LightGreen,out of stock,new,https://www.prathiksham.in/store/item/Applique+Floral+Chanderi+Co-Ord+Set?id=797,https://www.prathiksham.in/aalam/stock/item/797/image/_/face-img,Prathiksham,LightGreen,Chanderi,Solid,L,Apparel & Accessories > Clothing,Clothing & Accessories > Clothing,Female,adult,,10600.0 INR
A3-0CDD-21-XL,Applique Floral Chanderi Co-Ord Set-LightGreen,Applique Floral Chanderi Co-Ord Set-LightGreen,out of stock,new,https://www.prathiksham.in/store/item/Applique+Floral+Chanderi+Co-Ord+Set?id=798,https://www.prathiksham.in/aalam/stock/item/798/image/_/face-img,Prathiksham,LightGreen,Chanderi,Solid,XL,Apparel & Accessories > Clothing,Clothing & Accessories > Clothing,Female,adult,,10600.0 INR
A3-0CDD-21-XXL,Applique Floral Chanderi Co-Ord Set-LightGreen,Applique Floral Chanderi Co-Ord Set-LightGreen,out of stock,new,https://www.prathiksham.in/store/item/Applique+Floral+Chanderi+Co-Ord+Set?id=799,https://www.prathiksham.in/aalam/stock/item/799/image/_/face-img,Prathiksham,LightGreen,Chanderi,Solid,XXL,Apparel & Accessories > Clothing,Clothing & Accessories > Clothing,Female,adult,,10600.0 INR
A3-0CDD-19-XL,Chanderi Cham Co-Ord Set-Olive,Chanderi Cham Co-Ord Set-Olive,out of stock,new,https://www.prathiksham.in/store/item/Chanderi+Cham+Co-Ord+Set?id=800,https://www.prathiksham.in/aalam/stock/item/800/image/_/face-img,Prathiksham,Olive,Chanderi,Solid,XL,Apparel & Accessories > Clothing,Clothing & Accessories > Clothing,Female,adult,,10300.0 INR
A3-0CDD-19-XXL,Chanderi Cham Co-Ord Set-Olive,Chanderi Cham Co-Ord Set-Olive,out of stock,new,https://www.prathiksham.in/store/item/Chanderi+Cham+Co-Ord+Set?id=801,https://www.prathiksham.in/aalam/stock/item/801/image/_/face-img,Prathiksham,Olive,Chanderi,Solid,XXL,Apparel & Accessories > Clothing,Clothing & Accessories > Clothing,Female,adult,,10300.0 INR
A4-0KP-13-XS,Pink Petal Handblock Kurta Set-Thistle,Pink Petal Handblock Kurta Set-Thistle,in stock,new,https://www.prathiksham.in/store/item/Pink+Petal+Handblock+Kurta+Set?id=803,https://www.prathiksham.in/aalam/stock/item/803/image/_/face-img,Prathiksham,Thistle,Cotton,Handblock,XS,Apparel & Accessories > Clothing,Clothing & Accessories > Clothing,Female,adult,,2800.0 INR
A4-0KP-13-S,Pink Petal Handblock Kurta Set-Thistle,Pink Petal Handblock Kurta Set-Thistle,out of stock,new,https://www.prathiksham.in/store/item/Pink+Petal+Handblock+Kurta+Set?id=804,https://www.prathiksham.in/aalam/stock/item/804/image/_/face-img,Prathiksham,Thistle,Cotton,Handblock,S,Apparel & Accessories > Clothing,Clothing & Accessories > Clothing,Female,adult,,2800.0 INR
A4-0KP-13-M,Pink Petal Handblock Kurta Set-Thistle,Pink Petal Handblock Kurta Set-Thistle,out of stock,new,https://www.prathiksham.in/store/item/Pink+Petal+Handblock+Kurta+Set?id=805,https://www.prathiksham.in/aalam/stock/item/805/image/_/face-img,Prathiksham,Thistle,Cotton,Handblock,M,Apparel & Accessories > Clothing,Clothing & Accessories > Clothing,Female,adult,,2800.0 INR
A4-0KP-13-L,Pink Petal Handblock Kurta Set-Thistle,Pink Petal Handblock Kurta Set-Thistle,out of stock,new,https://www.prathiksham.in/store/item/Pink+Petal+Handblock+Kurta+Set?id=806,https://www.prathiksham.in/aalam/stock/item/806/image/_/face-img,Prathiksham,Thistle,Cotton,Handblock,L,Apparel & Accessories > Clothing,Clothing & Accessories > Clothing,Female,adult,,2800.0 INR
A4-0KP-13-XL,Pink Petal Handblock Kurta Set-Thistle,Pink Petal Handblock Kurta Set-Thistle,out of stock,new,https://www.prathiksham.in/store/item/Pink+Petal+Handblock+Kurta+Set?id=807,https://www.prathiksham.in/aalam/stock/item/807/image/_/face-img,Prathiksham,Thistle,Cotton,Handblock,XL,Apparel & Accessories > Clothing,Clothing & Accessories > Clothing,Female,adult,,2800.0 INR
A4-0KP-13-XXL,Pink Petal Handblock Kurta Set-Thistle,Pink Petal Handblock Kurta Set-Thistle,out of stock,new,https://www.prathiksham.in/store/item/Pink+Petal+Handblock+Kurta+Set?id=808,https://www.prathiksham.in/aalam/stock/item/808/image/_/face-img,Prathiksham,Thistle,Cotton,Handblock,XXL,Apparel & Accessories > Clothing,Clothing & Accessories > Clothing,Female,adult,,2800.0 INR
A4-00K-44-XS,Royal Blue Handblock A-Line Kurta-RoyalBlue,Royal Blue Handblock A-Line Kurta-RoyalBlue,in stock,new,https://www.prathiksham.in/store/item/Royal+Blue+Handblock+A-Line+Kurta?id=809,https://www.prathiksham.in/aalam/stock/item/809/image/_/face-img,Prathiksham,RoyalBlue,Cotton,Handblock,XS,Apparel & Accessories > Clothing,Clothing & Accessories > Clothing,Female,adult,,2800.0 INR
A4-00K-44-S,Royal Blue Handblock A-Line Kurta-RoyalBlue,Royal Blue Handblock A-Line Kurta-RoyalBlue,out of stock,new,https://www.prathiksham.in/store/item/Royal+Blue+Handblock+A-Line+Kurta?id=810,https://www.prathiksham.in/aalam/stock/item/810/image/_/face-img,Prathiksham,RoyalBlue,Cotton,Handblock,S,Apparel & Accessories > Clothing,Clothing & Accessories > Clothing,Female,adult,,2800.0 INR
A4-00K-44-M,Royal Blue Handblock A-Line Kurta-RoyalBlue,Royal Blue Handblock A-Line Kurta-RoyalBlue,out of stock,new,https://www.prathiksham.in/store/item/Royal+Blue+Handblock+A-Line+Kurta?id=811,https://www.prathiksham.in/aalam/stock/item/811/image/_/face-img,Prathiksham,RoyalBlue,Cotton,Handblock,M,Apparel & Accessories > Clothing,Clothing & Accessories > Clothing,Female,adult,,2800.0 INR
A4-00K-44-L,Royal Blue Handblock A-Line Kurta-RoyalBlue,Royal Blue Handblock A-Line Kurta-RoyalBlue,out of stock,new,https://www.prathiksham.in/store/item/Royal+Blue+Handblock+A-Line+Kurta?id=812,https://www.prathiksham.in/aalam/stock/item/812/image/_/face-img,Prathiksham,RoyalBlue,Cotton,Handblock,L,Apparel & Accessories > Clothing,Clothing & Accessories > Clothing,Female,adult,,2800.0 INR
A4-00K-44-XL,Royal Blue Handblock A-Line Kurta-RoyalBlue,Royal Blue Handblock A-Line Kurta-RoyalBlue,out of stock,new,https://www.prathiksham.in/store/item/Royal+Blue+Handblock+A-Line+Kurta?id=813,https://www.prathiksham.in/aalam/stock/item/813/image/_/face-img,Prathiksham,RoyalBlue,Cotton,Handblock,XL,Apparel & Accessories > Clothing,Clothing & Accessories > Clothing,Female,adult,,2800.0 INR
A4-00K-44-XXL,Royal Blue Handblock A-Line Kurta-RoyalBlue,Royal Blue Handblock A-Line Kurta-RoyalBlue,in stock,new,https://www.prathiksham.in/store/item/Royal+Blue+Handblock+A-Line+Kurta?id=814,https://www.prathiksham.in/aalam/stock/item/814/image/_/face-img,Prathiksham,RoyalBlue,Cotton,Handblock,XXL,Apparel & Accessories > Clothing,Clothing & Accessories > Clothing,Female,adult,,2800.0 INR
A4-0KP-14-XS,Red Petal Grace Kurta Set-Red,Red Petal Grace Kurta Set-Red,in stock,new,https://www.prathiksham.in/store/item/Red+Petal+Grace+Kurta+Set?id=815,https://www.prathiksham.in/aalam/stock/item/815/image/_/face-img,Prathiksham,Red,Cotton,Handblock,XS,Apparel & Accessories > Clothing,Clothing & Accessories > Clothing,Female,adult,,3200.0 INR
A4-0KP-14-S,Red Petal Grace Kurta Set-Red,Red Petal Grace Kurta Set-Red,out of stock,new,https://www.prathiksham.in/store/item/Red+Petal+Grace+Kurta+Set?id=816,https://www.prathiksham.in/aalam/stock/item/816/image/_/face-img,Prathiksham,Red,Cotton,Handblock,S,Apparel & Accessories > Clothing,Clothing & Accessories > Clothing,Female,adult,,3200.0 INR
A4-0KP-14-M,Red Petal Grace Kurta Set-Red,Red Petal Grace Kurta Set-Red,in stock,new,https://www.prathiksham.in/store/item/Red+Petal+Grace+Kurta+Set?id=817,https://www.prathiksham.in/aalam/stock/item/817/image/_/face-img,Prathiksham,Red,Cotton,Handblock,M,Apparel & Accessories > Clothing,Clothing & Accessories > Clothing,Female,adult,,3200.0 INR
A4-0KP-14-L,Red Petal Grace Kurta Set-Red,Red Petal Grace Kurta Set-Red,in stock,new,https://www.prathiksham.in/store/item/Red+Petal+Grace+Kurta+Set?id=818,https://www.prathiksham.in/aalam/stock/item/818/image/_/face-img,Prathiksham,Red,Cotton,Handblock,L,Apparel & Accessories > Clothing,Clothing & Accessories > Clothing,Female,adult,,3200.0 INR
A4-0KP-14-XL,Red Petal Grace Kurta Set-Red,Red Petal Grace Kurta Set-Red,in stock,new,https://www.prathiksham.in/store/item/Red+Petal+Grace+Kurta+Set?id=819,https://www.prathiksham.in/aalam/stock/item/819/image/_/face-img,Prathiksham,Red,Cotton,Handblock,XL,Apparel & Accessories > Clothing,Clothing & Accessories > Clothing,Female,adult,,3200.0 INR
A4-0KP-14-XXL,Red Petal Grace Kurta Set-Red,Red Petal Grace Kurta Set-Red,in stock,new,https://www.prathiksham.in/store/item/Red+Petal+Grace+Kurta+Set?id=820,https://www.prathiksham.in/aalam/stock/item/820/image/_/face-img,Prathiksham,Red,Cotton,Handblock,XXL,Apparel & Accessories > Clothing,Clothing & Accessories > Clothing,Female,adult,,3200.0 INR
A5-00K-45-XS,Rosy Tie-Dye Kurta-DeepPink,Rosy Tie-Dye Kurta-DeepPink,out of stock,new,https://www.prathiksham.in/store/item/Rosy+Tie-Dye+Kurta?id=859,https://www.prathiksham.in/aalam/stock/item/859/image/_/face-img,Prathiksham,DeepPink,Pure Cotton,Tie-Dye,XS,Apparel & Accessories > Clothing,Clothing & Accessories > Clothing,Female,adult,,1400.0 INR
A5-00K-45-S,Rosy Tie-Dye Kurta-DeepPink,Rosy Tie-Dye Kurta-DeepPink,in stock,new,https://www.prathiksham.in/store/item/Rosy+Tie-Dye+Kurta?id=860,https://www.prathiksham.in/aalam/stock/item/860/image/_/face-img,Prathiksham,DeepPink,Pure Cotton,Tie-Dye,S,Apparel & Accessories > Clothing,Clothing & Accessories > Clothing,Female,adult,,1400.0 INR
A5-00K-45-M,Rosy Tie-Dye Kurta-DeepPink,Rosy Tie-Dye Kurta-DeepPink,in stock,new,https://www.prathiksham.in/store/item/Rosy+Tie-Dye+Kurta?id=861,https://www.prathiksham.in/aalam/stock/item/861/image/_/face-img,Prathiksham,DeepPink,Pure Cotton,Tie-Dye,M,Apparel & Accessories > Clothing,Clothing & Accessories > Clothing,Female,adult,,1400.0 INR
A5-00K-45-L,Rosy Tie-Dye Kurta-DeepPink,Rosy Tie-Dye Kurta-DeepPink,in stock,new,https://www.prathiksham.in/store/item/Rosy+Tie-Dye+Kurta?id=862,https://www.prathiksham.in/aalam/stock/item/862/image/_/face-img,Prathiksham,DeepPink,Pure Cotton,Tie-Dye,L,Apparel & Accessories > Clothing,Clothing & Accessories > Clothing,Female,adult,,1400.0 INR
A5-00K-45-XL,Rosy Tie-Dye Kurta-DeepPink,Rosy Tie-Dye Kurta-DeepPink,in stock,new,https://www.prathiksham.in/store/item/Rosy+Tie-Dye+Kurta?id=863,https://www.prathiksham.in/aalam/stock/item/863/image/_/face-img,Prathiksham,DeepPink,Pure Cotton,Tie-Dye,XL,Apparel & Accessories > Clothing,Clothing & Accessories > Clothing,Female,adult,,1400.0 INR
A5-00K-45-XXL,Rosy Tie-Dye Kurta-DeepPink,Rosy Tie-Dye Kurta-DeepPink,out of stock,new,https://www.prathiksham.in/store/item/Rosy+Tie-Dye+Kurta?id=864,https://www.prathiksham.in/aalam/stock/item/864/image/_/face-img,Prathiksham,DeepPink,Pure Cotton,Tie-Dye,XXL,Apparel & Accessories > Clothing,Clothing & Accessories > Clothing,Female,adult,,1400.0 INR
A5-00K-46-XS,Flared Striped Cotton A-Line Kurta-Sienna,Flared Striped Cotton A-Line Kurta-Sienna,out of stock,new,https://www.prathiksham.in/store/item/Flared+Striped+Cotton+A-Line+Kurta?id=865,https://www.prathiksham.in/aalam/stock/item/865/image/_/face-img,Prathiksham,Sienna,Pure Cotton,Stripes,XS,Apparel & Accessories > Clothing,Clothing & Accessories > Clothing,Female,adult,,1990.0 INR
A5-00K-46-S,Flared Striped Cotton A-Line Kurta-Sienna,Flared Striped Cotton A-Line Kurta-Sienna,out of stock,new,https://www.prathiksham.in/store/item/Flared+Striped+Cotton+A-Line+Kurta?id=866,https://www.prathiksham.in/aalam/stock/item/866/image/_/face-img,Prathiksham,Sienna,Pure Cotton,Stripes,S,Apparel & Accessories > Clothing,Clothing & Accessories > Clothing,Female,adult,,1990.0 INR
A5-00K-46-M,Flared Striped Cotton A-Line Kurta-Sienna,Flared Striped Cotton A-Line Kurta-Sienna,out of stock,new,https://www.prathiksham.in/store/item/Flared+Striped+Cotton+A-Line+Kurta?id=867,https://www.prathiksham.in/aalam/stock/item/867/image/_/face-img,Prathiksham,Sienna,Pure Cotton,Stripes,M,Apparel & Accessories > Clothing,Clothing & Accessories > Clothing,Female,adult,,1990.0 INR
A5-00K-46-L,Flared Striped Cotton A-Line Kurta-Sienna,Flared Striped Cotton A-Line Kurta-Sienna,out of stock,new,https://www.prathiksham.in/store/item/Flared+Striped+Cotton+A-Line+Kurta?id=868,https://www.prathiksham.in/aalam/stock/item/868/image/_/face-img,Prathiksham,Sienna,Pure Cotton,Stripes,L,Apparel & Accessories > Clothing,Clothing & Accessories > Clothing,Female,adult,,1990.0 INR
A5-00K-46-XL,Flared Striped Cotton A-Line Kurta-Sienna,Flared Striped Cotton A-Line Kurta-Sienna,out of stock,new,https://www.prathiksham.in/store/item/Flared+Striped+Cotton+A-Line+Kurta?id=869,https://www.prathiksham.in/aalam/stock/item/869/image/_/face-img,Prathiksham,Sienna,Pure Cotton,Stripes,XL,Apparel & Accessories > Clothing,Clothing & Accessories > Clothing,Female,adult,,1990.0 INR
A5-00K-46-XXL,Flared Striped Cotton A-Line Kurta-Sienna,Flared Striped Cotton A-Line Kurta-Sienna,out of stock,new,https://www.prathiksham.in/store/item/Flared+Striped+Cotton+A-Line+Kurta?id=870,https://www.prathiksham.in/aalam/stock/item/870/image/_/face-img,Prathiksham,Sienna,Pure Cotton,Stripes,XXL,Apparel & Accessories > Clothing,Clothing & Accessories > Clothing,Female,adult,,1990.0 INR
A5-00K-47-XS,Black Petal Flare A-Line Kurta-Tan,Black Petal Flare A-Line Kurta-Tan,out of stock,new,https://www.prathiksham.in/store/item/Black+Petal+Flare+A-Line+Kurta?id=871,https://www.prathiksham.in/aalam/stock/item/871/image/_/face-img,Prathiksham,Tan,Pure Cotton,Floral,XS,Apparel & Accessories > Clothing,Clothing & Accessories > Clothing,Female,adult,,2200.0 INR
A5-00K-47-S,Black Petal Flare A-Line Kurta-Tan,Black Petal Flare A-Line Kurta-Tan,in stock,new,https://www.prathiksham.in/store/item/Black+Petal+Flare+A-Line+Kurta?id=872,https://www.prathiksham.in/aalam/stock/item/872/image/_/face-img,Prathiksham,Tan,Pure Cotton,Floral,S,Apparel & Accessories > Clothing,Clothing & Accessories > Clothing,Female,adult,,2200.0 INR
A5-00K-47-M,Black Petal Flare A-Line Kurta-Tan,Black Petal Flare A-Line Kurta-Tan,in stock,new,https://www.prathiksham.in/store/item/Black+Petal+Flare+A-Line+Kurta?id=873,https://www.prathiksham.in/aalam/stock/item/873/image/_/face-img,Prathiksham,Tan,Pure Cotton,Floral,M,Apparel & Accessories > Clothing,Clothing & Accessories > Clothing,Female,adult,,2200.0 INR
A5-00K-47-L,Black Petal Flare A-Line Kurta-Tan,Black Petal Flare A-Line Kurta-Tan,out of stock,new,https://www.prathiksham.in/store/item/Black+Petal+Flare+A-Line+Kurta?id=874,https://www.prathiksham.in/aalam/stock/item/874/image/_/face-img,Prathiksham,Tan,Pure Cotton,Floral,L,Apparel & Accessories > Clothing,Clothing & Accessories > Clothing,Female,adult,,2200.0 INR
A5-00K-47-XL,Black Petal Flare A-Line Kurta-Tan,Black Petal Flare A-Line Kurta-Tan,out of stock,new,https://www.prathiksham.in/store/item/Black+Petal+Flare+A-Line+Kurta?id=875,https://www.prathiksham.in/aalam/stock/item/875/image/_/face-img,Prathiksham,Tan,Pure Cotton,Floral,XL,Apparel & Accessories > Clothing,Clothing & Accessories > Clothing,Female,adult,,2200.0 INR
A5-00K-47-XXL,Black Petal Flare A-Line Kurta-Tan,Black Petal Flare A-Line Kurta-Tan,out of stock,new,https://www.prathiksham.in/store/item/Black+Petal+Flare+A-Line+Kurta?id=876,https://www.prathiksham.in/aalam/stock/item/876/image/_/face-img,Prathiksham,Tan,Pure Cotton,Floral,XXL,Apparel & Accessories > Clothing,Clothing & Accessories > Clothing,Female,adult,,2200.0 INR
A5-00K-48-XS,Pink Teardrop Cotton Kurta-White,Pink Teardrop Cotton Kurta-White,out of stock,new,https://www.prathiksham.in/store/item/Pink+Teardrop+Cotton+Kurta?id=877,https://www.prathiksham.in/aalam/stock/item/877/image/_/face-img,Prathiksham,White,Pure Cotton,Floral,XS,Apparel & Accessories > Clothing,Clothing & Accessories > Clothing,Female,adult,,2400.0 INR
A5-00K-48-S,Pink Teardrop Cotton Kurta-White,Pink Teardrop Cotton Kurta-White,out of stock,new,https://www.prathiksham.in/store/item/Pink+Teardrop+Cotton+Kurta?id=878,https://www.prathiksham.in/aalam/stock/item/878/image/_/face-img,Prathiksham,White,Pure Cotton,Floral,S,Apparel & Accessories > Clothing,Clothing & Accessories > Clothing,Female,adult,,2400.0 INR
A5-00K-48-M,Pink Teardrop Cotton Kurta-White,Pink Teardrop Cotton Kurta-White,out of stock,new,https://www.prathiksham.in/store/item/Pink+Teardrop+Cotton+Kurta?id=879,https://www.prathiksham.in/aalam/stock/item/879/image/_/face-img,Prathiksham,White,Pure Cotton,Floral,M,Apparel & Accessories > Clothing,Clothing & Accessories > Clothing,Female,adult,,2400.0 INR
A5-00K-48-L,Pink Teardrop Cotton Kurta-White,Pink Teardrop Cotton Kurta-White,out of stock,new,https://www.prathiksham.in/store/item/Pink+Teardrop+Cotton+Kurta?id=880,https://www.prathiksham.in/aalam/stock/item/880/image/_/face-img,Prathiksham,White,Pure Cotton,Floral,L,Apparel & Accessories > Clothing,Clothing & Accessories > Clothing,Female,adult,,2400.0 INR
A5-00K-48-XL,Pink Teardrop Cotton Kurta-White,Pink Teardrop Cotton Kurta-White,out of stock,new,https://www.prathiksham.in/store/item/Pink+Teardrop+Cotton+Kurta?id=881,https://www.prathiksham.in/aalam/stock/item/881/image/_/face-img,Prathiksham,White,Pure Cotton,Floral,XL,Apparel & Accessories > Clothing,Clothing & Accessories > Clothing,Female,adult,,2400.0 INR
A5-00K-48-XXL,Pink Teardrop Cotton Kurta-White,Pink Teardrop Cotton Kurta-White,out of stock,new,https://www.prathiksham.in/store/item/Pink+Teardrop+Cotton+Kurta?id=882,https://www.prathiksham.in/aalam/stock/item/882/image/_/face-img,Prathiksham,White,Pure Cotton,Floral,XXL,Apparel & Accessories > Clothing,Clothing & Accessories > Clothing,Female,adult,,2400.0 INR
A5-00K-49-XS,Pink Paisley A-Line Kurta-Green,Pink Paisley A-Line Kurta-Green,out of stock,new,https://www.prathiksham.in/store/item/Pink+Paisley+A-Line+Kurta?id=883,https://www.prathiksham.in/aalam/stock/item/883/image/_/face-img,Prathiksham,Green,Pure Cotton,"Stripes,Floral",XS,Apparel & Accessories > Clothing,Clothing & Accessories > Clothing,Female,adult,,1400.0 INR
A5-00K-49-S,Pink Paisley A-Line Kurta-Green,Pink Paisley A-Line Kurta-Green,out of stock,new,https://www.prathiksham.in/store/item/Pink+Paisley+A-Line+Kurta?id=884,https://www.prathiksham.in/aalam/stock/item/884/image/_/face-img,Prathiksham,Green,Pure Cotton,"Floral,Stripes",S,Apparel & Accessories > Clothing,Clothing & Accessories > Clothing,Female,adult,,1400.0 INR
A5-00K-49-M,Pink Paisley A-Line Kurta-Green,Pink Paisley A-Line Kurta-Green,out of stock,new,https://www.prathiksham.in/store/item/Pink+Paisley+A-Line+Kurta?id=885,https://www.prathiksham.in/aalam/stock/item/885/image/_/face-img,Prathiksham,Green,Pure Cotton,"Stripes,Floral",M,Apparel & Accessories > Clothing,Clothing & Accessories > Clothing,Female,adult,,1400.0 INR
A5-00K-49-L,Pink Paisley A-Line Kurta-Green,Pink Paisley A-Line Kurta-Green,out of stock,new,https://www.prathiksham.in/store/item/Pink+Paisley+A-Line+Kurta?id=886,https://www.prathiksham.in/aalam/stock/item/886/image/_/face-img,Prathiksham,Green,Pure Cotton,"Floral,Stripes",L,Apparel & Accessories > Clothing,Clothing & Accessories > Clothing,Female,adult,,1400.0 INR
A5-00K-49-XL,Pink Paisley A-Line Kurta-Green,Pink Paisley A-Line Kurta-Green,out of stock,new,https://www.prathiksham.in/store/item/Pink+Paisley+A-Line+Kurta?id=887,https://www.prathiksham.in/aalam/stock/item/887/image/_/face-img,Prathiksham,Green,Pure Cotton,"Floral,Stripes",XL,Apparel & Accessories > Clothing,Clothing & Accessories > Clothing,Female,adult,,1400.0 INR
A5-00K-49-XXL,Pink Paisley A-Line Kurta-Green,Pink Paisley A-Line Kurta-Green,out of stock,new,https://www.prathiksham.in/store/item/Pink+Paisley+A-Line+Kurta?id=888,https://www.prathiksham.in/aalam/stock/item/888/image/_/face-img,Prathiksham,Green,Pure Cotton,"Floral,Stripes",XXL,Apparel & Accessories > Clothing,Clothing & Accessories > Clothing,Female,adult,,1400.0 INR
A5-0CD-30-XS,Ocean Teal Ikat Co-Ord Set-Teal,Ocean Teal Ikat Co-Ord Set-Teal,in stock,new,https://www.prathiksham.in/store/item/Ocean+Teal+Ikat+Co-Ord+Set?id=889,https://www.prathiksham.in/aalam/stock/item/889/image/_/face-img,Prathiksham,Teal,Pure Cotton,Ikkat,XS,Apparel & Accessories > Clothing,Clothing & Accessories > Clothing,Female,adult,,1650.0 INR
A5-0CD-30-S,Ocean Teal Ikat Co-Ord Set-Teal,Ocean Teal Ikat Co-Ord Set-Teal,out of stock,new,https://www.prathiksham.in/store/item/Ocean+Teal+Ikat+Co-Ord+Set?id=890,https://www.prathiksham.in/aalam/stock/item/890/image/_/face-img,Prathiksham,Teal,Pure Cotton,Ikkat,S,Apparel & Accessories > Clothing,Clothing & Accessories > Clothing,Female,adult,,1650.0 INR
A5-0CD-30-M,Ocean Teal Ikat Co-Ord Set-Teal,Ocean Teal Ikat Co-Ord Set-Teal,out of stock,new,https://www.prathiksham.in/store/item/Ocean+Teal+Ikat+Co-Ord+Set?id=891,https://www.prathiksham.in/aalam/stock/item/891/image/_/face-img,Prathiksham,Teal,Pure Cotton,Ikkat,M,Apparel & Accessories > Clothing,Clothing & Accessories > Clothing,Female,adult,,1650.0 INR
A5-0CD-30-L,Ocean Teal Ikat Co-Ord Set-Teal,Ocean Teal Ikat Co-Ord Set-Teal,out of stock,new,https://www.prathiksham.in/store/item/Ocean+Teal+Ikat+Co-Ord+Set?id=892,https://www.prathiksham.in/aalam/stock/item/892/image/_/face-img,Prathiksham,Teal,Pure Cotton,Ikkat,L,Apparel & Accessories > Clothing,Clothing & Accessories > Clothing,Female,adult,,1650.0 INR
A5-0CD-30-XL,Ocean Teal Ikat Co-Ord Set-Teal,Ocean Teal Ikat Co-Ord Set-Teal,out of stock,new,https://www.prathiksham.in/store/item/Ocean+Teal+Ikat+Co-Ord+Set?id=893,https://www.prathiksham.in/aalam/stock/item/893/image/_/face-img,Prathiksham,Teal,Pure Cotton,Ikkat,XL,Apparel & Accessories > Clothing,Clothing & Accessories > Clothing,Female,adult,,1650.0 INR
A5-0CD-30-XXL,Ocean Teal Ikat Co-Ord Set-Teal,Ocean Teal Ikat Co-Ord Set-Teal,out of stock,new,https://www.prathiksham.in/store/item/Ocean+Teal+Ikat+Co-Ord+Set?id=894,https://www.prathiksham.in/aalam/stock/item/894/image/_/face-img,Prathiksham,Teal,Pure Cotton,Ikkat,XXL,Apparel & Accessories > Clothing,Clothing & Accessories > Clothing,Female,adult,,1650.0 INR
A5-0CD-31-XS,Charcoal Ikat Co-ord Set-Black,Charcoal Ikat Co-ord Set-Black,in stock,new,https://www.prathiksham.in/store/item/Charcoal+Ikat+Co-ord+Set?id=895,https://www.prathiksham.in/aalam/stock/item/895/image/_/face-img,Prathiksham,Black,Pure Cotton,Ikkat,XS,Apparel & Accessories > Clothing,Clothing & Accessories > Clothing,Female,adult,,1490.0 INR
A5-0CD-31-S,Charcoal Ikat Co-ord Set-Black,Charcoal Ikat Co-ord Set-Black,out of stock,new,https://www.prathiksham.in/store/item/Charcoal+Ikat+Co-ord+Set?id=896,https://www.prathiksham.in/aalam/stock/item/896/image/_/face-img,Prathiksham,Black,Pure Cotton,Ikkat,S,Apparel & Accessories > Clothing,Clothing & Accessories > Clothing,Female,adult,,1490.0 INR
A5-0CD-31-M,Charcoal Ikat Co-ord Set-Black,Charcoal Ikat Co-ord Set-Black,out of stock,new,https://www.prathiksham.in/store/item/Charcoal+Ikat+Co-ord+Set?id=897,https://www.prathiksham.in/aalam/stock/item/897/image/_/face-img,Prathiksham,Black,Pure Cotton,Ikkat,M,Apparel & Accessories > Clothing,Clothing & Accessories > Clothing,Female,adult,,1490.0 INR
A5-0CD-31-L,Charcoal Ikat Co-ord Set-Black,Charcoal Ikat Co-ord Set-Black,out of stock,new,https://www.prathiksham.in/store/item/Charcoal+Ikat+Co-ord+Set?id=898,https://www.prathiksham.in/aalam/stock/item/898/image/_/face-img,Prathiksham,Black,Pure Cotton,Ikkat,L,Apparel & Accessories > Clothing,Clothing & Accessories > Clothing,Female,adult,,1490.0 INR
A5-0CD-31-XL,Charcoal Ikat Co-ord Set-Black,Charcoal Ikat Co-ord Set-Black,out of stock,new,https://www.prathiksham.in/store/item/Charcoal+Ikat+Co-ord+Set?id=899,https://www.prathiksham.in/aalam/stock/item/899/image/_/face-img,Prathiksham,Black,Pure Cotton,Ikkat,XL,Apparel & Accessories > Clothing,Clothing & Accessories > Clothing,Female,adult,,1490.0 INR
A5-0CD-31-XXL,Charcoal Ikat Co-ord Set-Black,Charcoal Ikat Co-ord Set-Black,out of stock,new,https://www.prathiksham.in/store/item/Charcoal+Ikat+Co-ord+Set?id=900,https://www.prathiksham.in/aalam/stock/item/900/image/_/face-img,Prathiksham,Black,Pure Cotton,Ikkat,XXL,Apparel & Accessories > Clothing,Clothing & Accessories > Clothing,Female,adult,,1490.0 INR
A5-0CD-32-XS,Deep Pink Ikat Co-ord Set-DeepPink,Deep Pink Ikat Co-ord Set-DeepPink,in stock,new,https://www.prathiksham.in/store/item/Deep+Pink+Ikat+Co-ord+Set?id=901,https://www.prathiksham.in/aalam/stock/item/901/image/_/face-img,Prathiksham,DeepPink,Pure Cotton,Ikkat,XS,Apparel & Accessories > Clothing,Clothing & Accessories > Clothing,Female,adult,,1650.0 INR
A5-0CD-32-S,Deep Pink Ikat Co-ord Set-DeepPink,Deep Pink Ikat Co-ord Set-DeepPink,in stock,new,https://www.prathiksham.in/store/item/Deep+Pink+Ikat+Co-ord+Set?id=902,https://www.prathiksham.in/aalam/stock/item/902/image/_/face-img,Prathiksham,DeepPink,Pure Cotton,Ikkat,S,Apparel & Accessories > Clothing,Clothing & Accessories > Clothing,Female,adult,,1650.0 INR
A5-0CD-32-M,Deep Pink Ikat Co-ord Set-DeepPink,Deep Pink Ikat Co-ord Set-DeepPink,in stock,new,https://www.prathiksham.in/store/item/Deep+Pink+Ikat+Co-ord+Set?id=903,https://www.prathiksham.in/aalam/stock/item/903/image/_/face-img,Prathiksham,DeepPink,Pure Cotton,Ikkat,M,Apparel & Accessories > Clothing,Clothing & Accessories > Clothing,Female,adult,,1650.0 INR
A5-0CD-32-L,Deep Pink Ikat Co-ord Set-DeepPink,Deep Pink Ikat Co-ord Set-DeepPink,out of stock,new,https://www.prathiksham.in/store/item/Deep+Pink+Ikat+Co-ord+Set?id=904,https://www.prathiksham.in/aalam/stock/item/904/image/_/face-img,Prathiksham,DeepPink,Pure Cotton,Ikkat,L,Apparel & Accessories > Clothing,Clothing & Accessories > Clothing,Female,adult,,1650.0 INR
A5-0CD-32-XL,Deep Pink Ikat Co-ord Set-DeepPink,Deep Pink Ikat Co-ord Set-DeepPink,in stock,new,https://www.prathiksham.in/store/item/Deep+Pink+Ikat+Co-ord+Set?id=905,https://www.prathiksham.in/aalam/stock/item/905/image/_/face-img,Prathiksham,DeepPink,Pure Cotton,Ikkat,XL,Apparel & Accessories > Clothing,Clothing & Accessories > Clothing,Female,adult,,1650.0 INR
A5-0CD-32-XXL,Deep Pink Ikat Co-ord Set-DeepPink,Deep Pink Ikat Co-ord Set-DeepPink,in stock,new,https://www.prathiksham.in/store/item/Deep+Pink+Ikat+Co-ord+Set?id=906,https://www.prathiksham.in/aalam/stock/item/906/image/_/face-img,Prathiksham,DeepPink,Pure Cotton,Ikkat,XXL,Apparel & Accessories > Clothing,Clothing & Accessories > Clothing,Female,adult,,1650.0 INR
A5-0CD-33-XS,Olive Ikat A-Line Co-Ord Set-DarkOliveGreen,Olive Ikat A-Line Co-Ord Set-DarkOliveGreen,out of stock,new,https://www.prathiksham.in/store/item/Olive+Ikat+A-Line+Co-Ord+Set?id=907,https://www.prathiksham.in/aalam/stock/item/907/image/_/face-img,Prathiksham,DarkOliveGreen,Pure Cotton,Ikkat,XS,Apparel & Accessories > Clothing,Clothing & Accessories > Clothing,Female,adult,,1800.0 INR
A5-0CD-33-S,Olive Ikat A-Line Co-Ord Set-DarkOliveGreen,Olive Ikat A-Line Co-Ord Set-DarkOliveGreen,out of stock,new,https://www.prathiksham.in/store/item/Olive+Ikat+A-Line+Co-Ord+Set?id=908,https://www.prathiksham.in/aalam/stock/item/908/image/_/face-img,Prathiksham,DarkOliveGreen,Pure Cotton,Ikkat,S,Apparel & Accessories > Clothing,Clothing & Accessories > Clothing,Female,adult,,1800.0 INR
A5-0CD-33-M,Olive Ikat A-Line Co-Ord Set-DarkOliveGreen,Olive Ikat A-Line Co-Ord Set-DarkOliveGreen,out of stock,new,https://www.prathiksham.in/store/item/Olive+Ikat+A-Line+Co-Ord+Set?id=909,https://www.prathiksham.in/aalam/stock/item/909/image/_/face-img,Prathiksham,DarkOliveGreen,Pure Cotton,Ikkat,M,Apparel & Accessories > Clothing,Clothing & Accessories > Clothing,Female,adult,,1800.0 INR
A5-0CD-33-L,Olive Ikat A-Line Co-Ord Set-DarkOliveGreen,Olive Ikat A-Line Co-Ord Set-DarkOliveGreen,out of stock,new,https://www.prathiksham.in/store/item/Olive+Ikat+A-Line+Co-Ord+Set?id=910,https://www.prathiksham.in/aalam/stock/item/910/image/_/face-img,Prathiksham,DarkOliveGreen,Pure Cotton,Ikkat,L,Apparel & Accessories > Clothing,Clothing & Accessories > Clothing,Female,adult,,1800.0 INR
A5-0CD-33-XL,Olive Ikat A-Line Co-Ord Set-DarkOliveGreen,Olive Ikat A-Line Co-Ord Set-DarkOliveGreen,out of stock,new,https://www.prathiksham.in/store/item/Olive+Ikat+A-Line+Co-Ord+Set?id=911,https://www.prathiksham.in/aalam/stock/item/911/image/_/face-img,Prathiksham,DarkOliveGreen,Pure Cotton,Ikkat,XL,Apparel & Accessories > Clothing,Clothing & Accessories > Clothing,Female,adult,,1800.0 INR
A5-0CD-33-XXL,Olive Ikat A-Line Co-Ord Set-DarkOliveGreen,Olive Ikat A-Line Co-Ord Set-DarkOliveGreen,out of stock,new,https://www.prathiksham.in/store/item/Olive+Ikat+A-Line+Co-Ord+Set?id=912,https://www.prathiksham.in/aalam/stock/item/912/image/_/face-img,Prathiksham,DarkOliveGreen,Pure Cotton,Ikkat,XXL,Apparel & Accessories > Clothing,Clothing & Accessories > Clothing,Female,adult,,1800.0 INR
A5-0CD-34-XS,Mocha Streak Ikat Co-Ord Set-Taupe,Mocha Streak Ikat Co-Ord Set-Taupe,out of stock,new,https://www.prathiksham.in/store/item/Mocha+Streak+Ikat+Co-Ord+Set?id=913,https://www.prathiksham.in/aalam/stock/item/913/image/_/face-img,Prathiksham,Taupe,Pure Cotton,Ikkat,XS,Apparel & Accessories > Clothing,Clothing & Accessories > Clothing,Female,adult,,1700.0 INR
A5-0CD-34-S,Mocha Streak Ikat Co-Ord Set-Taupe,Mocha Streak Ikat Co-Ord Set-Taupe,out of stock,new,https://www.prathiksham.in/store/item/Mocha+Streak+Ikat+Co-Ord+Set?id=914,https://www.prathiksham.in/aalam/stock/item/914/image/_/face-img,Prathiksham,Taupe,Pure Cotton,Ikkat,S,Apparel & Accessories > Clothing,Clothing & Accessories > Clothing,Female,adult,,1700.0 INR
A5-0CD-34-M,Mocha Streak Ikat Co-Ord Set-Taupe,Mocha Streak Ikat Co-Ord Set-Taupe,in stock,new,https://www.prathiksham.in/store/item/Mocha+Streak+Ikat+Co-Ord+Set?id=915,https://www.prathiksham.in/aalam/stock/item/915/image/_/face-img,Prathiksham,Taupe,Pure Cotton,Ikkat,M,Apparel & Accessories > Clothing,Clothing & Accessories > Clothing,Female,adult,,1700.0 INR
A5-0CD-34-L,Mocha Streak Ikat Co-Ord Set-Taupe,Mocha Streak Ikat Co-Ord Set-Taupe,in stock,new,https://www.prathiksham.in/store/item/Mocha+Streak+Ikat+Co-Ord+Set?id=916,https://www.prathiksham.in/aalam/stock/item/916/image/_/face-img,Prathiksham,Taupe,Pure Cotton,Ikkat,L,Apparel & Accessories > Clothing,Clothing & Accessories > Clothing,Female,adult,,1700.0 INR
A5-0CD-34-XL,Mocha Streak Ikat Co-Ord Set-Taupe,Mocha Streak Ikat Co-Ord Set-Taupe,out of stock,new,https://www.prathiksham.in/store/item/Mocha+Streak+Ikat+Co-Ord+Set?id=917,https://www.prathiksham.in/aalam/stock/item/917/image/_/face-img,Prathiksham,Taupe,Pure Cotton,Ikkat,XL,Apparel & Accessories > Clothing,Clothing & Accessories > Clothing,Female,adult,,1700.0 INR
A5-0CD-34-XXL,Mocha Streak Ikat Co-Ord Set-Taupe,Mocha Streak Ikat Co-Ord Set-Taupe,in stock,new,https://www.prathiksham.in/store/item/Mocha+Streak+Ikat+Co-Ord+Set?id=918,https://www.prathiksham.in/aalam/stock/item/918/image/_/face-img,Prathiksham,Taupe,Pure Cotton,Ikkat,XXL,Apparel & Accessories > Clothing,Clothing & Accessories > Clothing,Female,adult,,1700.0 INR
A5-0CD-35-M,Deep Plum Co-ord Set-RebeccaPurple,Deep Plum Co-ord Set-RebeccaPurple,out of stock,new,https://www.prathiksham.in/store/item/Deep+Plum+Co-ord+Set?id=919,https://www.prathiksham.in/aalam/stock/item/919/image/_/face-img,Prathiksham,RebeccaPurple,Pure Cotton,Solid,M,Apparel & Accessories > Clothing,Clothing & Accessories > Clothing,Female,adult,,2800.0 INR
A5-0CD-35-L,Deep Plum Co-ord Set-RebeccaPurple,Deep Plum Co-ord Set-RebeccaPurple,out of stock,new,https://www.prathiksham.in/store/item/Deep+Plum+Co-ord+Set?id=920,https://www.prathiksham.in/aalam/stock/item/920/image/_/face-img,Prathiksham,RebeccaPurple,Pure Cotton,Solid,L,Apparel & Accessories > Clothing,Clothing & Accessories > Clothing,Female,adult,,2800.0 INR
A5-0CD-35-XL,Deep Plum Co-ord Set-RebeccaPurple,Deep Plum Co-ord Set-RebeccaPurple,out of stock,new,https://www.prathiksham.in/store/item/Deep+Plum+Co-ord+Set?id=921,https://www.prathiksham.in/aalam/stock/item/921/image/_/face-img,Prathiksham,RebeccaPurple,Pure Cotton,Solid,XL,Apparel & Accessories > Clothing,Clothing & Accessories > Clothing,Female,adult,,2800.0 INR
A5-0CD-35-XXL,Deep Plum Co-ord Set-RebeccaPurple,Deep Plum Co-ord Set-RebeccaPurple,out of stock,new,https://www.prathiksham.in/store/item/Deep+Plum+Co-ord+Set?id=922,https://www.prathiksham.in/aalam/stock/item/922/image/_/face-img,Prathiksham,RebeccaPurple,Pure Cotton,Solid,XXL,Apparel & Accessories > Clothing,Clothing & Accessories > Clothing,Female,adult,,2800.0 INR
A5-0CD-35-XS,Deep Plum Co-ord Set-RebeccaPurple,Deep Plum Co-ord Set-RebeccaPurple,in stock,new,https://www.prathiksham.in/store/item/Deep+Plum+Co-ord+Set?id=923,https://www.prathiksham.in/aalam/stock/item/923/image/_/face-img,Prathiksham,RebeccaPurple,Pure Cotton,Solid,XS,Apparel & Accessories > Clothing,Clothing & Accessories > Clothing,Female,adult,,2800.0 INR
A5-0CD-35-S,Deep Plum Co-ord Set-RebeccaPurple,Deep Plum Co-ord Set-RebeccaPurple,out of stock,new,https://www.prathiksham.in/store/item/Deep+Plum+Co-ord+Set?id=924,https://www.prathiksham.in/aalam/stock/item/924/image/_/face-img,Prathiksham,RebeccaPurple,Pure Cotton,Solid,S,Apparel & Accessories > Clothing,Clothing & Accessories > Clothing,Female,adult,,2800.0 INR
A5-0CD-36-M,Sage Grace Co-ord Set-DarkSeaGreen,Sage Grace Co-ord Set-DarkSeaGreen,out of stock,new,https://www.prathiksham.in/store/item/Sage+Grace+Co-ord+Set?id=925,https://www.prathiksham.in/aalam/stock/item/925/image/_/face-img,Prathiksham,DarkSeaGreen,Pure Cotton,Solid,M,Apparel & Accessories > Clothing,Clothing & Accessories > Clothing,Female,adult,,2600.0 INR
A5-0CD-36-L,Sage Grace Co-ord Set-DarkSeaGreen,Sage Grace Co-ord Set-DarkSeaGreen,out of stock,new,https://www.prathiksham.in/store/item/Sage+Grace+Co-ord+Set?id=926,https://www.prathiksham.in/aalam/stock/item/926/image/_/face-img,Prathiksham,DarkSeaGreen,Pure Cotton,Solid,L,Apparel & Accessories > Clothing,Clothing & Accessories > Clothing,Female,adult,,2600.0 INR
A5-0CD-36-XL,Sage Grace Co-ord Set-DarkSeaGreen,Sage Grace Co-ord Set-DarkSeaGreen,out of stock,new,https://www.prathiksham.in/store/item/Sage+Grace+Co-ord+Set?id=927,https://www.prathiksham.in/aalam/stock/item/927/image/_/face-img,Prathiksham,DarkSeaGreen,Pure Cotton,Solid,XL,Apparel & Accessories > Clothing,Clothing & Accessories > Clothing,Female,adult,,2600.0 INR
A5-0CD-36-XXL,Sage Grace Co-ord Set-DarkSeaGreen,Sage Grace Co-ord Set-DarkSeaGreen,out of stock,new,https://www.prathiksham.in/store/item/Sage+Grace+Co-ord+Set?id=928,https://www.prathiksham.in/aalam/stock/item/928/image/_/face-img,Prathiksham,DarkSeaGreen,Pure Cotton,Solid,XXL,Apparel & Accessories > Clothing,Clothing & Accessories > Clothing,Female,adult,,2600.0 INR
A5-0CD-36-XS,Sage Grace Co-ord Set-DarkSeaGreen,Sage Grace Co-ord Set-DarkSeaGreen,in stock,new,https://www.prathiksham.in/store/item/Sage+Grace+Co-ord+Set?id=929,https://www.prathiksham.in/aalam/stock/item/929/image/_/face-img,Prathiksham,DarkSeaGreen,Pure Cotton,Solid,XS,Apparel & Accessories > Clothing,Clothing & Accessories > Clothing,Female,adult,,2600.0 INR
A5-0CD-36-S,Sage Grace Co-ord Set-DarkSeaGreen,Sage Grace Co-ord Set-DarkSeaGreen,out of stock,new,https://www.prathiksham.in/store/item/Sage+Grace+Co-ord+Set?id=930,https://www.prathiksham.in/aalam/stock/item/930/image/_/face-img,Prathiksham,DarkSeaGreen,Pure Cotton,Solid,S,Apparel & Accessories > Clothing,Clothing & Accessories > Clothing,Female,adult,,2600.0 INR
A5-0CD-37-M,Vanilla Petal Threads Co-ord Set-GhostWhite,Vanilla Petal Threads Co-ord Set-GhostWhite,out of stock,new,https://www.prathiksham.in/store/item/Vanilla+Petal+Threads+Co-ord+Set?id=931,https://www.prathiksham.in/aalam/stock/item/931/image/_/face-img,Prathiksham,GhostWhite,Pure Cotton,Solid,M,Apparel & Accessories > Clothing,Clothing & Accessories > Clothing,Female,adult,,2990.0 INR
A5-0CD-37-L,Vanilla Petal Threads Co-ord Set-GhostWhite,Vanilla Petal Threads Co-ord Set-GhostWhite,out of stock,new,https://www.prathiksham.in/store/item/Vanilla+Petal+Threads+Co-ord+Set?id=932,https://www.prathiksham.in/aalam/stock/item/932/image/_/face-img,Prathiksham,GhostWhite,Pure Cotton,Solid,L,Apparel & Accessories > Clothing,Clothing & Accessories > Clothing,Female,adult,,2990.0 INR
A5-0CD-37-XL,Vanilla Petal Threads Co-ord Set-GhostWhite,Vanilla Petal Threads Co-ord Set-GhostWhite,in stock,new,https://www.prathiksham.in/store/item/Vanilla+Petal+Threads+Co-ord+Set?id=933,https://www.prathiksham.in/aalam/stock/item/933/image/_/face-img,Prathiksham,GhostWhite,Pure Cotton,Solid,XL,Apparel & Accessories > Clothing,Clothing & Accessories > Clothing,Female,adult,,2990.0 INR
A5-0CD-37-XXL,Vanilla Petal Threads Co-ord Set-GhostWhite,Vanilla Petal Threads Co-ord Set-GhostWhite,out of stock,new,https://www.prathiksham.in/store/item/Vanilla+Petal+Threads+Co-ord+Set?id=934,https://www.prathiksham.in/aalam/stock/item/934/image/_/face-img,Prathiksham,GhostWhite,Pure Cotton,Solid,XXL,Apparel & Accessories > Clothing,Clothing & Accessories > Clothing,Female,adult,,2990.0 INR
A5-0CD-37-XS,Vanilla Petal Threads Co-ord Set-GhostWhite,Vanilla Petal Threads Co-ord Set-GhostWhite,in stock,new,https://www.prathiksham.in/store/item/Vanilla+Petal+Threads+Co-ord+Set?id=935,https://www.prathiksham.in/aalam/stock/item/935/image/_/face-img,Prathiksham,GhostWhite,Pure Cotton,Solid,XS,Apparel & Accessories > Clothing,Clothing & Accessories > Clothing,Female,adult,,2990.0 INR
A5-0CD-37-S,Vanilla Petal Threads Co-ord Set-GhostWhite,Vanilla Petal Threads Co-ord Set-GhostWhite,out of stock,new,https://www.prathiksham.in/store/item/Vanilla+Petal+Threads+Co-ord+Set?id=936,https://www.prathiksham.in/aalam/stock/item/936/image/_/face-img,Prathiksham,GhostWhite,Pure Cotton,Solid,S,Apparel & Accessories > Clothing,Clothing & Accessories > Clothing,Female,adult,,2990.0 INR
A5-0CD-38-M,Blue Coral Embroidered Flora Co-ord Set-DarkCyan,Blue Coral Embroidered Flora Co-ord Set-DarkCyan,out of stock,new,https://www.prathiksham.in/store/item/Blue+Coral+Embroidered+Flora+Co-ord+Set?id=937,https://www.prathiksham.in/aalam/stock/item/937/image/_/face-img,Prathiksham,DarkCyan,Pure Cotton,Solid,M,Apparel & Accessories > Clothing,Clothing & Accessories > Clothing,Female,adult,,2990.0 INR
A5-0CD-38-L,Blue Coral Embroidered Flora Co-ord Set-DarkCyan,Blue Coral Embroidered Flora Co-ord Set-DarkCyan,out of stock,new,https://www.prathiksham.in/store/item/Blue+Coral+Embroidered+Flora+Co-ord+Set?id=938,https://www.prathiksham.in/aalam/stock/item/938/image/_/face-img,Prathiksham,DarkCyan,Pure Cotton,Solid,L,Apparel & Accessories > Clothing,Clothing & Accessories > Clothing,Female,adult,,2990.0 INR
A5-0CD-38-XL,Blue Coral Embroidered Flora Co-ord Set-DarkCyan,Blue Coral Embroidered Flora Co-ord Set-DarkCyan,out of stock,new,https://www.prathiksham.in/store/item/Blue+Coral+Embroidered+Flora+Co-ord+Set?id=939,https://www.prathiksham.in/aalam/stock/item/939/image/_/face-img,Prathiksham,DarkCyan,Pure Cotton,Solid,XL,Apparel & Accessories > Clothing,Clothing & Accessories > Clothing,Female,adult,,2990.0 INR
A5-0CD-38-XXL,Blue Coral Embroidered Flora Co-ord Set-DarkCyan,Blue Coral Embroidered Flora Co-ord Set-DarkCyan,out of stock,new,https://www.prathiksham.in/store/item/Blue+Coral+Embroidered+Flora+Co-ord+Set?id=940,https://www.prathiksham.in/aalam/stock/item/940/image/_/face-img,Prathiksham,DarkCyan,Pure Cotton,Solid,XXL,Apparel & Accessories > Clothing,Clothing & Accessories > Clothing,Female,adult,,2990.0 INR
A5-0CD-38-XS,Blue Coral Embroidered Flora Co-ord Set-DarkCyan,Blue Coral Embroidered Flora Co-ord Set-DarkCyan,out of stock,new,https://www.prathiksham.in/store/item/Blue+Coral+Embroidered+Flora+Co-ord+Set?id=941,https://www.prathiksham.in/aalam/stock/item/941/image/_/face-img,Prathiksham,DarkCyan,Pure Cotton,Solid,XS,Apparel & Accessories > Clothing,Clothing & Accessories > Clothing,Female,adult,,2990.0 INR
A5-0CD-38-S,Blue Coral Embroidered Flora Co-ord Set-DarkCyan,Blue Coral Embroidered Flora Co-ord Set-DarkCyan,out of stock,new,https://www.prathiksham.in/store/item/Blue+Coral+Embroidered+Flora+Co-ord+Set?id=942,https://www.prathiksham.in/aalam/stock/item/942/image/_/face-img,Prathiksham,DarkCyan,Pure Cotton,Solid,S,Apparel & Accessories > Clothing,Clothing & Accessories > Clothing,Female,adult,,2990.0 INR
A2-00K-34-XS,Blossom Embroidered Stripe Kurta-GhostWhite,Blossom Embroidered Stripe Kurta-GhostWhite,out of stock,new,https://www.prathiksham.in/store/item/Blossom+Embroidered+Stripe+Kurta?id=943,https://www.prathiksham.in/aalam/stock/item/943/image/_/face-img,Prathiksham,GhostWhite,Slub Cotton,Stripes,XS,Apparel & Accessories > Clothing,Clothing & Accessories > Clothing,Female,adult,,2499.0 INR
A2-00K-34-S,Blossom Embroidered Stripe Kurta-GhostWhite,Blossom Embroidered Stripe Kurta-GhostWhite,out of stock,new,https://www.prathiksham.in/store/item/Blossom+Embroidered+Stripe+Kurta?id=945,https://www.prathiksham.in/aalam/stock/item/945/image/_/face-img,Prathiksham,GhostWhite,Slub Cotton,Stripes,S,Apparel & Accessories > Clothing,Clothing & Accessories > Clothing,Female,adult,,2499.0 INR
A6-00K-59-XS,Soft Pink Handloom Kali Kurta-Plum,Soft Pink Handloom Kali Kurta-Plum,out of stock,new,https://www.prathiksham.in/store/item/Soft+Pink+Handloom+Kali+Kurta?id=946,https://www.prathiksham.in/aalam/stock/item/946/image/_/face-img,Prathiksham,Plum,Handloom Cotton,Handloom,XS,Apparel & Accessories > Clothing,Clothing & Accessories > Clothing,Female,adult,,1499.0 INR
A6-00K-59-S,Soft Pink Handloom Kali Kurta-Plum,Soft Pink Handloom Kali Kurta-Plum,out of stock,new,https://www.prathiksham.in/store/item/Soft+Pink+Handloom+Kali+Kurta?id=947,https://www.prathiksham.in/aalam/stock/item/947/image/_/face-img,Prathiksham,Plum,Handloom Cotton,Handloom,S,Apparel & Accessories > Clothing,Clothing & Accessories > Clothing,Female,adult,,1499.0 INR
A6-00K-59-M,Soft Pink Handloom Kali Kurta-Plum,Soft Pink Handloom Kali Kurta-Plum,out of stock,new,https://www.prathiksham.in/store/item/Soft+Pink+Handloom+Kali+Kurta?id=948,https://www.prathiksham.in/aalam/stock/item/948/image/_/face-img,Prathiksham,Plum,Handloom Cotton,Handloom,M,Apparel & Accessories > Clothing,Clothing & Accessories > Clothing,Female,adult,,1499.0 INR
A6-00K-59-L,Soft Pink Handloom Kali Kurta-Plum,Soft Pink Handloom Kali Kurta-Plum,out of stock,new,https://www.prathiksham.in/store/item/Soft+Pink+Handloom+Kali+Kurta?id=949,https://www.prathiksham.in/aalam/stock/item/949/image/_/face-img,Prathiksham,Plum,Handloom Cotton,Handloom,L,Apparel & Accessories > Clothing,Clothing & Accessories > Clothing,Female,adult,,1499.0 INR
A6-00K-59-XL,Soft Pink Handloom Kali Kurta-Plum,Soft Pink Handloom Kali Kurta-Plum,out of stock,new,https://www.prathiksham.in/store/item/Soft+Pink+Handloom+Kali+Kurta?id=950,https://www.prathiksham.in/aalam/stock/item/950/image/_/face-img,Prathiksham,Plum,Handloom Cotton,Handloom,XL,Apparel & Accessories > Clothing,Clothing & Accessories > Clothing,Female,adult,,1499.0 INR
A6-00K-59-XXL,Soft Pink Handloom Kali Kurta-Plum,Soft Pink Handloom Kali Kurta-Plum,out of stock,new,https://www.prathiksham.in/store/item/Soft+Pink+Handloom+Kali+Kurta?id=951,https://www.prathiksham.in/aalam/stock/item/951/image/_/face-img,Prathiksham,Plum,Handloom Cotton,Handloom,XXL,Apparel & Accessories > Clothing,Clothing & Accessories > Clothing,Female,adult,,1499.0 INR
A6-00K-58-XS,Rosewood Handloom Kali Kurta-LightPink,Rosewood Handloom Kali Kurta-LightPink,in stock,new,https://www.prathiksham.in/store/item/Rosewood+Handloom+Kali+Kurta?id=952,https://www.prathiksham.in/aalam/stock/item/952/image/_/face-img,Prathiksham,LightPink,Handloom Cotton,Handloom,XS,Apparel & Accessories > Clothing,Clothing & Accessories > Clothing,Female,adult,,1499.0 INR
A6-00K-58-S,Rosewood Handloom Kali Kurta-LightPink,Rosewood Handloom Kali Kurta-LightPink,out of stock,new,https://www.prathiksham.in/store/item/Rosewood+Handloom+Kali+Kurta?id=953,https://www.prathiksham.in/aalam/stock/item/953/image/_/face-img,Prathiksham,LightPink,Handloom Cotton,Handloom,S,Apparel & Accessories > Clothing,Clothing & Accessories > Clothing,Female,adult,,1499.0 INR
A6-00K-58-M,Rosewood Handloom Kali Kurta-LightPink,Rosewood Handloom Kali Kurta-LightPink,out of stock,new,https://www.prathiksham.in/store/item/Rosewood+Handloom+Kali+Kurta?id=954,https://www.prathiksham.in/aalam/stock/item/954/image/_/face-img,Prathiksham,LightPink,Handloom Cotton,Handloom,M,Apparel & Accessories > Clothing,Clothing & Accessories > Clothing,Female,adult,,1499.0 INR
A6-00K-58-L,Rosewood Handloom Kali Kurta-LightPink,Rosewood Handloom Kali Kurta-LightPink,out of stock,new,https://www.prathiksham.in/store/item/Rosewood+Handloom+Kali+Kurta?id=955,https://www.prathiksham.in/aalam/stock/item/955/image/_/face-img,Prathiksham,LightPink,Handloom Cotton,Handloom,L,Apparel & Accessories > Clothing,Clothing & Accessories > Clothing,Female,adult,,1499.0 INR
A6-00K-58-XL,Rosewood Handloom Kali Kurta-LightPink,Rosewood Handloom Kali Kurta-LightPink,out of stock,new,https://www.prathiksham.in/store/item/Rosewood+Handloom+Kali+Kurta?id=956,https://www.prathiksham.in/aalam/stock/item/956/image/_/face-img,Prathiksham,LightPink,Handloom Cotton,Handloom,XL,Apparel & Accessories > Clothing,Clothing & Accessories > Clothing,Female,adult,,1499.0 INR
A6-00K-58-XXL,Rosewood Handloom Kali Kurta-LightPink,Rosewood Handloom Kali Kurta-LightPink,out of stock,new,https://www.prathiksham.in/store/item/Rosewood+Handloom+Kali+Kurta?id=957,https://www.prathiksham.in/aalam/stock/item/957/image/_/face-img,Prathiksham,LightPink,Handloom Cotton,Handloom,XXL,Apparel & Accessories > Clothing,Clothing & Accessories > Clothing,Female,adult,,1499.0 INR
A6-00K-54-XS,Rose Mist Handloom Kali Kurta-LavenderBlush,Rose Mist Handloom Kali Kurta-LavenderBlush,in stock,new,https://www.prathiksham.in/store/item/Rose+Mist+Handloom+Kali+Kurta?id=958,https://www.prathiksham.in/aalam/stock/item/958/image/_/face-img,Prathiksham,LavenderBlush,Handloom Cotton,Handloom,XS,Apparel & Accessories > Clothing,Clothing & Accessories > Clothing,Female,adult,,1599.0 INR
A6-00K-54-S,Rose Mist Handloom Kali Kurta-LavenderBlush,Rose Mist Handloom Kali Kurta-LavenderBlush,out of stock,new,https://www.prathiksham.in/store/item/Rose+Mist+Handloom+Kali+Kurta?id=959,https://www.prathiksham.in/aalam/stock/item/959/image/_/face-img,Prathiksham,LavenderBlush,Handloom Cotton,Handloom,S,Apparel & Accessories > Clothing,Clothing & Accessories > Clothing,Female,adult,,1599.0 INR
A6-00K-54-M,Rose Mist Handloom Kali Kurta-LavenderBlush,Rose Mist Handloom Kali Kurta-LavenderBlush,in stock,new,https://www.prathiksham.in/store/item/Rose+Mist+Handloom+Kali+Kurta?id=960,https://www.prathiksham.in/aalam/stock/item/960/image/_/face-img,Prathiksham,LavenderBlush,Handloom Cotton,Handloom,M,Apparel & Accessories > Clothing,Clothing & Accessories > Clothing,Female,adult,,1599.0 INR
A6-00K-54-L,Rose Mist Handloom Kali Kurta-LavenderBlush,Rose Mist Handloom Kali Kurta-LavenderBlush,out of stock,new,https://www.prathiksham.in/store/item/Rose+Mist+Handloom+Kali+Kurta?id=961,https://www.prathiksham.in/aalam/stock/item/961/image/_/face-img,Prathiksham,LavenderBlush,Handloom Cotton,Handloom,L,Apparel & Accessories > Clothing,Clothing & Accessories > Clothing,Female,adult,,1599.0 INR
A6-00K-54-XL,Rose Mist Handloom Kali Kurta-LavenderBlush,Rose Mist Handloom Kali Kurta-LavenderBlush,out of stock,new,https://www.prathiksham.in/store/item/Rose+Mist+Handloom+Kali+Kurta?id=962,https://www.prathiksham.in/aalam/stock/item/962/image/_/face-img,Prathiksham,LavenderBlush,Handloom Cotton,Handloom,XL,Apparel & Accessories > Clothing,Clothing & Accessories > Clothing,Female,adult,,1599.0 INR
A6-00K-54-XXL,Rose Mist Handloom Kali Kurta-LavenderBlush,Rose Mist Handloom Kali Kurta-LavenderBlush,out of stock,new,https://www.prathiksham.in/store/item/Rose+Mist+Handloom+Kali+Kurta?id=963,https://www.prathiksham.in/aalam/stock/item/963/image/_/face-img,Prathiksham,LavenderBlush,Handloom Cotton,Handloom,XXL,Apparel & Accessories > Clothing,Clothing & Accessories > Clothing,Female,adult,,1599.0 INR
A6-00K-57-XS,Rust Red Handloom Checkered A-Line Kurta-DarkRed,Rust Red Handloom Checkered A-Line Kurta-DarkRed,in stock,new,https://www.prathiksham.in/store/item/Rust+Red+Handloom+Checkered+A-Line+Kurta?id=964,https://www.prathiksham.in/aalam/stock/item/964/image/_/face-img,Prathiksham,DarkRed,Handloom Cotton,Handloom,XS,Apparel & Accessories > Clothing,Clothing & Accessories > Clothing,Female,adult,,1599.0 INR
A6-00K-57-S,Rust Red Handloom Checkered A-Line Kurta-DarkRed,Rust Red Handloom Checkered A-Line Kurta-DarkRed,out of stock,new,https://www.prathiksham.in/store/item/Rust+Red+Handloom+Checkered+A-Line+Kurta?id=965,https://www.prathiksham.in/aalam/stock/item/965/image/_/face-img,Prathiksham,DarkRed,Handloom Cotton,Handloom,S,Apparel & Accessories > Clothing,Clothing & Accessories > Clothing,Female,adult,,1599.0 INR
A6-00K-57-M,Rust Red Handloom Checkered A-Line Kurta-DarkRed,Rust Red Handloom Checkered A-Line Kurta-DarkRed,out of stock,new,https://www.prathiksham.in/store/item/Rust+Red+Handloom+Checkered+A-Line+Kurta?id=966,https://www.prathiksham.in/aalam/stock/item/966/image/_/face-img,Prathiksham,DarkRed,Handloom Cotton,Handloom,M,Apparel & Accessories > Clothing,Clothing & Accessories > Clothing,Female,adult,,1599.0 INR
A6-00K-57-L,Rust Red Handloom Checkered A-Line Kurta-DarkRed,Rust Red Handloom Checkered A-Line Kurta-DarkRed,out of stock,new,https://www.prathiksham.in/store/item/Rust+Red+Handloom+Checkered+A-Line+Kurta?id=967,https://www.prathiksham.in/aalam/stock/item/967/image/_/face-img,Prathiksham,DarkRed,Handloom Cotton,Handloom,L,Apparel & Accessories > Clothing,Clothing & Accessories > Clothing,Female,adult,,1599.0 INR
A6-00K-57-XL,Rust Red Handloom Checkered A-Line Kurta-DarkRed,Rust Red Handloom Checkered A-Line Kurta-DarkRed,out of stock,new,https://www.prathiksham.in/store/item/Rust+Red+Handloom+Checkered+A-Line+Kurta?id=968,https://www.prathiksham.in/aalam/stock/item/968/image/_/face-img,Prathiksham,DarkRed,Handloom Cotton,Handloom,XL,Apparel & Accessories > Clothing,Clothing & Accessories > Clothing,Female,adult,,1599.0 INR
A6-00K-57-XXL,Rust Red Handloom Checkered A-Line Kurta-DarkRed,Rust Red Handloom Checkered A-Line Kurta-DarkRed,out of stock,new,https://www.prathiksham.in/store/item/Rust+Red+Handloom+Checkered+A-Line+Kurta?id=969,https://www.prathiksham.in/aalam/stock/item/969/image/_/face-img,Prathiksham,DarkRed,Handloom Cotton,Handloom,XXL,Apparel & Accessories > Clothing,Clothing & Accessories > Clothing,Female,adult,,1599.0 INR
A6-00K-56-XS,Navy Handloom Checkered A-Line Kurta-SteelBlue,Navy Handloom Checkered A-Line Kurta-SteelBlue,in stock,new,https://www.prathiksham.in/store/item/Navy+Handloom+Checkered+A-Line+Kurta?id=970,https://www.prathiksham.in/aalam/stock/item/970/image/_/face-img,Prathiksham,SteelBlue,Handloom Cotton,Handloom,XS,Apparel & Accessories > Clothing,Clothing & Accessories > Clothing,Female,adult,,1599.0 INR
A6-00K-56-S,Navy Handloom Checkered A-Line Kurta-SteelBlue,Navy Handloom Checkered A-Line Kurta-SteelBlue,out of stock,new,https://www.prathiksham.in/store/item/Navy+Handloom+Checkered+A-Line+Kurta?id=971,https://www.prathiksham.in/aalam/stock/item/971/image/_/face-img,Prathiksham,SteelBlue,Handloom Cotton,Handloom,S,Apparel & Accessories > Clothing,Clothing & Accessories > Clothing,Female,adult,,1599.0 INR
A6-00K-56-M,Navy Handloom Checkered A-Line Kurta-SteelBlue,Navy Handloom Checkered A-Line Kurta-SteelBlue,out of stock,new,https://www.prathiksham.in/store/item/Navy+Handloom+Checkered+A-Line+Kurta?id=972,https://www.prathiksham.in/aalam/stock/item/972/image/_/face-img,Prathiksham,SteelBlue,Handloom Cotton,Handloom,M,Apparel & Accessories > Clothing,Clothing & Accessories > Clothing,Female,adult,,1599.0 INR
A6-00K-56-L,Navy Handloom Checkered A-Line Kurta-SteelBlue,Navy Handloom Checkered A-Line Kurta-SteelBlue,out of stock,new,https://www.prathiksham.in/store/item/Navy+Handloom+Checkered+A-Line+Kurta?id=973,https://www.prathiksham.in/aalam/stock/item/973/image/_/face-img,Prathiksham,SteelBlue,Handloom Cotton,Handloom,L,Apparel & Accessories > Clothing,Clothing & Accessories > Clothing,Female,adult,,1599.0 INR
A6-00K-56-XL,Navy Handloom Checkered A-Line Kurta-SteelBlue,Navy Handloom Checkered A-Line Kurta-SteelBlue,in stock,new,https://www.prathiksham.in/store/item/Navy+Handloom+Checkered+A-Line+Kurta?id=974,https://www.prathiksham.in/aalam/stock/item/974/image/_/face-img,Prathiksham,SteelBlue,Handloom Cotton,Handloom,XL,Apparel & Accessories > Clothing,Clothing & Accessories > Clothing,Female,adult,,1599.0 INR
A6-00K-56-XXL,Navy Handloom Checkered A-Line Kurta-SteelBlue,Navy Handloom Checkered A-Line Kurta-SteelBlue,out of stock,new,https://www.prathiksham.in/store/item/Navy+Handloom+Checkered+A-Line+Kurta?id=975,https://www.prathiksham.in/aalam/stock/item/975/image/_/face-img,Prathiksham,SteelBlue,Handloom Cotton,Handloom,XXL,Apparel & Accessories > Clothing,Clothing & Accessories > Clothing,Female,adult,,1599.0 INR
A6-00K-55-XS,Pastel Green Handloom Kurta-DarkSeaGreen,Pastel Green Handloom Kurta-DarkSeaGreen,out of stock,new,https://www.prathiksham.in/store/item/Pastel+Green+Handloom+Kurta?id=976,https://www.prathiksham.in/aalam/stock/item/976/image/_/face-img,Prathiksham,DarkSeaGreen,Handloom Cotton,Handloom,XS,Apparel & Accessories > Clothing,Clothing & Accessories > Clothing,Female,adult,,1459.0 INR
A6-00K-55-S,Pastel Green Handloom Kurta-DarkSeaGreen,Pastel Green Handloom Kurta-DarkSeaGreen,in stock,new,https://www.prathiksham.in/store/item/Pastel+Green+Handloom+Kurta?id=977,https://www.prathiksham.in/aalam/stock/item/977/image/_/face-img,Prathiksham,DarkSeaGreen,Handloom Cotton,Handloom,S,Apparel & Accessories > Clothing,Clothing & Accessories > Clothing,Female,adult,,1459.0 INR
A6-00K-55-M,Pastel Green Handloom Kurta-DarkSeaGreen,Pastel Green Handloom Kurta-DarkSeaGreen,out of stock,new,https://www.prathiksham.in/store/item/Pastel+Green+Handloom+Kurta?id=978,https://www.prathiksham.in/aalam/stock/item/978/image/_/face-img,Prathiksham,DarkSeaGreen,Handloom Cotton,Handloom,M,Apparel & Accessories > Clothing,Clothing & Accessories > Clothing,Female,adult,,1459.0 INR
A6-00K-55-L,Pastel Green Handloom Kurta-DarkSeaGreen,Pastel Green Handloom Kurta-DarkSeaGreen,out of stock,new,https://www.prathiksham.in/store/item/Pastel+Green+Handloom+Kurta?id=979,https://www.prathiksham.in/aalam/stock/item/979/image/_/face-img,Prathiksham,DarkSeaGreen,Handloom Cotton,Handloom,L,Apparel & Accessories > Clothing,Clothing & Accessories > Clothing,Female,adult,,1459.0 INR
A6-00K-55-XL,Pastel Green Handloom Kurta-DarkSeaGreen,Pastel Green Handloom Kurta-DarkSeaGreen,out of stock,new,https://www.prathiksham.in/store/item/Pastel+Green+Handloom+Kurta?id=980,https://www.prathiksham.in/aalam/stock/item/980/image/_/face-img,Prathiksham,DarkSeaGreen,Handloom Cotton,Handloom,XL,Apparel & Accessories > Clothing,Clothing & Accessories > Clothing,Female,adult,,1459.0 INR
A6-00K-55-XXL,Pastel Green Handloom Kurta-DarkSeaGreen,Pastel Green Handloom Kurta-DarkSeaGreen,in stock,new,https://www.prathiksham.in/store/item/Pastel+Green+Handloom+Kurta?id=981,https://www.prathiksham.in/aalam/stock/item/981/image/_/face-img,Prathiksham,DarkSeaGreen,Handloom Cotton,Handloom,XXL,Apparel & Accessories > Clothing,Clothing & Accessories > Clothing,Female,adult,,1459.0 INR
A6-00K-53-XS,Dusty Pink Handloom Check A-Line Kurta-Lavender,Dusty Pink Handloom Check A-Line Kurta-Lavender,out of stock,new,https://www.prathiksham.in/store/item/Dusty+Pink+Handloom+Check+A-Line+Kurta?id=982,https://www.prathiksham.in/aalam/stock/item/982/image/_/face-img,Prathiksham,Lavender,Handloom Cotton,Handloom,XS,Apparel & Accessories > Clothing,Clothing & Accessories > Clothing,Female,adult,,1360.0 INR
A6-00K-53-S,Dusty Pink Handloom Check A-Line Kurta-Lavender,Dusty Pink Handloom Check A-Line Kurta-Lavender,out of stock,new,https://www.prathiksham.in/store/item/Dusty+Pink+Handloom+Check+A-Line+Kurta?id=983,https://www.prathiksham.in/aalam/stock/item/983/image/_/face-img,Prathiksham,Lavender,Handloom Cotton,Handloom,S,Apparel & Accessories > Clothing,Clothing & Accessories > Clothing,Female,adult,,1360.0 INR
A6-00K-53-M,Dusty Pink Handloom Check A-Line Kurta-Lavender,Dusty Pink Handloom Check A-Line Kurta-Lavender,out of stock,new,https://www.prathiksham.in/store/item/Dusty+Pink+Handloom+Check+A-Line+Kurta?id=984,https://www.prathiksham.in/aalam/stock/item/984/image/_/face-img,Prathiksham,Lavender,Handloom Cotton,Handloom,M,Apparel & Accessories > Clothing,Clothing & Accessories > Clothing,Female,adult,,1360.0 INR
A6-00K-53-L,Dusty Pink Handloom Check A-Line Kurta-Lavender,Dusty Pink Handloom Check A-Line Kurta-Lavender,out of stock,new,https://www.prathiksham.in/store/item/Dusty+Pink+Handloom+Check+A-Line+Kurta?id=985,https://www.prathiksham.in/aalam/stock/item/985/image/_/face-img,Prathiksham,Lavender,Handloom Cotton,Handloom,L,Apparel & Accessories > Clothing,Clothing & Accessories > Clothing,Female,adult,,1360.0 INR
A6-00K-53-XL,Dusty Pink Handloom Check A-Line Kurta-Lavender,Dusty Pink Handloom Check A-Line Kurta-Lavender,out of stock,new,https://www.prathiksham.in/store/item/Dusty+Pink+Handloom+Check+A-Line+Kurta?id=986,https://www.prathiksham.in/aalam/stock/item/986/image/_/face-img,Prathiksham,Lavender,Handloom Cotton,Handloom,XL,Apparel & Accessories > Clothing,Clothing & Accessories > Clothing,Female,adult,,1360.0 INR
A6-00K-53-XXL,Dusty Pink Handloom Check A-Line Kurta-Lavender,Dusty Pink Handloom Check A-Line Kurta-Lavender,out of stock,new,https://www.prathiksham.in/store/item/Dusty+Pink+Handloom+Check+A-Line+Kurta?id=987,https://www.prathiksham.in/aalam/stock/item/987/image/_/face-img,Prathiksham,Lavender,Handloom Cotton,Handloom,XXL,Apparel & Accessories > Clothing,Clothing & Accessories > Clothing,Female,adult,,1360.0 INR
A6-00K-52-XS,Honeycomb Handloom A-Line Kurta-LemonChiffon,Honeycomb Handloom A-Line Kurta-LemonChiffon,in stock,new,https://www.prathiksham.in/store/item/Honeycomb+Handloom+A-Line+Kurta?id=988,https://www.prathiksham.in/aalam/stock/item/988/image/_/face-img,Prathiksham,LemonChiffon,Handloom Cotton,Handloom,XS,Apparel & Accessories > Clothing,Clothing & Accessories > Clothing,Female,adult,,1549.0 INR
A6-00K-52-S,Honeycomb Handloom A-Line Kurta-LemonChiffon,Honeycomb Handloom A-Line Kurta-LemonChiffon,in stock,new,https://www.prathiksham.in/store/item/Honeycomb+Handloom+A-Line+Kurta?id=989,https://www.prathiksham.in/aalam/stock/item/989/image/_/face-img,Prathiksham,LemonChiffon,Handloom Cotton,Handloom,S,Apparel & Accessories > Clothing,Clothing & Accessories > Clothing,Female,adult,,1549.0 INR
A6-00K-52-M,Honeycomb Handloom A-Line Kurta-LemonChiffon,Honeycomb Handloom A-Line Kurta-LemonChiffon,out of stock,new,https://www.prathiksham.in/store/item/Honeycomb+Handloom+A-Line+Kurta?id=990,https://www.prathiksham.in/aalam/stock/item/990/image/_/face-img,Prathiksham,LemonChiffon,Handloom Cotton,Handloom,M,Apparel & Accessories > Clothing,Clothing & Accessories > Clothing,Female,adult,,1549.0 INR
A6-00K-52-L,Honeycomb Handloom A-Line Kurta-LemonChiffon,Honeycomb Handloom A-Line Kurta-LemonChiffon,out of stock,new,https://www.prathiksham.in/store/item/Honeycomb+Handloom+A-Line+Kurta?id=991,https://www.prathiksham.in/aalam/stock/item/991/image/_/face-img,Prathiksham,LemonChiffon,Handloom Cotton,Handloom,L,Apparel & Accessories > Clothing,Clothing & Accessories > Clothing,Female,adult,,1549.0 INR
A6-00K-52-XL,Honeycomb Handloom A-Line Kurta-LemonChiffon,Honeycomb Handloom A-Line Kurta-LemonChiffon,out of stock,new,https://www.prathiksham.in/store/item/Honeycomb+Handloom+A-Line+Kurta?id=992,https://www.prathiksham.in/aalam/stock/item/992/image/_/face-img,Prathiksham,LemonChiffon,Handloom Cotton,Handloom,XL,Apparel & Accessories > Clothing,Clothing & Accessories > Clothing,Female,adult,,1549.0 INR
A6-00K-52-XXL,Honeycomb Handloom A-Line Kurta-LemonChiffon,Honeycomb Handloom A-Line Kurta-LemonChiffon,out of stock,new,https://www.prathiksham.in/store/item/Honeycomb+Handloom+A-Line+Kurta?id=993,https://www.prathiksham.in/aalam/stock/item/993/image/_/face-img,Prathiksham,LemonChiffon,Handloom Cotton,Handloom,XXL,Apparel & Accessories > Clothing,Clothing & Accessories > Clothing,Female,adult,,1549.0 INR
A6-00K-51-XS,Skyline Handloom Kurta-PaleTurquoise,Skyline Handloom Kurta-PaleTurquoise,out of stock,new,https://www.prathiksham.in/store/item/Skyline+Handloom+Kurta?id=994,https://www.prathiksham.in/aalam/stock/item/994/image/_/face-img,Prathiksham,PaleTurquoise,Handloom Cotton,Handloom,XS,Apparel & Accessories > Clothing,Clothing & Accessories > Clothing,Female,adult,,1549.0 INR
A6-00K-51-S,Skyline Handloom Kurta-PaleTurquoise,Skyline Handloom Kurta-PaleTurquoise,out of stock,new,https://www.prathiksham.in/store/item/Skyline+Handloom+Kurta?id=995,https://www.prathiksham.in/aalam/stock/item/995/image/_/face-img,Prathiksham,PaleTurquoise,Handloom Cotton,Handloom,S,Apparel & Accessories > Clothing,Clothing & Accessories > Clothing,Female,adult,,1549.0 INR
A6-00K-51-M,Skyline Handloom Kurta-PaleTurquoise,Skyline Handloom Kurta-PaleTurquoise,out of stock,new,https://www.prathiksham.in/store/item/Skyline+Handloom+Kurta?id=996,https://www.prathiksham.in/aalam/stock/item/996/image/_/face-img,Prathiksham,PaleTurquoise,Handloom Cotton,Handloom,M,Apparel & Accessories > Clothing,Clothing & Accessories > Clothing,Female,adult,,1549.0 INR
A6-00K-51-L,Skyline Handloom Kurta-PaleTurquoise,Skyline Handloom Kurta-PaleTurquoise,out of stock,new,https://www.prathiksham.in/store/item/Skyline+Handloom+Kurta?id=997,https://www.prathiksham.in/aalam/stock/item/997/image/_/face-img,Prathiksham,PaleTurquoise,Handloom Cotton,Handloom,L,Apparel & Accessories > Clothing,Clothing & Accessories > Clothing,Female,adult,,1549.0 INR
A6-00K-51-XL,Skyline Handloom Kurta-PaleTurquoise,Skyline Handloom Kurta-PaleTurquoise,in stock,new,https://www.prathiksham.in/store/item/Skyline+Handloom+Kurta?id=998,https://www.prathiksham.in/aalam/stock/item/998/image/_/face-img,Prathiksham,PaleTurquoise,Handloom Cotton,Handloom,XL,Apparel & Accessories > Clothing,Clothing & Accessories > Clothing,Female,adult,,1549.0 INR
A6-00K-51-XXL,Skyline Handloom Kurta-PaleTurquoise,Skyline Handloom Kurta-PaleTurquoise,in stock,new,https://www.prathiksham.in/store/item/Skyline+Handloom+Kurta?id=999,https://www.prathiksham.in/aalam/stock/item/999/image/_/face-img,Prathiksham,PaleTurquoise,Handloom Cotton,Handloom,XXL,Apparel & Accessories > Clothing,Clothing & Accessories > Clothing,Female,adult,,1549.0 INR
A6-00K-60-XS,Ivory Handloom A-Line Dress-Azure,Ivory Handloom A-Line Dress-Azure,out of stock,new,https://www.prathiksham.in/store/item/Ivory+Handloom+A-Line+Dress?id=1000,https://www.prathiksham.in/aalam/stock/item/1000/image/_/face-img,Prathiksham,Azure,Handloom Cotton,Handloom,XS,Apparel & Accessories > Clothing,Clothing & Accessories > Clothing,Female,adult,,1359.0 INR
A6-00K-60-S,Ivory Handloom A-Line Dress-Azure,Ivory Handloom A-Line Dress-Azure,out of stock,new,https://www.prathiksham.in/store/item/Ivory+Handloom+A-Line+Dress?id=1001,https://www.prathiksham.in/aalam/stock/item/1001/image/_/face-img,Prathiksham,Azure,Handloom Cotton,Handloom,S,Apparel & Accessories > Clothing,Clothing & Accessories > Clothing,Female,adult,,1359.0 INR
A6-00K-60-M,Ivory Handloom A-Line Dress-Azure,Ivory Handloom A-Line Dress-Azure,out of stock,new,https://www.prathiksham.in/store/item/Ivory+Handloom+A-Line+Dress?id=1002,https://www.prathiksham.in/aalam/stock/item/1002/image/_/face-img,Prathiksham,Azure,Handloom Cotton,Handloom,M,Apparel & Accessories > Clothing,Clothing & Accessories > Clothing,Female,adult,,1359.0 INR
A6-00K-60-L,Ivory Handloom A-Line Dress-Azure,Ivory Handloom A-Line Dress-Azure,out of stock,new,https://www.prathiksham.in/store/item/Ivory+Handloom+A-Line+Dress?id=1003,https://www.prathiksham.in/aalam/stock/item/1003/image/_/face-img,Prathiksham,Azure,Handloom Cotton,Handloom,L,Apparel & Accessories > Clothing,Clothing & Accessories > Clothing,Female,adult,,1359.0 INR
A6-00K-60-XL,Ivory Handloom A-Line Dress-Azure,Ivory Handloom A-Line Dress-Azure,out of stock,new,https://www.prathiksham.in/store/item/Ivory+Handloom+A-Line+Dress?id=1004,https://www.prathiksham.in/aalam/stock/item/1004/image/_/face-img,Prathiksham,Azure,Handloom Cotton,Handloom,XL,Apparel & Accessories > Clothing,Clothing & Accessories > Clothing,Female,adult,,1359.0 INR
A6-00K-60-XXL,Ivory Handloom A-Line Dress-Azure,Ivory Handloom A-Line Dress-Azure,out of stock,new,https://www.prathiksham.in/store/item/Ivory+Handloom+A-Line+Dress?id=1005,https://www.prathiksham.in/aalam/stock/item/1005/image/_/face-img,Prathiksham,Azure,Handloom Cotton,Handloom,XXL,Apparel & Accessories > Clothing,Clothing & Accessories > Clothing,Female,adult,,1359.0 INR
A6-00K-50-XS,"Orange & White Tie-Dye A-Line Kurta-Orange,White","Orange & White Tie-Dye A-Line Kurta-Orange,White",out of stock,new,https://www.prathiksham.in/store/item/Orange+%26+White+Tie-Dye+A-Line+Kurta?id=1006,https://www.prathiksham.in/aalam/stock/item/1006/image/_/face-img,Prathiksham,"Orange,White",Handloom Cotton,Tie-Dye,XS,Apparel & Accessories > Clothing,Clothing & Accessories > Clothing,Female,adult,,1399.0 INR
A6-00K-50-S,"Orange & White Tie-Dye A-Line Kurta-White,Orange","Orange & White Tie-Dye A-Line Kurta-White,Orange",in stock,new,https://www.prathiksham.in/store/item/Orange+%26+White+Tie-Dye+A-Line+Kurta?id=1007,https://www.prathiksham.in/aalam/stock/item/1007/image/_/face-img,Prathiksham,"White,Orange",Handloom Cotton,Tie-Dye,S,Apparel & Accessories > Clothing,Clothing & Accessories > Clothing,Female,adult,,1399.0 INR
A6-00K-50-M,"Orange & White Tie-Dye A-Line Kurta-Orange,White","Orange & White Tie-Dye A-Line Kurta-Orange,White",out of stock,new,https://www.prathiksham.in/store/item/Orange+%26+White+Tie-Dye+A-Line+Kurta?id=1008,https://www.prathiksham.in/aalam/stock/item/1008/image/_/face-img,Prathiksham,"Orange,White",Handloom Cotton,Tie-Dye,M,Apparel & Accessories > Clothing,Clothing & Accessories > Clothing,Female,adult,,1399.0 INR
A6-00K-50-L,"Orange & White Tie-Dye A-Line Kurta-Orange,White","Orange & White Tie-Dye A-Line Kurta-Orange,White",out of stock,new,https://www.prathiksham.in/store/item/Orange+%26+White+Tie-Dye+A-Line+Kurta?id=1009,https://www.prathiksham.in/aalam/stock/item/1009/image/_/face-img,Prathiksham,"Orange,White",Handloom Cotton,Tie-Dye,L,Apparel & Accessories > Clothing,Clothing & Accessories > Clothing,Female,adult,,1399.0 INR
A6-00K-50-XL,"Orange & White Tie-Dye A-Line Kurta-White,Orange","Orange & White Tie-Dye A-Line Kurta-White,Orange",out of stock,new,https://www.prathiksham.in/store/item/Orange+%26+White+Tie-Dye+A-Line+Kurta?id=1010,https://www.prathiksham.in/aalam/stock/item/1010/image/_/face-img,Prathiksham,"White,Orange",Handloom Cotton,Tie-Dye,XL,Apparel & Accessories > Clothing,Clothing & Accessories > Clothing,Female,adult,,1399.0 INR
A6-00K-50-XXL,"Orange & White Tie-Dye A-Line Kurta-Orange,White","Orange & White Tie-Dye A-Line Kurta-Orange,White",out of stock,new,https://www.prathiksham.in/store/item/Orange+%26+White+Tie-Dye+A-Line+Kurta?id=1011,https://www.prathiksham.in/aalam/stock/item/1011/image/_/face-img,Prathiksham,"Orange,White",Handloom Cotton,Tie-Dye,XXL,Apparel & Accessories > Clothing,Clothing & Accessories > Clothing,Female,adult,,1399.0 INR
A6-00K-73-XS,Pastel Weave Handloom Kurta-DarkSeaGreen,Pastel Weave Handloom Kurta-DarkSeaGreen,in stock,new,https://www.prathiksham.in/store/item/Pastel+Weave+Handloom+Kurta?id=1012,https://www.prathiksham.in/aalam/stock/item/1012/image/_/face-img,Prathiksham,DarkSeaGreen,Handloom Cotton,Handloom,XS,Apparel & Accessories > Clothing,Clothing & Accessories > Clothing,Female,adult,,1960.0 INR
A6-00K-73-S,Pastel Weave Handloom Kurta-DarkSeaGreen,Pastel Weave Handloom Kurta-DarkSeaGreen,in stock,new,https://www.prathiksham.in/store/item/Pastel+Weave+Handloom+Kurta?id=1013,https://www.prathiksham.in/aalam/stock/item/1013/image/_/face-img,Prathiksham,DarkSeaGreen,Handloom Cotton,Handloom,S,Apparel & Accessories > Clothing,Clothing & Accessories > Clothing,Female,adult,,1960.0 INR
A6-00K-73-M,Pastel Weave Handloom Kurta-DarkSeaGreen,Pastel Weave Handloom Kurta-DarkSeaGreen,in stock,new,https://www.prathiksham.in/store/item/Pastel+Weave+Handloom+Kurta?id=1014,https://www.prathiksham.in/aalam/stock/item/1014/image/_/face-img,Prathiksham,DarkSeaGreen,Handloom Cotton,Handloom,M,Apparel & Accessories > Clothing,Clothing & Accessories > Clothing,Female,adult,,1960.0 INR
A6-00K-73-L,Pastel Weave Handloom Kurta-DarkSeaGreen,Pastel Weave Handloom Kurta-DarkSeaGreen,in stock,new,https://www.prathiksham.in/store/item/Pastel+Weave+Handloom+Kurta?id=1015,https://www.prathiksham.in/aalam/stock/item/1015/image/_/face-img,Prathiksham,DarkSeaGreen,Handloom Cotton,Handloom,L,Apparel & Accessories > Clothing,Clothing & Accessories > Clothing,Female,adult,,1960.0 INR
A6-00K-73-XL,Pastel Weave Handloom Kurta-DarkSeaGreen,Pastel Weave Handloom Kurta-DarkSeaGreen,in stock,new,https://www.prathiksham.in/store/item/Pastel+Weave+Handloom+Kurta?id=1016,https://www.prathiksham.in/aalam/stock/item/1016/image/_/face-img,Prathiksham,DarkSeaGreen,Handloom Cotton,Handloom,XL,Apparel & Accessories > Clothing,Clothing & Accessories > Clothing,Female,adult,,1960.0 INR
A6-00K-73-XXL,Pastel Weave Handloom Kurta-DarkSeaGreen,Pastel Weave Handloom Kurta-DarkSeaGreen,in stock,new,https://www.prathiksham.in/store/item/Pastel+Weave+Handloom+Kurta?id=1017,https://www.prathiksham.in/aalam/stock/item/1017/image/_/face-img,Prathiksham,DarkSeaGreen,Handloom Cotton,Handloom,XXL,Apparel & Accessories > Clothing,Clothing & Accessories > Clothing,Female,adult,,1960.0 INR
A6-00K-74-XS,Morning Sky Handloom A-Line Kurta-CornflowerBlue,Morning Sky Handloom A-Line Kurta-CornflowerBlue,out of stock,new,https://www.prathiksham.in/store/item/Morning+Sky+Handloom+A-Line+Kurta?id=1018,https://www.prathiksham.in/aalam/stock/item/1018/image/_/face-img,Prathiksham,CornflowerBlue,Handloom Cotton,Handloom,XS,Apparel & Accessories > Clothing,Clothing & Accessories > Clothing,Female,adult,,1980.0 INR
A6-00K-74-S,Morning Sky Handloom A-Line Kurta-CornflowerBlue,Morning Sky Handloom A-Line Kurta-CornflowerBlue,out of stock,new,https://www.prathiksham.in/store/item/Morning+Sky+Handloom+A-Line+Kurta?id=1019,https://www.prathiksham.in/aalam/stock/item/1019/image/_/face-img,Prathiksham,CornflowerBlue,Handloom Cotton,Handloom,S,Apparel & Accessories > Clothing,Clothing & Accessories > Clothing,Female,adult,,1980.0 INR
A6-00K-74-M,Morning Sky Handloom A-Line Kurta-CornflowerBlue,Morning Sky Handloom A-Line Kurta-CornflowerBlue,out of stock,new,https://www.prathiksham.in/store/item/Morning+Sky+Handloom+A-Line+Kurta?id=1020,https://www.prathiksham.in/aalam/stock/item/1020/image/_/face-img,Prathiksham,CornflowerBlue,Handloom Cotton,Handloom,M,Apparel & Accessories > Clothing,Clothing & Accessories > Clothing,Female,adult,,1980.0 INR
A6-00K-74-L,Morning Sky Handloom A-Line Kurta-CornflowerBlue,Morning Sky Handloom A-Line Kurta-CornflowerBlue,out of stock,new,https://www.prathiksham.in/store/item/Morning+Sky+Handloom+A-Line+Kurta?id=1021,https://www.prathiksham.in/aalam/stock/item/1021/image/_/face-img,Prathiksham,CornflowerBlue,Handloom Cotton,Handloom,L,Apparel & Accessories > Clothing,Clothing & Accessories > Clothing,Female,adult,,1980.0 INR
A6-00K-74-XL,Morning Sky Handloom A-Line Kurta-CornflowerBlue,Morning Sky Handloom A-Line Kurta-CornflowerBlue,out of stock,new,https://www.prathiksham.in/store/item/Morning+Sky+Handloom+A-Line+Kurta?id=1022,https://www.prathiksham.in/aalam/stock/item/1022/image/_/face-img,Prathiksham,CornflowerBlue,Handloom Cotton,Handloom,XL,Apparel & Accessories > Clothing,Clothing & Accessories > Clothing,Female,adult,,1980.0 INR
A6-00K-74-XXL,Morning Sky Handloom A-Line Kurta-CornflowerBlue,Morning Sky Handloom A-Line Kurta-CornflowerBlue,out of stock,new,https://www.prathiksham.in/store/item/Morning+Sky+Handloom+A-Line+Kurta?id=1023,https://www.prathiksham.in/aalam/stock/item/1023/image/_/face-img,Prathiksham,CornflowerBlue,Handloom Cotton,Handloom,XXL,Apparel & Accessories > Clothing,Clothing & Accessories > Clothing,Female,adult,,1980.0 INR
A6-00K-75-XS,Sunlit Lavender Handloom A-Line Kurta-MediumSlateBlue,Sunlit Lavender Handloom A-Line Kurta-MediumSlateBlue,out of stock,new,https://www.prathiksham.in/store/item/Sunlit+Lavender+Handloom+A-Line+Kurta?id=1024,https://www.prathiksham.in/aalam/stock/item/1024/image/_/face-img,Prathiksham,MediumSlateBlue,Handloom Cotton,Handloom,XS,Apparel & Accessories > Clothing,Clothing & Accessories > Clothing,Female,adult,,1960.0 INR
A6-00K-75-S,Sunlit Lavender Handloom A-Line Kurta-MediumSlateBlue,Sunlit Lavender Handloom A-Line Kurta-MediumSlateBlue,out of stock,new,https://www.prathiksham.in/store/item/Sunlit+Lavender+Handloom+A-Line+Kurta?id=1025,https://www.prathiksham.in/aalam/stock/item/1025/image/_/face-img,Prathiksham,MediumSlateBlue,Handloom Cotton,Handloom,S,Apparel & Accessories > Clothing,Clothing & Accessories > Clothing,Female,adult,,1960.0 INR
A6-00K-75-M,Sunlit Lavender Handloom A-Line Kurta-MediumSlateBlue,Sunlit Lavender Handloom A-Line Kurta-MediumSlateBlue,out of stock,new,https://www.prathiksham.in/store/item/Sunlit+Lavender+Handloom+A-Line+Kurta?id=1026,https://www.prathiksham.in/aalam/stock/item/1026/image/_/face-img,Prathiksham,MediumSlateBlue,Handloom Cotton,Handloom,M,Apparel & Accessories > Clothing,Clothing & Accessories > Clothing,Female,adult,,1960.0 INR
A6-00K-75-L,Sunlit Lavender Handloom A-Line Kurta-MediumSlateBlue,Sunlit Lavender Handloom A-Line Kurta-MediumSlateBlue,in stock,new,https://www.prathiksham.in/store/item/Sunlit+Lavender+Handloom+A-Line+Kurta?id=1027,https://www.prathiksham.in/aalam/stock/item/1027/image/_/face-img,Prathiksham,MediumSlateBlue,Handloom Cotton,Handloom,L,Apparel & Accessories > Clothing,Clothing & Accessories > Clothing,Female,adult,,1960.0 INR
A6-00K-75-XL,Sunlit Lavender Handloom A-Line Kurta-MediumSlateBlue,Sunlit Lavender Handloom A-Line Kurta-MediumSlateBlue,in stock,new,https://www.prathiksham.in/store/item/Sunlit+Lavender+Handloom+A-Line+Kurta?id=1028,https://www.prathiksham.in/aalam/stock/item/1028/image/_/face-img,Prathiksham,MediumSlateBlue,Handloom Cotton,Handloom,XL,Apparel & Accessories > Clothing,Clothing & Accessories > Clothing,Female,adult,,1960.0 INR
A6-00K-75-XXL,Sunlit Lavender Handloom A-Line Kurta-MediumSlateBlue,Sunlit Lavender Handloom A-Line Kurta-MediumSlateBlue,in stock,new,https://www.prathiksham.in/store/item/Sunlit+Lavender+Handloom+A-Line+Kurta?id=1029,https://www.prathiksham.in/aalam/stock/item/1029/image/_/face-img,Prathiksham,MediumSlateBlue,Handloom Cotton,Handloom,XXL,Apparel & Accessories > Clothing,Clothing & Accessories > Clothing,Female,adult,,1960.0 INR
A6-00K-76-XS,Deep Sky Handloom A-Line Kurta-DodgerBlue,Deep Sky Handloom A-Line Kurta-DodgerBlue,out of stock,new,https://www.prathiksham.in/store/item/Deep+Sky+Handloom+A-Line+Kurta?id=1030,https://www.prathiksham.in/aalam/stock/item/1030/image/_/face-img,Prathiksham,DodgerBlue,Handloom Cotton,Handloom,XS,Apparel & Accessories > Clothing,Clothing & Accessories > Clothing,Female,adult,,1980.0 INR
A6-00K-76-S,Deep Sky Handloom A-Line Kurta-DodgerBlue,Deep Sky Handloom A-Line Kurta-DodgerBlue,out of stock,new,https://www.prathiksham.in/store/item/Deep+Sky+Handloom+A-Line+Kurta?id=1031,https://www.prathiksham.in/aalam/stock/item/1031/image/_/face-img,Prathiksham,DodgerBlue,Handloom Cotton,Handloom,S,Apparel & Accessories > Clothing,Clothing & Accessories > Clothing,Female,adult,,1980.0 INR
A6-00K-76-M,Deep Sky Handloom A-Line Kurta-DodgerBlue,Deep Sky Handloom A-Line Kurta-DodgerBlue,out of stock,new,https://www.prathiksham.in/store/item/Deep+Sky+Handloom+A-Line+Kurta?id=1032,https://www.prathiksham.in/aalam/stock/item/1032/image/_/face-img,Prathiksham,DodgerBlue,Handloom Cotton,Handloom,M,Apparel & Accessories > Clothing,Clothing & Accessories > Clothing,Female,adult,,1980.0 INR
A6-00K-76-L,Deep Sky Handloom A-Line Kurta-DodgerBlue,Deep Sky Handloom A-Line Kurta-DodgerBlue,out of stock,new,https://www.prathiksham.in/store/item/Deep+Sky+Handloom+A-Line+Kurta?id=1033,https://www.prathiksham.in/aalam/stock/item/1033/image/_/face-img,Prathiksham,DodgerBlue,Handloom Cotton,Handloom,L,Apparel & Accessories > Clothing,Clothing & Accessories > Clothing,Female,adult,,1980.0 INR
A6-00K-76-XL,Deep Sky Handloom A-Line Kurta-DodgerBlue,Deep Sky Handloom A-Line Kurta-DodgerBlue,out of stock,new,https://www.prathiksham.in/store/item/Deep+Sky+Handloom+A-Line+Kurta?id=1034,https://www.prathiksham.in/aalam/stock/item/1034/image/_/face-img,Prathiksham,DodgerBlue,Handloom Cotton,Handloom,XL,Apparel & Accessories > Clothing,Clothing & Accessories > Clothing,Female,adult,,1980.0 INR
A6-00K-76-XXL,Deep Sky Handloom A-Line Kurta-DodgerBlue,Deep Sky Handloom A-Line Kurta-DodgerBlue,out of stock,new,https://www.prathiksham.in/store/item/Deep+Sky+Handloom+A-Line+Kurta?id=1035,https://www.prathiksham.in/aalam/stock/item/1035/image/_/face-img,Prathiksham,DodgerBlue,Handloom Cotton,Handloom,XXL,Apparel & Accessories > Clothing,Clothing & Accessories > Clothing,Female,adult,,1980.0 INR
A6-KPD-18-XS,Deep Sky Handloom A-Line Kurta Set-DodgerBlue,Deep Sky Handloom A-Line Kurta Set-DodgerBlue,out of stock,new,https://www.prathiksham.in/store/item/Deep+Sky+Handloom+A-Line+Kurta+Set?id=1036,https://www.prathiksham.in/aalam/stock/item/1036/image/_/face-img,Prathiksham,DodgerBlue,Handloom Cotton,Handloom,XS,Apparel & Accessories > Clothing,Clothing & Accessories > Clothing,Female,adult,,3049.0 INR
A6-KPD-18-S,Deep Sky Handloom A-Line Kurta Set-DodgerBlue,Deep Sky Handloom A-Line Kurta Set-DodgerBlue,out of stock,new,https://www.prathiksham.in/store/item/Deep+Sky+Handloom+A-Line+Kurta+Set?id=1037,https://www.prathiksham.in/aalam/stock/item/1037/image/_/face-img,Prathiksham,DodgerBlue,Handloom Cotton,Handloom,S,Apparel & Accessories > Clothing,Clothing & Accessories > Clothing,Female,adult,,3049.0 INR
A6-KPD-18-M,Deep Sky Handloom A-Line Kurta Set-DodgerBlue,Deep Sky Handloom A-Line Kurta Set-DodgerBlue,out of stock,new,https://www.prathiksham.in/store/item/Deep+Sky+Handloom+A-Line+Kurta+Set?id=1038,https://www.prathiksham.in/aalam/stock/item/1038/image/_/face-img,Prathiksham,DodgerBlue,Handloom Cotton,Handloom,M,Apparel & Accessories > Clothing,Clothing & Accessories > Clothing,Female,adult,,3049.0 INR
A6-KPD-18-L,Deep Sky Handloom A-Line Kurta Set-DodgerBlue,Deep Sky Handloom A-Line Kurta Set-DodgerBlue,out of stock,new,https://www.prathiksham.in/store/item/Deep+Sky+Handloom+A-Line+Kurta+Set?id=1039,https://www.prathiksham.in/aalam/stock/item/1039/image/_/face-img,Prathiksham,DodgerBlue,Handloom Cotton,Handloom,L,Apparel & Accessories > Clothing,Clothing & Accessories > Clothing,Female,adult,,3049.0 INR
A6-KPD-18-XL,Deep Sky Handloom A-Line Kurta Set-DodgerBlue,Deep Sky Handloom A-Line Kurta Set-DodgerBlue,out of stock,new,https://www.prathiksham.in/store/item/Deep+Sky+Handloom+A-Line+Kurta+Set?id=1040,https://www.prathiksham.in/aalam/stock/item/1040/image/_/face-img,Prathiksham,DodgerBlue,Handloom Cotton,Handloom,XL,Apparel & Accessories > Clothing,Clothing & Accessories > Clothing,Female,adult,,3049.0 INR
A6-KPD-18-XXL,Deep Sky Handloom A-Line Kurta Set-DodgerBlue,Deep Sky Handloom A-Line Kurta Set-DodgerBlue,out of stock,new,https://www.prathiksham.in/store/item/Deep+Sky+Handloom+A-Line+Kurta+Set?id=1041,https://www.prathiksham.in/aalam/stock/item/1041/image/_/face-img,Prathiksham,DodgerBlue,Handloom Cotton,Handloom,XXL,Apparel & Accessories > Clothing,Clothing & Accessories > Clothing,Female,adult,,3049.0 INR
A6-00K-77-XS,Lavender Dream Handloom A-Line Kurta-RebeccaPurple,Lavender Dream Handloom A-Line Kurta-RebeccaPurple,out of stock,new,https://www.prathiksham.in/store/item/Lavender+Dream+Handloom+A-Line+Kurta?id=1042,https://www.prathiksham.in/aalam/stock/item/1042/image/_/face-img,Prathiksham,RebeccaPurple,Handloom Cotton,Handloom,XS,Apparel & Accessories > Clothing,Clothing & Accessories > Clothing,Female,adult,,1960.0 INR
A6-00K-77-S,Lavender Dream Handloom A-Line Kurta-RebeccaPurple,Lavender Dream Handloom A-Line Kurta-RebeccaPurple,out of stock,new,https://www.prathiksham.in/store/item/Lavender+Dream+Handloom+A-Line+Kurta?id=1043,https://www.prathiksham.in/aalam/stock/item/1043/image/_/face-img,Prathiksham,RebeccaPurple,Handloom Cotton,Handloom,S,Apparel & Accessories > Clothing,Clothing & Accessories > Clothing,Female,adult,,1960.0 INR
A6-00K-77-M,Lavender Dream Handloom A-Line Kurta-RebeccaPurple,Lavender Dream Handloom A-Line Kurta-RebeccaPurple,out of stock,new,https://www.prathiksham.in/store/item/Lavender+Dream+Handloom+A-Line+Kurta?id=1044,https://www.prathiksham.in/aalam/stock/item/1044/image/_/face-img,Prathiksham,RebeccaPurple,Handloom Cotton,Handloom,M,Apparel & Accessories > Clothing,Clothing & Accessories > Clothing,Female,adult,,1960.0 INR
A6-00K-77-L,Lavender Dream Handloom A-Line Kurta-RebeccaPurple,Lavender Dream Handloom A-Line Kurta-RebeccaPurple,out of stock,new,https://www.prathiksham.in/store/item/Lavender+Dream+Handloom+A-Line+Kurta?id=1045,https://www.prathiksham.in/aalam/stock/item/1045/image/_/face-img,Prathiksham,RebeccaPurple,Handloom Cotton,Handloom,L,Apparel & Accessories > Clothing,Clothing & Accessories > Clothing,Female,adult,,1960.0 INR
A6-00K-77-XL,Lavender Dream Handloom A-Line Kurta-RebeccaPurple,Lavender Dream Handloom A-Line Kurta-RebeccaPurple,out of stock,new,https://www.prathiksham.in/store/item/Lavender+Dream+Handloom+A-Line+Kurta?id=1046,https://www.prathiksham.in/aalam/stock/item/1046/image/_/face-img,Prathiksham,RebeccaPurple,Handloom Cotton,Handloom,XL,Apparel & Accessories > Clothing,Clothing & Accessories > Clothing,Female,adult,,1960.0 INR
A6-00K-77-XXL,Lavender Dream Handloom A-Line Kurta-RebeccaPurple,Lavender Dream Handloom A-Line Kurta-RebeccaPurple,out of stock,new,https://www.prathiksham.in/store/item/Lavender+Dream+Handloom+A-Line+Kurta?id=1047,https://www.prathiksham.in/aalam/stock/item/1047/image/_/face-img,Prathiksham,RebeccaPurple,Handloom Cotton,Handloom,XXL,Apparel & Accessories > Clothing,Clothing & Accessories > Clothing,Female,adult,,1960.0 INR
A6-KPD-16-XS,Lavender Dream Handloom A-Line Kurta Set-RebeccaPurple,Lavender Dream Handloom A-Line Kurta Set-RebeccaPurple,out of stock,new,https://www.prathiksham.in/store/item/Lavender+Dream+Handloom+A-Line+Kurta+Set?id=1048,https://www.prathiksham.in/aalam/stock/item/1048/image/_/face-img,Prathiksham,RebeccaPurple,Handloom Cotton,Handloom,XS,Apparel & Accessories > Clothing,Clothing & Accessories > Clothing,Female,adult,,3049.0 INR
A6-KPD-16-S,Lavender Dream Handloom A-Line Kurta Set-RebeccaPurple,Lavender Dream Handloom A-Line Kurta Set-RebeccaPurple,out of stock,new,https://www.prathiksham.in/store/item/Lavender+Dream+Handloom+A-Line+Kurta+Set?id=1049,https://www.prathiksham.in/aalam/stock/item/1049/image/_/face-img,Prathiksham,RebeccaPurple,Handloom Cotton,Handloom,S,Apparel & Accessories > Clothing,Clothing & Accessories > Clothing,Female,adult,,3049.0 INR
A6-KPD-16-M,Lavender Dream Handloom A-Line Kurta Set-RebeccaPurple,Lavender Dream Handloom A-Line Kurta Set-RebeccaPurple,out of stock,new,https://www.prathiksham.in/store/item/Lavender+Dream+Handloom+A-Line+Kurta+Set?id=1050,https://www.prathiksham.in/aalam/stock/item/1050/image/_/face-img,Prathiksham,RebeccaPurple,Handloom Cotton,Handloom,M,Apparel & Accessories > Clothing,Clothing & Accessories > Clothing,Female,adult,,3049.0 INR
A6-KPD-16-L,Lavender Dream Handloom A-Line Kurta Set-RebeccaPurple,Lavender Dream Handloom A-Line Kurta Set-RebeccaPurple,out of stock,new,https://www.prathiksham.in/store/item/Lavender+Dream+Handloom+A-Line+Kurta+Set?id=1051,https://www.prathiksham.in/aalam/stock/item/1051/image/_/face-img,Prathiksham,RebeccaPurple,Handloom Cotton,Handloom,L,Apparel & Accessories > Clothing,Clothing & Accessories > Clothing,Female,adult,,3049.0 INR
A6-KPD-16-XL,Lavender Dream Handloom A-Line Kurta Set-RebeccaPurple,Lavender Dream Handloom A-Line Kurta Set-RebeccaPurple,out of stock,new,https://www.prathiksham.in/store/item/Lavender+Dream+Handloom+A-Line+Kurta+Set?id=1052,https://www.prathiksham.in/aalam/stock/item/1052/image/_/face-img,Prathiksham,RebeccaPurple,Handloom Cotton,Handloom,XL,Apparel & Accessories > Clothing,Clothing & Accessories > Clothing,Female,adult,,3049.0 INR
A6-KPD-16-XXL,Lavender Dream Handloom A-Line Kurta Set-RebeccaPurple,Lavender Dream Handloom A-Line Kurta Set-RebeccaPurple,out of stock,new,https://www.prathiksham.in/store/item/Lavender+Dream+Handloom+A-Line+Kurta+Set?id=1053,https://www.prathiksham.in/aalam/stock/item/1053/image/_/face-img,Prathiksham,RebeccaPurple,Handloom Cotton,Handloom,XXL,Apparel & Accessories > Clothing,Clothing & Accessories > Clothing,Female,adult,,3049.0 INR
A6-00D-4-1,Deep Sky Kotta Dupatta,Deep Sky Kotta Dupatta,in stock,new,https://www.prathiksham.in/store/item/Deep+Sky+Kotta+Dupatta?id=1054,https://www.prathiksham.in/aalam/stock/item/1054/image/_/face-img,Prathiksham,,,,,Apparel & Accessories > Clothing,Clothing & Accessories > Clothing,Female,adult,,0.00 INR
A6-00D-5-1,Lavender Dream Kotta Dupatta,Lavender Dream Kotta Dupatta,in stock,new,https://www.prathiksham.in/store/item/Lavender+Dream+Kotta+Dupatta?id=1055,https://www.prathiksham.in/aalam/stock/item/1055/image/_/face-img,Prathiksham,,,,,Apparel & Accessories > Clothing,Clothing & Accessories > Clothing,Female,adult,,0.00 INR
A1-00K-018-XS,Grey Budda Handloom Kurta-LightSteelBlue,Grey Budda Handloom Kurta-LightSteelBlue,out of stock,new,https://www.prathiksham.in/store/item/Grey+Budda+Handloom+Kurta?id=1056,https://www.prathiksham.in/aalam/stock/item/1056/image/_/face-img,Prathiksham,LightSteelBlue,Handloom Cotton,Woven Butta,XS,Apparel & Accessories > Clothing,Clothing & Accessories > Clothing,Female,adult,,1269.0 INR
A1-00K-018-S,Grey Budda Handloom Kurta-LightSteelBlue,Grey Budda Handloom Kurta-LightSteelBlue,out of stock,new,https://www.prathiksham.in/store/item/Grey+Budda+Handloom+Kurta?id=1057,https://www.prathiksham.in/aalam/stock/item/1057/image/_/face-img,Prathiksham,LightSteelBlue,Handloom Cotton,Woven Butta,S,Apparel & Accessories > Clothing,Clothing & Accessories > Clothing,Female,adult,,1269.0 INR
A1-00K-018-M,Grey Budda Handloom Kurta-LightSteelBlue,Grey Budda Handloom Kurta-LightSteelBlue,out of stock,new,https://www.prathiksham.in/store/item/Grey+Budda+Handloom+Kurta?id=1058,https://www.prathiksham.in/aalam/stock/item/1058/image/_/face-img,Prathiksham,LightSteelBlue,Handloom Cotton,Woven Butta,M,Apparel & Accessories > Clothing,Clothing & Accessories > Clothing,Female,adult,,1269.0 INR
A1-00K-018-L,Grey Budda Handloom Kurta-LightSteelBlue,Grey Budda Handloom Kurta-LightSteelBlue,out of stock,new,https://www.prathiksham.in/store/item/Grey+Budda+Handloom+Kurta?id=1059,https://www.prathiksham.in/aalam/stock/item/1059/image/_/face-img,Prathiksham,LightSteelBlue,Handloom Cotton,Woven Butta,L,Apparel & Accessories > Clothing,Clothing & Accessories > Clothing,Female,adult,,1269.0 INR
A1-00K-018-XL,Grey Budda Handloom Kurta-LightSteelBlue,Grey Budda Handloom Kurta-LightSteelBlue,out of stock,new,https://www.prathiksham.in/store/item/Grey+Budda+Handloom+Kurta?id=1060,https://www.prathiksham.in/aalam/stock/item/1060/image/_/face-img,Prathiksham,LightSteelBlue,Handloom Cotton,Woven Butta,XL,Apparel & Accessories > Clothing,Clothing & Accessories > Clothing,Female,adult,,1269.0 INR
A1-00K-018-XXL,Grey Budda Handloom Kurta-LightSteelBlue,Grey Budda Handloom Kurta-LightSteelBlue,out of stock,new,https://www.prathiksham.in/store/item/Grey+Budda+Handloom+Kurta?id=1061,https://www.prathiksham.in/aalam/stock/item/1061/image/_/face-img,Prathiksham,LightSteelBlue,Handloom Cotton,Woven Butta,XXL,Apparel & Accessories > Clothing,Clothing & Accessories > Clothing,Female,adult,,1269.0 INR
A1-0DR-012-XS,Pure Cotton Indigo Dress-MidnightBlue,Pure Cotton Indigo Dress-MidnightBlue,in stock,new,https://www.prathiksham.in/store/item/Pure+Cotton+Indigo+Dress?id=1062,https://www.prathiksham.in/aalam/stock/item/1062/image/_/face-img,Prathiksham,MidnightBlue,Pure Cotton,"Handloom,Floral",XS,Apparel & Accessories > Clothing,Clothing & Accessories > Clothing,Female,adult,,1980.0 INR
A1-0DR-012-S,Pure Cotton Indigo Dress-MidnightBlue,Pure Cotton Indigo Dress-MidnightBlue,in stock,new,https://www.prathiksham.in/store/item/Pure+Cotton+Indigo+Dress?id=1063,https://www.prathiksham.in/aalam/stock/item/1063/image/_/face-img,Prathiksham,MidnightBlue,Pure Cotton,"Floral,Handloom",S,Apparel & Accessories > Clothing,Clothing & Accessories > Clothing,Female,adult,,1980.0 INR
A1-0DR-012-M,Pure Cotton Indigo Dress-MidnightBlue,Pure Cotton Indigo Dress-MidnightBlue,out of stock,new,https://www.prathiksham.in/store/item/Pure+Cotton+Indigo+Dress?id=1064,https://www.prathiksham.in/aalam/stock/item/1064/image/_/face-img,Prathiksham,MidnightBlue,Pure Cotton,"Floral,Handloom",M,Apparel & Accessories > Clothing,Clothing & Accessories > Clothing,Female,adult,,1980.0 INR
A1-0DR-012-L,Pure Cotton Indigo Dress-MidnightBlue,Pure Cotton Indigo Dress-MidnightBlue,out of stock,new,https://www.prathiksham.in/store/item/Pure+Cotton+Indigo+Dress?id=1065,https://www.prathiksham.in/aalam/stock/item/1065/image/_/face-img,Prathiksham,MidnightBlue,Pure Cotton,"Floral,Handloom",L,Apparel & Accessories > Clothing,Clothing & Accessories > Clothing,Female,adult,,1980.0 INR
A1-0DR-012-XL,Pure Cotton Indigo Dress-MidnightBlue,Pure Cotton Indigo Dress-MidnightBlue,out of stock,new,https://www.prathiksham.in/store/item/Pure+Cotton+Indigo+Dress?id=1066,https://www.prathiksham.in/aalam/stock/item/1066/image/_/face-img,Prathiksham,MidnightBlue,Pure Cotton,"Floral,Handloom",XL,Apparel & Accessories > Clothing,Clothing & Accessories > Clothing,Female,adult,,1980.0 INR
A1-0DR-012-XXL,Pure Cotton Indigo Dress-MidnightBlue,Pure Cotton Indigo Dress-MidnightBlue,out of stock,new,https://www.prathiksham.in/store/item/Pure+Cotton+Indigo+Dress?id=1067,https://www.prathiksham.in/aalam/stock/item/1067/image/_/face-img,Prathiksham,MidnightBlue,Pure Cotton,"Handloom,Floral",XXL,Apparel & Accessories > Clothing,Clothing & Accessories > Clothing,Female,adult,,1980.0 INR
A7-00K-61-XS,Black Floral Handblock Kali Kurta-Black,Black Floral Handblock Kali Kurta-Black,out of stock,new,https://www.prathiksham.in/store/item/Black+Floral+Handblock+Kali+Kurta?id=1068,https://www.prathiksham.in/aalam/stock/item/1068/image/_/face-img,Prathiksham,Black,Pure Cotton,Handblock,XS,Apparel & Accessories > Clothing,Clothing & Accessories > Clothing,Female,adult,,1950.0 INR
A7-00K-61-S,Black Floral Handblock Kali Kurta-Black,Black Floral Handblock Kali Kurta-Black,in stock,new,https://www.prathiksham.in/store/item/Black+Floral+Handblock+Kali+Kurta?id=1069,https://www.prathiksham.in/aalam/stock/item/1069/image/_/face-img,Prathiksham,Black,Pure Cotton,Handblock,S,Apparel & Accessories > Clothing,Clothing & Accessories > Clothing,Female,adult,,1950.0 INR
A7-00K-61-M,Black Floral Handblock Kali Kurta-Black,Black Floral Handblock Kali Kurta-Black,out of stock,new,https://www.prathiksham.in/store/item/Black+Floral+Handblock+Kali+Kurta?id=1070,https://www.prathiksham.in/aalam/stock/item/1070/image/_/face-img,Prathiksham,Black,Pure Cotton,Handblock,M,Apparel & Accessories > Clothing,Clothing & Accessories > Clothing,Female,adult,,1950.0 INR
A7-00K-61-L,Black Floral Handblock Kali Kurta-Black,Black Floral Handblock Kali Kurta-Black,out of stock,new,https://www.prathiksham.in/store/item/Black+Floral+Handblock+Kali+Kurta?id=1071,https://www.prathiksham.in/aalam/stock/item/1071/image/_/face-img,Prathiksham,Black,Pure Cotton,Handblock,L,Apparel & Accessories > Clothing,Clothing & Accessories > Clothing,Female,adult,,1950.0 INR
A7-00K-61-XL,Black Floral Handblock Kali Kurta-Black,Black Floral Handblock Kali Kurta-Black,in stock,new,https://www.prathiksham.in/store/item/Black+Floral+Handblock+Kali+Kurta?id=1072,https://www.prathiksham.in/aalam/stock/item/1072/image/_/face-img,Prathiksham,Black,Pure Cotton,Handblock,XL,Apparel & Accessories > Clothing,Clothing & Accessories > Clothing,Female,adult,,1950.0 INR
A7-00K-61-XXL,Black Floral Handblock Kali Kurta-Black,Black Floral Handblock Kali Kurta-Black,out of stock,new,https://www.prathiksham.in/store/item/Black+Floral+Handblock+Kali+Kurta?id=1073,https://www.prathiksham.in/aalam/stock/item/1073/image/_/face-img,Prathiksham,Black,Pure Cotton,Handblock,XXL,Apparel & Accessories > Clothing,Clothing & Accessories > Clothing,Female,adult,,1950.0 INR
A7-00K-62-XS,Terracotta Striped Handblock A-Line Kurta-Bisque,Terracotta Striped Handblock A-Line Kurta-Bisque,in stock,new,https://www.prathiksham.in/store/item/Terracotta+Striped+Handblock+A-Line+Kurta?id=1074,https://www.prathiksham.in/aalam/stock/item/1074/image/_/face-img,Prathiksham,Bisque,Pure Cotton,Handblock,XS,Apparel & Accessories > Clothing,Clothing & Accessories > Clothing,Female,adult,,1950.0 INR
A7-00K-62-S,Terracotta Striped Handblock A-Line Kurta-Bisque,Terracotta Striped Handblock A-Line Kurta-Bisque,in stock,new,https://www.prathiksham.in/store/item/Terracotta+Striped+Handblock+A-Line+Kurta?id=1075,https://www.prathiksham.in/aalam/stock/item/1075/image/_/face-img,Prathiksham,Bisque,Pure Cotton,Handblock,S,Apparel & Accessories > Clothing,Clothing & Accessories > Clothing,Female,adult,,1950.0 INR
A7-00K-62-M,Terracotta Striped Handblock A-Line Kurta-Bisque,Terracotta Striped Handblock A-Line Kurta-Bisque,out of stock,new,https://www.prathiksham.in/store/item/Terracotta+Striped+Handblock+A-Line+Kurta?id=1076,https://www.prathiksham.in/aalam/stock/item/1076/image/_/face-img,Prathiksham,Bisque,Pure Cotton,Handblock,M,Apparel & Accessories > Clothing,Clothing & Accessories > Clothing,Female,adult,,1950.0 INR
A7-00K-62-L,Terracotta Striped Handblock A-Line Kurta-Bisque,Terracotta Striped Handblock A-Line Kurta-Bisque,out of stock,new,https://www.prathiksham.in/store/item/Terracotta+Striped+Handblock+A-Line+Kurta?id=1077,https://www.prathiksham.in/aalam/stock/item/1077/image/_/face-img,Prathiksham,Bisque,Pure Cotton,Handblock,L,Apparel & Accessories > Clothing,Clothing & Accessories > Clothing,Female,adult,,1950.0 INR
A7-00K-62-XL,Terracotta Striped Handblock A-Line Kurta-Bisque,Terracotta Striped Handblock A-Line Kurta-Bisque,in stock,new,https://www.prathiksham.in/store/item/Terracotta+Striped+Handblock+A-Line+Kurta?id=1078,https://www.prathiksham.in/aalam/stock/item/1078/image/_/face-img,Prathiksham,Bisque,Pure Cotton,Handblock,XL,Apparel & Accessories > Clothing,Clothing & Accessories > Clothing,Female,adult,,1950.0 INR
A7-00K-62-XXL,Terracotta Striped Handblock A-Line Kurta-Bisque,Terracotta Striped Handblock A-Line Kurta-Bisque,in stock,new,https://www.prathiksham.in/store/item/Terracotta+Striped+Handblock+A-Line+Kurta?id=1079,https://www.prathiksham.in/aalam/stock/item/1079/image/_/face-img,Prathiksham,Bisque,Pure Cotton,Handblock,XXL,Apparel & Accessories > Clothing,Clothing & Accessories > Clothing,Female,adult,,1950.0 INR
A7-00K-63-XS,Charcoal Stripe Notch Collar Handblock Kurta-BlanchedAlmond,Charcoal Stripe Notch Collar Handblock Kurta-BlanchedAlmond,out of stock,new,https://www.prathiksham.in/store/item/Charcoal+Stripe+Notch+Collar+Handblock+Kurta?id=1080,https://www.prathiksham.in/aalam/stock/item/1080/image/_/face-img,Prathiksham,BlanchedAlmond,Pure Cotton,Handblock,XS,Apparel & Accessories > Clothing,Clothing & Accessories > Clothing,Female,adult,,1670.0 INR
A7-00K-63-S,Charcoal Stripe Notch Collar Handblock Kurta-BlanchedAlmond,Charcoal Stripe Notch Collar Handblock Kurta-BlanchedAlmond,out of stock,new,https://www.prathiksham.in/store/item/Charcoal+Stripe+Notch+Collar+Handblock+Kurta?id=1081,https://www.prathiksham.in/aalam/stock/item/1081/image/_/face-img,Prathiksham,BlanchedAlmond,Pure Cotton,Handblock,S,Apparel & Accessories > Clothing,Clothing & Accessories > Clothing,Female,adult,,1670.0 INR
A7-00K-63-M,Charcoal Stripe Notch Collar Handblock Kurta-BlanchedAlmond,Charcoal Stripe Notch Collar Handblock Kurta-BlanchedAlmond,out of stock,new,https://www.prathiksham.in/store/item/Charcoal+Stripe+Notch+Collar+Handblock+Kurta?id=1082,https://www.prathiksham.in/aalam/stock/item/1082/image/_/face-img,Prathiksham,BlanchedAlmond,Pure Cotton,Handblock,M,Apparel & Accessories > Clothing,Clothing & Accessories > Clothing,Female,adult,,1670.0 INR
A7-00K-63-L,Charcoal Stripe Notch Collar Handblock Kurta-BlanchedAlmond,Charcoal Stripe Notch Collar Handblock Kurta-BlanchedAlmond,out of stock,new,https://www.prathiksham.in/store/item/Charcoal+Stripe+Notch+Collar+Handblock+Kurta?id=1083,https://www.prathiksham.in/aalam/stock/item/1083/image/_/face-img,Prathiksham,BlanchedAlmond,Pure Cotton,Handblock,L,Apparel & Accessories > Clothing,Clothing & Accessories > Clothing,Female,adult,,1670.0 INR
A7-00K-63-XL,Charcoal Stripe Notch Collar Handblock Kurta-BlanchedAlmond,Charcoal Stripe Notch Collar Handblock Kurta-BlanchedAlmond,out of stock,new,https://www.prathiksham.in/store/item/Charcoal+Stripe+Notch+Collar+Handblock+Kurta?id=1084,https://www.prathiksham.in/aalam/stock/item/1084/image/_/face-img,Prathiksham,BlanchedAlmond,Pure Cotton,Handblock,XL,Apparel & Accessories > Clothing,Clothing & Accessories > Clothing,Female,adult,,1670.0 INR
A7-00K-63-XXL,Charcoal Stripe Notch Collar Handblock Kurta-BlanchedAlmond,Charcoal Stripe Notch Collar Handblock Kurta-BlanchedAlmond,in stock,new,https://www.prathiksham.in/store/item/Charcoal+Stripe+Notch+Collar+Handblock+Kurta?id=1085,https://www.prathiksham.in/aalam/stock/item/1085/image/_/face-img,Prathiksham,BlanchedAlmond,Pure Cotton,Handblock,XXL,Apparel & Accessories > Clothing,Clothing & Accessories > Clothing,Female,adult,,1670.0 INR
A7-00K-64-XS,Pink Handblock Lace Kali Kurta-LightCoral,Pink Handblock Lace Kali Kurta-LightCoral,in stock,new,https://www.prathiksham.in/store/item/Pink+Handblock+Lace+Kali+Kurta?id=1086,https://www.prathiksham.in/aalam/stock/item/1086/image/_/face-img,Prathiksham,LightCoral,Pure Cotton,Handblock,XS,Apparel & Accessories > Clothing,Clothing & Accessories > Clothing,Female,adult,,1750.0 INR
A7-00K-64-S,Pink Handblock Lace Kali Kurta-LightCoral,Pink Handblock Lace Kali Kurta-LightCoral,in stock,new,https://www.prathiksham.in/store/item/Pink+Handblock+Lace+Kali+Kurta?id=1087,https://www.prathiksham.in/aalam/stock/item/1087/image/_/face-img,Prathiksham,LightCoral,Pure Cotton,Handblock,S,Apparel & Accessories > Clothing,Clothing & Accessories > Clothing,Female,adult,,1750.0 INR
A7-00K-64-M,Pink Handblock Lace Kali Kurta-LightCoral,Pink Handblock Lace Kali Kurta-LightCoral,in stock,new,https://www.prathiksham.in/store/item/Pink+Handblock+Lace+Kali+Kurta?id=1088,https://www.prathiksham.in/aalam/stock/item/1088/image/_/face-img,Prathiksham,LightCoral,Pure Cotton,Handblock,M,Apparel & Accessories > Clothing,Clothing & Accessories > Clothing,Female,adult,,1750.0 INR
A7-00K-64-L,Pink Handblock Lace Kali Kurta-LightCoral,Pink Handblock Lace Kali Kurta-LightCoral,in stock,new,https://www.prathiksham.in/store/item/Pink+Handblock+Lace+Kali+Kurta?id=1089,https://www.prathiksham.in/aalam/stock/item/1089/image/_/face-img,Prathiksham,LightCoral,Pure Cotton,Handblock,L,Apparel & Accessories > Clothing,Clothing & Accessories > Clothing,Female,adult,,1750.0 INR
A7-00K-64-XL,Pink Handblock Lace Kali Kurta-LightCoral,Pink Handblock Lace Kali Kurta-LightCoral,in stock,new,https://www.prathiksham.in/store/item/Pink+Handblock+Lace+Kali+Kurta?id=1090,https://www.prathiksham.in/aalam/stock/item/1090/image/_/face-img,Prathiksham,LightCoral,Pure Cotton,Handblock,XL,Apparel & Accessories > Clothing,Clothing & Accessories > Clothing,Female,adult,,1750.0 INR
A7-00K-64-XXL,Pink Handblock Lace Kali Kurta-LightCoral,Pink Handblock Lace Kali Kurta-LightCoral,in stock,new,https://www.prathiksham.in/store/item/Pink+Handblock+Lace+Kali+Kurta?id=1091,https://www.prathiksham.in/aalam/stock/item/1091/image/_/face-img,Prathiksham,LightCoral,Pure Cotton,Handblock,XXL,Apparel & Accessories > Clothing,Clothing & Accessories > Clothing,Female,adult,,1750.0 INR
A7-00K-65-XS,White & Blue Handblock Print Kali Kurta-White,White & Blue Handblock Print Kali Kurta-White,out of stock,new,https://www.prathiksham.in/store/item/White+%26+Blue+Handblock+Print+Kali+Kurta?id=1092,https://www.prathiksham.in/aalam/stock/item/1092/image/_/face-img,Prathiksham,White,Pure Cotton,Handblock,XS,Apparel & Accessories > Clothing,Clothing & Accessories > Clothing,Female,adult,,2400.0 INR
A7-00K-65-S,White & Blue Handblock Print Kali Kurta-White,White & Blue Handblock Print Kali Kurta-White,out of stock,new,https://www.prathiksham.in/store/item/White+%26+Blue+Handblock+Print+Kali+Kurta?id=1093,https://www.prathiksham.in/aalam/stock/item/1093/image/_/face-img,Prathiksham,White,Pure Cotton,Handblock,S,Apparel & Accessories > Clothing,Clothing & Accessories > Clothing,Female,adult,,2400.0 INR
A7-00K-65-M,White & Blue Handblock Print Kali Kurta-White,White & Blue Handblock Print Kali Kurta-White,out of stock,new,https://www.prathiksham.in/store/item/White+%26+Blue+Handblock+Print+Kali+Kurta?id=1094,https://www.prathiksham.in/aalam/stock/item/1094/image/_/face-img,Prathiksham,White,Pure Cotton,Handblock,M,Apparel & Accessories > Clothing,Clothing & Accessories > Clothing,Female,adult,,2400.0 INR
A7-00K-65-L,White & Blue Handblock Print Kali Kurta-White,White & Blue Handblock Print Kali Kurta-White,out of stock,new,https://www.prathiksham.in/store/item/White+%26+Blue+Handblock+Print+Kali+Kurta?id=1095,https://www.prathiksham.in/aalam/stock/item/1095/image/_/face-img,Prathiksham,White,Pure Cotton,Handblock,L,Apparel & Accessories > Clothing,Clothing & Accessories > Clothing,Female,adult,,2400.0 INR
A7-00K-65-XL,White & Blue Handblock Print Kali Kurta-White,White & Blue Handblock Print Kali Kurta-White,out of stock,new,https://www.prathiksham.in/store/item/White+%26+Blue+Handblock+Print+Kali+Kurta?id=1096,https://www.prathiksham.in/aalam/stock/item/1096/image/_/face-img,Prathiksham,White,Pure Cotton,Handblock,XL,Apparel & Accessories > Clothing,Clothing & Accessories > Clothing,Female,adult,,2400.0 INR
A7-00K-65-XXL,White & Blue Handblock Print Kali Kurta-White,White & Blue Handblock Print Kali Kurta-White,out of stock,new,https://www.prathiksham.in/store/item/White+%26+Blue+Handblock+Print+Kali+Kurta?id=1097,https://www.prathiksham.in/aalam/stock/item/1097/image/_/face-img,Prathiksham,White,Pure Cotton,Handblock,XXL,Apparel & Accessories > Clothing,Clothing & Accessories > Clothing,Female,adult,,2400.0 INR
A7-00K-66-XS,Deep Blue Checkered Handblock Kurta-Navy,Deep Blue Checkered Handblock Kurta-Navy,out of stock,new,https://www.prathiksham.in/store/item/Deep+Blue+Checkered+Handblock+Kurta?id=1098,https://www.prathiksham.in/aalam/stock/item/1098/image/_/face-img,Prathiksham,Navy,Pure Cotton,Handblock,XS,Apparel & Accessories > Clothing,Clothing & Accessories > Clothing,Female,adult,1459.01 INR,1900.0 INR
A7-00K-66-S,Deep Blue Checkered Handblock Kurta-Navy,Deep Blue Checkered Handblock Kurta-Navy,out of stock,new,https://www.prathiksham.in/store/item/Deep+Blue+Checkered+Handblock+Kurta?id=1099,https://www.prathiksham.in/aalam/stock/item/1099/image/_/face-img,Prathiksham,Navy,Pure Cotton,Handblock,S,Apparel & Accessories > Clothing,Clothing & Accessories > Clothing,Female,adult,1459.01 INR,1900.0 INR
A7-00K-66-M,Deep Blue Checkered Handblock Kurta-Navy,Deep Blue Checkered Handblock Kurta-Navy,out of stock,new,https://www.prathiksham.in/store/item/Deep+Blue+Checkered+Handblock+Kurta?id=1100,https://www.prathiksham.in/aalam/stock/item/1100/image/_/face-img,Prathiksham,Navy,Pure Cotton,Handblock,M,Apparel & Accessories > Clothing,Clothing & Accessories > Clothing,Female,adult,1459.01 INR,1900.0 INR
A7-00K-66-L,Deep Blue Checkered Handblock Kurta-Navy,Deep Blue Checkered Handblock Kurta-Navy,out of stock,new,https://www.prathiksham.in/store/item/Deep+Blue+Checkered+Handblock+Kurta?id=1101,https://www.prathiksham.in/aalam/stock/item/1101/image/_/face-img,Prathiksham,Navy,Pure Cotton,Handblock,L,Apparel & Accessories > Clothing,Clothing & Accessories > Clothing,Female,adult,1459.01 INR,1900.0 INR
A7-00K-66-XL,Deep Blue Checkered Handblock Kurta-Navy,Deep Blue Checkered Handblock Kurta-Navy,out of stock,new,https://www.prathiksham.in/store/item/Deep+Blue+Checkered+Handblock+Kurta?id=1102,https://www.prathiksham.in/aalam/stock/item/1102/image/_/face-img,Prathiksham,Navy,Pure Cotton,Handblock,XL,Apparel & Accessories > Clothing,Clothing & Accessories > Clothing,Female,adult,1459.01 INR,1900.0 INR
A7-00K-66-XXL,Deep Blue Checkered Handblock Kurta-Navy,Deep Blue Checkered Handblock Kurta-Navy,out of stock,new,https://www.prathiksham.in/store/item/Deep+Blue+Checkered+Handblock+Kurta?id=1103,https://www.prathiksham.in/aalam/stock/item/1103/image/_/face-img,Prathiksham,Navy,Pure Cotton,Handblock,XXL,Apparel & Accessories > Clothing,Clothing & Accessories > Clothing,Female,adult,1459.01 INR,1900.0 INR
A7-00K-67-XS,Black Handloom Collared Kurta-Black,Black Handloom Collared Kurta-Black,out of stock,new,https://www.prathiksham.in/store/item/Black+Handloom+Collared+Kurta?id=1104,https://www.prathiksham.in/aalam/stock/item/1104/image/_/face-img,Prathiksham,Black,Handloom Cotton,Handloom,XS,Apparel & Accessories > Clothing,Clothing & Accessories > Clothing,Female,adult,,1670.0 INR
A7-00K-67-S,Black Handloom Collared Kurta-Black,Black Handloom Collared Kurta-Black,in stock,new,https://www.prathiksham.in/store/item/Black+Handloom+Collared+Kurta?id=1105,https://www.prathiksham.in/aalam/stock/item/1105/image/_/face-img,Prathiksham,Black,Handloom Cotton,Handloom,S,Apparel & Accessories > Clothing,Clothing & Accessories > Clothing,Female,adult,,1670.0 INR
A7-00K-67-M,Black Handloom Collared Kurta-Black,Black Handloom Collared Kurta-Black,out of stock,new,https://www.prathiksham.in/store/item/Black+Handloom+Collared+Kurta?id=1106,https://www.prathiksham.in/aalam/stock/item/1106/image/_/face-img,Prathiksham,Black,Handloom Cotton,Handloom,M,Apparel & Accessories > Clothing,Clothing & Accessories > Clothing,Female,adult,,1670.0 INR
A7-00K-67-L,Black Handloom Collared Kurta-Black,Black Handloom Collared Kurta-Black,in stock,new,https://www.prathiksham.in/store/item/Black+Handloom+Collared+Kurta?id=1107,https://www.prathiksham.in/aalam/stock/item/1107/image/_/face-img,Prathiksham,Black,Handloom Cotton,Handloom,L,Apparel & Accessories > Clothing,Clothing & Accessories > Clothing,Female,adult,,1670.0 INR
A7-00K-67-XL,Black Handloom Collared Kurta-Black,Black Handloom Collared Kurta-Black,out of stock,new,https://www.prathiksham.in/store/item/Black+Handloom+Collared+Kurta?id=1108,https://www.prathiksham.in/aalam/stock/item/1108/image/_/face-img,Prathiksham,Black,Handloom Cotton,Handloom,XL,Apparel & Accessories > Clothing,Clothing & Accessories > Clothing,Female,adult,,1670.0 INR
A7-00K-67-XXL,Black Handloom Collared Kurta-Black,Black Handloom Collared Kurta-Black,in stock,new,https://www.prathiksham.in/store/item/Black+Handloom+Collared+Kurta?id=1109,https://www.prathiksham.in/aalam/stock/item/1109/image/_/face-img,Prathiksham,Black,Handloom Cotton,Handloom,XXL,Apparel & Accessories > Clothing,Clothing & Accessories > Clothing,Female,adult,,1670.0 INR
A7-00K-68-XS,Sand Dune Handloom Kurta-BurlyWood,Sand Dune Handloom Kurta-BurlyWood,in stock,new,https://www.prathiksham.in/store/item/Sand+Dune+Handloom+Kurta?id=1110,https://www.prathiksham.in/aalam/stock/item/1110/image/_/face-img,Prathiksham,BurlyWood,Handloom Cotton,Handloom,XS,Apparel & Accessories > Clothing,Clothing & Accessories > Clothing,Female,adult,,1700.0 INR
A7-00K-68-S,Sand Dune Handloom Kurta-BurlyWood,Sand Dune Handloom Kurta-BurlyWood,in stock,new,https://www.prathiksham.in/store/item/Sand+Dune+Handloom+Kurta?id=1111,https://www.prathiksham.in/aalam/stock/item/1111/image/_/face-img,Prathiksham,BurlyWood,Handloom Cotton,Handloom,S,Apparel & Accessories > Clothing,Clothing & Accessories > Clothing,Female,adult,,1700.0 INR
A7-00K-68-M,Sand Dune Handloom Kurta-BurlyWood,Sand Dune Handloom Kurta-BurlyWood,out of stock,new,https://www.prathiksham.in/store/item/Sand+Dune+Handloom+Kurta?id=1112,https://www.prathiksham.in/aalam/stock/item/1112/image/_/face-img,Prathiksham,BurlyWood,Handloom Cotton,Handloom,M,Apparel & Accessories > Clothing,Clothing & Accessories > Clothing,Female,adult,,1700.0 INR
A7-00K-68-L,Sand Dune Handloom Kurta-BurlyWood,Sand Dune Handloom Kurta-BurlyWood,in stock,new,https://www.prathiksham.in/store/item/Sand+Dune+Handloom+Kurta?id=1113,https://www.prathiksham.in/aalam/stock/item/1113/image/_/face-img,Prathiksham,BurlyWood,Handloom Cotton,Handloom,L,Apparel & Accessories > Clothing,Clothing & Accessories > Clothing,Female,adult,,1700.0 INR
A7-00K-68-XL,Sand Dune Handloom Kurta-BurlyWood,Sand Dune Handloom Kurta-BurlyWood,out of stock,new,https://www.prathiksham.in/store/item/Sand+Dune+Handloom+Kurta?id=1114,https://www.prathiksham.in/aalam/stock/item/1114/image/_/face-img,Prathiksham,BurlyWood,Handloom Cotton,Handloom,XL,Apparel & Accessories > Clothing,Clothing & Accessories > Clothing,Female,adult,,1700.0 INR
A7-00K-68-XXL,Sand Dune Handloom Kurta-BurlyWood,Sand Dune Handloom Kurta-BurlyWood,out of stock,new,https://www.prathiksham.in/store/item/Sand+Dune+Handloom+Kurta?id=1115,https://www.prathiksham.in/aalam/stock/item/1115/image/_/face-img,Prathiksham,BurlyWood,Handloom Cotton,Handloom,XXL,Apparel & Accessories > Clothing,Clothing & Accessories > Clothing,Female,adult,,1700.0 INR
A7-00K-69-XS,Peach Blossom Handloom Kurta-IndianRed,Peach Blossom Handloom Kurta-IndianRed,in stock,new,https://www.prathiksham.in/store/item/Peach+Blossom+Handloom+Kurta?id=1116,https://www.prathiksham.in/aalam/stock/item/1116/image/_/face-img,Prathiksham,IndianRed,Handloom Cotton,Handloom,XS,Apparel & Accessories > Clothing,Clothing & Accessories > Clothing,Female,adult,,1670.0 INR
A7-00K-69-S,Peach Blossom Handloom Kurta-IndianRed,Peach Blossom Handloom Kurta-IndianRed,in stock,new,https://www.prathiksham.in/store/item/Peach+Blossom+Handloom+Kurta?id=1117,https://www.prathiksham.in/aalam/stock/item/1117/image/_/face-img,Prathiksham,IndianRed,Handloom Cotton,Handloom,S,Apparel & Accessories > Clothing,Clothing & Accessories > Clothing,Female,adult,,1670.0 INR
A7-00K-69-M,Peach Blossom Handloom Kurta-IndianRed,Peach Blossom Handloom Kurta-IndianRed,out of stock,new,https://www.prathiksham.in/store/item/Peach+Blossom+Handloom+Kurta?id=1118,https://www.prathiksham.in/aalam/stock/item/1118/image/_/face-img,Prathiksham,IndianRed,Handloom Cotton,Handloom,M,Apparel & Accessories > Clothing,Clothing & Accessories > Clothing,Female,adult,,1670.0 INR
A7-00K-69-L,Peach Blossom Handloom Kurta-IndianRed,Peach Blossom Handloom Kurta-IndianRed,in stock,new,https://www.prathiksham.in/store/item/Peach+Blossom+Handloom+Kurta?id=1119,https://www.prathiksham.in/aalam/stock/item/1119/image/_/face-img,Prathiksham,IndianRed,Handloom Cotton,Handloom,L,Apparel & Accessories > Clothing,Clothing & Accessories > Clothing,Female,adult,,1670.0 INR
A7-00K-69-XL,Peach Blossom Handloom Kurta-IndianRed,Peach Blossom Handloom Kurta-IndianRed,in stock,new,https://www.prathiksham.in/store/item/Peach+Blossom+Handloom+Kurta?id=1120,https://www.prathiksham.in/aalam/stock/item/1120/image/_/face-img,Prathiksham,IndianRed,Handloom Cotton,Handloom,XL,Apparel & Accessories > Clothing,Clothing & Accessories > Clothing,Female,adult,,1670.0 INR
A7-00K-69-XXL,Peach Blossom Handloom Kurta-IndianRed,Peach Blossom Handloom Kurta-IndianRed,in stock,new,https://www.prathiksham.in/store/item/Peach+Blossom+Handloom+Kurta?id=1121,https://www.prathiksham.in/aalam/stock/item/1121/image/_/face-img,Prathiksham,IndianRed,Handloom Cotton,Handloom,XXL,Apparel & Accessories > Clothing,Clothing & Accessories > Clothing,Female,adult,,1670.0 INR
A7-00K-70-XS,Blueberry Blush Handloom A-Line Kurta-SteelBlue,Blueberry Blush Handloom A-Line Kurta-SteelBlue,out of stock,new,https://www.prathiksham.in/store/item/Blueberry+Blush+Handloom+A-Line+Kurta?id=1122,https://www.prathiksham.in/aalam/stock/item/1122/image/_/face-img,Prathiksham,SteelBlue,Handloom Cotton,Handloom,XS,Apparel & Accessories > Clothing,Clothing & Accessories > Clothing,Female,adult,1598.97 INR,1960.0 INR
A7-00K-70-S,Blueberry Blush Handloom A-Line Kurta-SteelBlue,Blueberry Blush Handloom A-Line Kurta-SteelBlue,out of stock,new,https://www.prathiksham.in/store/item/Blueberry+Blush+Handloom+A-Line+Kurta?id=1123,https://www.prathiksham.in/aalam/stock/item/1123/image/_/face-img,Prathiksham,SteelBlue,Handloom Cotton,Handloom,S,Apparel & Accessories > Clothing,Clothing & Accessories > Clothing,Female,adult,1598.97 INR,1960.0 INR
A7-00K-70-M,Blueberry Blush Handloom A-Line Kurta-SteelBlue,Blueberry Blush Handloom A-Line Kurta-SteelBlue,out of stock,new,https://www.prathiksham.in/store/item/Blueberry+Blush+Handloom+A-Line+Kurta?id=1124,https://www.prathiksham.in/aalam/stock/item/1124/image/_/face-img,Prathiksham,SteelBlue,Handloom Cotton,Handloom,M,Apparel & Accessories > Clothing,Clothing & Accessories > Clothing,Female,adult,1598.97 INR,1960.0 INR
A7-00K-70-L,Blueberry Blush Handloom A-Line Kurta-SteelBlue,Blueberry Blush Handloom A-Line Kurta-SteelBlue,out of stock,new,https://www.prathiksham.in/store/item/Blueberry+Blush+Handloom+A-Line+Kurta?id=1125,https://www.prathiksham.in/aalam/stock/item/1125/image/_/face-img,Prathiksham,SteelBlue,Handloom Cotton,Handloom,L,Apparel & Accessories > Clothing,Clothing & Accessories > Clothing,Female,adult,1598.97 INR,1960.0 INR
A7-00K-70-XL,Blueberry Blush Handloom A-Line Kurta-SteelBlue,Blueberry Blush Handloom A-Line Kurta-SteelBlue,out of stock,new,https://www.prathiksham.in/store/item/Blueberry+Blush+Handloom+A-Line+Kurta?id=1126,https://www.prathiksham.in/aalam/stock/item/1126/image/_/face-img,Prathiksham,SteelBlue,Handloom Cotton,Handloom,XL,Apparel & Accessories > Clothing,Clothing & Accessories > Clothing,Female,adult,1598.97 INR,1960.0 INR
A7-00K-70-XXL,Blueberry Blush Handloom A-Line Kurta-SteelBlue,Blueberry Blush Handloom A-Line Kurta-SteelBlue,out of stock,new,https://www.prathiksham.in/store/item/Blueberry+Blush+Handloom+A-Line+Kurta?id=1127,https://www.prathiksham.in/aalam/stock/item/1127/image/_/face-img,Prathiksham,SteelBlue,Handloom Cotton,Handloom,XXL,Apparel & Accessories > Clothing,Clothing & Accessories > Clothing,Female,adult,1598.97 INR,1960.0 INR
A7-00K-71-XS,Lavender Mist Handloom Kurta-Orchid,Lavender Mist Handloom Kurta-Orchid,in stock,new,https://www.prathiksham.in/store/item/Lavender+Mist+Handloom+Kurta?id=1128,https://www.prathiksham.in/aalam/stock/item/1128/image/_/face-img,Prathiksham,Orchid,Handloom Cotton,Handloom,XS,Apparel & Accessories > Clothing,Clothing & Accessories > Clothing,Female,adult,,1760.0 INR
A7-00K-71-S,Lavender Mist Handloom Kurta-Orchid,Lavender Mist Handloom Kurta-Orchid,in stock,new,https://www.prathiksham.in/store/item/Lavender+Mist+Handloom+Kurta?id=1129,https://www.prathiksham.in/aalam/stock/item/1129/image/_/face-img,Prathiksham,Orchid,Handloom Cotton,Handloom,S,Apparel & Accessories > Clothing,Clothing & Accessories > Clothing,Female,adult,,1760.0 INR
A7-00K-71-M,Lavender Mist Handloom Kurta-Orchid,Lavender Mist Handloom Kurta-Orchid,out of stock,new,https://www.prathiksham.in/store/item/Lavender+Mist+Handloom+Kurta?id=1130,https://www.prathiksham.in/aalam/stock/item/1130/image/_/face-img,Prathiksham,Orchid,Handloom Cotton,Handloom,M,Apparel & Accessories > Clothing,Clothing & Accessories > Clothing,Female,adult,,1760.0 INR
A7-00K-71-L,Lavender Mist Handloom Kurta-Orchid,Lavender Mist Handloom Kurta-Orchid,out of stock,new,https://www.prathiksham.in/store/item/Lavender+Mist+Handloom+Kurta?id=1131,https://www.prathiksham.in/aalam/stock/item/1131/image/_/face-img,Prathiksham,Orchid,Handloom Cotton,Handloom,L,Apparel & Accessories > Clothing,Clothing & Accessories > Clothing,Female,adult,,1760.0 INR
A7-00K-71-XL,Lavender Mist Handloom Kurta-Orchid,Lavender Mist Handloom Kurta-Orchid,in stock,new,https://www.prathiksham.in/store/item/Lavender+Mist+Handloom+Kurta?id=1132,https://www.prathiksham.in/aalam/stock/item/1132/image/_/face-img,Prathiksham,Orchid,Handloom Cotton,Handloom,XL,Apparel & Accessories > Clothing,Clothing & Accessories > Clothing,Female,adult,,1760.0 INR
A7-00K-71-XXL,Lavender Mist Handloom Kurta-Orchid,Lavender Mist Handloom Kurta-Orchid,out of stock,new,https://www.prathiksham.in/store/item/Lavender+Mist+Handloom+Kurta?id=1133,https://www.prathiksham.in/aalam/stock/item/1133/image/_/face-img,Prathiksham,Orchid,Handloom Cotton,Handloom,XXL,Apparel & Accessories > Clothing,Clothing & Accessories > Clothing,Female,adult,,1760.0 INR
A7-00K-72-XS,Seafoam Grace Handloom Kali Kurta-SeaGreen,Seafoam Grace Handloom Kali Kurta-SeaGreen,out of stock,new,https://www.prathiksham.in/store/item/Seafoam+Grace+Handloom+Kali+Kurta?id=1134,https://www.prathiksham.in/aalam/stock/item/1134/image/_/face-img,Prathiksham,SeaGreen,Handloom Cotton,Handloom,XS,Apparel & Accessories > Clothing,Clothing & Accessories > Clothing,Female,adult,,1699.0 INR
A7-00K-72-S,Seafoam Grace Handloom Kali Kurta-SeaGreen,Seafoam Grace Handloom Kali Kurta-SeaGreen,out of stock,new,https://www.prathiksham.in/store/item/Seafoam+Grace+Handloom+Kali+Kurta?id=1135,https://www.prathiksham.in/aalam/stock/item/1135/image/_/face-img,Prathiksham,SeaGreen,Handloom Cotton,Handloom,S,Apparel & Accessories > Clothing,Clothing & Accessories > Clothing,Female,adult,,1699.0 INR
A7-00K-72-M,Seafoam Grace Handloom Kali Kurta-SeaGreen,Seafoam Grace Handloom Kali Kurta-SeaGreen,out of stock,new,https://www.prathiksham.in/store/item/Seafoam+Grace+Handloom+Kali+Kurta?id=1136,https://www.prathiksham.in/aalam/stock/item/1136/image/_/face-img,Prathiksham,SeaGreen,Handloom Cotton,Handloom,M,Apparel & Accessories > Clothing,Clothing & Accessories > Clothing,Female,adult,,1699.0 INR
A7-00K-72-L,Seafoam Grace Handloom Kali Kurta-SeaGreen,Seafoam Grace Handloom Kali Kurta-SeaGreen,out of stock,new,https://www.prathiksham.in/store/item/Seafoam+Grace+Handloom+Kali+Kurta?id=1137,https://www.prathiksham.in/aalam/stock/item/1137/image/_/face-img,Prathiksham,SeaGreen,Handloom Cotton,Handloom,L,Apparel & Accessories > Clothing,Clothing & Accessories > Clothing,Female,adult,,1699.0 INR
A7-00K-72-XL,Seafoam Grace Handloom Kali Kurta-SeaGreen,Seafoam Grace Handloom Kali Kurta-SeaGreen,out of stock,new,https://www.prathiksham.in/store/item/Seafoam+Grace+Handloom+Kali+Kurta?id=1138,https://www.prathiksham.in/aalam/stock/item/1138/image/_/face-img,Prathiksham,SeaGreen,Handloom Cotton,Handloom,XL,Apparel & Accessories > Clothing,Clothing & Accessories > Clothing,Female,adult,,1699.0 INR
A7-00K-72-XXL,Seafoam Grace Handloom Kali Kurta-SeaGreen,Seafoam Grace Handloom Kali Kurta-SeaGreen,out of stock,new,https://www.prathiksham.in/store/item/Seafoam+Grace+Handloom+Kali+Kurta?id=1139,https://www.prathiksham.in/aalam/stock/item/1139/image/_/face-img,Prathiksham,SeaGreen,Handloom Cotton,Handloom,XXL,Apparel & Accessories > Clothing,Clothing & Accessories > Clothing,Female,adult,,1699.0 INR
A7-0KP-20-XS -1,Mughal Motif A-line Handblock Kurta Set -1-SteelBlue,Mughal Motif A-line Handblock Kurta Set -1-SteelBlue,out of stock,new,https://www.prathiksham.in/store/item/Mughal+Motif+A-line+Handblock+Kurta+Set+-1?id=1140,https://www.prathiksham.in/aalam/stock/item/1140/image/_/face-img,Prathiksham,SteelBlue,Pure Cotton,Handblock,XS,Apparel & Accessories > Clothing,Clothing & Accessories > Clothing,Female,adult,,2800.0 INR
A7-0KP-20-S -1,Mughal Motif A-line Handblock Kurta Set -1-SteelBlue,Mughal Motif A-line Handblock Kurta Set -1-SteelBlue,out of stock,new,https://www.prathiksham.in/store/item/Mughal+Motif+A-line+Handblock+Kurta+Set+-1?id=1141,https://www.prathiksham.in/aalam/stock/item/1141/image/_/face-img,Prathiksham,SteelBlue,Pure Cotton,Handblock,S,Apparel & Accessories > Clothing,Clothing & Accessories > Clothing,Female,adult,,2800.0 INR
A7-0KP-20-M -1,Mughal Motif A-line Handblock Kurta Set -1-SteelBlue,Mughal Motif A-line Handblock Kurta Set -1-SteelBlue,out of stock,new,https://www.prathiksham.in/store/item/Mughal+Motif+A-line+Handblock+Kurta+Set+-1?id=1142,https://www.prathiksham.in/aalam/stock/item/1142/image/_/face-img,Prathiksham,SteelBlue,Pure Cotton,Handblock,M,Apparel & Accessories > Clothing,Clothing & Accessories > Clothing,Female,adult,,2800.0 INR
A7-0KP-20-L -1,Mughal Motif A-line Handblock Kurta Set -1-SteelBlue,Mughal Motif A-line Handblock Kurta Set -1-SteelBlue,out of stock,new,https://www.prathiksham.in/store/item/Mughal+Motif+A-line+Handblock+Kurta+Set+-1?id=1143,https://www.prathiksham.in/aalam/stock/item/1143/image/_/face-img,Prathiksham,SteelBlue,Pure Cotton,Handblock,L,Apparel & Accessories > Clothing,Clothing & Accessories > Clothing,Female,adult,,2800.0 INR
A7-0KP-20-XL -1,Mughal Motif A-line Handblock Kurta Set -1-SteelBlue,Mughal Motif A-line Handblock Kurta Set -1-SteelBlue,out of stock,new,https://www.prathiksham.in/store/item/Mughal+Motif+A-line+Handblock+Kurta+Set+-1?id=1144,https://www.prathiksham.in/aalam/stock/item/1144/image/_/face-img,Prathiksham,SteelBlue,Pure Cotton,Handblock,XL,Apparel & Accessories > Clothing,Clothing & Accessories > Clothing,Female,adult,,2800.0 INR
A7-0KP-20-XXL -1,Mughal Motif A-line Handblock Kurta Set -1-SteelBlue,Mughal Motif A-line Handblock Kurta Set -1-SteelBlue,out of stock,new,https://www.prathiksham.in/store/item/Mughal+Motif+A-line+Handblock+Kurta+Set+-1?id=1145,https://www.prathiksham.in/aalam/stock/item/1145/image/_/face-img,Prathiksham,SteelBlue,Pure Cotton,Handblock,XXL,Apparel & Accessories > Clothing,Clothing & Accessories > Clothing,Female,adult,,2800.0 INR
A7-0CD-39-XS,Frosted Blueberry Ikat Co-Ord Set-DodgerBlue,Frosted Blueberry Ikat Co-Ord Set-DodgerBlue,in stock,new,https://www.prathiksham.in/store/item/Frosted+Blueberry+Ikat+Co-Ord+Set?id=1146,https://www.prathiksham.in/aalam/stock/item/1146/image/_/face-img,Prathiksham,DodgerBlue,Cotton,Ikkat,XS,Apparel & Accessories > Clothing,Clothing & Accessories > Clothing,Female,adult,,1600.0 INR
A7-0CD-39-S,Frosted Blueberry Ikat Co-Ord Set-DodgerBlue,Frosted Blueberry Ikat Co-Ord Set-DodgerBlue,in stock,new,https://www.prathiksham.in/store/item/Frosted+Blueberry+Ikat+Co-Ord+Set?id=1147,https://www.prathiksham.in/aalam/stock/item/1147/image/_/face-img,Prathiksham,DodgerBlue,Cotton,Ikkat,S,Apparel & Accessories > Clothing,Clothing & Accessories > Clothing,Female,adult,,1600.0 INR
A7-0CD-39-M,Frosted Blueberry Ikat Co-Ord Set-DodgerBlue,Frosted Blueberry Ikat Co-Ord Set-DodgerBlue,in stock,new,https://www.prathiksham.in/store/item/Frosted+Blueberry+Ikat+Co-Ord+Set?id=1148,https://www.prathiksham.in/aalam/stock/item/1148/image/_/face-img,Prathiksham,DodgerBlue,Cotton,Ikkat,M,Apparel & Accessories > Clothing,Clothing & Accessories > Clothing,Female,adult,,1600.0 INR
A7-0CD-39-L,Frosted Blueberry Ikat Co-Ord Set-DodgerBlue,Frosted Blueberry Ikat Co-Ord Set-DodgerBlue,in stock,new,https://www.prathiksham.in/store/item/Frosted+Blueberry+Ikat+Co-Ord+Set?id=1149,https://www.prathiksham.in/aalam/stock/item/1149/image/_/face-img,Prathiksham,DodgerBlue,Cotton,Ikkat,L,Apparel & Accessories > Clothing,Clothing & Accessories > Clothing,Female,adult,,1600.0 INR
A7-0CD-39-XL,Frosted Blueberry Ikat Co-Ord Set-DodgerBlue,Frosted Blueberry Ikat Co-Ord Set-DodgerBlue,in stock,new,https://www.prathiksham.in/store/item/Frosted+Blueberry+Ikat+Co-Ord+Set?id=1150,https://www.prathiksham.in/aalam/stock/item/1150/image/_/face-img,Prathiksham,DodgerBlue,Cotton,Ikkat,XL,Apparel & Accessories > Clothing,Clothing & Accessories > Clothing,Female,adult,,1600.0 INR
A7-0CD-39-XXL,Frosted Blueberry Ikat Co-Ord Set-DodgerBlue,Frosted Blueberry Ikat Co-Ord Set-DodgerBlue,in stock,new,https://www.prathiksham.in/store/item/Frosted+Blueberry+Ikat+Co-Ord+Set?id=1151,https://www.prathiksham.in/aalam/stock/item/1151/image/_/face-img,Prathiksham,DodgerBlue,Cotton,Ikkat,XXL,Apparel & Accessories > Clothing,Clothing & Accessories > Clothing,Female,adult,,1600.0 INR
A7-0CD-40-XS,Lemon Zest Ikat Co-ord Set-Orange,Lemon Zest Ikat Co-ord Set-Orange,in stock,new,https://www.prathiksham.in/store/item/Lemon+Zest+Ikat+Co-ord+Set?id=1152,https://www.prathiksham.in/aalam/stock/item/1152/image/_/face-img,Prathiksham,Orange,Cotton,Ikkat,XS,Apparel & Accessories > Clothing,Clothing & Accessories > Clothing,Female,adult,,1500.0 INR
A7-0CD-40-S,Lemon Zest Ikat Co-ord Set-Orange,Lemon Zest Ikat Co-ord Set-Orange,in stock,new,https://www.prathiksham.in/store/item/Lemon+Zest+Ikat+Co-ord+Set?id=1153,https://www.prathiksham.in/aalam/stock/item/1153/image/_/face-img,Prathiksham,Orange,Cotton,Ikkat,S,Apparel & Accessories > Clothing,Clothing & Accessories > Clothing,Female,adult,,1500.0 INR
A7-0CD-40-M,Lemon Zest Ikat Co-ord Set-Orange,Lemon Zest Ikat Co-ord Set-Orange,in stock,new,https://www.prathiksham.in/store/item/Lemon+Zest+Ikat+Co-ord+Set?id=1154,https://www.prathiksham.in/aalam/stock/item/1154/image/_/face-img,Prathiksham,Orange,Cotton,Ikkat,M,Apparel & Accessories > Clothing,Clothing & Accessories > Clothing,Female,adult,,1500.0 INR
A7-0CD-40-L,Lemon Zest Ikat Co-ord Set-Orange,Lemon Zest Ikat Co-ord Set-Orange,out of stock,new,https://www.prathiksham.in/store/item/Lemon+Zest+Ikat+Co-ord+Set?id=1155,https://www.prathiksham.in/aalam/stock/item/1155/image/_/face-img,Prathiksham,Orange,Cotton,Ikkat,L,Apparel & Accessories > Clothing,Clothing & Accessories > Clothing,Female,adult,,1500.0 INR
A7-0CD-40-XL,Lemon Zest Ikat Co-ord Set-Orange,Lemon Zest Ikat Co-ord Set-Orange,in stock,new,https://www.prathiksham.in/store/item/Lemon+Zest+Ikat+Co-ord+Set?id=1156,https://www.prathiksham.in/aalam/stock/item/1156/image/_/face-img,Prathiksham,Orange,Cotton,Ikkat,XL,Apparel & Accessories > Clothing,Clothing & Accessories > Clothing,Female,adult,,1500.0 INR
A7-0CD-40-XXL,Lemon Zest Ikat Co-ord Set-Orange,Lemon Zest Ikat Co-ord Set-Orange,out of stock,new,https://www.prathiksham.in/store/item/Lemon+Zest+Ikat+Co-ord+Set?id=1157,https://www.prathiksham.in/aalam/stock/item/1157/image/_/face-img,Prathiksham,Orange,Cotton,Ikkat,XXL,Apparel & Accessories > Clothing,Clothing & Accessories > Clothing,Female,adult,,1500.0 INR
A7-0CD-41-XS,Green Apple Ikat Co-ord Set-Turquoise,Green Apple Ikat Co-ord Set-Turquoise,in stock,new,https://www.prathiksham.in/store/item/Green+Apple+Ikat+Co-ord+Set?id=1158,https://www.prathiksham.in/aalam/stock/item/1158/image/_/face-img,Prathiksham,Turquoise,Cotton,Ikkat,XS,Apparel & Accessories > Clothing,Clothing & Accessories > Clothing,Female,adult,,1650.0 INR
A7-0CD-41-S,Green Apple Ikat Co-ord Set-Turquoise,Green Apple Ikat Co-ord Set-Turquoise,in stock,new,https://www.prathiksham.in/store/item/Green+Apple+Ikat+Co-ord+Set?id=1159,https://www.prathiksham.in/aalam/stock/item/1159/image/_/face-img,Prathiksham,Turquoise,Cotton,Ikkat,S,Apparel & Accessories > Clothing,Clothing & Accessories > Clothing,Female,adult,,1650.0 INR
A7-0CD-41-M,Green Apple Ikat Co-ord Set-Turquoise,Green Apple Ikat Co-ord Set-Turquoise,in stock,new,https://www.prathiksham.in/store/item/Green+Apple+Ikat+Co-ord+Set?id=1160,https://www.prathiksham.in/aalam/stock/item/1160/image/_/face-img,Prathiksham,Turquoise,Cotton,Ikkat,M,Apparel & Accessories > Clothing,Clothing & Accessories > Clothing,Female,adult,,1650.0 INR
A7-0CD-41-L,Green Apple Ikat Co-ord Set-Turquoise,Green Apple Ikat Co-ord Set-Turquoise,in stock,new,https://www.prathiksham.in/store/item/Green+Apple+Ikat+Co-ord+Set?id=1161,https://www.prathiksham.in/aalam/stock/item/1161/image/_/face-img,Prathiksham,Turquoise,Cotton,Ikkat,L,Apparel & Accessories > Clothing,Clothing & Accessories > Clothing,Female,adult,,1650.0 INR
A7-0CD-41-XL,Green Apple Ikat Co-ord Set-Turquoise,Green Apple Ikat Co-ord Set-Turquoise,in stock,new,https://www.prathiksham.in/store/item/Green+Apple+Ikat+Co-ord+Set?id=1162,https://www.prathiksham.in/aalam/stock/item/1162/image/_/face-img,Prathiksham,Turquoise,Cotton,Ikkat,XL,Apparel & Accessories > Clothing,Clothing & Accessories > Clothing,Female,adult,,1650.0 INR
A7-0CD-41-XXL,Green Apple Ikat Co-ord Set-Turquoise,Green Apple Ikat Co-ord Set-Turquoise,in stock,new,https://www.prathiksham.in/store/item/Green+Apple+Ikat+Co-ord+Set?id=1163,https://www.prathiksham.in/aalam/stock/item/1163/image/_/face-img,Prathiksham,Turquoise,Cotton,Ikkat,XXL,Apparel & Accessories > Clothing,Clothing & Accessories > Clothing,Female,adult,,1650.0 INR
A7-0CD-42-XS,Tomato Red Ikat Co-ord set-Tomato,Tomato Red Ikat Co-ord set-Tomato,in stock,new,https://www.prathiksham.in/store/item/Tomato+Red+Ikat+Co-ord+set?id=1164,https://www.prathiksham.in/aalam/stock/item/1164/image/_/face-img,Prathiksham,Tomato,Cotton,Ikkat,XS,Apparel & Accessories > Clothing,Clothing & Accessories > Clothing,Female,adult,,1650.0 INR
A7-0CD-42-S,Tomato Red Ikat Co-ord set-Tomato,Tomato Red Ikat Co-ord set-Tomato,in stock,new,https://www.prathiksham.in/store/item/Tomato+Red+Ikat+Co-ord+set?id=1165,https://www.prathiksham.in/aalam/stock/item/1165/image/_/face-img,Prathiksham,Tomato,Cotton,Ikkat,S,Apparel & Accessories > Clothing,Clothing & Accessories > Clothing,Female,adult,,1650.0 INR
A7-0CD-42-M,Tomato Red Ikat Co-ord set-Tomato,Tomato Red Ikat Co-ord set-Tomato,out of stock,new,https://www.prathiksham.in/store/item/Tomato+Red+Ikat+Co-ord+set?id=1166,https://www.prathiksham.in/aalam/stock/item/1166/image/_/face-img,Prathiksham,Tomato,Cotton,Ikkat,M,Apparel & Accessories > Clothing,Clothing & Accessories > Clothing,Female,adult,,1650.0 INR
A7-0CD-42-L,Tomato Red Ikat Co-ord set-Tomato,Tomato Red Ikat Co-ord set-Tomato,out of stock,new,https://www.prathiksham.in/store/item/Tomato+Red+Ikat+Co-ord+set?id=1167,https://www.prathiksham.in/aalam/stock/item/1167/image/_/face-img,Prathiksham,Tomato,Cotton,Ikkat,L,Apparel & Accessories > Clothing,Clothing & Accessories > Clothing,Female,adult,,1650.0 INR
A7-0CD-42-XL,Tomato Red Ikat Co-ord set-Tomato,Tomato Red Ikat Co-ord set-Tomato,out of stock,new,https://www.prathiksham.in/store/item/Tomato+Red+Ikat+Co-ord+set?id=1168,https://www.prathiksham.in/aalam/stock/item/1168/image/_/face-img,Prathiksham,Tomato,Cotton,Ikkat,XL,Apparel & Accessories > Clothing,Clothing & Accessories > Clothing,Female,adult,,1650.0 INR
A7-0CD-42-XXL,Tomato Red Ikat Co-ord set-Tomato,Tomato Red Ikat Co-ord set-Tomato,in stock,new,https://www.prathiksham.in/store/item/Tomato+Red+Ikat+Co-ord+set?id=1169,https://www.prathiksham.in/aalam/stock/item/1169/image/_/face-img,Prathiksham,Tomato,Cotton,Ikkat,XXL,Apparel & Accessories > Clothing,Clothing & Accessories > Clothing,Female,adult,,1650.0 INR
A8-00K-80-XS,Pomegranate Pop Hand Embroidered Kurta-HotPink,Pomegranate Pop Hand Embroidered Kurta-HotPink,in stock,new,https://www.prathiksham.in/store/item/Pomegranate+Pop+Hand+Embroidered+Kurta?id=1170,https://www.prathiksham.in/aalam/stock/item/1170/image/_/face-img,Prathiksham,HotPink,Cotton,Solid,XS,Apparel & Accessories > Clothing,Clothing & Accessories > Clothing,Female,adult,,2350.0 INR
A8-00K-80-S,Pomegranate Pop Hand Embroidered Kurta-HotPink,Pomegranate Pop Hand Embroidered Kurta-HotPink,out of stock,new,https://www.prathiksham.in/store/item/Pomegranate+Pop+Hand+Embroidered+Kurta?id=1171,https://www.prathiksham.in/aalam/stock/item/1171/image/_/face-img,Prathiksham,HotPink,Cotton,Solid,S,Apparel & Accessories > Clothing,Clothing & Accessories > Clothing,Female,adult,,2350.0 INR
A8-00K-80-M,Pomegranate Pop Hand Embroidered Kurta-HotPink,Pomegranate Pop Hand Embroidered Kurta-HotPink,out of stock,new,https://www.prathiksham.in/store/item/Pomegranate+Pop+Hand+Embroidered+Kurta?id=1172,https://www.prathiksham.in/aalam/stock/item/1172/image/_/face-img,Prathiksham,HotPink,Cotton,Solid,M,Apparel & Accessories > Clothing,Clothing & Accessories > Clothing,Female,adult,,2350.0 INR
A8-00K-80-L,Pomegranate Pop Hand Embroidered Kurta-HotPink,Pomegranate Pop Hand Embroidered Kurta-HotPink,in stock,new,https://www.prathiksham.in/store/item/Pomegranate+Pop+Hand+Embroidered+Kurta?id=1173,https://www.prathiksham.in/aalam/stock/item/1173/image/_/face-img,Prathiksham,HotPink,Cotton,Solid,L,Apparel & Accessories > Clothing,Clothing & Accessories > Clothing,Female,adult,,2350.0 INR
A8-00K-80-XL,Pomegranate Pop Hand Embroidered Kurta-HotPink,Pomegranate Pop Hand Embroidered Kurta-HotPink,in stock,new,https://www.prathiksham.in/store/item/Pomegranate+Pop+Hand+Embroidered+Kurta?id=1174,https://www.prathiksham.in/aalam/stock/item/1174/image/_/face-img,Prathiksham,HotPink,Cotton,Solid,XL,Apparel & Accessories > Clothing,Clothing & Accessories > Clothing,Female,adult,,2350.0 INR
A8-00K-80-XXL,Pomegranate Pop Hand Embroidered Kurta-HotPink,Pomegranate Pop Hand Embroidered Kurta-HotPink,out of stock,new,https://www.prathiksham.in/store/item/Pomegranate+Pop+Hand+Embroidered+Kurta?id=1175,https://www.prathiksham.in/aalam/stock/item/1175/image/_/face-img,Prathiksham,HotPink,Cotton,Solid,XXL,Apparel & Accessories > Clothing,Clothing & Accessories > Clothing,Female,adult,,2350.0 INR
A8-00K-79-XS,Almond Hand Embroidered Kurta-GhostWhite,Almond Hand Embroidered Kurta-GhostWhite,out of stock,new,https://www.prathiksham.in/store/item/Almond+Hand+Embroidered+Kurta?id=1176,https://www.prathiksham.in/aalam/stock/item/1176/image/_/face-img,Prathiksham,GhostWhite,Cotton,Solid,XS,Apparel & Accessories > Clothing,Clothing & Accessories > Clothing,Female,adult,,2350.0 INR
A8-00K-79-S,Almond Hand Embroidered Kurta-GhostWhite,Almond Hand Embroidered Kurta-GhostWhite,out of stock,new,https://www.prathiksham.in/store/item/Almond+Hand+Embroidered+Kurta?id=1177,https://www.prathiksham.in/aalam/stock/item/1177/image/_/face-img,Prathiksham,GhostWhite,Cotton,Solid,S,Apparel & Accessories > Clothing,Clothing & Accessories > Clothing,Female,adult,,2350.0 INR
A8-00K-79-M,Almond Hand Embroidered Kurta-GhostWhite,Almond Hand Embroidered Kurta-GhostWhite,out of stock,new,https://www.prathiksham.in/store/item/Almond+Hand+Embroidered+Kurta?id=1178,https://www.prathiksham.in/aalam/stock/item/1178/image/_/face-img,Prathiksham,GhostWhite,Cotton,Solid,M,Apparel & Accessories > Clothing,Clothing & Accessories > Clothing,Female,adult,,2350.0 INR
A8-00K-79-L,Almond Hand Embroidered Kurta-GhostWhite,Almond Hand Embroidered Kurta-GhostWhite,out of stock,new,https://www.prathiksham.in/store/item/Almond+Hand+Embroidered+Kurta?id=1179,https://www.prathiksham.in/aalam/stock/item/1179/image/_/face-img,Prathiksham,GhostWhite,Cotton,Solid,L,Apparel & Accessories > Clothing,Clothing & Accessories > Clothing,Female,adult,,2350.0 INR
A8-00K-79-XL,Almond Hand Embroidered Kurta-GhostWhite,Almond Hand Embroidered Kurta-GhostWhite,out of stock,new,https://www.prathiksham.in/store/item/Almond+Hand+Embroidered+Kurta?id=1180,https://www.prathiksham.in/aalam/stock/item/1180/image/_/face-img,Prathiksham,GhostWhite,Cotton,Solid,XL,Apparel & Accessories > Clothing,Clothing & Accessories > Clothing,Female,adult,,2350.0 INR
A8-00K-79-XXL,Almond Hand Embroidered Kurta-GhostWhite,Almond Hand Embroidered Kurta-GhostWhite,out of stock,new,https://www.prathiksham.in/store/item/Almond+Hand+Embroidered+Kurta?id=1181,https://www.prathiksham.in/aalam/stock/item/1181/image/_/face-img,Prathiksham,GhostWhite,Cotton,Solid,XXL,Apparel & Accessories > Clothing,Clothing & Accessories > Clothing,Female,adult,,2350.0 INR
A8-00K-78-XS,Purple Yam Handloom Kurta-RebeccaPurple,Purple Yam Handloom Kurta-RebeccaPurple,out of stock,new,https://www.prathiksham.in/store/item/Purple+Yam+Handloom+Kurta?id=1182,https://www.prathiksham.in/aalam/stock/item/1182/image/_/face-img,Prathiksham,RebeccaPurple,Handloom Cotton,Handloom,XS,Apparel & Accessories > Clothing,Clothing & Accessories > Clothing,Female,adult,,1600.0 INR
A8-00K-78-S,Purple Yam Handloom Kurta-RebeccaPurple,Purple Yam Handloom Kurta-RebeccaPurple,out of stock,new,https://www.prathiksham.in/store/item/Purple+Yam+Handloom+Kurta?id=1183,https://www.prathiksham.in/aalam/stock/item/1183/image/_/face-img,Prathiksham,RebeccaPurple,Handloom Cotton,Handloom,S,Apparel & Accessories > Clothing,Clothing & Accessories > Clothing,Female,adult,,1600.0 INR
A8-00K-78-M,Purple Yam Handloom Kurta-RebeccaPurple,Purple Yam Handloom Kurta-RebeccaPurple,out of stock,new,https://www.prathiksham.in/store/item/Purple+Yam+Handloom+Kurta?id=1184,https://www.prathiksham.in/aalam/stock/item/1184/image/_/face-img,Prathiksham,RebeccaPurple,Handloom Cotton,Handloom,M,Apparel & Accessories > Clothing,Clothing & Accessories > Clothing,Female,adult,,1600.0 INR
A8-00K-78-L,Purple Yam Handloom Kurta-RebeccaPurple,Purple Yam Handloom Kurta-RebeccaPurple,out of stock,new,https://www.prathiksham.in/store/item/Purple+Yam+Handloom+Kurta?id=1185,https://www.prathiksham.in/aalam/stock/item/1185/image/_/face-img,Prathiksham,RebeccaPurple,Handloom Cotton,Handloom,L,Apparel & Accessories > Clothing,Clothing & Accessories > Clothing,Female,adult,,1600.0 INR
A8-00K-78-XL,Purple Yam Handloom Kurta-RebeccaPurple,Purple Yam Handloom Kurta-RebeccaPurple,out of stock,new,https://www.prathiksham.in/store/item/Purple+Yam+Handloom+Kurta?id=1186,https://www.prathiksham.in/aalam/stock/item/1186/image/_/face-img,Prathiksham,RebeccaPurple,Handloom Cotton,Handloom,XL,Apparel & Accessories > Clothing,Clothing & Accessories > Clothing,Female,adult,,1600.0 INR
A8-00K-78-XXL,Purple Yam Handloom Kurta-RebeccaPurple,Purple Yam Handloom Kurta-RebeccaPurple,out of stock,new,https://www.prathiksham.in/store/item/Purple+Yam+Handloom+Kurta?id=1187,https://www.prathiksham.in/aalam/stock/item/1187/image/_/face-img,Prathiksham,RebeccaPurple,Handloom Cotton,Handloom,XXL,Apparel & Accessories > Clothing,Clothing & Accessories > Clothing,Female,adult,,1600.0 INR
A8-00K-77-XS,Peach Petal Handloom Kurta-MistyRose,Peach Petal Handloom Kurta-MistyRose,in stock,new,https://www.prathiksham.in/store/item/Peach+Petal+Handloom+Kurta?id=1188,https://www.prathiksham.in/aalam/stock/item/1188/image/_/face-img,Prathiksham,MistyRose,Handloom Cotton,Handloom,XS,Apparel & Accessories > Clothing,Clothing & Accessories > Clothing,Female,adult,,1600.0 INR
A8-00K-77-S,Peach Petal Handloom Kurta-MistyRose,Peach Petal Handloom Kurta-MistyRose,in stock,new,https://www.prathiksham.in/store/item/Peach+Petal+Handloom+Kurta?id=1189,https://www.prathiksham.in/aalam/stock/item/1189/image/_/face-img,Prathiksham,MistyRose,Handloom Cotton,Handloom,S,Apparel & Accessories > Clothing,Clothing & Accessories > Clothing,Female,adult,,1600.0 INR
A8-00K-77-M,Peach Petal Handloom Kurta-MistyRose,Peach Petal Handloom Kurta-MistyRose,in stock,new,https://www.prathiksham.in/store/item/Peach+Petal+Handloom+Kurta?id=1190,https://www.prathiksham.in/aalam/stock/item/1190/image/_/face-img,Prathiksham,MistyRose,Handloom Cotton,Handloom,M,Apparel & Accessories > Clothing,Clothing & Accessories > Clothing,Female,adult,,1600.0 INR
A8-00K-77-L,Peach Petal Handloom Kurta-MistyRose,Peach Petal Handloom Kurta-MistyRose,in stock,new,https://www.prathiksham.in/store/item/Peach+Petal+Handloom+Kurta?id=1191,https://www.prathiksham.in/aalam/stock/item/1191/image/_/face-img,Prathiksham,MistyRose,Handloom Cotton,Handloom,L,Apparel & Accessories > Clothing,Clothing & Accessories > Clothing,Female,adult,,1600.0 INR
A8-00K-77-XL,Peach Petal Handloom Kurta-MistyRose,Peach Petal Handloom Kurta-MistyRose,in stock,new,https://www.prathiksham.in/store/item/Peach+Petal+Handloom+Kurta?id=1192,https://www.prathiksham.in/aalam/stock/item/1192/image/_/face-img,Prathiksham,MistyRose,Handloom Cotton,Handloom,XL,Apparel & Accessories > Clothing,Clothing & Accessories > Clothing,Female,adult,,1600.0 INR
A8-00K-77-XXL,Peach Petal Handloom Kurta-MistyRose,Peach Petal Handloom Kurta-MistyRose,in stock,new,https://www.prathiksham.in/store/item/Peach+Petal+Handloom+Kurta?id=1193,https://www.prathiksham.in/aalam/stock/item/1193/image/_/face-img,Prathiksham,MistyRose,Handloom Cotton,Handloom,XXL,Apparel & Accessories > Clothing,Clothing & Accessories > Clothing,Female,adult,,1600.0 INR
A8-00K-76-XS,Aqua Berry Ikat A-Line Kurta-SkyBlue,Aqua Berry Ikat A-Line Kurta-SkyBlue,out of stock,new,https://www.prathiksham.in/store/item/Aqua+Berry+Ikat+A-Line+Kurta?id=1194,https://www.prathiksham.in/aalam/stock/item/1194/image/_/face-img,Prathiksham,SkyBlue,Pure Cotton,Ikkat,XS,Apparel & Accessories > Clothing,Clothing & Accessories > Clothing,Female,adult,,1400.0 INR
A8-00K-76-S,Aqua Berry Ikat A-Line Kurta-SkyBlue,Aqua Berry Ikat A-Line Kurta-SkyBlue,in stock,new,https://www.prathiksham.in/store/item/Aqua+Berry+Ikat+A-Line+Kurta?id=1195,https://www.prathiksham.in/aalam/stock/item/1195/image/_/face-img,Prathiksham,SkyBlue,Pure Cotton,Ikkat,S,Apparel & Accessories > Clothing,Clothing & Accessories > Clothing,Female,adult,,1400.0 INR
A8-00K-76-M,Aqua Berry Ikat A-Line Kurta-SkyBlue,Aqua Berry Ikat A-Line Kurta-SkyBlue,in stock,new,https://www.prathiksham.in/store/item/Aqua+Berry+Ikat+A-Line+Kurta?id=1196,https://www.prathiksham.in/aalam/stock/item/1196/image/_/face-img,Prathiksham,SkyBlue,Pure Cotton,Ikkat,M,Apparel & Accessories > Clothing,Clothing & Accessories > Clothing,Female,adult,,1400.0 INR
A8-00K-76-L,Aqua Berry Ikat A-Line Kurta-SkyBlue,Aqua Berry Ikat A-Line Kurta-SkyBlue,out of stock,new,https://www.prathiksham.in/store/item/Aqua+Berry+Ikat+A-Line+Kurta?id=1197,https://www.prathiksham.in/aalam/stock/item/1197/image/_/face-img,Prathiksham,SkyBlue,Pure Cotton,Ikkat,L,Apparel & Accessories > Clothing,Clothing & Accessories > Clothing,Female,adult,,1400.0 INR
A8-00K-76-XL,Aqua Berry Ikat A-Line Kurta-SkyBlue,Aqua Berry Ikat A-Line Kurta-SkyBlue,in stock,new,https://www.prathiksham.in/store/item/Aqua+Berry+Ikat+A-Line+Kurta?id=1198,https://www.prathiksham.in/aalam/stock/item/1198/image/_/face-img,Prathiksham,SkyBlue,Pure Cotton,Ikkat,XL,Apparel & Accessories > Clothing,Clothing & Accessories > Clothing,Female,adult,,1400.0 INR
A8-00K-76-XXL,Aqua Berry Ikat A-Line Kurta-SkyBlue,Aqua Berry Ikat A-Line Kurta-SkyBlue,in stock,new,https://www.prathiksham.in/store/item/Aqua+Berry+Ikat+A-Line+Kurta?id=1199,https://www.prathiksham.in/aalam/stock/item/1199/image/_/face-img,Prathiksham,SkyBlue,Pure Cotton,Ikkat,XXL,Apparel & Accessories > Clothing,Clothing & Accessories > Clothing,Female,adult,,1400.0 INR
A8-00K-75-XS -1,Black Sesame Ikat Handwoven A-Line Kurta -1-Black,Black Sesame Ikat Handwoven A-Line Kurta -1-Black,out of stock,new,https://www.prathiksham.in/store/item/Black+Sesame+Ikat+Handwoven+A-Line+Kurta+-1?id=1200,https://www.prathiksham.in/aalam/stock/item/1200/image/_/face-img,Prathiksham,Black,Handwoven Cotton,Ikkat,XS,Apparel & Accessories > Clothing,Clothing & Accessories > Clothing,Female,adult,,1900.0 INR
A8-00K-75-S -1,Black Sesame Ikat Handwoven A-Line Kurta -1-Black,Black Sesame Ikat Handwoven A-Line Kurta -1-Black,out of stock,new,https://www.prathiksham.in/store/item/Black+Sesame+Ikat+Handwoven+A-Line+Kurta+-1?id=1201,https://www.prathiksham.in/aalam/stock/item/1201/image/_/face-img,Prathiksham,Black,Handwoven Cotton,Ikkat,S,Apparel & Accessories > Clothing,Clothing & Accessories > Clothing,Female,adult,,1900.0 INR
A8-00K-75-M -1,Black Sesame Ikat Handwoven A-Line Kurta -1-Black,Black Sesame Ikat Handwoven A-Line Kurta -1-Black,out of stock,new,https://www.prathiksham.in/store/item/Black+Sesame+Ikat+Handwoven+A-Line+Kurta+-1?id=1202,https://www.prathiksham.in/aalam/stock/item/1202/image/_/face-img,Prathiksham,Black,Handwoven Cotton,Ikkat,M,Apparel & Accessories > Clothing,Clothing & Accessories > Clothing,Female,adult,,1900.0 INR
A8-00K-75-L -1,Black Sesame Ikat Handwoven A-Line Kurta -1-Black,Black Sesame Ikat Handwoven A-Line Kurta -1-Black,out of stock,new,https://www.prathiksham.in/store/item/Black+Sesame+Ikat+Handwoven+A-Line+Kurta+-1?id=1203,https://www.prathiksham.in/aalam/stock/item/1203/image/_/face-img,Prathiksham,Black,Handwoven Cotton,Ikkat,L,Apparel & Accessories > Clothing,Clothing & Accessories > Clothing,Female,adult,,1900.0 INR
A8-00K-75-XL -1,Black Sesame Ikat Handwoven A-Line Kurta -1-Black,Black Sesame Ikat Handwoven A-Line Kurta -1-Black,out of stock,new,https://www.prathiksham.in/store/item/Black+Sesame+Ikat+Handwoven+A-Line+Kurta+-1?id=1204,https://www.prathiksham.in/aalam/stock/item/1204/image/_/face-img,Prathiksham,Black,Handwoven Cotton,Ikkat,XL,Apparel & Accessories > Clothing,Clothing & Accessories > Clothing,Female,adult,,1900.0 INR
A8-00K-75-XXL -1,Black Sesame Ikat Handwoven A-Line Kurta -1-Black,Black Sesame Ikat Handwoven A-Line Kurta -1-Black,out of stock,new,https://www.prathiksham.in/store/item/Black+Sesame+Ikat+Handwoven+A-Line+Kurta+-1?id=1205,https://www.prathiksham.in/aalam/stock/item/1205/image/_/face-img,Prathiksham,Black,Handwoven Cotton,Ikkat,XXL,Apparel & Accessories > Clothing,Clothing & Accessories > Clothing,Female,adult,,1900.0 INR
A8-00K-74-XS,Frosted Vanilla Blue Ikat Handwoven Kurta-LightSkyBlue,Frosted Vanilla Blue Ikat Handwoven Kurta-LightSkyBlue,out of stock,new,https://www.prathiksham.in/store/item/Frosted+Vanilla+Blue+Ikat+Handwoven+Kurta?id=1206,https://www.prathiksham.in/aalam/stock/item/1206/image/_/face-img,Prathiksham,LightSkyBlue,Handwoven Cotton,Ikkat,XS,Apparel & Accessories > Clothing,Clothing & Accessories > Clothing,Female,adult,,1550.0 INR
A8-00K-74-S,Frosted Vanilla Blue Ikat Handwoven Kurta-LightSkyBlue,Frosted Vanilla Blue Ikat Handwoven Kurta-LightSkyBlue,out of stock,new,https://www.prathiksham.in/store/item/Frosted+Vanilla+Blue+Ikat+Handwoven+Kurta?id=1207,https://www.prathiksham.in/aalam/stock/item/1207/image/_/face-img,Prathiksham,LightSkyBlue,Handwoven Cotton,Ikkat,S,Apparel & Accessories > Clothing,Clothing & Accessories > Clothing,Female,adult,,1550.0 INR
A8-00K-74-M,Frosted Vanilla Blue Ikat Handwoven Kurta-LightSkyBlue,Frosted Vanilla Blue Ikat Handwoven Kurta-LightSkyBlue,out of stock,new,https://www.prathiksham.in/store/item/Frosted+Vanilla+Blue+Ikat+Handwoven+Kurta?id=1208,https://www.prathiksham.in/aalam/stock/item/1208/image/_/face-img,Prathiksham,LightSkyBlue,Handwoven Cotton,Ikkat,M,Apparel & Accessories > Clothing,Clothing & Accessories > Clothing,Female,adult,,1550.0 INR
A8-00K-74-L,Frosted Vanilla Blue Ikat Handwoven Kurta-LightSkyBlue,Frosted Vanilla Blue Ikat Handwoven Kurta-LightSkyBlue,out of stock,new,https://www.prathiksham.in/store/item/Frosted+Vanilla+Blue+Ikat+Handwoven+Kurta?id=1209,https://www.prathiksham.in/aalam/stock/item/1209/image/_/face-img,Prathiksham,LightSkyBlue,Handwoven Cotton,Ikkat,L,Apparel & Accessories > Clothing,Clothing & Accessories > Clothing,Female,adult,,1550.0 INR
A8-00K-74-XL,Frosted Vanilla Blue Ikat Handwoven Kurta-LightSkyBlue,Frosted Vanilla Blue Ikat Handwoven Kurta-LightSkyBlue,out of stock,new,https://www.prathiksham.in/store/item/Frosted+Vanilla+Blue+Ikat+Handwoven+Kurta?id=1210,https://www.prathiksham.in/aalam/stock/item/1210/image/_/face-img,Prathiksham,LightSkyBlue,Handwoven Cotton,Ikkat,XL,Apparel & Accessories > Clothing,Clothing & Accessories > Clothing,Female,adult,,1550.0 INR
A8-00K-74-XXL,Frosted Vanilla Blue Ikat Handwoven Kurta-LightSkyBlue,Frosted Vanilla Blue Ikat Handwoven Kurta-LightSkyBlue,out of stock,new,https://www.prathiksham.in/store/item/Frosted+Vanilla+Blue+Ikat+Handwoven+Kurta?id=1211,https://www.prathiksham.in/aalam/stock/item/1211/image/_/face-img,Prathiksham,LightSkyBlue,Handwoven Cotton,Ikkat,XXL,Apparel & Accessories > Clothing,Clothing & Accessories > Clothing,Female,adult,,1550.0 INR
A8-00K-73-XS -1,Lavender Swirl Ikat Handwoven Kurta -1-RebeccaPurple,Lavender Swirl Ikat Handwoven Kurta -1-RebeccaPurple,out of stock,new,https://www.prathiksham.in/store/item/Lavender+Swirl+Ikat+Handwoven+Kurta+-1?id=1212,https://www.prathiksham.in/aalam/stock/item/1212/image/_/face-img,Prathiksham,RebeccaPurple,Handwoven Cotton,Ikkat,XS,Apparel & Accessories > Clothing,Clothing & Accessories > Clothing,Female,adult,,1550.0 INR
A8-00K-73-S -1,Lavender Swirl Ikat Handwoven Kurta -1-RebeccaPurple,Lavender Swirl Ikat Handwoven Kurta -1-RebeccaPurple,out of stock,new,https://www.prathiksham.in/store/item/Lavender+Swirl+Ikat+Handwoven+Kurta+-1?id=1213,https://www.prathiksham.in/aalam/stock/item/1213/image/_/face-img,Prathiksham,RebeccaPurple,Handwoven Cotton,Ikkat,S,Apparel & Accessories > Clothing,Clothing & Accessories > Clothing,Female,adult,,1550.0 INR
A8-00K-73-M -1,Lavender Swirl Ikat Handwoven Kurta -1-RebeccaPurple,Lavender Swirl Ikat Handwoven Kurta -1-RebeccaPurple,out of stock,new,https://www.prathiksham.in/store/item/Lavender+Swirl+Ikat+Handwoven+Kurta+-1?id=1214,https://www.prathiksham.in/aalam/stock/item/1214/image/_/face-img,Prathiksham,RebeccaPurple,Handwoven Cotton,Ikkat,M,Apparel & Accessories > Clothing,Clothing & Accessories > Clothing,Female,adult,,1550.0 INR
A8-00K-73-L -1,Lavender Swirl Ikat Handwoven Kurta -1-RebeccaPurple,Lavender Swirl Ikat Handwoven Kurta -1-RebeccaPurple,out of stock,new,https://www.prathiksham.in/store/item/Lavender+Swirl+Ikat+Handwoven+Kurta+-1?id=1215,https://www.prathiksham.in/aalam/stock/item/1215/image/_/face-img,Prathiksham,RebeccaPurple,Handwoven Cotton,Ikkat,L,Apparel & Accessories > Clothing,Clothing & Accessories > Clothing,Female,adult,,1550.0 INR
A8-00K-73-XL -1,Lavender Swirl Ikat Handwoven Kurta -1-RebeccaPurple,Lavender Swirl Ikat Handwoven Kurta -1-RebeccaPurple,out of stock,new,https://www.prathiksham.in/store/item/Lavender+Swirl+Ikat+Handwoven+Kurta+-1?id=1216,https://www.prathiksham.in/aalam/stock/item/1216/image/_/face-img,Prathiksham,RebeccaPurple,Handwoven Cotton,Ikkat,XL,Apparel & Accessories > Clothing,Clothing & Accessories > Clothing,Female,adult,,1550.0 INR
A8-00K-73-XXL -1,Lavender Swirl Ikat Handwoven Kurta -1-RebeccaPurple,Lavender Swirl Ikat Handwoven Kurta -1-RebeccaPurple,out of stock,new,https://www.prathiksham.in/store/item/Lavender+Swirl+Ikat+Handwoven+Kurta+-1?id=1217,https://www.prathiksham.in/aalam/stock/item/1217/image/_/face-img,Prathiksham,RebeccaPurple,Handwoven Cotton,Ikkat,XXL,Apparel & Accessories > Clothing,Clothing & Accessories > Clothing,Female,adult,,1550.0 INR
A8-0CD-45-XS,Avocado Hand Embroidered Handwoven Ikat Kalicut Co‑ord Set-DarkOliveGreen,Avocado Hand Embroidered Handwoven Ikat Kalicut Co‑ord Set-DarkOliveGreen,out of stock,new,https://www.prathiksham.in/store/item/Avocado+Hand+Embroidered+Handwoven+Ikat+Kalicut+Co%E2%80%91ord+Set?id=1218,https://www.prathiksham.in/aalam/stock/item/1218/image/_/face-img,Prathiksham,DarkOliveGreen,Handwoven Cotton,Ikkat,XS,Apparel & Accessories > Clothing,Clothing & Accessories > Clothing,Female,adult,,2950.0 INR
A8-0CD-45-S,Avocado Hand Embroidered Handwoven Ikat Kalicut Co‑ord Set-DarkOliveGreen,Avocado Hand Embroidered Handwoven Ikat Kalicut Co‑ord Set-DarkOliveGreen,out of stock,new,https://www.prathiksham.in/store/item/Avocado+Hand+Embroidered+Handwoven+Ikat+Kalicut+Co%E2%80%91ord+Set?id=1219,https://www.prathiksham.in/aalam/stock/item/1219/image/_/face-img,Prathiksham,DarkOliveGreen,Handwoven Cotton,Ikkat,S,Apparel & Accessories > Clothing,Clothing & Accessories > Clothing,Female,adult,,2950.0 INR
A8-0CD-45-M,Avocado Hand Embroidered Handwoven Ikat Kalicut Co‑ord Set-DarkOliveGreen,Avocado Hand Embroidered Handwoven Ikat Kalicut Co‑ord Set-DarkOliveGreen,out of stock,new,https://www.prathiksham.in/store/item/Avocado+Hand+Embroidered+Handwoven+Ikat+Kalicut+Co%E2%80%91ord+Set?id=1220,https://www.prathiksham.in/aalam/stock/item/1220/image/_/face-img,Prathiksham,DarkOliveGreen,Handwoven Cotton,Ikkat,M,Apparel & Accessories > Clothing,Clothing & Accessories > Clothing,Female,adult,,2950.0 INR
A8-0CD-45-L,Avocado Hand Embroidered Handwoven Ikat Kalicut Co‑ord Set-DarkOliveGreen,Avocado Hand Embroidered Handwoven Ikat Kalicut Co‑ord Set-DarkOliveGreen,out of stock,new,https://www.prathiksham.in/store/item/Avocado+Hand+Embroidered+Handwoven+Ikat+Kalicut+Co%E2%80%91ord+Set?id=1221,https://www.prathiksham.in/aalam/stock/item/1221/image/_/face-img,Prathiksham,DarkOliveGreen,Handwoven Cotton,Ikkat,L,Apparel & Accessories > Clothing,Clothing & Accessories > Clothing,Female,adult,,2950.0 INR
A8-0CD-45-XL,Avocado Hand Embroidered Handwoven Ikat Kalicut Co‑ord Set-DarkOliveGreen,Avocado Hand Embroidered Handwoven Ikat Kalicut Co‑ord Set-DarkOliveGreen,out of stock,new,https://www.prathiksham.in/store/item/Avocado+Hand+Embroidered+Handwoven+Ikat+Kalicut+Co%E2%80%91ord+Set?id=1222,https://www.prathiksham.in/aalam/stock/item/1222/image/_/face-img,Prathiksham,DarkOliveGreen,Handwoven Cotton,Ikkat,XL,Apparel & Accessories > Clothing,Clothing & Accessories > Clothing,Female,adult,,2950.0 INR
A8-0CD-45-XXL,Avocado Hand Embroidered Handwoven Ikat Kalicut Co‑ord Set-DarkOliveGreen,Avocado Hand Embroidered Handwoven Ikat Kalicut Co‑ord Set-DarkOliveGreen,out of stock,new,https://www.prathiksham.in/store/item/Avocado+Hand+Embroidered+Handwoven+Ikat+Kalicut+Co%E2%80%91ord+Set?id=1223,https://www.prathiksham.in/aalam/stock/item/1223/image/_/face-img,Prathiksham,DarkOliveGreen,Handwoven Cotton,Ikkat,XXL,Apparel & Accessories > Clothing,Clothing & Accessories > Clothing,Female,adult,,2950.0 INR
A8-0CD-44-XS,Matcha Handwoven A-Line Ikat Co-ord set-DarkOliveGreen,Matcha Handwoven A-Line Ikat Co-ord set-DarkOliveGreen,out of stock,new,https://www.prathiksham.in/store/item/Matcha+Handwoven+A-Line+Ikat+Co-ord+set?id=1224,https://www.prathiksham.in/aalam/stock/item/1224/image/_/face-img,Prathiksham,DarkOliveGreen,Handwoven Cotton,Ikkat,XS,Apparel & Accessories > Clothing,Clothing & Accessories > Clothing,Female,adult,,2950.0 INR
A8-0CD-44-S,Matcha Handwoven A-Line Ikat Co-ord set-DarkOliveGreen,Matcha Handwoven A-Line Ikat Co-ord set-DarkOliveGreen,out of stock,new,https://www.prathiksham.in/store/item/Matcha+Handwoven+A-Line+Ikat+Co-ord+set?id=1225,https://www.prathiksham.in/aalam/stock/item/1225/image/_/face-img,Prathiksham,DarkOliveGreen,Handwoven Cotton,Ikkat,S,Apparel & Accessories > Clothing,Clothing & Accessories > Clothing,Female,adult,,2950.0 INR
A8-0CD-44-M,Matcha Handwoven A-Line Ikat Co-ord set-DarkOliveGreen,Matcha Handwoven A-Line Ikat Co-ord set-DarkOliveGreen,out of stock,new,https://www.prathiksham.in/store/item/Matcha+Handwoven+A-Line+Ikat+Co-ord+set?id=1226,https://www.prathiksham.in/aalam/stock/item/1226/image/_/face-img,Prathiksham,DarkOliveGreen,Handwoven Cotton,Ikkat,M,Apparel & Accessories > Clothing,Clothing & Accessories > Clothing,Female,adult,,2950.0 INR
A8-0CD-44-L,Matcha Handwoven A-Line Ikat Co-ord set-DarkOliveGreen,Matcha Handwoven A-Line Ikat Co-ord set-DarkOliveGreen,out of stock,new,https://www.prathiksham.in/store/item/Matcha+Handwoven+A-Line+Ikat+Co-ord+set?id=1227,https://www.prathiksham.in/aalam/stock/item/1227/image/_/face-img,Prathiksham,DarkOliveGreen,Handwoven Cotton,Ikkat,L,Apparel & Accessories > Clothing,Clothing & Accessories > Clothing,Female,adult,,2950.0 INR
A8-0CD-44-XL,Matcha Handwoven A-Line Ikat Co-ord set-DarkOliveGreen,Matcha Handwoven A-Line Ikat Co-ord set-DarkOliveGreen,out of stock,new,https://www.prathiksham.in/store/item/Matcha+Handwoven+A-Line+Ikat+Co-ord+set?id=1228,https://www.prathiksham.in/aalam/stock/item/1228/image/_/face-img,Prathiksham,DarkOliveGreen,Handwoven Cotton,Ikkat,XL,Apparel & Accessories > Clothing,Clothing & Accessories > Clothing,Female,adult,,2950.0 INR
A8-0CD-44-XXL,Matcha Handwoven A-Line Ikat Co-ord set-DarkOliveGreen,Matcha Handwoven A-Line Ikat Co-ord set-DarkOliveGreen,in stock,new,https://www.prathiksham.in/store/item/Matcha+Handwoven+A-Line+Ikat+Co-ord+set?id=1229,https://www.prathiksham.in/aalam/stock/item/1229/image/_/face-img,Prathiksham,DarkOliveGreen,Handwoven Cotton,Ikkat,XXL,Apparel & Accessories > Clothing,Clothing & Accessories > Clothing,Female,adult,,2950.0 INR
A8-0CD-43-XS,Hydrangea Handwoven Ikat Co-ord Set-DarkBlue,Hydrangea Handwoven Ikat Co-ord Set-DarkBlue,out of stock,new,https://www.prathiksham.in/store/item/Hydrangea+Handwoven+Ikat+Co-ord+Set?id=1230,https://www.prathiksham.in/aalam/stock/item/1230/image/_/face-img,Prathiksham,DarkBlue,Handwoven Cotton,Ikkat,XS,Apparel & Accessories > Clothing,Clothing & Accessories > Clothing,Female,adult,,2100.0 INR
A8-0CD-43-S,Hydrangea Handwoven Ikat Co-ord Set-DarkBlue,Hydrangea Handwoven Ikat Co-ord Set-DarkBlue,out of stock,new,https://www.prathiksham.in/store/item/Hydrangea+Handwoven+Ikat+Co-ord+Set?id=1231,https://www.prathiksham.in/aalam/stock/item/1231/image/_/face-img,Prathiksham,DarkBlue,Handwoven Cotton,Ikkat,S,Apparel & Accessories > Clothing,Clothing & Accessories > Clothing,Female,adult,,2100.0 INR
A8-0CD-43-M,Hydrangea Handwoven Ikat Co-ord Set-DarkBlue,Hydrangea Handwoven Ikat Co-ord Set-DarkBlue,out of stock,new,https://www.prathiksham.in/store/item/Hydrangea+Handwoven+Ikat+Co-ord+Set?id=1232,https://www.prathiksham.in/aalam/stock/item/1232/image/_/face-img,Prathiksham,DarkBlue,Handwoven Cotton,Ikkat,M,Apparel & Accessories > Clothing,Clothing & Accessories > Clothing,Female,adult,,2100.0 INR
A8-0CD-43-L,Hydrangea Handwoven Ikat Co-ord Set-DarkBlue,Hydrangea Handwoven Ikat Co-ord Set-DarkBlue,out of stock,new,https://www.prathiksham.in/store/item/Hydrangea+Handwoven+Ikat+Co-ord+Set?id=1233,https://www.prathiksham.in/aalam/stock/item/1233/image/_/face-img,Prathiksham,DarkBlue,Handwoven Cotton,Ikkat,L,Apparel & Accessories > Clothing,Clothing & Accessories > Clothing,Female,adult,,2100.0 INR
A8-0CD-43-XL,Hydrangea Handwoven Ikat Co-ord Set-DarkBlue,Hydrangea Handwoven Ikat Co-ord Set-DarkBlue,out of stock,new,https://www.prathiksham.in/store/item/Hydrangea+Handwoven+Ikat+Co-ord+Set?id=1234,https://www.prathiksham.in/aalam/stock/item/1234/image/_/face-img,Prathiksham,DarkBlue,Handwoven Cotton,Ikkat,XL,Apparel & Accessories > Clothing,Clothing & Accessories > Clothing,Female,adult,,2100.0 INR
A8-0CD-43-XXL,Hydrangea Handwoven Ikat Co-ord Set-DarkBlue,Hydrangea Handwoven Ikat Co-ord Set-DarkBlue,out of stock,new,https://www.prathiksham.in/store/item/Hydrangea+Handwoven+Ikat+Co-ord+Set?id=1235,https://www.prathiksham.in/aalam/stock/item/1235/image/_/face-img,Prathiksham,DarkBlue,Handwoven Cotton,Ikkat,XXL,Apparel & Accessories > Clothing,Clothing & Accessories > Clothing,Female,adult,,2100.0 INR
A9-00K-86-XS,Lotus Pink Handloom Kurta-HotPink,Lotus Pink Handloom Kurta-HotPink,in stock,new,https://www.prathiksham.in/store/item/Lotus+Pink+Handloom+Kurta?id=1282,https://www.prathiksham.in/aalam/stock/item/1282/image/_/face-img,Prathiksham,HotPink,Handloom Cotton,Handloom,XS,Apparel & Accessories > Clothing,Clothing & Accessories > Clothing,Female,adult,,1450.0 INR
A9-00K-86-S,Lotus Pink Handloom Kurta-HotPink,Lotus Pink Handloom Kurta-HotPink,in stock,new,https://www.prathiksham.in/store/item/Lotus+Pink+Handloom+Kurta?id=1283,https://www.prathiksham.in/aalam/stock/item/1283/image/_/face-img,Prathiksham,HotPink,Handloom Cotton,Handloom,S,Apparel & Accessories > Clothing,Clothing & Accessories > Clothing,Female,adult,,1450.0 INR
A9-00K-86-M,Lotus Pink Handloom Kurta-HotPink,Lotus Pink Handloom Kurta-HotPink,in stock,new,https://www.prathiksham.in/store/item/Lotus+Pink+Handloom+Kurta?id=1284,https://www.prathiksham.in/aalam/stock/item/1284/image/_/face-img,Prathiksham,HotPink,Handloom Cotton,Handloom,M,Apparel & Accessories > Clothing,Clothing & Accessories > Clothing,Female,adult,,1450.0 INR
A9-00K-86-L,Lotus Pink Handloom Kurta-HotPink,Lotus Pink Handloom Kurta-HotPink,in stock,new,https://www.prathiksham.in/store/item/Lotus+Pink+Handloom+Kurta?id=1285,https://www.prathiksham.in/aalam/stock/item/1285/image/_/face-img,Prathiksham,HotPink,Handloom Cotton,Handloom,L,Apparel & Accessories > Clothing,Clothing & Accessories > Clothing,Female,adult,,1450.0 INR
A9-00K-86-XL,Lotus Pink Handloom Kurta-HotPink,Lotus Pink Handloom Kurta-HotPink,in stock,new,https://www.prathiksham.in/store/item/Lotus+Pink+Handloom+Kurta?id=1286,https://www.prathiksham.in/aalam/stock/item/1286/image/_/face-img,Prathiksham,HotPink,Handloom Cotton,Handloom,XL,Apparel & Accessories > Clothing,Clothing & Accessories > Clothing,Female,adult,,1450.0 INR
A9-00K-86-XXL,Lotus Pink Handloom Kurta-HotPink,Lotus Pink Handloom Kurta-HotPink,in stock,new,https://www.prathiksham.in/store/item/Lotus+Pink+Handloom+Kurta?id=1287,https://www.prathiksham.in/aalam/stock/item/1287/image/_/face-img,Prathiksham,HotPink,Handloom Cotton,Handloom,XXL,Apparel & Accessories > Clothing,Clothing & Accessories > Clothing,Female,adult,,1450.0 INR
A9-00K-85-XS,Handloom Saffron Swing A-Line Kurta-OrangeRed,Handloom Saffron Swing A-Line Kurta-OrangeRed,in stock,new,https://www.prathiksham.in/store/item/Handloom+Saffron+Swing+A-Line+Kurta?id=1288,https://www.prathiksham.in/aalam/stock/item/1288/image/_/face-img,Prathiksham,OrangeRed,Handloom Cotton,Handloom,XS,Apparel & Accessories > Clothing,Clothing & Accessories > Clothing,Female,adult,,1600.0 INR
A9-00K-85-S,Handloom Saffron Swing A-Line Kurta-OrangeRed,Handloom Saffron Swing A-Line Kurta-OrangeRed,in stock,new,https://www.prathiksham.in/store/item/Handloom+Saffron+Swing+A-Line+Kurta?id=1289,https://www.prathiksham.in/aalam/stock/item/1289/image/_/face-img,Prathiksham,OrangeRed,Handloom Cotton,Handloom,S,Apparel & Accessories > Clothing,Clothing & Accessories > Clothing,Female,adult,,1600.0 INR
A9-00K-85-M,Handloom Saffron Swing A-Line Kurta-OrangeRed,Handloom Saffron Swing A-Line Kurta-OrangeRed,in stock,new,https://www.prathiksham.in/store/item/Handloom+Saffron+Swing+A-Line+Kurta?id=1290,https://www.prathiksham.in/aalam/stock/item/1290/image/_/face-img,Prathiksham,OrangeRed,Handloom Cotton,Handloom,M,Apparel & Accessories > Clothing,Clothing & Accessories > Clothing,Female,adult,,1600.0 INR
A9-00K-85-L,Handloom Saffron Swing A-Line Kurta-OrangeRed,Handloom Saffron Swing A-Line Kurta-OrangeRed,in stock,new,https://www.prathiksham.in/store/item/Handloom+Saffron+Swing+A-Line+Kurta?id=1291,https://www.prathiksham.in/aalam/stock/item/1291/image/_/face-img,Prathiksham,OrangeRed,Handloom Cotton,Handloom,L,Apparel & Accessories > Clothing,Clothing & Accessories > Clothing,Female,adult,,1600.0 INR
A9-00K-85-XL,Handloom Saffron Swing A-Line Kurta-OrangeRed,Handloom Saffron Swing A-Line Kurta-OrangeRed,in stock,new,https://www.prathiksham.in/store/item/Handloom+Saffron+Swing+A-Line+Kurta?id=1292,https://www.prathiksham.in/aalam/stock/item/1292/image/_/face-img,Prathiksham,OrangeRed,Handloom Cotton,Handloom,XL,Apparel & Accessories > Clothing,Clothing & Accessories > Clothing,Female,adult,,1600.0 INR
A9-00K-85-XXL,Handloom Saffron Swing A-Line Kurta-OrangeRed,Handloom Saffron Swing A-Line Kurta-OrangeRed,in stock,new,https://www.prathiksham.in/store/item/Handloom+Saffron+Swing+A-Line+Kurta?id=1293,https://www.prathiksham.in/aalam/stock/item/1293/image/_/face-img,Prathiksham,OrangeRed,Handloom Cotton,Handloom,XXL,Apparel & Accessories > Clothing,Clothing & Accessories > Clothing,Female,adult,,1600.0 INR
A9-00K-84-XS,Lavender Lychee Handloom A-Line Kurta-Lavender,Lavender Lychee Handloom A-Line Kurta-Lavender,in stock,new,https://www.prathiksham.in/store/item/Lavender+Lychee+Handloom+A-Line+Kurta?id=1294,https://www.prathiksham.in/aalam/stock/item/1294/image/_/face-img,Prathiksham,Lavender,Handloom Cotton,Handloom,XS,Apparel & Accessories > Clothing,Clothing & Accessories > Clothing,Female,adult,,1800.0 INR
A9-00K-84-S,Lavender Lychee Handloom A-Line Kurta-Lavender,Lavender Lychee Handloom A-Line Kurta-Lavender,in stock,new,https://www.prathiksham.in/store/item/Lavender+Lychee+Handloom+A-Line+Kurta?id=1295,https://www.prathiksham.in/aalam/stock/item/1295/image/_/face-img,Prathiksham,Lavender,Handloom Cotton,Handloom,S,Apparel & Accessories > Clothing,Clothing & Accessories > Clothing,Female,adult,,1800.0 INR
A9-00K-84-M,Lavender Lychee Handloom A-Line Kurta-Lavender,Lavender Lychee Handloom A-Line Kurta-Lavender,in stock,new,https://www.prathiksham.in/store/item/Lavender+Lychee+Handloom+A-Line+Kurta?id=1296,https://www.prathiksham.in/aalam/stock/item/1296/image/_/face-img,Prathiksham,Lavender,Handloom Cotton,Handloom,M,Apparel & Accessories > Clothing,Clothing & Accessories > Clothing,Female,adult,,1800.0 INR
A9-00K-84-L,Lavender Lychee Handloom A-Line Kurta-Lavender,Lavender Lychee Handloom A-Line Kurta-Lavender,in stock,new,https://www.prathiksham.in/store/item/Lavender+Lychee+Handloom+A-Line+Kurta?id=1297,https://www.prathiksham.in/aalam/stock/item/1297/image/_/face-img,Prathiksham,Lavender,Handloom Cotton,Handloom,L,Apparel & Accessories > Clothing,Clothing & Accessories > Clothing,Female,adult,,1800.0 INR
A9-00K-84-XL,Lavender Lychee Handloom A-Line Kurta-Lavender,Lavender Lychee Handloom A-Line Kurta-Lavender,in stock,new,https://www.prathiksham.in/store/item/Lavender+Lychee+Handloom+A-Line+Kurta?id=1298,https://www.prathiksham.in/aalam/stock/item/1298/image/_/face-img,Prathiksham,Lavender,Handloom Cotton,Handloom,XL,Apparel & Accessories > Clothing,Clothing & Accessories > Clothing,Female,adult,,1800.0 INR
A9-00K-84-XXL,Lavender Lychee Handloom A-Line Kurta-Lavender,Lavender Lychee Handloom A-Line Kurta-Lavender,in stock,new,https://www.prathiksham.in/store/item/Lavender+Lychee+Handloom+A-Line+Kurta?id=1299,https://www.prathiksham.in/aalam/stock/item/1299/image/_/face-img,Prathiksham,Lavender,Handloom Cotton,Handloom,XXL,Apparel & Accessories > Clothing,Clothing & Accessories > Clothing,Female,adult,,1800.0 INR
A9-00K-83-XS,Golden Mango Handloom A-line Kurta-Gold,Golden Mango Handloom A-line Kurta-Gold,in stock,new,https://www.prathiksham.in/store/item/Golden+Mango+Handloom+A-line+Kurta?id=1300,https://www.prathiksham.in/aalam/stock/item/1300/image/_/face-img,Prathiksham,Gold,Handloom Cotton,Handloom,XS,Apparel & Accessories > Clothing,Clothing & Accessories > Clothing,Female,adult,,1800.0 INR
A9-00K-83-S,Golden Mango Handloom A-line Kurta-Gold,Golden Mango Handloom A-line Kurta-Gold,in stock,new,https://www.prathiksham.in/store/item/Golden+Mango+Handloom+A-line+Kurta?id=1301,https://www.prathiksham.in/aalam/stock/item/1301/image/_/face-img,Prathiksham,Gold,Handloom Cotton,Handloom,S,Apparel & Accessories > Clothing,Clothing & Accessories > Clothing,Female,adult,,1800.0 INR
A9-00K-83-M,Golden Mango Handloom A-line Kurta-Gold,Golden Mango Handloom A-line Kurta-Gold,in stock,new,https://www.prathiksham.in/store/item/Golden+Mango+Handloom+A-line+Kurta?id=1302,https://www.prathiksham.in/aalam/stock/item/1302/image/_/face-img,Prathiksham,Gold,Handloom Cotton,Handloom,M,Apparel & Accessories > Clothing,Clothing & Accessories > Clothing,Female,adult,,1800.0 INR
A9-00K-83-L,Golden Mango Handloom A-line Kurta-Gold,Golden Mango Handloom A-line Kurta-Gold,in stock,new,https://www.prathiksham.in/store/item/Golden+Mango+Handloom+A-line+Kurta?id=1303,https://www.prathiksham.in/aalam/stock/item/1303/image/_/face-img,Prathiksham,Gold,Handloom Cotton,Handloom,L,Apparel & Accessories > Clothing,Clothing & Accessories > Clothing,Female,adult,,1800.0 INR
A9-00K-83-XL,Golden Mango Handloom A-line Kurta-Gold,Golden Mango Handloom A-line Kurta-Gold,in stock,new,https://www.prathiksham.in/store/item/Golden+Mango+Handloom+A-line+Kurta?id=1304,https://www.prathiksham.in/aalam/stock/item/1304/image/_/face-img,Prathiksham,Gold,Handloom Cotton,Handloom,XL,Apparel & Accessories > Clothing,Clothing & Accessories > Clothing,Female,adult,,1800.0 INR
A9-00K-83-XXL,Golden Mango Handloom A-line Kurta-Gold,Golden Mango Handloom A-line Kurta-Gold,in stock,new,https://www.prathiksham.in/store/item/Golden+Mango+Handloom+A-line+Kurta?id=1305,https://www.prathiksham.in/aalam/stock/item/1305/image/_/face-img,Prathiksham,Gold,Handloom Cotton,Handloom,XXL,Apparel & Accessories > Clothing,Clothing & Accessories > Clothing,Female,adult,,1800.0 INR
A9-00K-82-XS,Tomato Tint Handloom A-line Kurta-IndianRed,Tomato Tint Handloom A-line Kurta-IndianRed,out of stock,new,https://www.prathiksham.in/store/item/Tomato+Tint+Handloom+A-line+Kurta?id=1306,https://www.prathiksham.in/aalam/stock/item/1306/image/_/face-img,Prathiksham,IndianRed,Handloom Cotton,Handloom,XS,Apparel & Accessories > Clothing,Clothing & Accessories > Clothing,Female,adult,,1650.0 INR
A9-00K-82-S,Tomato Tint Handloom A-line Kurta-IndianRed,Tomato Tint Handloom A-line Kurta-IndianRed,in stock,new,https://www.prathiksham.in/store/item/Tomato+Tint+Handloom+A-line+Kurta?id=1307,https://www.prathiksham.in/aalam/stock/item/1307/image/_/face-img,Prathiksham,IndianRed,Handloom Cotton,Handloom,S,Apparel & Accessories > Clothing,Clothing & Accessories > Clothing,Female,adult,,1650.0 INR
A9-00K-82-M,Tomato Tint Handloom A-line Kurta-IndianRed,Tomato Tint Handloom A-line Kurta-IndianRed,out of stock,new,https://www.prathiksham.in/store/item/Tomato+Tint+Handloom+A-line+Kurta?id=1308,https://www.prathiksham.in/aalam/stock/item/1308/image/_/face-img,Prathiksham,IndianRed,Handloom Cotton,Handloom,M,Apparel & Accessories > Clothing,Clothing & Accessories > Clothing,Female,adult,,1650.0 INR
A9-00K-82-L,Tomato Tint Handloom A-line Kurta-IndianRed,Tomato Tint Handloom A-line Kurta-IndianRed,out of stock,new,https://www.prathiksham.in/store/item/Tomato+Tint+Handloom+A-line+Kurta?id=1309,https://www.prathiksham.in/aalam/stock/item/1309/image/_/face-img,Prathiksham,IndianRed,Handloom Cotton,Handloom,L,Apparel & Accessories > Clothing,Clothing & Accessories > Clothing,Female,adult,,1650.0 INR
A9-00K-82-XL,Tomato Tint Handloom A-line Kurta-IndianRed,Tomato Tint Handloom A-line Kurta-IndianRed,out of stock,new,https://www.prathiksham.in/store/item/Tomato+Tint+Handloom+A-line+Kurta?id=1310,https://www.prathiksham.in/aalam/stock/item/1310/image/_/face-img,Prathiksham,IndianRed,Handloom Cotton,Handloom,XL,Apparel & Accessories > Clothing,Clothing & Accessories > Clothing,Female,adult,,1650.0 INR
A9-00K-82-XXL,Tomato Tint Handloom A-line Kurta-IndianRed,Tomato Tint Handloom A-line Kurta-IndianRed,out of stock,new,https://www.prathiksham.in/store/item/Tomato+Tint+Handloom+A-line+Kurta?id=1311,https://www.prathiksham.in/aalam/stock/item/1311/image/_/face-img,Prathiksham,IndianRed,Handloom Cotton,Handloom,XXL,Apparel & Accessories > Clothing,Clothing & Accessories > Clothing,Female,adult,,1650.0 INR
A9-00K-81-XS -1,Kiwi Zest Handloom Kurta -1-YellowGreen,Kiwi Zest Handloom Kurta -1-YellowGreen,out of stock,new,https://www.prathiksham.in/store/item/Kiwi+Zest+Handloom+Kurta+-1?id=1312,https://www.prathiksham.in/aalam/stock/item/1312/image/_/face-img,Prathiksham,YellowGreen,Handloom Cotton,Handloom,XS,Apparel & Accessories > Clothing,Clothing & Accessories > Clothing,Female,adult,,1550.0 INR
A9-00K-81-S -1,Kiwi Zest Handloom Kurta -1-YellowGreen,Kiwi Zest Handloom Kurta -1-YellowGreen,out of stock,new,https://www.prathiksham.in/store/item/Kiwi+Zest+Handloom+Kurta+-1?id=1313,https://www.prathiksham.in/aalam/stock/item/1313/image/_/face-img,Prathiksham,YellowGreen,Handloom Cotton,Handloom,S,Apparel & Accessories > Clothing,Clothing & Accessories > Clothing,Female,adult,,1550.0 INR
A9-00K-81-M -1,Kiwi Zest Handloom Kurta -1-YellowGreen,Kiwi Zest Handloom Kurta -1-YellowGreen,out of stock,new,https://www.prathiksham.in/store/item/Kiwi+Zest+Handloom+Kurta+-1?id=1314,https://www.prathiksham.in/aalam/stock/item/1314/image/_/face-img,Prathiksham,YellowGreen,Handloom Cotton,Handloom,M,Apparel & Accessories > Clothing,Clothing & Accessories > Clothing,Female,adult,,1550.0 INR
A9-00K-81-L -1,Kiwi Zest Handloom Kurta -1-YellowGreen,Kiwi Zest Handloom Kurta -1-YellowGreen,out of stock,new,https://www.prathiksham.in/store/item/Kiwi+Zest+Handloom+Kurta+-1?id=1315,https://www.prathiksham.in/aalam/stock/item/1315/image/_/face-img,Prathiksham,YellowGreen,Handloom Cotton,Handloom,L,Apparel & Accessories > Clothing,Clothing & Accessories > Clothing,Female,adult,,1550.0 INR
A9-00K-81-XL -1,Kiwi Zest Handloom Kurta -1-YellowGreen,Kiwi Zest Handloom Kurta -1-YellowGreen,out of stock,new,https://www.prathiksham.in/store/item/Kiwi+Zest+Handloom+Kurta+-1?id=1316,https://www.prathiksham.in/aalam/stock/item/1316/image/_/face-img,Prathiksham,YellowGreen,Handloom Cotton,Handloom,XL,Apparel & Accessories > Clothing,Clothing & Accessories > Clothing,Female,adult,,1550.0 INR
A9-00K-81-XXL -1,Kiwi Zest Handloom Kurta -1-YellowGreen,Kiwi Zest Handloom Kurta -1-YellowGreen,out of stock,new,https://www.prathiksham.in/store/item/Kiwi+Zest+Handloom+Kurta+-1?id=1317,https://www.prathiksham.in/aalam/stock/item/1317/image/_/face-img,Prathiksham,YellowGreen,Handloom Cotton,Handloom,XXL,Apparel & Accessories > Clothing,Clothing & Accessories > Clothing,Female,adult,,1550.0 INR
A9-0KP-23-XS,Rose Guava Handloom Kurta Set-LavenderBlush,Rose Guava Handloom Kurta Set-LavenderBlush,in stock,new,https://www.prathiksham.in/store/item/Rose+Guava+Handloom+Kurta+Set?id=1318,https://www.prathiksham.in/aalam/stock/item/1318/image/_/face-img,Prathiksham,LavenderBlush,Handloom Cotton,Handloom,XS,Apparel & Accessories > Clothing,Clothing & Accessories > Clothing,Female,adult,,2400.0 INR
A9-0KP-23-S,Rose Guava Handloom Kurta Set-LavenderBlush,Rose Guava Handloom Kurta Set-LavenderBlush,in stock,new,https://www.prathiksham.in/store/item/Rose+Guava+Handloom+Kurta+Set?id=1319,https://www.prathiksham.in/aalam/stock/item/1319/image/_/face-img,Prathiksham,LavenderBlush,Handloom Cotton,Handloom,S,Apparel & Accessories > Clothing,Clothing & Accessories > Clothing,Female,adult,,2400.0 INR
A9-0KP-23-M,Rose Guava Handloom Kurta Set-LavenderBlush,Rose Guava Handloom Kurta Set-LavenderBlush,in stock,new,https://www.prathiksham.in/store/item/Rose+Guava+Handloom+Kurta+Set?id=1320,https://www.prathiksham.in/aalam/stock/item/1320/image/_/face-img,Prathiksham,LavenderBlush,Handloom Cotton,Handloom,M,Apparel & Accessories > Clothing,Clothing & Accessories > Clothing,Female,adult,,2400.0 INR
A9-0KP-23-L,Rose Guava Handloom Kurta Set-LavenderBlush,Rose Guava Handloom Kurta Set-LavenderBlush,in stock,new,https://www.prathiksham.in/store/item/Rose+Guava+Handloom+Kurta+Set?id=1321,https://www.prathiksham.in/aalam/stock/item/1321/image/_/face-img,Prathiksham,LavenderBlush,Handloom Cotton,Handloom,L,Apparel & Accessories > Clothing,Clothing & Accessories > Clothing,Female,adult,,2400.0 INR
A9-0KP-23-XL,Rose Guava Handloom Kurta Set-LavenderBlush,Rose Guava Handloom Kurta Set-LavenderBlush,in stock,new,https://www.prathiksham.in/store/item/Rose+Guava+Handloom+Kurta+Set?id=1322,https://www.prathiksham.in/aalam/stock/item/1322/image/_/face-img,Prathiksham,LavenderBlush,Handloom Cotton,Handloom,XL,Apparel & Accessories > Clothing,Clothing & Accessories > Clothing,Female,adult,,2400.0 INR
A9-0KP-23-XXL,Rose Guava Handloom Kurta Set-LavenderBlush,Rose Guava Handloom Kurta Set-LavenderBlush,out of stock,new,https://www.prathiksham.in/store/item/Rose+Guava+Handloom+Kurta+Set?id=1323,https://www.prathiksham.in/aalam/stock/item/1323/image/_/face-img,Prathiksham,LavenderBlush,Handloom Cotton,Handloom,XXL,Apparel & Accessories > Clothing,Clothing & Accessories > Clothing,Female,adult,,2400.0 INR
A9-0KP-22-XS,Rose Bloom Handloom Embroidered Kurta Set-MidnightBlue,Rose Bloom Handloom Embroidered Kurta Set-MidnightBlue,out of stock,new,https://www.prathiksham.in/store/item/Rose+Bloom+Handloom+Embroidered+Kurta+Set?id=1324,https://www.prathiksham.in/aalam/stock/item/1324/image/_/face-img,Prathiksham,MidnightBlue,Handloom Cotton,Handloom,XS,Apparel & Accessories > Clothing,Clothing & Accessories > Clothing,Female,adult,,3450.0 INR
A9-0KP-22-S,Rose Bloom Handloom Embroidered Kurta Set-MidnightBlue,Rose Bloom Handloom Embroidered Kurta Set-MidnightBlue,out of stock,new,https://www.prathiksham.in/store/item/Rose+Bloom+Handloom+Embroidered+Kurta+Set?id=1325,https://www.prathiksham.in/aalam/stock/item/1325/image/_/face-img,Prathiksham,MidnightBlue,Handloom Cotton,Handloom,S,Apparel & Accessories > Clothing,Clothing & Accessories > Clothing,Female,adult,,3450.0 INR
A9-0KP-22-M,Rose Bloom Handloom Embroidered Kurta Set-MidnightBlue,Rose Bloom Handloom Embroidered Kurta Set-MidnightBlue,out of stock,new,https://www.prathiksham.in/store/item/Rose+Bloom+Handloom+Embroidered+Kurta+Set?id=1326,https://www.prathiksham.in/aalam/stock/item/1326/image/_/face-img,Prathiksham,MidnightBlue,Handloom Cotton,Handloom,M,Apparel & Accessories > Clothing,Clothing & Accessories > Clothing,Female,adult,,3450.0 INR
A9-0KP-22-L,Rose Bloom Handloom Embroidered Kurta Set-MidnightBlue,Rose Bloom Handloom Embroidered Kurta Set-MidnightBlue,out of stock,new,https://www.prathiksham.in/store/item/Rose+Bloom+Handloom+Embroidered+Kurta+Set?id=1327,https://www.prathiksham.in/aalam/stock/item/1327/image/_/face-img,Prathiksham,MidnightBlue,Handloom Cotton,Handloom,L,Apparel & Accessories > Clothing,Clothing & Accessories > Clothing,Female,adult,,3450.0 INR
A9-0KP-22-XL,Rose Bloom Handloom Embroidered Kurta Set-MidnightBlue,Rose Bloom Handloom Embroidered Kurta Set-MidnightBlue,out of stock,new,https://www.prathiksham.in/store/item/Rose+Bloom+Handloom+Embroidered+Kurta+Set?id=1328,https://www.prathiksham.in/aalam/stock/item/1328/image/_/face-img,Prathiksham,MidnightBlue,Handloom Cotton,Handloom,XL,Apparel & Accessories > Clothing,Clothing & Accessories > Clothing,Female,adult,,3450.0 INR
A9-0KP-22-XXL,Rose Bloom Handloom Embroidered Kurta Set-MidnightBlue,Rose Bloom Handloom Embroidered Kurta Set-MidnightBlue,out of stock,new,https://www.prathiksham.in/store/item/Rose+Bloom+Handloom+Embroidered+Kurta+Set?id=1329,https://www.prathiksham.in/aalam/stock/item/1329/image/_/face-img,Prathiksham,MidnightBlue,Handloom Cotton,Handloom,XXL,Apparel & Accessories > Clothing,Clothing & Accessories > Clothing,Female,adult,,3450.0 INR
A9-0KP-21-XS,Starfruit Vine Handloom Embroidered A-Line Kurta Set-SeaGreen,Starfruit Vine Handloom Embroidered A-Line Kurta Set-SeaGreen,in stock,new,https://www.prathiksham.in/store/item/Starfruit+Vine+Handloom+Embroidered+A-Line+Kurta+Set?id=1330,https://www.prathiksham.in/aalam/stock/item/1330/image/_/face-img,Prathiksham,SeaGreen,Handloom Cotton,Handloom,XS,Apparel & Accessories > Clothing,Clothing & Accessories > Clothing,Female,adult,,2999.0 INR
A9-0KP-21-S,Starfruit Vine Handloom Embroidered A-Line Kurta Set-SeaGreen,Starfruit Vine Handloom Embroidered A-Line Kurta Set-SeaGreen,in stock,new,https://www.prathiksham.in/store/item/Starfruit+Vine+Handloom+Embroidered+A-Line+Kurta+Set?id=1331,https://www.prathiksham.in/aalam/stock/item/1331/image/_/face-img,Prathiksham,SeaGreen,Handloom Cotton,Handloom,S,Apparel & Accessories > Clothing,Clothing & Accessories > Clothing,Female,adult,,2999.0 INR
A9-0KP-21-M,Starfruit Vine Handloom Embroidered A-Line Kurta Set-SeaGreen,Starfruit Vine Handloom Embroidered A-Line Kurta Set-SeaGreen,in stock,new,https://www.prathiksham.in/store/item/Starfruit+Vine+Handloom+Embroidered+A-Line+Kurta+Set?id=1332,https://www.prathiksham.in/aalam/stock/item/1332/image/_/face-img,Prathiksham,SeaGreen,Handloom Cotton,Handloom,M,Apparel & Accessories > Clothing,Clothing & Accessories > Clothing,Female,adult,,2999.0 INR
A9-0KP-21-L,Starfruit Vine Handloom Embroidered A-Line Kurta Set-SeaGreen,Starfruit Vine Handloom Embroidered A-Line Kurta Set-SeaGreen,in stock,new,https://www.prathiksham.in/store/item/Starfruit+Vine+Handloom+Embroidered+A-Line+Kurta+Set?id=1333,https://www.prathiksham.in/aalam/stock/item/1333/image/_/face-img,Prathiksham,SeaGreen,Handloom Cotton,Handloom,L,Apparel & Accessories > Clothing,Clothing & Accessories > Clothing,Female,adult,,2999.0 INR
A9-0KP-21-XL,Starfruit Vine Handloom Embroidered A-Line Kurta Set-SeaGreen,Starfruit Vine Handloom Embroidered A-Line Kurta Set-SeaGreen,in stock,new,https://www.prathiksham.in/store/item/Starfruit+Vine+Handloom+Embroidered+A-Line+Kurta+Set?id=1334,https://www.prathiksham.in/aalam/stock/item/1334/image/_/face-img,Prathiksham,SeaGreen,Handloom Cotton,Handloom,XL,Apparel & Accessories > Clothing,Clothing & Accessories > Clothing,Female,adult,,2999.0 INR
A9-0KP-21-XXL,Starfruit Vine Handloom Embroidered A-Line Kurta Set-SeaGreen,Starfruit Vine Handloom Embroidered A-Line Kurta Set-SeaGreen,in stock,new,https://www.prathiksham.in/store/item/Starfruit+Vine+Handloom+Embroidered+A-Line+Kurta+Set?id=1335,https://www.prathiksham.in/aalam/stock/item/1335/image/_/face-img,Prathiksham,SeaGreen,Handloom Cotton,Handloom,XXL,Apparel & Accessories > Clothing,Clothing & Accessories > Clothing,Female,adult,,2999.0 INR
A9-0CD-54-XS,Pearl Ash Ikkat A-Line Co-ord Set-White,Pearl Ash Ikkat A-Line Co-ord Set-White,in stock,new,https://www.prathiksham.in/store/item/Pearl+Ash+Ikkat+A-Line+Co-ord+Set?id=1336,https://www.prathiksham.in/aalam/stock/item/1336/image/_/face-img,Prathiksham,White,Cotton,Ikkat,XS,Apparel & Accessories > Clothing,Clothing & Accessories > Clothing,Female,adult,,1950.0 INR
A9-0CD-54-S,Pearl Ash Ikkat A-Line Co-ord Set-White,Pearl Ash Ikkat A-Line Co-ord Set-White,in stock,new,https://www.prathiksham.in/store/item/Pearl+Ash+Ikkat+A-Line+Co-ord+Set?id=1337,https://www.prathiksham.in/aalam/stock/item/1337/image/_/face-img,Prathiksham,White,Cotton,Ikkat,S,Apparel & Accessories > Clothing,Clothing & Accessories > Clothing,Female,adult,,1950.0 INR
A9-0CD-54-M,Pearl Ash Ikkat A-Line Co-ord Set-White,Pearl Ash Ikkat A-Line Co-ord Set-White,in stock,new,https://www.prathiksham.in/store/item/Pearl+Ash+Ikkat+A-Line+Co-ord+Set?id=1338,https://www.prathiksham.in/aalam/stock/item/1338/image/_/face-img,Prathiksham,White,Cotton,Ikkat,M,Apparel & Accessories > Clothing,Clothing & Accessories > Clothing,Female,adult,,1950.0 INR
A9-0CD-54-L,Pearl Ash Ikkat A-Line Co-ord Set-White,Pearl Ash Ikkat A-Line Co-ord Set-White,in stock,new,https://www.prathiksham.in/store/item/Pearl+Ash+Ikkat+A-Line+Co-ord+Set?id=1339,https://www.prathiksham.in/aalam/stock/item/1339/image/_/face-img,Prathiksham,White,Cotton,Ikkat,L,Apparel & Accessories > Clothing,Clothing & Accessories > Clothing,Female,adult,,1950.0 INR
A9-0CD-54-XL,Pearl Ash Ikkat A-Line Co-ord Set-White,Pearl Ash Ikkat A-Line Co-ord Set-White,in stock,new,https://www.prathiksham.in/store/item/Pearl+Ash+Ikkat+A-Line+Co-ord+Set?id=1340,https://www.prathiksham.in/aalam/stock/item/1340/image/_/face-img,Prathiksham,White,Cotton,Ikkat,XL,Apparel & Accessories > Clothing,Clothing & Accessories > Clothing,Female,adult,,1950.0 INR
A9-0CD-54-XXL,Pearl Ash Ikkat A-Line Co-ord Set-White,Pearl Ash Ikkat A-Line Co-ord Set-White,out of stock,new,https://www.prathiksham.in/store/item/Pearl+Ash+Ikkat+A-Line+Co-ord+Set?id=1341,https://www.prathiksham.in/aalam/stock/item/1341/image/_/face-img,Prathiksham,White,Cotton,Ikkat,XXL,Apparel & Accessories > Clothing,Clothing & Accessories > Clothing,Female,adult,,1950.0 INR
A9-0CD-53-XS,Lavender Milk Ikkat Co-ord Set-White,Lavender Milk Ikkat Co-ord Set-White,in stock,new,https://www.prathiksham.in/store/item/Lavender+Milk+Ikkat+Co-ord+Set?id=1342,https://www.prathiksham.in/aalam/stock/item/1342/image/_/face-img,Prathiksham,White,Cotton,Ikkat,XS,Apparel & Accessories > Clothing,Clothing & Accessories > Clothing,Female,adult,,1900.0 INR
A9-0CD-53-S,Lavender Milk Ikkat Co-ord Set-White,Lavender Milk Ikkat Co-ord Set-White,in stock,new,https://www.prathiksham.in/store/item/Lavender+Milk+Ikkat+Co-ord+Set?id=1343,https://www.prathiksham.in/aalam/stock/item/1343/image/_/face-img,Prathiksham,White,Cotton,Ikkat,S,Apparel & Accessories > Clothing,Clothing & Accessories > Clothing,Female,adult,,1900.0 INR
A9-0CD-53-M,Lavender Milk Ikkat Co-ord Set-White,Lavender Milk Ikkat Co-ord Set-White,in stock,new,https://www.prathiksham.in/store/item/Lavender+Milk+Ikkat+Co-ord+Set?id=1344,https://www.prathiksham.in/aalam/stock/item/1344/image/_/face-img,Prathiksham,White,Cotton,Ikkat,M,Apparel & Accessories > Clothing,Clothing & Accessories > Clothing,Female,adult,,1900.0 INR
A9-0CD-53-L,Lavender Milk Ikkat Co-ord Set-White,Lavender Milk Ikkat Co-ord Set-White,in stock,new,https://www.prathiksham.in/store/item/Lavender+Milk+Ikkat+Co-ord+Set?id=1345,https://www.prathiksham.in/aalam/stock/item/1345/image/_/face-img,Prathiksham,White,Cotton,Ikkat,L,Apparel & Accessories > Clothing,Clothing & Accessories > Clothing,Female,adult,,1900.0 INR
A9-0CD-53-XL,Lavender Milk Ikkat Co-ord Set-White,Lavender Milk Ikkat Co-ord Set-White,out of stock,new,https://www.prathiksham.in/store/item/Lavender+Milk+Ikkat+Co-ord+Set?id=1346,https://www.prathiksham.in/aalam/stock/item/1346/image/_/face-img,Prathiksham,White,Cotton,Ikkat,XL,Apparel & Accessories > Clothing,Clothing & Accessories > Clothing,Female,adult,,1900.0 INR
A9-0CD-53-XXL,Lavender Milk Ikkat Co-ord Set-White,Lavender Milk Ikkat Co-ord Set-White,out of stock,new,https://www.prathiksham.in/store/item/Lavender+Milk+Ikkat+Co-ord+Set?id=1347,https://www.prathiksham.in/aalam/stock/item/1347/image/_/face-img,Prathiksham,White,Cotton,Ikkat,XXL,Apparel & Accessories > Clothing,Clothing & Accessories > Clothing,Female,adult,,1900.0 INR
A9-0CD-52-XS,Lilac Loom Ikkat Co-ord Set-MediumSlateBlue,Lilac Loom Ikkat Co-ord Set-MediumSlateBlue,in stock,new,https://www.prathiksham.in/store/item/Lilac+Loom+Ikkat+Co-ord+Set?id=1348,https://www.prathiksham.in/aalam/stock/item/1348/image/_/face-img,Prathiksham,MediumSlateBlue,Cotton,Ikkat,XS,Apparel & Accessories > Clothing,Clothing & Accessories > Clothing,Female,adult,,1600.0 INR
A9-0CD-52-S,Lilac Loom Ikkat Co-ord Set-MediumSlateBlue,Lilac Loom Ikkat Co-ord Set-MediumSlateBlue,in stock,new,https://www.prathiksham.in/store/item/Lilac+Loom+Ikkat+Co-ord+Set?id=1349,https://www.prathiksham.in/aalam/stock/item/1349/image/_/face-img,Prathiksham,MediumSlateBlue,Cotton,Ikkat,S,Apparel & Accessories > Clothing,Clothing & Accessories > Clothing,Female,adult,,1600.0 INR
A9-0CD-52-M,Lilac Loom Ikkat Co-ord Set-MediumSlateBlue,Lilac Loom Ikkat Co-ord Set-MediumSlateBlue,in stock,new,https://www.prathiksham.in/store/item/Lilac+Loom+Ikkat+Co-ord+Set?id=1350,https://www.prathiksham.in/aalam/stock/item/1350/image/_/face-img,Prathiksham,MediumSlateBlue,Cotton,Ikkat,M,Apparel & Accessories > Clothing,Clothing & Accessories > Clothing,Female,adult,,1600.0 INR
A9-0CD-52-L,Lilac Loom Ikkat Co-ord Set-MediumSlateBlue,Lilac Loom Ikkat Co-ord Set-MediumSlateBlue,out of stock,new,https://www.prathiksham.in/store/item/Lilac+Loom+Ikkat+Co-ord+Set?id=1351,https://www.prathiksham.in/aalam/stock/item/1351/image/_/face-img,Prathiksham,MediumSlateBlue,Cotton,Ikkat,L,Apparel & Accessories > Clothing,Clothing & Accessories > Clothing,Female,adult,,1600.0 INR
A9-0CD-52-XL,Lilac Loom Ikkat Co-ord Set-MediumSlateBlue,Lilac Loom Ikkat Co-ord Set-MediumSlateBlue,out of stock,new,https://www.prathiksham.in/store/item/Lilac+Loom+Ikkat+Co-ord+Set?id=1352,https://www.prathiksham.in/aalam/stock/item/1352/image/_/face-img,Prathiksham,MediumSlateBlue,Cotton,Ikkat,XL,Apparel & Accessories > Clothing,Clothing & Accessories > Clothing,Female,adult,,1600.0 INR
A9-0CD-52-XXL,Lilac Loom Ikkat Co-ord Set-MediumSlateBlue,Lilac Loom Ikkat Co-ord Set-MediumSlateBlue,out of stock,new,https://www.prathiksham.in/store/item/Lilac+Loom+Ikkat+Co-ord+Set?id=1353,https://www.prathiksham.in/aalam/stock/item/1353/image/_/face-img,Prathiksham,MediumSlateBlue,Cotton,Ikkat,XXL,Apparel & Accessories > Clothing,Clothing & Accessories > Clothing,Female,adult,,1600.0 INR
A9-0CD-51-XS,Vintage Plum Ikat Co-ord Set-Lavender,Vintage Plum Ikat Co-ord Set-Lavender,in stock,new,https://www.prathiksham.in/store/item/Vintage+Plum+Ikat+Co-ord+Set?id=1354,https://www.prathiksham.in/aalam/stock/item/1354/image/_/face-img,Prathiksham,Lavender,Cotton,Ikkat,XS,Apparel & Accessories > Clothing,Clothing & Accessories > Clothing,Female,adult,,1600.0 INR
A9-0CD-51-S,Vintage Plum Ikat Co-ord Set-Lavender,Vintage Plum Ikat Co-ord Set-Lavender,in stock,new,https://www.prathiksham.in/store/item/Vintage+Plum+Ikat+Co-ord+Set?id=1355,https://www.prathiksham.in/aalam/stock/item/1355/image/_/face-img,Prathiksham,Lavender,Cotton,Ikkat,S,Apparel & Accessories > Clothing,Clothing & Accessories > Clothing,Female,adult,,1600.0 INR
A9-0CD-51-M,Vintage Plum Ikat Co-ord Set-Lavender,Vintage Plum Ikat Co-ord Set-Lavender,out of stock,new,https://www.prathiksham.in/store/item/Vintage+Plum+Ikat+Co-ord+Set?id=1356,https://www.prathiksham.in/aalam/stock/item/1356/image/_/face-img,Prathiksham,Lavender,Cotton,Ikkat,M,Apparel & Accessories > Clothing,Clothing & Accessories > Clothing,Female,adult,,1600.0 INR
A9-0CD-51-L,Vintage Plum Ikat Co-ord Set-Lavender,Vintage Plum Ikat Co-ord Set-Lavender,out of stock,new,https://www.prathiksham.in/store/item/Vintage+Plum+Ikat+Co-ord+Set?id=1357,https://www.prathiksham.in/aalam/stock/item/1357/image/_/face-img,Prathiksham,Lavender,Cotton,Ikkat,L,Apparel & Accessories > Clothing,Clothing & Accessories > Clothing,Female,adult,,1600.0 INR
A9-0CD-51-XL,Vintage Plum Ikat Co-ord Set-Lavender,Vintage Plum Ikat Co-ord Set-Lavender,in stock,new,https://www.prathiksham.in/store/item/Vintage+Plum+Ikat+Co-ord+Set?id=1358,https://www.prathiksham.in/aalam/stock/item/1358/image/_/face-img,Prathiksham,Lavender,Cotton,Ikkat,XL,Apparel & Accessories > Clothing,Clothing & Accessories > Clothing,Female,adult,,1600.0 INR
A9-0CD-51-XXL,Vintage Plum Ikat Co-ord Set-Lavender,Vintage Plum Ikat Co-ord Set-Lavender,in stock,new,https://www.prathiksham.in/store/item/Vintage+Plum+Ikat+Co-ord+Set?id=1359,https://www.prathiksham.in/aalam/stock/item/1359/image/_/face-img,Prathiksham,Lavender,Cotton,Ikkat,XXL,Apparel & Accessories > Clothing,Clothing & Accessories > Clothing,Female,adult,,1600.0 INR
A9-0CD-50-XS,Grey Shadow Ikkat Co-ord Set-LightSlateGray,Grey Shadow Ikkat Co-ord Set-LightSlateGray,in stock,new,https://www.prathiksham.in/store/item/Grey+Shadow+Ikkat+Co-ord+Set?id=1360,https://www.prathiksham.in/aalam/stock/item/1360/image/_/face-img,Prathiksham,LightSlateGray,Cotton,Ikkat,XS,Apparel & Accessories > Clothing,Clothing & Accessories > Clothing,Female,adult,,1699.0 INR
A9-0CD-50-S,Grey Shadow Ikkat Co-ord Set-LightSlateGray,Grey Shadow Ikkat Co-ord Set-LightSlateGray,in stock,new,https://www.prathiksham.in/store/item/Grey+Shadow+Ikkat+Co-ord+Set?id=1361,https://www.prathiksham.in/aalam/stock/item/1361/image/_/face-img,Prathiksham,LightSlateGray,Cotton,Ikkat,S,Apparel & Accessories > Clothing,Clothing & Accessories > Clothing,Female,adult,,1699.0 INR
A9-0CD-50-M,Grey Shadow Ikkat Co-ord Set-LightSlateGray,Grey Shadow Ikkat Co-ord Set-LightSlateGray,out of stock,new,https://www.prathiksham.in/store/item/Grey+Shadow+Ikkat+Co-ord+Set?id=1362,https://www.prathiksham.in/aalam/stock/item/1362/image/_/face-img,Prathiksham,LightSlateGray,Cotton,Ikkat,M,Apparel & Accessories > Clothing,Clothing & Accessories > Clothing,Female,adult,,1699.0 INR
A9-0CD-50-L,Grey Shadow Ikkat Co-ord Set-LightSlateGray,Grey Shadow Ikkat Co-ord Set-LightSlateGray,out of stock,new,https://www.prathiksham.in/store/item/Grey+Shadow+Ikkat+Co-ord+Set?id=1363,https://www.prathiksham.in/aalam/stock/item/1363/image/_/face-img,Prathiksham,LightSlateGray,Cotton,Ikkat,L,Apparel & Accessories > Clothing,Clothing & Accessories > Clothing,Female,adult,,1699.0 INR
A9-0CD-50-XL,Grey Shadow Ikkat Co-ord Set-LightSlateGray,Grey Shadow Ikkat Co-ord Set-LightSlateGray,out of stock,new,https://www.prathiksham.in/store/item/Grey+Shadow+Ikkat+Co-ord+Set?id=1364,https://www.prathiksham.in/aalam/stock/item/1364/image/_/face-img,Prathiksham,LightSlateGray,Cotton,Ikkat,XL,Apparel & Accessories > Clothing,Clothing & Accessories > Clothing,Female,adult,,1699.0 INR
A9-0CD-50-XXL,Grey Shadow Ikkat Co-ord Set-LightSlateGray,Grey Shadow Ikkat Co-ord Set-LightSlateGray,out of stock,new,https://www.prathiksham.in/store/item/Grey+Shadow+Ikkat+Co-ord+Set?id=1365,https://www.prathiksham.in/aalam/stock/item/1365/image/_/face-img,Prathiksham,LightSlateGray,Cotton,Ikkat,XXL,Apparel & Accessories > Clothing,Clothing & Accessories > Clothing,Female,adult,,1699.0 INR
A9-0CD-49-XS,Creamwood Ikkat Co-ord Set-Linen,Creamwood Ikkat Co-ord Set-Linen,in stock,new,https://www.prathiksham.in/store/item/Creamwood+Ikkat+Co-ord+Set?id=1366,https://www.prathiksham.in/aalam/stock/item/1366/image/_/face-img,Prathiksham,Linen,Cotton,Ikkat,XS,Apparel & Accessories > Clothing,Clothing & Accessories > Clothing,Female,adult,,1600.0 INR
A9-0CD-49-S,Creamwood Ikkat Co-ord Set-Linen,Creamwood Ikkat Co-ord Set-Linen,out of stock,new,https://www.prathiksham.in/store/item/Creamwood+Ikkat+Co-ord+Set?id=1367,https://www.prathiksham.in/aalam/stock/item/1367/image/_/face-img,Prathiksham,Linen,Cotton,Ikkat,S,Apparel & Accessories > Clothing,Clothing & Accessories > Clothing,Female,adult,,1600.0 INR
A9-0CD-49-M,Creamwood Ikkat Co-ord Set-Linen,Creamwood Ikkat Co-ord Set-Linen,in stock,new,https://www.prathiksham.in/store/item/Creamwood+Ikkat+Co-ord+Set?id=1368,https://www.prathiksham.in/aalam/stock/item/1368/image/_/face-img,Prathiksham,Linen,Cotton,Ikkat,M,Apparel & Accessories > Clothing,Clothing & Accessories > Clothing,Female,adult,,1600.0 INR
A9-0CD-49-L,Creamwood Ikkat Co-ord Set-Linen,Creamwood Ikkat Co-ord Set-Linen,out of stock,new,https://www.prathiksham.in/store/item/Creamwood+Ikkat+Co-ord+Set?id=1369,https://www.prathiksham.in/aalam/stock/item/1369/image/_/face-img,Prathiksham,Linen,Cotton,Ikkat,L,Apparel & Accessories > Clothing,Clothing & Accessories > Clothing,Female,adult,,1600.0 INR
A9-0CD-49-XL,Creamwood Ikkat Co-ord Set-Linen,Creamwood Ikkat Co-ord Set-Linen,in stock,new,https://www.prathiksham.in/store/item/Creamwood+Ikkat+Co-ord+Set?id=1370,https://www.prathiksham.in/aalam/stock/item/1370/image/_/face-img,Prathiksham,Linen,Cotton,Ikkat,XL,Apparel & Accessories > Clothing,Clothing & Accessories > Clothing,Female,adult,,1600.0 INR
A9-0CD-49-XXL,Creamwood Ikkat Co-ord Set-Linen,Creamwood Ikkat Co-ord Set-Linen,in stock,new,https://www.prathiksham.in/store/item/Creamwood+Ikkat+Co-ord+Set?id=1371,https://www.prathiksham.in/aalam/stock/item/1371/image/_/face-img,Prathiksham,Linen,Cotton,Ikkat,XXL,Apparel & Accessories > Clothing,Clothing & Accessories > Clothing,Female,adult,,1600.0 INR
A9-0CD-48-XS,Jamun Pink Ikkat Co-ord Set-DeepPink,Jamun Pink Ikkat Co-ord Set-DeepPink,in stock,new,https://www.prathiksham.in/store/item/Jamun+Pink+Ikkat+Co-ord+Set?id=1372,https://www.prathiksham.in/aalam/stock/item/1372/image/_/face-img,Prathiksham,DeepPink,Cotton,Ikkat,XS,Apparel & Accessories > Clothing,Clothing & Accessories > Clothing,Female,adult,,1600.0 INR
A9-0CD-48-S,Jamun Pink Ikkat Co-ord Set-DeepPink,Jamun Pink Ikkat Co-ord Set-DeepPink,in stock,new,https://www.prathiksham.in/store/item/Jamun+Pink+Ikkat+Co-ord+Set?id=1373,https://www.prathiksham.in/aalam/stock/item/1373/image/_/face-img,Prathiksham,DeepPink,Cotton,Ikkat,S,Apparel & Accessories > Clothing,Clothing & Accessories > Clothing,Female,adult,,1600.0 INR
A9-0CD-48-M,Jamun Pink Ikkat Co-ord Set-DeepPink,Jamun Pink Ikkat Co-ord Set-DeepPink,out of stock,new,https://www.prathiksham.in/store/item/Jamun+Pink+Ikkat+Co-ord+Set?id=1374,https://www.prathiksham.in/aalam/stock/item/1374/image/_/face-img,Prathiksham,DeepPink,Cotton,Ikkat,M,Apparel & Accessories > Clothing,Clothing & Accessories > Clothing,Female,adult,,1600.0 INR
A9-0CD-48-L,Jamun Pink Ikkat Co-ord Set-DeepPink,Jamun Pink Ikkat Co-ord Set-DeepPink,out of stock,new,https://www.prathiksham.in/store/item/Jamun+Pink+Ikkat+Co-ord+Set?id=1375,https://www.prathiksham.in/aalam/stock/item/1375/image/_/face-img,Prathiksham,DeepPink,Cotton,Ikkat,L,Apparel & Accessories > Clothing,Clothing & Accessories > Clothing,Female,adult,,1600.0 INR
A9-0CD-48-XL,Jamun Pink Ikkat Co-ord Set-DeepPink,Jamun Pink Ikkat Co-ord Set-DeepPink,out of stock,new,https://www.prathiksham.in/store/item/Jamun+Pink+Ikkat+Co-ord+Set?id=1376,https://www.prathiksham.in/aalam/stock/item/1376/image/_/face-img,Prathiksham,DeepPink,Cotton,Ikkat,XL,Apparel & Accessories > Clothing,Clothing & Accessories > Clothing,Female,adult,,1600.0 INR
A9-0CD-48-XXL,Jamun Pink Ikkat Co-ord Set-DeepPink,Jamun Pink Ikkat Co-ord Set-DeepPink,in stock,new,https://www.prathiksham.in/store/item/Jamun+Pink+Ikkat+Co-ord+Set?id=1377,https://www.prathiksham.in/aalam/stock/item/1377/image/_/face-img,Prathiksham,DeepPink,Cotton,Ikkat,XXL,Apparel & Accessories > Clothing,Clothing & Accessories > Clothing,Female,adult,,1600.0 INR
A6-0KP-18-XS,Teal Berry Ikkat Co-ord Set-DarkSlateGrey,Teal Berry Ikkat Co-ord Set-DarkSlateGrey,in stock,new,https://www.prathiksham.in/store/item/Teal+Berry+Ikkat+Co-ord+Set?id=1378,https://www.prathiksham.in/aalam/stock/item/1378/image/_/face-img,Prathiksham,DarkSlateGrey,Cotton,Ikkat,XS,Apparel & Accessories > Clothing,Clothing & Accessories > Clothing,Female,adult,,1750.0 INR
A6-0KP-18-S,Teal Berry Ikkat Co-ord Set-DarkSlateGrey,Teal Berry Ikkat Co-ord Set-DarkSlateGrey,out of stock,new,https://www.prathiksham.in/store/item/Teal+Berry+Ikkat+Co-ord+Set?id=1379,https://www.prathiksham.in/aalam/stock/item/1379/image/_/face-img,Prathiksham,DarkSlateGrey,Cotton,Ikkat,S,Apparel & Accessories > Clothing,Clothing & Accessories > Clothing,Female,adult,,1750.0 INR
A6-0KP-18-M,Teal Berry Ikkat Co-ord Set-DarkSlateGrey,Teal Berry Ikkat Co-ord Set-DarkSlateGrey,in stock,new,https://www.prathiksham.in/store/item/Teal+Berry+Ikkat+Co-ord+Set?id=1380,https://www.prathiksham.in/aalam/stock/item/1380/image/_/face-img,Prathiksham,DarkSlateGrey,Cotton,Ikkat,M,Apparel & Accessories > Clothing,Clothing & Accessories > Clothing,Female,adult,,1750.0 INR
A6-0KP-18-L,Teal Berry Ikkat Co-ord Set-DarkSlateGrey,Teal Berry Ikkat Co-ord Set-DarkSlateGrey,out of stock,new,https://www.prathiksham.in/store/item/Teal+Berry+Ikkat+Co-ord+Set?id=1381,https://www.prathiksham.in/aalam/stock/item/1381/image/_/face-img,Prathiksham,DarkSlateGrey,Cotton,Ikkat,L,Apparel & Accessories > Clothing,Clothing & Accessories > Clothing,Female,adult,,1750.0 INR
A6-0KP-18-XL,Teal Berry Ikkat Co-ord Set-DarkSlateGrey,Teal Berry Ikkat Co-ord Set-DarkSlateGrey,in stock,new,https://www.prathiksham.in/store/item/Teal+Berry+Ikkat+Co-ord+Set?id=1382,https://www.prathiksham.in/aalam/stock/item/1382/image/_/face-img,Prathiksham,DarkSlateGrey,Cotton,Ikkat,XL,Apparel & Accessories > Clothing,Clothing & Accessories > Clothing,Female,adult,,1750.0 INR
A6-0KP-18-XXL,Teal Berry Ikkat Co-ord Set-DarkSlateGrey,Teal Berry Ikkat Co-ord Set-DarkSlateGrey,in stock,new,https://www.prathiksham.in/store/item/Teal+Berry+Ikkat+Co-ord+Set?id=1383,https://www.prathiksham.in/aalam/stock/item/1383/image/_/face-img,Prathiksham,DarkSlateGrey,Cotton,Ikkat,XXL,Apparel & Accessories > Clothing,Clothing & Accessories > Clothing,Female,adult,,1750.0 INR
A9-0CD-46-XS,Magenta Muse Handwoven Ikkat Co-ord Set-DarkOrchid,Magenta Muse Handwoven Ikkat Co-ord Set-DarkOrchid,out of stock,new,https://www.prathiksham.in/store/item/Magenta+Muse+Handwoven+Ikkat+Co-ord+Set?id=1384,https://www.prathiksham.in/aalam/stock/item/1384/image/_/face-img,Prathiksham,DarkOrchid,Handloom Cotton,Handloom,XS,Apparel & Accessories > Clothing,Clothing & Accessories > Clothing,Female,adult,,2100.0 INR
A9-0CD-46-S,Magenta Muse Handwoven Ikkat Co-ord Set-DarkOrchid,Magenta Muse Handwoven Ikkat Co-ord Set-DarkOrchid,in stock,new,https://www.prathiksham.in/store/item/Magenta+Muse+Handwoven+Ikkat+Co-ord+Set?id=1385,https://www.prathiksham.in/aalam/stock/item/1385/image/_/face-img,Prathiksham,DarkOrchid,Handloom Cotton,Handloom,S,Apparel & Accessories > Clothing,Clothing & Accessories > Clothing,Female,adult,,2100.0 INR
A9-0CD-46-M,Magenta Muse Handwoven Ikkat Co-ord Set-DarkOrchid,Magenta Muse Handwoven Ikkat Co-ord Set-DarkOrchid,in stock,new,https://www.prathiksham.in/store/item/Magenta+Muse+Handwoven+Ikkat+Co-ord+Set?id=1386,https://www.prathiksham.in/aalam/stock/item/1386/image/_/face-img,Prathiksham,DarkOrchid,Handloom Cotton,Handloom,M,Apparel & Accessories > Clothing,Clothing & Accessories > Clothing,Female,adult,,2100.0 INR
A9-0CD-46-L,Magenta Muse Handwoven Ikkat Co-ord Set-DarkOrchid,Magenta Muse Handwoven Ikkat Co-ord Set-DarkOrchid,out of stock,new,https://www.prathiksham.in/store/item/Magenta+Muse+Handwoven+Ikkat+Co-ord+Set?id=1387,https://www.prathiksham.in/aalam/stock/item/1387/image/_/face-img,Prathiksham,DarkOrchid,Handloom Cotton,Handloom,L,Apparel & Accessories > Clothing,Clothing & Accessories > Clothing,Female,adult,,2100.0 INR
A9-0CD-46-XL,Magenta Muse Handwoven Ikkat Co-ord Set-DarkOrchid,Magenta Muse Handwoven Ikkat Co-ord Set-DarkOrchid,in stock,new,https://www.prathiksham.in/store/item/Magenta+Muse+Handwoven+Ikkat+Co-ord+Set?id=1388,https://www.prathiksham.in/aalam/stock/item/1388/image/_/face-img,Prathiksham,DarkOrchid,Handloom Cotton,Handloom,XL,Apparel & Accessories > Clothing,Clothing & Accessories > Clothing,Female,adult,,2100.0 INR
A9-0CD-46-XXL,Magenta Muse Handwoven Ikkat Co-ord Set-DarkOrchid,Magenta Muse Handwoven Ikkat Co-ord Set-DarkOrchid,in stock,new,https://www.prathiksham.in/store/item/Magenta+Muse+Handwoven+Ikkat+Co-ord+Set?id=1389,https://www.prathiksham.in/aalam/stock/item/1389/image/_/face-img,Prathiksham,DarkOrchid,Handloom Cotton,Handloom,XXL,Apparel & Accessories > Clothing,Clothing & Accessories > Clothing,Female,adult,,2100.0 INR
A1-00K-022-XS,Blue Fish Print Kurta-BlanchedAlmond,Blue Fish Print Kurta-BlanchedAlmond,in stock,new,https://www.prathiksham.in/store/item/Blue+Fish+Print+Kurta?id=1390,https://www.prathiksham.in/aalam/stock/item/1390/image/_/face-img,Prathiksham,BlanchedAlmond,Pure Cotton,Handblock,XS,Apparel & Accessories > Clothing,Clothing & Accessories > Clothing,Female,adult,,1900.0 INR
A1-00K-022-S,Blue Fish Print Kurta-BlanchedAlmond,Blue Fish Print Kurta-BlanchedAlmond,in stock,new,https://www.prathiksham.in/store/item/Blue+Fish+Print+Kurta?id=1391,https://www.prathiksham.in/aalam/stock/item/1391/image/_/face-img,Prathiksham,BlanchedAlmond,Pure Cotton,Handblock,S,Apparel & Accessories > Clothing,Clothing & Accessories > Clothing,Female,adult,,1900.0 INR
A1-00K-022-M,Blue Fish Print Kurta-BlanchedAlmond,Blue Fish Print Kurta-BlanchedAlmond,in stock,new,https://www.prathiksham.in/store/item/Blue+Fish+Print+Kurta?id=1392,https://www.prathiksham.in/aalam/stock/item/1392/image/_/face-img,Prathiksham,BlanchedAlmond,Pure Cotton,Handblock,M,Apparel & Accessories > Clothing,Clothing & Accessories > Clothing,Female,adult,,1900.0 INR
A1-00K-022-L,Blue Fish Print Kurta-BlanchedAlmond,Blue Fish Print Kurta-BlanchedAlmond,out of stock,new,https://www.prathiksham.in/store/item/Blue+Fish+Print+Kurta?id=1393,https://www.prathiksham.in/aalam/stock/item/1393/image/_/face-img,Prathiksham,BlanchedAlmond,Pure Cotton,Handblock,L,Apparel & Accessories > Clothing,Clothing & Accessories > Clothing,Female,adult,,1900.0 INR
A1-00K-022-XL,Blue Fish Print Kurta-BlanchedAlmond,Blue Fish Print Kurta-BlanchedAlmond,in stock,new,https://www.prathiksham.in/store/item/Blue+Fish+Print+Kurta?id=1394,https://www.prathiksham.in/aalam/stock/item/1394/image/_/face-img,Prathiksham,BlanchedAlmond,Pure Cotton,Handblock,XL,Apparel & Accessories > Clothing,Clothing & Accessories > Clothing,Female,adult,,1900.0 INR
A1-00K-022-XXL,Blue Fish Print Kurta-BlanchedAlmond,Blue Fish Print Kurta-BlanchedAlmond,in stock,new,https://www.prathiksham.in/store/item/Blue+Fish+Print+Kurta?id=1395,https://www.prathiksham.in/aalam/stock/item/1395/image/_/face-img,Prathiksham,BlanchedAlmond,Pure Cotton,Handblock,XXL,Apparel & Accessories > Clothing,Clothing & Accessories > Clothing,Female,adult,,1900.0 INR
A1-00K-019-XS,Lotus Print Kurta-FireBrick,Lotus Print Kurta-FireBrick,in stock,new,https://www.prathiksham.in/store/item/Lotus+Print+Kurta?id=1396,https://www.prathiksham.in/aalam/stock/item/1396/image/_/face-img,Prathiksham,FireBrick,Pure Cotton,Handblock,XS,Apparel & Accessories > Clothing,Clothing & Accessories > Clothing,Female,adult,,1699.0 INR
A1-00K-019-S,Lotus Print Kurta-FireBrick,Lotus Print Kurta-FireBrick,in stock,new,https://www.prathiksham.in/store/item/Lotus+Print+Kurta?id=1397,https://www.prathiksham.in/aalam/stock/item/1397/image/_/face-img,Prathiksham,FireBrick,Pure Cotton,Handblock,S,Apparel & Accessories > Clothing,Clothing & Accessories > Clothing,Female,adult,,1699.0 INR
A1-00K-019-M,Lotus Print Kurta-FireBrick,Lotus Print Kurta-FireBrick,in stock,new,https://www.prathiksham.in/store/item/Lotus+Print+Kurta?id=1398,https://www.prathiksham.in/aalam/stock/item/1398/image/_/face-img,Prathiksham,FireBrick,Pure Cotton,Handblock,M,Apparel & Accessories > Clothing,Clothing & Accessories > Clothing,Female,adult,,1699.0 INR
A1-00K-019-L,Lotus Print Kurta-FireBrick,Lotus Print Kurta-FireBrick,in stock,new,https://www.prathiksham.in/store/item/Lotus+Print+Kurta?id=1399,https://www.prathiksham.in/aalam/stock/item/1399/image/_/face-img,Prathiksham,FireBrick,Pure Cotton,Handblock,L,Apparel & Accessories > Clothing,Clothing & Accessories > Clothing,Female,adult,,1699.0 INR
A1-00K-019-XL,Lotus Print Kurta-FireBrick,Lotus Print Kurta-FireBrick,in stock,new,https://www.prathiksham.in/store/item/Lotus+Print+Kurta?id=1400,https://www.prathiksham.in/aalam/stock/item/1400/image/_/face-img,Prathiksham,FireBrick,Pure Cotton,Handblock,XL,Apparel & Accessories > Clothing,Clothing & Accessories > Clothing,Female,adult,,1699.0 INR
A1-00K-019-XXL,Lotus Print Kurta-FireBrick,Lotus Print Kurta-FireBrick,in stock,new,https://www.prathiksham.in/store/item/Lotus+Print+Kurta?id=1401,https://www.prathiksham.in/aalam/stock/item/1401/image/_/face-img,Prathiksham,FireBrick,Pure Cotton,Handblock,XXL,Apparel & Accessories > Clothing,Clothing & Accessories > Clothing,Female,adult,,1699.0 INR
A4-00K-41-XS,Blue Blossom Stripe Kurta-RoyalBlue,Blue Blossom Stripe Kurta-RoyalBlue,in stock,new,https://www.prathiksham.in/store/item/Blue+Blossom+Stripe+Kurta?id=1402,https://www.prathiksham.in/aalam/stock/item/1402/image/_/face-img,Prathiksham,RoyalBlue,Cotton,Handblock,XS,Apparel & Accessories > Clothing,Clothing & Accessories > Clothing,Female,adult,,1660.0 INR
A4-00K-41-S,Blue Blossom Stripe Kurta-RoyalBlue,Blue Blossom Stripe Kurta-RoyalBlue,in stock,new,https://www.prathiksham.in/store/item/Blue+Blossom+Stripe+Kurta?id=1403,https://www.prathiksham.in/aalam/stock/item/1403/image/_/face-img,Prathiksham,RoyalBlue,Cotton,Handblock,S,Apparel & Accessories > Clothing,Clothing & Accessories > Clothing,Female,adult,,1660.0 INR
A4-00K-41-M,Blue Blossom Stripe Kurta-RoyalBlue,Blue Blossom Stripe Kurta-RoyalBlue,in stock,new,https://www.prathiksham.in/store/item/Blue+Blossom+Stripe+Kurta?id=1404,https://www.prathiksham.in/aalam/stock/item/1404/image/_/face-img,Prathiksham,RoyalBlue,Cotton,Handblock,M,Apparel & Accessories > Clothing,Clothing & Accessories > Clothing,Female,adult,,1660.0 INR
A4-00K-41-L,Blue Blossom Stripe Kurta-RoyalBlue,Blue Blossom Stripe Kurta-RoyalBlue,out of stock,new,https://www.prathiksham.in/store/item/Blue+Blossom+Stripe+Kurta?id=1405,https://www.prathiksham.in/aalam/stock/item/1405/image/_/face-img,Prathiksham,RoyalBlue,Cotton,Handblock,L,Apparel & Accessories > Clothing,Clothing & Accessories > Clothing,Female,adult,,1660.0 INR
A4-00K-41-XL,Blue Blossom Stripe Kurta-RoyalBlue,Blue Blossom Stripe Kurta-RoyalBlue,in stock,new,https://www.prathiksham.in/store/item/Blue+Blossom+Stripe+Kurta?id=1406,https://www.prathiksham.in/aalam/stock/item/1406/image/_/face-img,Prathiksham,RoyalBlue,Cotton,Handblock,XL,Apparel & Accessories > Clothing,Clothing & Accessories > Clothing,Female,adult,,1660.0 INR
A4-00K-41-XXL,Blue Blossom Stripe Kurta-RoyalBlue,Blue Blossom Stripe Kurta-RoyalBlue,in stock,new,https://www.prathiksham.in/store/item/Blue+Blossom+Stripe+Kurta?id=1407,https://www.prathiksham.in/aalam/stock/item/1407/image/_/face-img,Prathiksham,RoyalBlue,Cotton,Handblock,XXL,Apparel & Accessories > Clothing,Clothing & Accessories > Clothing,Female,adult,,1660.0 INR
A4-00K-40-XS,Pink Blossom Stripe Kurta-Pink,Pink Blossom Stripe Kurta-Pink,in stock,new,https://www.prathiksham.in/store/item/Pink+Blossom+Stripe+Kurta?id=1408,https://www.prathiksham.in/aalam/stock/item/1408/image/_/face-img,Prathiksham,Pink,Cotton,Handblock,XS,Apparel & Accessories > Clothing,Clothing & Accessories > Clothing,Female,adult,,1600.0 INR
A4-00K-40-S,Pink Blossom Stripe Kurta-Pink,Pink Blossom Stripe Kurta-Pink,in stock,new,https://www.prathiksham.in/store/item/Pink+Blossom+Stripe+Kurta?id=1409,https://www.prathiksham.in/aalam/stock/item/1409/image/_/face-img,Prathiksham,Pink,Cotton,Handblock,S,Apparel & Accessories > Clothing,Clothing & Accessories > Clothing,Female,adult,,1600.0 INR
A4-00K-40-M,Pink Blossom Stripe Kurta-Pink,Pink Blossom Stripe Kurta-Pink,in stock,new,https://www.prathiksham.in/store/item/Pink+Blossom+Stripe+Kurta?id=1410,https://www.prathiksham.in/aalam/stock/item/1410/image/_/face-img,Prathiksham,Pink,Cotton,Handblock,M,Apparel & Accessories > Clothing,Clothing & Accessories > Clothing,Female,adult,,1600.0 INR
A4-00K-40-L,Pink Blossom Stripe Kurta-Pink,Pink Blossom Stripe Kurta-Pink,out of stock,new,https://www.prathiksham.in/store/item/Pink+Blossom+Stripe+Kurta?id=1411,https://www.prathiksham.in/aalam/stock/item/1411/image/_/face-img,Prathiksham,Pink,Cotton,Handblock,L,Apparel & Accessories > Clothing,Clothing & Accessories > Clothing,Female,adult,,1600.0 INR
A4-00K-40-XL,Pink Blossom Stripe Kurta-Pink,Pink Blossom Stripe Kurta-Pink,in stock,new,https://www.prathiksham.in/store/item/Pink+Blossom+Stripe+Kurta?id=1412,https://www.prathiksham.in/aalam/stock/item/1412/image/_/face-img,Prathiksham,Pink,Cotton,Handblock,XL,Apparel & Accessories > Clothing,Clothing & Accessories > Clothing,Female,adult,,1600.0 INR
A4-00K-40-XXL,Pink Blossom Stripe Kurta-Pink,Pink Blossom Stripe Kurta-Pink,out of stock,new,https://www.prathiksham.in/store/item/Pink+Blossom+Stripe+Kurta?id=1413,https://www.prathiksham.in/aalam/stock/item/1413/image/_/face-img,Prathiksham,Pink,Cotton,Handblock,XXL,Apparel & Accessories > Clothing,Clothing & Accessories > Clothing,Female,adult,,1600.0 INR
A9-00K-81-XS,Kiwi Zest Handloom Kurta-YellowGreen,Kiwi Zest Handloom Kurta-YellowGreen,out of stock,new,https://www.prathiksham.in/store/item/Kiwi+Zest+Handloom+Kurta?id=1414,https://www.prathiksham.in/aalam/stock/item/1414/image/_/face-img,Prathiksham,YellowGreen,Handloom Cotton,Handloom,XS,Apparel & Accessories > Clothing,Clothing & Accessories > Clothing,Female,adult,,1550.0 INR
A9-00K-81-S,Kiwi Zest Handloom Kurta-YellowGreen,Kiwi Zest Handloom Kurta-YellowGreen,out of stock,new,https://www.prathiksham.in/store/item/Kiwi+Zest+Handloom+Kurta?id=1415,https://www.prathiksham.in/aalam/stock/item/1415/image/_/face-img,Prathiksham,YellowGreen,Handloom Cotton,Handloom,S,Apparel & Accessories > Clothing,Clothing & Accessories > Clothing,Female,adult,,1550.0 INR
A9-00K-81-M,Kiwi Zest Handloom Kurta-YellowGreen,Kiwi Zest Handloom Kurta-YellowGreen,out of stock,new,https://www.prathiksham.in/store/item/Kiwi+Zest+Handloom+Kurta?id=1416,https://www.prathiksham.in/aalam/stock/item/1416/image/_/face-img,Prathiksham,YellowGreen,Handloom Cotton,Handloom,M,Apparel & Accessories > Clothing,Clothing & Accessories > Clothing,Female,adult,,1550.0 INR
A9-00K-81-L,Kiwi Zest Handloom Kurta-YellowGreen,Kiwi Zest Handloom Kurta-YellowGreen,out of stock,new,https://www.prathiksham.in/store/item/Kiwi+Zest+Handloom+Kurta?id=1417,https://www.prathiksham.in/aalam/stock/item/1417/image/_/face-img,Prathiksham,YellowGreen,Handloom Cotton,Handloom,L,Apparel & Accessories > Clothing,Clothing & Accessories > Clothing,Female,adult,,1550.0 INR
A9-00K-81-XL,Kiwi Zest Handloom Kurta-YellowGreen,Kiwi Zest Handloom Kurta-YellowGreen,out of stock,new,https://www.prathiksham.in/store/item/Kiwi+Zest+Handloom+Kurta?id=1418,https://www.prathiksham.in/aalam/stock/item/1418/image/_/face-img,Prathiksham,YellowGreen,Handloom Cotton,Handloom,XL,Apparel & Accessories > Clothing,Clothing & Accessories > Clothing,Female,adult,,1550.0 INR
A9-00K-81-XXL,Kiwi Zest Handloom Kurta-YellowGreen,Kiwi Zest Handloom Kurta-YellowGreen,out of stock,new,https://www.prathiksham.in/store/item/Kiwi+Zest+Handloom+Kurta?id=1419,https://www.prathiksham.in/aalam/stock/item/1419/image/_/face-img,Prathiksham,YellowGreen,Handloom Cotton,Handloom,XXL,Apparel & Accessories > Clothing,Clothing & Accessories > Clothing,Female,adult,,1550.0 INR
A8-00K-73-XS,Lavender Swirl Ikat Handwoven Kurta-RebeccaPurple,Lavender Swirl Ikat Handwoven Kurta-RebeccaPurple,out of stock,new,https://www.prathiksham.in/store/item/Lavender+Swirl+Ikat+Handwoven+Kurta?id=1420,https://www.prathiksham.in/aalam/stock/item/1420/image/_/face-img,Prathiksham,RebeccaPurple,Handwoven Cotton,Ikkat,XS,Apparel & Accessories > Clothing,Clothing & Accessories > Clothing,Female,adult,,1550.0 INR
A8-00K-73-S,Lavender Swirl Ikat Handwoven Kurta-RebeccaPurple,Lavender Swirl Ikat Handwoven Kurta-RebeccaPurple,in stock,new,https://www.prathiksham.in/store/item/Lavender+Swirl+Ikat+Handwoven+Kurta?id=1421,https://www.prathiksham.in/aalam/stock/item/1421/image/_/face-img,Prathiksham,RebeccaPurple,Handwoven Cotton,Ikkat,S,Apparel & Accessories > Clothing,Clothing & Accessories > Clothing,Female,adult,,1550.0 INR
A8-00K-73-M,Lavender Swirl Ikat Handwoven Kurta-RebeccaPurple,Lavender Swirl Ikat Handwoven Kurta-RebeccaPurple,in stock,new,https://www.prathiksham.in/store/item/Lavender+Swirl+Ikat+Handwoven+Kurta?id=1422,https://www.prathiksham.in/aalam/stock/item/1422/image/_/face-img,Prathiksham,RebeccaPurple,Handwoven Cotton,Ikkat,M,Apparel & Accessories > Clothing,Clothing & Accessories > Clothing,Female,adult,,1550.0 INR
A8-00K-73-L,Lavender Swirl Ikat Handwoven Kurta-RebeccaPurple,Lavender Swirl Ikat Handwoven Kurta-RebeccaPurple,in stock,new,https://www.prathiksham.in/store/item/Lavender+Swirl+Ikat+Handwoven+Kurta?id=1423,https://www.prathiksham.in/aalam/stock/item/1423/image/_/face-img,Prathiksham,RebeccaPurple,Handwoven Cotton,Ikkat,L,Apparel & Accessories > Clothing,Clothing & Accessories > Clothing,Female,adult,,1550.0 INR
A8-00K-73-XL,Lavender Swirl Ikat Handwoven Kurta-RebeccaPurple,Lavender Swirl Ikat Handwoven Kurta-RebeccaPurple,out of stock,new,https://www.prathiksham.in/store/item/Lavender+Swirl+Ikat+Handwoven+Kurta?id=1424,https://www.prathiksham.in/aalam/stock/item/1424/image/_/face-img,Prathiksham,RebeccaPurple,Handwoven Cotton,Ikkat,XL,Apparel & Accessories > Clothing,Clothing & Accessories > Clothing,Female,adult,,1550.0 INR
A8-00K-73-XXL,Lavender Swirl Ikat Handwoven Kurta-RebeccaPurple,Lavender Swirl Ikat Handwoven Kurta-RebeccaPurple,in stock,new,https://www.prathiksham.in/store/item/Lavender+Swirl+Ikat+Handwoven+Kurta?id=1425,https://www.prathiksham.in/aalam/stock/item/1425/image/_/face-img,Prathiksham,RebeccaPurple,Handwoven Cotton,Ikkat,XXL,Apparel & Accessories > Clothing,Clothing & Accessories > Clothing,Female,adult,,1550.0 INR
A8-00K-75-XS,Black Sesame Ikat Handwoven A-Line Kurta-Black,Black Sesame Ikat Handwoven A-Line Kurta-Black,out of stock,new,https://www.prathiksham.in/store/item/Black+Sesame+Ikat+Handwoven+A-Line+Kurta?id=1426,https://www.prathiksham.in/aalam/stock/item/1426/image/_/face-img,Prathiksham,Black,Handwoven Cotton,Ikkat,XS,Apparel & Accessories > Clothing,Clothing & Accessories > Clothing,Female,adult,,1900.0 INR
A8-00K-75-S,Black Sesame Ikat Handwoven A-Line Kurta-Black,Black Sesame Ikat Handwoven A-Line Kurta-Black,out of stock,new,https://www.prathiksham.in/store/item/Black+Sesame+Ikat+Handwoven+A-Line+Kurta?id=1427,https://www.prathiksham.in/aalam/stock/item/1427/image/_/face-img,Prathiksham,Black,Handwoven Cotton,Ikkat,S,Apparel & Accessories > Clothing,Clothing & Accessories > Clothing,Female,adult,,1900.0 INR
A8-00K-75-M,Black Sesame Ikat Handwoven A-Line Kurta-Black,Black Sesame Ikat Handwoven A-Line Kurta-Black,out of stock,new,https://www.prathiksham.in/store/item/Black+Sesame+Ikat+Handwoven+A-Line+Kurta?id=1428,https://www.prathiksham.in/aalam/stock/item/1428/image/_/face-img,Prathiksham,Black,Handwoven Cotton,Ikkat,M,Apparel & Accessories > Clothing,Clothing & Accessories > Clothing,Female,adult,,1900.0 INR
A8-00K-75-L,Black Sesame Ikat Handwoven A-Line Kurta-Black,Black Sesame Ikat Handwoven A-Line Kurta-Black,out of stock,new,https://www.prathiksham.in/store/item/Black+Sesame+Ikat+Handwoven+A-Line+Kurta?id=1429,https://www.prathiksham.in/aalam/stock/item/1429/image/_/face-img,Prathiksham,Black,Handwoven Cotton,Ikkat,L,Apparel & Accessories > Clothing,Clothing & Accessories > Clothing,Female,adult,,1900.0 INR
A8-00K-75-XL,Black Sesame Ikat Handwoven A-Line Kurta-Black,Black Sesame Ikat Handwoven A-Line Kurta-Black,out of stock,new,https://www.prathiksham.in/store/item/Black+Sesame+Ikat+Handwoven+A-Line+Kurta?id=1430,https://www.prathiksham.in/aalam/stock/item/1430/image/_/face-img,Prathiksham,Black,Handwoven Cotton,Ikkat,XL,Apparel & Accessories > Clothing,Clothing & Accessories > Clothing,Female,adult,,1900.0 INR
A8-00K-75-XXL,Black Sesame Ikat Handwoven A-Line Kurta-Black,Black Sesame Ikat Handwoven A-Line Kurta-Black,out of stock,new,https://www.prathiksham.in/store/item/Black+Sesame+Ikat+Handwoven+A-Line+Kurta?id=1431,https://www.prathiksham.in/aalam/stock/item/1431/image/_/face-img,Prathiksham,Black,Handwoven Cotton,Ikkat,XXL,Apparel & Accessories > Clothing,Clothing & Accessories > Clothing,Female,adult,,1900.0 INR
A7-0KP-20-XS,Mughal Motif A-line Handblock Kurta Set-SteelBlue,Mughal Motif A-line Handblock Kurta Set-SteelBlue,in stock,new,https://www.prathiksham.in/store/item/Mughal+Motif+A-line+Handblock+Kurta+Set?id=1432,https://www.prathiksham.in/aalam/stock/item/1432/image/_/face-img,Prathiksham,SteelBlue,Pure Cotton,Handblock,XS,Apparel & Accessories > Clothing,Clothing & Accessories > Clothing,Female,adult,,2800.0 INR
A7-0KP-20-S,Mughal Motif A-line Handblock Kurta Set-SteelBlue,Mughal Motif A-line Handblock Kurta Set-SteelBlue,out of stock,new,https://www.prathiksham.in/store/item/Mughal+Motif+A-line+Handblock+Kurta+Set?id=1433,https://www.prathiksham.in/aalam/stock/item/1433/image/_/face-img,Prathiksham,SteelBlue,Pure Cotton,Handblock,S,Apparel & Accessories > Clothing,Clothing & Accessories > Clothing,Female,adult,,2800.0 INR
A7-0KP-20-M,Mughal Motif A-line Handblock Kurta Set-SteelBlue,Mughal Motif A-line Handblock Kurta Set-SteelBlue,in stock,new,https://www.prathiksham.in/store/item/Mughal+Motif+A-line+Handblock+Kurta+Set?id=1434,https://www.prathiksham.in/aalam/stock/item/1434/image/_/face-img,Prathiksham,SteelBlue,Pure Cotton,Handblock,M,Apparel & Accessories > Clothing,Clothing & Accessories > Clothing,Female,adult,,2800.0 INR
A7-0KP-20-L,Mughal Motif A-line Handblock Kurta Set-SteelBlue,Mughal Motif A-line Handblock Kurta Set-SteelBlue,in stock,new,https://www.prathiksham.in/store/item/Mughal+Motif+A-line+Handblock+Kurta+Set?id=1435,https://www.prathiksham.in/aalam/stock/item/1435/image/_/face-img,Prathiksham,SteelBlue,Pure Cotton,Handblock,L,Apparel & Accessories > Clothing,Clothing & Accessories > Clothing,Female,adult,,2800.0 INR
A7-0KP-20-XL,Mughal Motif A-line Handblock Kurta Set-SteelBlue,Mughal Motif A-line Handblock Kurta Set-SteelBlue,in stock,new,https://www.prathiksham.in/store/item/Mughal+Motif+A-line+Handblock+Kurta+Set?id=1436,https://www.prathiksham.in/aalam/stock/item/1436/image/_/face-img,Prathiksham,SteelBlue,Pure Cotton,Handblock,XL,Apparel & Accessories > Clothing,Clothing & Accessories > Clothing,Female,adult,,2800.0 INR
A7-0KP-20-XXL,Mughal Motif A-line Handblock Kurta Set-SteelBlue,Mughal Motif A-line Handblock Kurta Set-SteelBlue,in stock,new,https://www.prathiksham.in/store/item/Mughal+Motif+A-line+Handblock+Kurta+Set?id=1437,https://www.prathiksham.in/aalam/stock/item/1437/image/_/face-img,Prathiksham,SteelBlue,Pure Cotton,Handblock,XXL,Apparel & Accessories > Clothing,Clothing & Accessories > Clothing,Female,adult,,2800.0 INR
A6-00K-87-XS,Ivory Lilac Handloom Kali Kurta-Azure,Ivory Lilac Handloom Kali Kurta-Azure,out of stock,new,https://www.prathiksham.in/store/item/Ivory+Lilac+Handloom+Kali+Kurta?id=1438,https://www.prathiksham.in/aalam/stock/item/1438/image/_/face-img,Prathiksham,Azure,Handloom Cotton,Handloom,XS,Apparel & Accessories > Clothing,Clothing & Accessories > Clothing,Female,adult,,1359.0 INR
A6-00K-87-S,Ivory Lilac Handloom Kali Kurta-Azure,Ivory Lilac Handloom Kali Kurta-Azure,in stock,new,https://www.prathiksham.in/store/item/Ivory+Lilac+Handloom+Kali+Kurta?id=1439,https://www.prathiksham.in/aalam/stock/item/1439/image/_/face-img,Prathiksham,Azure,Handloom Cotton,Handloom,S,Apparel & Accessories > Clothing,Clothing & Accessories > Clothing,Female,adult,,1359.0 INR
A6-00K-87-M,Ivory Lilac Handloom Kali Kurta-Azure,Ivory Lilac Handloom Kali Kurta-Azure,out of stock,new,https://www.prathiksham.in/store/item/Ivory+Lilac+Handloom+Kali+Kurta?id=1440,https://www.prathiksham.in/aalam/stock/item/1440/image/_/face-img,Prathiksham,Azure,Handloom Cotton,Handloom,M,Apparel & Accessories > Clothing,Clothing & Accessories > Clothing,Female,adult,,1359.0 INR
A6-00K-87-L,Ivory Lilac Handloom Kali Kurta-Azure,Ivory Lilac Handloom Kali Kurta-Azure,in stock,new,https://www.prathiksham.in/store/item/Ivory+Lilac+Handloom+Kali+Kurta?id=1441,https://www.prathiksham.in/aalam/stock/item/1441/image/_/face-img,Prathiksham,Azure,Handloom Cotton,Handloom,L,Apparel & Accessories > Clothing,Clothing & Accessories > Clothing,Female,adult,,1359.0 INR
A6-00K-87-XL,Ivory Lilac Handloom Kali Kurta-Azure,Ivory Lilac Handloom Kali Kurta-Azure,in stock,new,https://www.prathiksham.in/store/item/Ivory+Lilac+Handloom+Kali+Kurta?id=1442,https://www.prathiksham.in/aalam/stock/item/1442/image/_/face-img,Prathiksham,Azure,Handloom Cotton,Handloom,XL,Apparel & Accessories > Clothing,Clothing & Accessories > Clothing,Female,adult,,1359.0 INR
A6-00K-87-XXL,Ivory Lilac Handloom Kali Kurta-Azure,Ivory Lilac Handloom Kali Kurta-Azure,in stock,new,https://www.prathiksham.in/store/item/Ivory+Lilac+Handloom+Kali+Kurta?id=1443,https://www.prathiksham.in/aalam/stock/item/1443/image/_/face-img,Prathiksham,Azure,Handloom Cotton,Handloom,XXL,Apparel & Accessories > Clothing,Clothing & Accessories > Clothing,Female,adult,,1359.0 INR
A10-00K-89-XS,Brick Checks Aline Kurta-White,Brick Checks Aline Kurta-White,in stock,new,https://www.prathiksham.in/store/item/Brick+Checks+Aline+Kurta?id=1444,https://www.prathiksham.in/aalam/stock/item/1444/image/_/face-img,Prathiksham,White,Handloom Cotton,Checks,XS,Apparel & Accessories > Clothing,Clothing & Accessories > Clothing,Female,adult,,1600.0 INR
A10-00K-89-S,Brick Checks Aline Kurta-White,Brick Checks Aline Kurta-White,in stock,new,https://www.prathiksham.in/store/item/Brick+Checks+Aline+Kurta?id=1445,https://www.prathiksham.in/aalam/stock/item/1445/image/_/face-img,Prathiksham,White,Handloom Cotton,Checks,S,Apparel & Accessories > Clothing,Clothing & Accessories > Clothing,Female,adult,,1600.0 INR
A10-00K-89-M,Brick Checks Aline Kurta-White,Brick Checks Aline Kurta-White,in stock,new,https://www.prathiksham.in/store/item/Brick+Checks+Aline+Kurta?id=1446,https://www.prathiksham.in/aalam/stock/item/1446/image/_/face-img,Prathiksham,White,Handloom Cotton,Checks,M,Apparel & Accessories > Clothing,Clothing & Accessories > Clothing,Female,adult,,1600.0 INR
A10-00K-89-L,Brick Checks Aline Kurta-White,Brick Checks Aline Kurta-White,in stock,new,https://www.prathiksham.in/store/item/Brick+Checks+Aline+Kurta?id=1447,https://www.prathiksham.in/aalam/stock/item/1447/image/_/face-img,Prathiksham,White,Handloom Cotton,Checks,L,Apparel & Accessories > Clothing,Clothing & Accessories > Clothing,Female,adult,,1600.0 INR
A10-00K-89-XL,Brick Checks Aline Kurta-White,Brick Checks Aline Kurta-White,in stock,new,https://www.prathiksham.in/store/item/Brick+Checks+Aline+Kurta?id=1448,https://www.prathiksham.in/aalam/stock/item/1448/image/_/face-img,Prathiksham,White,Handloom Cotton,Checks,XL,Apparel & Accessories > Clothing,Clothing & Accessories > Clothing,Female,adult,,1600.0 INR
A10-00K-89-XXL,Brick Checks Aline Kurta-White,Brick Checks Aline Kurta-White,in stock,new,https://www.prathiksham.in/store/item/Brick+Checks+Aline+Kurta?id=1449,https://www.prathiksham.in/aalam/stock/item/1449/image/_/face-img,Prathiksham,White,Handloom Cotton,Checks,XXL,Apparel & Accessories > Clothing,Clothing & Accessories > Clothing,Female,adult,,1600.0 INR
A10-00K-88-XS,Crimson Charm pink Kurta-MediumVioletRed,Crimson Charm pink Kurta-MediumVioletRed,in stock,new,https://www.prathiksham.in/store/item/Crimson+Charm+pink+Kurta?id=1450,https://www.prathiksham.in/aalam/stock/item/1450/image/_/face-img,Prathiksham,MediumVioletRed,Cotton,Solid,XS,Apparel & Accessories > Clothing,Clothing & Accessories > Clothing,Female,adult,,1949.0 INR
A10-00K-88-S,Crimson Charm pink Kurta-MediumVioletRed,Crimson Charm pink Kurta-MediumVioletRed,in stock,new,https://www.prathiksham.in/store/item/Crimson+Charm+pink+Kurta?id=1451,https://www.prathiksham.in/aalam/stock/item/1451/image/_/face-img,Prathiksham,MediumVioletRed,Cotton,Solid,S,Apparel & Accessories > Clothing,Clothing & Accessories > Clothing,Female,adult,,1949.0 INR
A10-00K-88-M,Crimson Charm pink Kurta-MediumVioletRed,Crimson Charm pink Kurta-MediumVioletRed,in stock,new,https://www.prathiksham.in/store/item/Crimson+Charm+pink+Kurta?id=1452,https://www.prathiksham.in/aalam/stock/item/1452/image/_/face-img,Prathiksham,MediumVioletRed,Cotton,Solid,M,Apparel & Accessories > Clothing,Clothing & Accessories > Clothing,Female,adult,,1949.0 INR
A10-00K-88-L,Crimson Charm pink Kurta-MediumVioletRed,Crimson Charm pink Kurta-MediumVioletRed,in stock,new,https://www.prathiksham.in/store/item/Crimson+Charm+pink+Kurta?id=1453,https://www.prathiksham.in/aalam/stock/item/1453/image/_/face-img,Prathiksham,MediumVioletRed,Cotton,Solid,L,Apparel & Accessories > Clothing,Clothing & Accessories > Clothing,Female,adult,,1949.0 INR
A10-00K-88-XL,Crimson Charm pink Kurta-MediumVioletRed,Crimson Charm pink Kurta-MediumVioletRed,in stock,new,https://www.prathiksham.in/store/item/Crimson+Charm+pink+Kurta?id=1454,https://www.prathiksham.in/aalam/stock/item/1454/image/_/face-img,Prathiksham,MediumVioletRed,Cotton,Solid,XL,Apparel & Accessories > Clothing,Clothing & Accessories > Clothing,Female,adult,,1949.0 INR
A10-00K-88-XXL,Crimson Charm pink Kurta-MediumVioletRed,Crimson Charm pink Kurta-MediumVioletRed,in stock,new,https://www.prathiksham.in/store/item/Crimson+Charm+pink+Kurta?id=1455,https://www.prathiksham.in/aalam/stock/item/1455/image/_/face-img,Prathiksham,MediumVioletRed,Cotton,Solid,XXL,Apparel & Accessories > Clothing,Clothing & Accessories > Clothing,Female,adult,,1949.0 INR
A10-00K-23-XS,Red Floral Vine Dress-SteelBlue,Red Floral Vine Dress-SteelBlue,in stock,new,https://www.prathiksham.in/store/item/Red+Floral+Vine+Dress?id=1456,https://www.prathiksham.in/aalam/stock/item/1456/image/_/face-img,Prathiksham,SteelBlue,Georgette,Floral,XS,Apparel & Accessories > Clothing,Clothing & Accessories > Clothing,Female,adult,,2996.0 INR
A10-00K-23-S,Red Floral Vine Dress-SteelBlue,Red Floral Vine Dress-SteelBlue,in stock,new,https://www.prathiksham.in/store/item/Red+Floral+Vine+Dress?id=1457,https://www.prathiksham.in/aalam/stock/item/1457/image/_/face-img,Prathiksham,SteelBlue,Georgette,Floral,S,Apparel & Accessories > Clothing,Clothing & Accessories > Clothing,Female,adult,,2996.0 INR
A10-00K-23-M,Red Floral Vine Dress-SteelBlue,Red Floral Vine Dress-SteelBlue,in stock,new,https://www.prathiksham.in/store/item/Red+Floral+Vine+Dress?id=1458,https://www.prathiksham.in/aalam/stock/item/1458/image/_/face-img,Prathiksham,SteelBlue,Georgette,Floral,M,Apparel & Accessories > Clothing,Clothing & Accessories > Clothing,Female,adult,,2996.0 INR
A10-00K-23-L,Red Floral Vine Dress-SteelBlue,Red Floral Vine Dress-SteelBlue,in stock,new,https://www.prathiksham.in/store/item/Red+Floral+Vine+Dress?id=1459,https://www.prathiksham.in/aalam/stock/item/1459/image/_/face-img,Prathiksham,SteelBlue,Georgette,Floral,L,Apparel & Accessories > Clothing,Clothing & Accessories > Clothing,Female,adult,,2996.0 INR
A10-00K-23-XL,Red Floral Vine Dress-SteelBlue,Red Floral Vine Dress-SteelBlue,in stock,new,https://www.prathiksham.in/store/item/Red+Floral+Vine+Dress?id=1460,https://www.prathiksham.in/aalam/stock/item/1460/image/_/face-img,Prathiksham,SteelBlue,Georgette,Floral,XL,Apparel & Accessories > Clothing,Clothing & Accessories > Clothing,Female,adult,,2996.0 INR
A10-00K-23-XXL,Red Floral Vine Dress-SteelBlue,Red Floral Vine Dress-SteelBlue,in stock,new,https://www.prathiksham.in/store/item/Red+Floral+Vine+Dress?id=1461,https://www.prathiksham.in/aalam/stock/item/1461/image/_/face-img,Prathiksham,SteelBlue,Georgette,Floral,XXL,Apparel & Accessories > Clothing,Clothing & Accessories > Clothing,Female,adult,,2996.0 INR
A11-00K-93-XS,Shadow Rose Kurta-Black,Shadow Rose Kurta-Black,in stock,new,https://www.prathiksham.in/store/item/Shadow+Rose+Kurta?id=1462,https://www.prathiksham.in/aalam/stock/item/1462/image/_/face-img,Prathiksham,Black,Cotton,Solid,XS,Apparel & Accessories > Clothing,Clothing & Accessories > Clothing,Female,adult,,1949.0 INR
A11-00K-93-S,Shadow Rose Kurta-Black,Shadow Rose Kurta-Black,in stock,new,https://www.prathiksham.in/store/item/Shadow+Rose+Kurta?id=1463,https://www.prathiksham.in/aalam/stock/item/1463/image/_/face-img,Prathiksham,Black,Cotton,Solid,S,Apparel & Accessories > Clothing,Clothing & Accessories > Clothing,Female,adult,,1949.0 INR
A11-00K-93-M,Shadow Rose Kurta-Black,Shadow Rose Kurta-Black,in stock,new,https://www.prathiksham.in/store/item/Shadow+Rose+Kurta?id=1464,https://www.prathiksham.in/aalam/stock/item/1464/image/_/face-img,Prathiksham,Black,Cotton,Solid,M,Apparel & Accessories > Clothing,Clothing & Accessories > Clothing,Female,adult,,1949.0 INR
A11-00K-93-L,Shadow Rose Kurta-Black,Shadow Rose Kurta-Black,in stock,new,https://www.prathiksham.in/store/item/Shadow+Rose+Kurta?id=1465,https://www.prathiksham.in/aalam/stock/item/1465/image/_/face-img,Prathiksham,Black,Cotton,Solid,L,Apparel & Accessories > Clothing,Clothing & Accessories > Clothing,Female,adult,,1949.0 INR
A11-00K-93-XL,Shadow Rose Kurta-Black,Shadow Rose Kurta-Black,in stock,new,https://www.prathiksham.in/store/item/Shadow+Rose+Kurta?id=1466,https://www.prathiksham.in/aalam/stock/item/1466/image/_/face-img,Prathiksham,Black,Cotton,Solid,XL,Apparel & Accessories > Clothing,Clothing & Accessories > Clothing,Female,adult,,1949.0 INR
A11-00K-93-XXL,Shadow Rose Kurta-Black,Shadow Rose Kurta-Black,in stock,new,https://www.prathiksham.in/store/item/Shadow+Rose+Kurta?id=1467,https://www.prathiksham.in/aalam/stock/item/1467/image/_/face-img,Prathiksham,Black,Cotton,Solid,XXL,Apparel & Accessories > Clothing,Clothing & Accessories > Clothing,Female,adult,,1949.0 INR
A11-00K-92-XS,Black White Checked Elegance Handloom A-Line Kurta-White,Black White Checked Elegance Handloom A-Line Kurta-White,out of stock,new,https://www.prathiksham.in/store/item/Black+White+Checked+Elegance+Handloom+A-Line+Kurta?id=1468,https://www.prathiksham.in/aalam/stock/item/1468/image/_/face-img,Prathiksham,White,Handloom Cotton,Checks,XS,Apparel & Accessories > Clothing,Clothing & Accessories > Clothing,Female,adult,,1600.0 INR
A11-00K-92-S,Black White Checked Elegance Handloom A-Line Kurta-White,Black White Checked Elegance Handloom A-Line Kurta-White,in stock,new,https://www.prathiksham.in/store/item/Black+White+Checked+Elegance+Handloom+A-Line+Kurta?id=1469,https://www.prathiksham.in/aalam/stock/item/1469/image/_/face-img,Prathiksham,White,Handloom Cotton,Checks,S,Apparel & Accessories > Clothing,Clothing & Accessories > Clothing,Female,adult,,1600.0 INR
A11-00K-92-M,Black White Checked Elegance Handloom A-Line Kurta-White,Black White Checked Elegance Handloom A-Line Kurta-White,in stock,new,https://www.prathiksham.in/store/item/Black+White+Checked+Elegance+Handloom+A-Line+Kurta?id=1470,https://www.prathiksham.in/aalam/stock/item/1470/image/_/face-img,Prathiksham,White,Handloom Cotton,Checks,M,Apparel & Accessories > Clothing,Clothing & Accessories > Clothing,Female,adult,,1600.0 INR
A11-00K-92-L,Black White Checked Elegance Handloom A-Line Kurta-White,Black White Checked Elegance Handloom A-Line Kurta-White,in stock,new,https://www.prathiksham.in/store/item/Black+White+Checked+Elegance+Handloom+A-Line+Kurta?id=1471,https://www.prathiksham.in/aalam/stock/item/1471/image/_/face-img,Prathiksham,White,Handloom Cotton,Checks,L,Apparel & Accessories > Clothing,Clothing & Accessories > Clothing,Female,adult,,1600.0 INR
A11-00K-92-XL,Black White Checked Elegance Handloom A-Line Kurta-White,Black White Checked Elegance Handloom A-Line Kurta-White,in stock,new,https://www.prathiksham.in/store/item/Black+White+Checked+Elegance+Handloom+A-Line+Kurta?id=1472,https://www.prathiksham.in/aalam/stock/item/1472/image/_/face-img,Prathiksham,White,Handloom Cotton,Checks,XL,Apparel & Accessories > Clothing,Clothing & Accessories > Clothing,Female,adult,,1600.0 INR
A11-00K-92-XXL,Black White Checked Elegance Handloom A-Line Kurta-White,Black White Checked Elegance Handloom A-Line Kurta-White,in stock,new,https://www.prathiksham.in/store/item/Black+White+Checked+Elegance+Handloom+A-Line+Kurta?id=1473,https://www.prathiksham.in/aalam/stock/item/1473/image/_/face-img,Prathiksham,White,Handloom Cotton,Checks,XXL,Apparel & Accessories > Clothing,Clothing & Accessories > Clothing,Female,adult,,1600.0 INR
A11-00K-91-XS,Creamy Blue Handloom A-Line Kurta-Cornsilk,Creamy Blue Handloom A-Line Kurta-Cornsilk,out of stock,new,https://www.prathiksham.in/store/item/Creamy+Blue+Handloom+A-Line+Kurta?id=1474,https://www.prathiksham.in/aalam/stock/item/1474/image/_/face-img,Prathiksham,Cornsilk,Handloom Cotton,Handloom,XS,Apparel & Accessories > Clothing,Clothing & Accessories > Clothing,Female,adult,,1559.0 INR
A11-00K-91-S,Creamy Blue Handloom A-Line Kurta-Cornsilk,Creamy Blue Handloom A-Line Kurta-Cornsilk,out of stock,new,https://www.prathiksham.in/store/item/Creamy+Blue+Handloom+A-Line+Kurta?id=1475,https://www.prathiksham.in/aalam/stock/item/1475/image/_/face-img,Prathiksham,Cornsilk,Handloom Cotton,Handloom,S,Apparel & Accessories > Clothing,Clothing & Accessories > Clothing,Female,adult,,1559.0 INR
A11-00K-91-M,Creamy Blue Handloom A-Line Kurta-Cornsilk,Creamy Blue Handloom A-Line Kurta-Cornsilk,out of stock,new,https://www.prathiksham.in/store/item/Creamy+Blue+Handloom+A-Line+Kurta?id=1476,https://www.prathiksham.in/aalam/stock/item/1476/image/_/face-img,Prathiksham,Cornsilk,Handloom Cotton,Handloom,M,Apparel & Accessories > Clothing,Clothing & Accessories > Clothing,Female,adult,,1559.0 INR
A11-00K-91-L,Creamy Blue Handloom A-Line Kurta-Cornsilk,Creamy Blue Handloom A-Line Kurta-Cornsilk,out of stock,new,https://www.prathiksham.in/store/item/Creamy+Blue+Handloom+A-Line+Kurta?id=1477,https://www.prathiksham.in/aalam/stock/item/1477/image/_/face-img,Prathiksham,Cornsilk,Handloom Cotton,Handloom,L,Apparel & Accessories > Clothing,Clothing & Accessories > Clothing,Female,adult,,1559.0 INR
A11-00K-91-XL,Creamy Blue Handloom A-Line Kurta-Cornsilk,Creamy Blue Handloom A-Line Kurta-Cornsilk,out of stock,new,https://www.prathiksham.in/store/item/Creamy+Blue+Handloom+A-Line+Kurta?id=1478,https://www.prathiksham.in/aalam/stock/item/1478/image/_/face-img,Prathiksham,Cornsilk,Handloom Cotton,Handloom,XL,Apparel & Accessories > Clothing,Clothing & Accessories > Clothing,Female,adult,,1559.0 INR
A11-00K-91-XXL,Creamy Blue Handloom A-Line Kurta-Cornsilk,Creamy Blue Handloom A-Line Kurta-Cornsilk,in stock,new,https://www.prathiksham.in/store/item/Creamy+Blue+Handloom+A-Line+Kurta?id=1479,https://www.prathiksham.in/aalam/stock/item/1479/image/_/face-img,Prathiksham,Cornsilk,Handloom Cotton,Handloom,XXL,Apparel & Accessories > Clothing,Clothing & Accessories > Clothing,Female,adult,,1559.0 INR
A11-00K-90-XS,Classic Dual Handloom A-Line Kurta-CornflowerBlue,Classic Dual Handloom A-Line Kurta-CornflowerBlue,out of stock,new,https://www.prathiksham.in/store/item/Classic+Dual+Handloom+A-Line+Kurta?id=1480,https://www.prathiksham.in/aalam/stock/item/1480/image/_/face-img,Prathiksham,CornflowerBlue,Handloom Cotton,Handloom,XS,Apparel & Accessories > Clothing,Clothing & Accessories > Clothing,Female,adult,,1559.0 INR
A11-00K-90-S,Classic Dual Handloom A-Line Kurta-CornflowerBlue,Classic Dual Handloom A-Line Kurta-CornflowerBlue,out of stock,new,https://www.prathiksham.in/store/item/Classic+Dual+Handloom+A-Line+Kurta?id=1481,https://www.prathiksham.in/aalam/stock/item/1481/image/_/face-img,Prathiksham,CornflowerBlue,Handloom Cotton,Handloom,S,Apparel & Accessories > Clothing,Clothing & Accessories > Clothing,Female,adult,,1559.0 INR
A11-00K-90-M,Classic Dual Handloom A-Line Kurta-CornflowerBlue,Classic Dual Handloom A-Line Kurta-CornflowerBlue,out of stock,new,https://www.prathiksham.in/store/item/Classic+Dual+Handloom+A-Line+Kurta?id=1482,https://www.prathiksham.in/aalam/stock/item/1482/image/_/face-img,Prathiksham,CornflowerBlue,Handloom Cotton,Handloom,M,Apparel & Accessories > Clothing,Clothing & Accessories > Clothing,Female,adult,,1559.0 INR
A11-00K-90-L,Classic Dual Handloom A-Line Kurta-CornflowerBlue,Classic Dual Handloom A-Line Kurta-CornflowerBlue,out of stock,new,https://www.prathiksham.in/store/item/Classic+Dual+Handloom+A-Line+Kurta?id=1483,https://www.prathiksham.in/aalam/stock/item/1483/image/_/face-img,Prathiksham,CornflowerBlue,Handloom Cotton,Handloom,L,Apparel & Accessories > Clothing,Clothing & Accessories > Clothing,Female,adult,,1559.0 INR
A11-00K-90-XL,Classic Dual Handloom A-Line Kurta-CornflowerBlue,Classic Dual Handloom A-Line Kurta-CornflowerBlue,out of stock,new,https://www.prathiksham.in/store/item/Classic+Dual+Handloom+A-Line+Kurta?id=1484,https://www.prathiksham.in/aalam/stock/item/1484/image/_/face-img,Prathiksham,CornflowerBlue,Handloom Cotton,Handloom,XL,Apparel & Accessories > Clothing,Clothing & Accessories > Clothing,Female,adult,,1559.0 INR
A11-00K-90-XXL,Classic Dual Handloom A-Line Kurta-CornflowerBlue,Classic Dual Handloom A-Line Kurta-CornflowerBlue,in stock,new,https://www.prathiksham.in/store/item/Classic+Dual+Handloom+A-Line+Kurta?id=1485,https://www.prathiksham.in/aalam/stock/item/1485/image/_/face-img,Prathiksham,CornflowerBlue,Handloom Cotton,Handloom,XXL,Apparel & Accessories > Clothing,Clothing & Accessories > Clothing,Female,adult,,1559.0 INR
A11-0CD-58-XS,Teal Threadwork Co-ord Set-DarkCyan,Teal Threadwork Co-ord Set-DarkCyan,out of stock,new,https://www.prathiksham.in/store/item/Teal+Threadwork+Co-ord+Set?id=1486,https://www.prathiksham.in/aalam/stock/item/1486/image/_/face-img,Prathiksham,DarkCyan,Cotton,Solid,XS,Apparel & Accessories > Clothing,Clothing & Accessories > Clothing,Female,adult,,2600.0 INR
A11-0CD-58-S,Teal Threadwork Co-ord Set-DarkCyan,Teal Threadwork Co-ord Set-DarkCyan,in stock,new,https://www.prathiksham.in/store/item/Teal+Threadwork+Co-ord+Set?id=1487,https://www.prathiksham.in/aalam/stock/item/1487/image/_/face-img,Prathiksham,DarkCyan,Cotton,Solid,S,Apparel & Accessories > Clothing,Clothing & Accessories > Clothing,Female,adult,,2600.0 INR
A11-0CD-58-M,Teal Threadwork Co-ord Set-DarkCyan,Teal Threadwork Co-ord Set-DarkCyan,out of stock,new,https://www.prathiksham.in/store/item/Teal+Threadwork+Co-ord+Set?id=1488,https://www.prathiksham.in/aalam/stock/item/1488/image/_/face-img,Prathiksham,DarkCyan,Cotton,Solid,M,Apparel & Accessories > Clothing,Clothing & Accessories > Clothing,Female,adult,,2600.0 INR
A11-0CD-58-L,Teal Threadwork Co-ord Set-DarkCyan,Teal Threadwork Co-ord Set-DarkCyan,out of stock,new,https://www.prathiksham.in/store/item/Teal+Threadwork+Co-ord+Set?id=1489,https://www.prathiksham.in/aalam/stock/item/1489/image/_/face-img,Prathiksham,DarkCyan,Cotton,Solid,L,Apparel & Accessories > Clothing,Clothing & Accessories > Clothing,Female,adult,,2600.0 INR
A11-0CD-58-XL,Teal Threadwork Co-ord Set-DarkCyan,Teal Threadwork Co-ord Set-DarkCyan,in stock,new,https://www.prathiksham.in/store/item/Teal+Threadwork+Co-ord+Set?id=1490,https://www.prathiksham.in/aalam/stock/item/1490/image/_/face-img,Prathiksham,DarkCyan,Cotton,Solid,XL,Apparel & Accessories > Clothing,Clothing & Accessories > Clothing,Female,adult,,2600.0 INR
A11-0CD-58-XXL,Teal Threadwork Co-ord Set-DarkCyan,Teal Threadwork Co-ord Set-DarkCyan,out of stock,new,https://www.prathiksham.in/store/item/Teal+Threadwork+Co-ord+Set?id=1491,https://www.prathiksham.in/aalam/stock/item/1491/image/_/face-img,Prathiksham,DarkCyan,Cotton,Solid,XXL,Apparel & Accessories > Clothing,Clothing & Accessories > Clothing,Female,adult,,2600.0 INR
A11-0KP-24-XS,Classic Maroon Mustard Checks Kurta Set-Crimson,Classic Maroon Mustard Checks Kurta Set-Crimson,out of stock,new,https://www.prathiksham.in/store/item/Classic+Maroon+Mustard+Checks+Kurta+Set?id=1492,https://www.prathiksham.in/aalam/stock/item/1492/image/_/face-img,Prathiksham,Crimson,Handloom Cotton,Handloom Checks,XS,Apparel & Accessories > Clothing,Clothing & Accessories > Clothing,Female,adult,,2200.0 INR
A11-0KP-24-S,Classic Maroon Mustard Checks Kurta Set-Crimson,Classic Maroon Mustard Checks Kurta Set-Crimson,out of stock,new,https://www.prathiksham.in/store/item/Classic+Maroon+Mustard+Checks+Kurta+Set?id=1493,https://www.prathiksham.in/aalam/stock/item/1493/image/_/face-img,Prathiksham,Crimson,Handloom Cotton,Handloom Checks,S,Apparel & Accessories > Clothing,Clothing & Accessories > Clothing,Female,adult,,2200.0 INR
A11-0KP-24-M,Classic Maroon Mustard Checks Kurta Set-Crimson,Classic Maroon Mustard Checks Kurta Set-Crimson,out of stock,new,https://www.prathiksham.in/store/item/Classic+Maroon+Mustard+Checks+Kurta+Set?id=1494,https://www.prathiksham.in/aalam/stock/item/1494/image/_/face-img,Prathiksham,Crimson,Handloom Cotton,Handloom Checks,M,Apparel & Accessories > Clothing,Clothing & Accessories > Clothing,Female,adult,,2200.0 INR
A11-0KP-24-L,Classic Maroon Mustard Checks Kurta Set-Crimson,Classic Maroon Mustard Checks Kurta Set-Crimson,out of stock,new,https://www.prathiksham.in/store/item/Classic+Maroon+Mustard+Checks+Kurta+Set?id=1495,https://www.prathiksham.in/aalam/stock/item/1495/image/_/face-img,Prathiksham,Crimson,Handloom Cotton,Handloom Checks,L,Apparel & Accessories > Clothing,Clothing & Accessories > Clothing,Female,adult,,2200.0 INR
A11-0KP-24-XL,Classic Maroon Mustard Checks Kurta Set-Crimson,Classic Maroon Mustard Checks Kurta Set-Crimson,out of stock,new,https://www.prathiksham.in/store/item/Classic+Maroon+Mustard+Checks+Kurta+Set?id=1496,https://www.prathiksham.in/aalam/stock/item/1496/image/_/face-img,Prathiksham,Crimson,Handloom Cotton,Handloom Checks,XL,Apparel & Accessories > Clothing,Clothing & Accessories > Clothing,Female,adult,,2200.0 INR
A11-0KP-24-XXL,Classic Maroon Mustard Checks Kurta Set-Crimson,Classic Maroon Mustard Checks Kurta Set-Crimson,out of stock,new,https://www.prathiksham.in/store/item/Classic+Maroon+Mustard+Checks+Kurta+Set?id=1497,https://www.prathiksham.in/aalam/stock/item/1497/image/_/face-img,Prathiksham,Crimson,Handloom Cotton,Handloom Checks,XXL,Apparel & Accessories > Clothing,Clothing & Accessories > Clothing,Female,adult,,2200.0 INR
A11-0CD-57-XS,Emerald Check Handloom A-Line Co-ord-ForestGreen,Emerald Check Handloom A-Line Co-ord-ForestGreen,out of stock,new,https://www.prathiksham.in/store/item/Emerald+Check+Handloom+A-Line+Co-ord?id=1498,https://www.prathiksham.in/aalam/stock/item/1498/image/_/face-img,Prathiksham,ForestGreen,Handloom Cotton,Handloom Checks,XS,Apparel & Accessories > Clothing,Clothing & Accessories > Clothing,Female,adult,,2400.0 INR
A11-0CD-57-S,Emerald Check Handloom A-Line Co-ord-ForestGreen,Emerald Check Handloom A-Line Co-ord-ForestGreen,out of stock,new,https://www.prathiksham.in/store/item/Emerald+Check+Handloom+A-Line+Co-ord?id=1499,https://www.prathiksham.in/aalam/stock/item/1499/image/_/face-img,Prathiksham,ForestGreen,Handloom Cotton,Handloom Checks,S,Apparel & Accessories > Clothing,Clothing & Accessories > Clothing,Female,adult,,2400.0 INR
A11-0CD-57-M,Emerald Check Handloom A-Line Co-ord-ForestGreen,Emerald Check Handloom A-Line Co-ord-ForestGreen,out of stock,new,https://www.prathiksham.in/store/item/Emerald+Check+Handloom+A-Line+Co-ord?id=1500,https://www.prathiksham.in/aalam/stock/item/1500/image/_/face-img,Prathiksham,ForestGreen,Handloom Cotton,Handloom Checks,M,Apparel & Accessories > Clothing,Clothing & Accessories > Clothing,Female,adult,,2400.0 INR
A11-0CD-57-L,Emerald Check Handloom A-Line Co-ord-ForestGreen,Emerald Check Handloom A-Line Co-ord-ForestGreen,out of stock,new,https://www.prathiksham.in/store/item/Emerald+Check+Handloom+A-Line+Co-ord?id=1501,https://www.prathiksham.in/aalam/stock/item/1501/image/_/face-img,Prathiksham,ForestGreen,Handloom Cotton,Handloom Checks,L,Apparel & Accessories > Clothing,Clothing & Accessories > Clothing,Female,adult,,2400.0 INR
A11-0CD-57-XL,Emerald Check Handloom A-Line Co-ord-ForestGreen,Emerald Check Handloom A-Line Co-ord-ForestGreen,out of stock,new,https://www.prathiksham.in/store/item/Emerald+Check+Handloom+A-Line+Co-ord?id=1502,https://www.prathiksham.in/aalam/stock/item/1502/image/_/face-img,Prathiksham,ForestGreen,Handloom Cotton,Handloom Checks,XL,Apparel & Accessories > Clothing,Clothing & Accessories > Clothing,Female,adult,,2400.0 INR
A11-0CD-57-XXL,Emerald Check Handloom A-Line Co-ord-ForestGreen,Emerald Check Handloom A-Line Co-ord-ForestGreen,out of stock,new,https://www.prathiksham.in/store/item/Emerald+Check+Handloom+A-Line+Co-ord?id=1503,https://www.prathiksham.in/aalam/stock/item/1503/image/_/face-img,Prathiksham,ForestGreen,Handloom Cotton,Handloom Checks,XXL,Apparel & Accessories > Clothing,Clothing & Accessories > Clothing,Female,adult,,2400.0 INR
A11-0CD-56-XS,Navy Check Handloom A-Line Co-ord-MidnightBlue,Navy Check Handloom A-Line Co-ord-MidnightBlue,out of stock,new,https://www.prathiksham.in/store/item/Navy+Check+Handloom+A-Line+Co-ord?id=1504,https://www.prathiksham.in/aalam/stock/item/1504/image/_/face-img,Prathiksham,MidnightBlue,Handloom Cotton,Handloom Checks,XS,Apparel & Accessories > Clothing,Clothing & Accessories > Clothing,Female,adult,,2400.0 INR
A11-0CD-56-S,Navy Check Handloom A-Line Co-ord-MidnightBlue,Navy Check Handloom A-Line Co-ord-MidnightBlue,out of stock,new,https://www.prathiksham.in/store/item/Navy+Check+Handloom+A-Line+Co-ord?id=1505,https://www.prathiksham.in/aalam/stock/item/1505/image/_/face-img,Prathiksham,MidnightBlue,Handloom Cotton,Handloom Checks,S,Apparel & Accessories > Clothing,Clothing & Accessories > Clothing,Female,adult,,2400.0 INR
A11-0CD-56-M,Navy Check Handloom A-Line Co-ord-MidnightBlue,Navy Check Handloom A-Line Co-ord-MidnightBlue,out of stock,new,https://www.prathiksham.in/store/item/Navy+Check+Handloom+A-Line+Co-ord?id=1506,https://www.prathiksham.in/aalam/stock/item/1506/image/_/face-img,Prathiksham,MidnightBlue,Handloom Cotton,Handloom Checks,M,Apparel & Accessories > Clothing,Clothing & Accessories > Clothing,Female,adult,,2400.0 INR
A11-0CD-56-L,Navy Check Handloom A-Line Co-ord-MidnightBlue,Navy Check Handloom A-Line Co-ord-MidnightBlue,out of stock,new,https://www.prathiksham.in/store/item/Navy+Check+Handloom+A-Line+Co-ord?id=1507,https://www.prathiksham.in/aalam/stock/item/1507/image/_/face-img,Prathiksham,MidnightBlue,Handloom Cotton,Handloom Checks,L,Apparel & Accessories > Clothing,Clothing & Accessories > Clothing,Female,adult,,2400.0 INR
A11-0CD-56-XL,Navy Check Handloom A-Line Co-ord-MidnightBlue,Navy Check Handloom A-Line Co-ord-MidnightBlue,out of stock,new,https://www.prathiksham.in/store/item/Navy+Check+Handloom+A-Line+Co-ord?id=1508,https://www.prathiksham.in/aalam/stock/item/1508/image/_/face-img,Prathiksham,MidnightBlue,Handloom Cotton,Handloom Checks,XL,Apparel & Accessories > Clothing,Clothing & Accessories > Clothing,Female,adult,,2400.0 INR
A11-0CD-56-XXL,Navy Check Handloom A-Line Co-ord-MidnightBlue,Navy Check Handloom A-Line Co-ord-MidnightBlue,out of stock,new,https://www.prathiksham.in/store/item/Navy+Check+Handloom+A-Line+Co-ord?id=1509,https://www.prathiksham.in/aalam/stock/item/1509/image/_/face-img,Prathiksham,MidnightBlue,Handloom Cotton,Handloom Checks,XXL,Apparel & Accessories > Clothing,Clothing & Accessories > Clothing,Female,adult,,2400.0 INR
A11-0CD-55-XS,Walnut Checkered Handloom A-line Co-ord Set-Tan,Walnut Checkered Handloom A-line Co-ord Set-Tan,out of stock,new,https://www.prathiksham.in/store/item/Walnut+Checkered+Handloom+A-line+Co-ord+Set?id=1510,https://www.prathiksham.in/aalam/stock/item/1510/image/_/face-img,Prathiksham,Tan,Handloom Cotton,Handloom Checks,XS,Apparel & Accessories > Clothing,Clothing & Accessories > Clothing,Female,adult,,2400.0 INR
A11-0CD-55-S,Walnut Checkered Handloom A-line Co-ord Set-Tan,Walnut Checkered Handloom A-line Co-ord Set-Tan,out of stock,new,https://www.prathiksham.in/store/item/Walnut+Checkered+Handloom+A-line+Co-ord+Set?id=1511,https://www.prathiksham.in/aalam/stock/item/1511/image/_/face-img,Prathiksham,Tan,Handloom Cotton,Handloom Checks,S,Apparel & Accessories > Clothing,Clothing & Accessories > Clothing,Female,adult,,2400.0 INR
A11-0CD-55-M,Walnut Checkered Handloom A-line Co-ord Set-Tan,Walnut Checkered Handloom A-line Co-ord Set-Tan,out of stock,new,https://www.prathiksham.in/store/item/Walnut+Checkered+Handloom+A-line+Co-ord+Set?id=1512,https://www.prathiksham.in/aalam/stock/item/1512/image/_/face-img,Prathiksham,Tan,Handloom Cotton,Handloom Checks,M,Apparel & Accessories > Clothing,Clothing & Accessories > Clothing,Female,adult,,2400.0 INR
A11-0CD-55-L,Walnut Checkered Handloom A-line Co-ord Set-Tan,Walnut Checkered Handloom A-line Co-ord Set-Tan,out of stock,new,https://www.prathiksham.in/store/item/Walnut+Checkered+Handloom+A-line+Co-ord+Set?id=1513,https://www.prathiksham.in/aalam/stock/item/1513/image/_/face-img,Prathiksham,Tan,Handloom Cotton,Handloom Checks,L,Apparel & Accessories > Clothing,Clothing & Accessories > Clothing,Female,adult,,2400.0 INR
A11-0CD-55-XL,Walnut Checkered Handloom A-line Co-ord Set-Tan,Walnut Checkered Handloom A-line Co-ord Set-Tan,out of stock,new,https://www.prathiksham.in/store/item/Walnut+Checkered+Handloom+A-line+Co-ord+Set?id=1514,https://www.prathiksham.in/aalam/stock/item/1514/image/_/face-img,Prathiksham,Tan,Handloom Cotton,Handloom Checks,XL,Apparel & Accessories > Clothing,Clothing & Accessories > Clothing,Female,adult,,2400.0 INR
A11-0CD-55-XXL,Walnut Checkered Handloom A-line Co-ord Set-Tan,Walnut Checkered Handloom A-line Co-ord Set-Tan,out of stock,new,https://www.prathiksham.in/store/item/Walnut+Checkered+Handloom+A-line+Co-ord+Set?id=1515,https://www.prathiksham.in/aalam/stock/item/1515/image/_/face-img,Prathiksham,Tan,Handloom Cotton,Handloom Checks,XXL,Apparel & Accessories > Clothing,Clothing & Accessories > Clothing,Female,adult,,2400.0 INR
A12-0CD-64-XS,Raspberry Pink Checks Handloom A-Line Co-ord Set-DeepPink,Raspberry Pink Checks Handloom A-Line Co-ord Set-DeepPink,out of stock,new,https://www.prathiksham.in/store/item/Raspberry+Pink+Checks+Handloom+A-Line+Co-ord+Set?id=1516,https://www.prathiksham.in/aalam/stock/item/1516/image/_/face-img,Prathiksham,DeepPink,Handloom Cotton,Handloom Checks,XS,Apparel & Accessories > Clothing,Clothing & Accessories > Clothing,Female,adult,,2200.0 INR
A12-0CD-64-S,Raspberry Pink Checks Handloom A-Line Co-ord Set-DeepPink,Raspberry Pink Checks Handloom A-Line Co-ord Set-DeepPink,out of stock,new,https://www.prathiksham.in/store/item/Raspberry+Pink+Checks+Handloom+A-Line+Co-ord+Set?id=1517,https://www.prathiksham.in/aalam/stock/item/1517/image/_/face-img,Prathiksham,DeepPink,Handloom Cotton,Handloom Checks,S,Apparel & Accessories > Clothing,Clothing & Accessories > Clothing,Female,adult,,2200.0 INR
A12-0CD-64-M,Raspberry Pink Checks Handloom A-Line Co-ord Set-DeepPink,Raspberry Pink Checks Handloom A-Line Co-ord Set-DeepPink,out of stock,new,https://www.prathiksham.in/store/item/Raspberry+Pink+Checks+Handloom+A-Line+Co-ord+Set?id=1518,https://www.prathiksham.in/aalam/stock/item/1518/image/_/face-img,Prathiksham,DeepPink,Handloom Cotton,Handloom Checks,M,Apparel & Accessories > Clothing,Clothing & Accessories > Clothing,Female,adult,,2200.0 INR
A12-0CD-64-L,Raspberry Pink Checks Handloom A-Line Co-ord Set-DeepPink,Raspberry Pink Checks Handloom A-Line Co-ord Set-DeepPink,out of stock,new,https://www.prathiksham.in/store/item/Raspberry+Pink+Checks+Handloom+A-Line+Co-ord+Set?id=1519,https://www.prathiksham.in/aalam/stock/item/1519/image/_/face-img,Prathiksham,DeepPink,Handloom Cotton,Handloom Checks,L,Apparel & Accessories > Clothing,Clothing & Accessories > Clothing,Female,adult,,2200.0 INR
A12-0CD-64-XL,Raspberry Pink Checks Handloom A-Line Co-ord Set-DeepPink,Raspberry Pink Checks Handloom A-Line Co-ord Set-DeepPink,out of stock,new,https://www.prathiksham.in/store/item/Raspberry+Pink+Checks+Handloom+A-Line+Co-ord+Set?id=1520,https://www.prathiksham.in/aalam/stock/item/1520/image/_/face-img,Prathiksham,DeepPink,Handloom Cotton,Handloom Checks,XL,Apparel & Accessories > Clothing,Clothing & Accessories > Clothing,Female,adult,,2200.0 INR
A12-0CD-64-XXL,Raspberry Pink Checks Handloom A-Line Co-ord Set-DeepPink,Raspberry Pink Checks Handloom A-Line Co-ord Set-DeepPink,out of stock,new,https://www.prathiksham.in/store/item/Raspberry+Pink+Checks+Handloom+A-Line+Co-ord+Set?id=1521,https://www.prathiksham.in/aalam/stock/item/1521/image/_/face-img,Prathiksham,DeepPink,Handloom Cotton,Handloom Checks,XXL,Apparel & Accessories > Clothing,Clothing & Accessories > Clothing,Female,adult,,2200.0 INR
A12-0CD-63-XS,Mustard Charm Handloom A-Line Co-ord Set-DarkOrange,Mustard Charm Handloom A-Line Co-ord Set-DarkOrange,out of stock,new,https://www.prathiksham.in/store/item/Mustard+Charm+Handloom+A-Line+Co-ord+Set?id=1522,https://www.prathiksham.in/aalam/stock/item/1522/image/_/face-img,Prathiksham,DarkOrange,Handloom Cotton,Handloom Checks,XS,Apparel & Accessories > Clothing,Clothing & Accessories > Clothing,Female,adult,,2200.0 INR
A12-0CD-63-S,Mustard Charm Handloom A-Line Co-ord Set-DarkOrange,Mustard Charm Handloom A-Line Co-ord Set-DarkOrange,out of stock,new,https://www.prathiksham.in/store/item/Mustard+Charm+Handloom+A-Line+Co-ord+Set?id=1523,https://www.prathiksham.in/aalam/stock/item/1523/image/_/face-img,Prathiksham,DarkOrange,Handloom Cotton,Handloom Checks,S,Apparel & Accessories > Clothing,Clothing & Accessories > Clothing,Female,adult,,2200.0 INR
A12-0CD-63-M,Mustard Charm Handloom A-Line Co-ord Set-DarkOrange,Mustard Charm Handloom A-Line Co-ord Set-DarkOrange,out of stock,new,https://www.prathiksham.in/store/item/Mustard+Charm+Handloom+A-Line+Co-ord+Set?id=1524,https://www.prathiksham.in/aalam/stock/item/1524/image/_/face-img,Prathiksham,DarkOrange,Handloom Cotton,Handloom Checks,M,Apparel & Accessories > Clothing,Clothing & Accessories > Clothing,Female,adult,,2200.0 INR
A12-0CD-63-L,Mustard Charm Handloom A-Line Co-ord Set-DarkOrange,Mustard Charm Handloom A-Line Co-ord Set-DarkOrange,in stock,new,https://www.prathiksham.in/store/item/Mustard+Charm+Handloom+A-Line+Co-ord+Set?id=1525,https://www.prathiksham.in/aalam/stock/item/1525/image/_/face-img,Prathiksham,DarkOrange,Handloom Cotton,Handloom Checks,L,Apparel & Accessories > Clothing,Clothing & Accessories > Clothing,Female,adult,,2200.0 INR
A12-0CD-63-XL,Mustard Charm Handloom A-Line Co-ord Set-DarkOrange,Mustard Charm Handloom A-Line Co-ord Set-DarkOrange,out of stock,new,https://www.prathiksham.in/store/item/Mustard+Charm+Handloom+A-Line+Co-ord+Set?id=1526,https://www.prathiksham.in/aalam/stock/item/1526/image/_/face-img,Prathiksham,DarkOrange,Handloom Cotton,Handloom Checks,XL,Apparel & Accessories > Clothing,Clothing & Accessories > Clothing,Female,adult,,2200.0 INR
A12-0CD-63-XXL,Mustard Charm Handloom A-Line Co-ord Set-DarkOrange,Mustard Charm Handloom A-Line Co-ord Set-DarkOrange,out of stock,new,https://www.prathiksham.in/store/item/Mustard+Charm+Handloom+A-Line+Co-ord+Set?id=1527,https://www.prathiksham.in/aalam/stock/item/1527/image/_/face-img,Prathiksham,DarkOrange,Handloom Cotton,Handloom Checks,XXL,Apparel & Accessories > Clothing,Clothing & Accessories > Clothing,Female,adult,,2200.0 INR
A12-0CD-62-XS,Dove White Handloom Co-ord Set-White,Dove White Handloom Co-ord Set-White,out of stock,new,https://www.prathiksham.in/store/item/Dove+White+Handloom+Co-ord+Set?id=1528,https://www.prathiksham.in/aalam/stock/item/1528/image/_/face-img,Prathiksham,White,Handloom Cotton,Handloom Checks,XS,Apparel & Accessories > Clothing,Clothing & Accessories > Clothing,Female,adult,,1950.0 INR
A12-0CD-62-S,Dove White Handloom Co-ord Set-White,Dove White Handloom Co-ord Set-White,out of stock,new,https://www.prathiksham.in/store/item/Dove+White+Handloom+Co-ord+Set?id=1529,https://www.prathiksham.in/aalam/stock/item/1529/image/_/face-img,Prathiksham,White,Handloom Cotton,Handloom Checks,S,Apparel & Accessories > Clothing,Clothing & Accessories > Clothing,Female,adult,,1950.0 INR
A12-0CD-62-M,Dove White Handloom Co-ord Set-White,Dove White Handloom Co-ord Set-White,out of stock,new,https://www.prathiksham.in/store/item/Dove+White+Handloom+Co-ord+Set?id=1530,https://www.prathiksham.in/aalam/stock/item/1530/image/_/face-img,Prathiksham,White,Handloom Cotton,Handloom Checks,M,Apparel & Accessories > Clothing,Clothing & Accessories > Clothing,Female,adult,,1950.0 INR
A12-0CD-62-L,Dove White Handloom Co-ord Set-White,Dove White Handloom Co-ord Set-White,out of stock,new,https://www.prathiksham.in/store/item/Dove+White+Handloom+Co-ord+Set?id=1531,https://www.prathiksham.in/aalam/stock/item/1531/image/_/face-img,Prathiksham,White,Handloom Cotton,Handloom Checks,L,Apparel & Accessories > Clothing,Clothing & Accessories > Clothing,Female,adult,,1950.0 INR
A12-0CD-62-XL,Dove White Handloom Co-ord Set-White,Dove White Handloom Co-ord Set-White,in stock,new,https://www.prathiksham.in/store/item/Dove+White+Handloom+Co-ord+Set?id=1532,https://www.prathiksham.in/aalam/stock/item/1532/image/_/face-img,Prathiksham,White,Handloom Cotton,Handloom Checks,XL,Apparel & Accessories > Clothing,Clothing & Accessories > Clothing,Female,adult,,1950.0 INR
A12-0CD-62-XXL,Dove White Handloom Co-ord Set-White,Dove White Handloom Co-ord Set-White,in stock,new,https://www.prathiksham.in/store/item/Dove+White+Handloom+Co-ord+Set?id=1533,https://www.prathiksham.in/aalam/stock/item/1533/image/_/face-img,Prathiksham,White,Handloom Cotton,Handloom Checks,XXL,Apparel & Accessories > Clothing,Clothing & Accessories > Clothing,Female,adult,,1950.0 INR
A12-0CD-61-XS,Blackberry Check Handloom Co-ord Set-Black,Blackberry Check Handloom Co-ord Set-Black,out of stock,new,https://www.prathiksham.in/store/item/Blackberry+Check+Handloom+Co-ord+Set?id=1534,https://www.prathiksham.in/aalam/stock/item/1534/image/_/face-img,Prathiksham,Black,Handloom Cotton,Handloom Checks,XS,Apparel & Accessories > Clothing,Clothing & Accessories > Clothing,Female,adult,,1850.0 INR
A12-0CD-61-S,Blackberry Check Handloom Co-ord Set-Black,Blackberry Check Handloom Co-ord Set-Black,out of stock,new,https://www.prathiksham.in/store/item/Blackberry+Check+Handloom+Co-ord+Set?id=1535,https://www.prathiksham.in/aalam/stock/item/1535/image/_/face-img,Prathiksham,Black,Handloom Cotton,Handloom Checks,S,Apparel & Accessories > Clothing,Clothing & Accessories > Clothing,Female,adult,,1850.0 INR
A12-0CD-61-M,Blackberry Check Handloom Co-ord Set-Black,Blackberry Check Handloom Co-ord Set-Black,out of stock,new,https://www.prathiksham.in/store/item/Blackberry+Check+Handloom+Co-ord+Set?id=1536,https://www.prathiksham.in/aalam/stock/item/1536/image/_/face-img,Prathiksham,Black,Handloom Cotton,Handloom Checks,M,Apparel & Accessories > Clothing,Clothing & Accessories > Clothing,Female,adult,,1850.0 INR
A12-0CD-61-L,Blackberry Check Handloom Co-ord Set-Black,Blackberry Check Handloom Co-ord Set-Black,out of stock,new,https://www.prathiksham.in/store/item/Blackberry+Check+Handloom+Co-ord+Set?id=1537,https://www.prathiksham.in/aalam/stock/item/1537/image/_/face-img,Prathiksham,Black,Handloom Cotton,Handloom Checks,L,Apparel & Accessories > Clothing,Clothing & Accessories > Clothing,Female,adult,,1850.0 INR
A12-0CD-61-XL,Blackberry Check Handloom Co-ord Set-Black,Blackberry Check Handloom Co-ord Set-Black,out of stock,new,https://www.prathiksham.in/store/item/Blackberry+Check+Handloom+Co-ord+Set?id=1538,https://www.prathiksham.in/aalam/stock/item/1538/image/_/face-img,Prathiksham,Black,Handloom Cotton,Handloom Checks,XL,Apparel & Accessories > Clothing,Clothing & Accessories > Clothing,Female,adult,,1850.0 INR
A12-0CD-61-XXL,Blackberry Check Handloom Co-ord Set-Black,Blackberry Check Handloom Co-ord Set-Black,out of stock,new,https://www.prathiksham.in/store/item/Blackberry+Check+Handloom+Co-ord+Set?id=1539,https://www.prathiksham.in/aalam/stock/item/1539/image/_/face-img,Prathiksham,Black,Handloom Cotton,Handloom Checks,XXL,Apparel & Accessories > Clothing,Clothing & Accessories > Clothing,Female,adult,,1850.0 INR
A12-0CD-60-XS,Moss Brown Handloom A-Line Co-ord Set-DarkSeaGreen,Moss Brown Handloom A-Line Co-ord Set-DarkSeaGreen,out of stock,new,https://www.prathiksham.in/store/item/Moss+Brown+Handloom+A-Line+Co-ord+Set?id=1540,https://www.prathiksham.in/aalam/stock/item/1540/image/_/face-img,Prathiksham,DarkSeaGreen,Handloom Cotton,Handloom Checks,XS,Apparel & Accessories > Clothing,Clothing & Accessories > Clothing,Female,adult,,1950.0 INR
A12-0CD-60-S,Moss Brown Handloom A-Line Co-ord Set-DarkSeaGreen,Moss Brown Handloom A-Line Co-ord Set-DarkSeaGreen,out of stock,new,https://www.prathiksham.in/store/item/Moss+Brown+Handloom+A-Line+Co-ord+Set?id=1541,https://www.prathiksham.in/aalam/stock/item/1541/image/_/face-img,Prathiksham,DarkSeaGreen,Handloom Cotton,Handloom Checks,S,Apparel & Accessories > Clothing,Clothing & Accessories > Clothing,Female,adult,,1950.0 INR
A12-0CD-60-M,Moss Brown Handloom A-Line Co-ord Set-DarkSeaGreen,Moss Brown Handloom A-Line Co-ord Set-DarkSeaGreen,out of stock,new,https://www.prathiksham.in/store/item/Moss+Brown+Handloom+A-Line+Co-ord+Set?id=1542,https://www.prathiksham.in/aalam/stock/item/1542/image/_/face-img,Prathiksham,DarkSeaGreen,Handloom Cotton,Handloom Checks,M,Apparel & Accessories > Clothing,Clothing & Accessories > Clothing,Female,adult,,1950.0 INR
A12-0CD-60-L,Moss Brown Handloom A-Line Co-ord Set-DarkSeaGreen,Moss Brown Handloom A-Line Co-ord Set-DarkSeaGreen,out of stock,new,https://www.prathiksham.in/store/item/Moss+Brown+Handloom+A-Line+Co-ord+Set?id=1543,https://www.prathiksham.in/aalam/stock/item/1543/image/_/face-img,Prathiksham,DarkSeaGreen,Handloom Cotton,Handloom Checks,L,Apparel & Accessories > Clothing,Clothing & Accessories > Clothing,Female,adult,,1950.0 INR
A12-0CD-60-XL,Moss Brown Handloom A-Line Co-ord Set-DarkSeaGreen,Moss Brown Handloom A-Line Co-ord Set-DarkSeaGreen,out of stock,new,https://www.prathiksham.in/store/item/Moss+Brown+Handloom+A-Line+Co-ord+Set?id=1544,https://www.prathiksham.in/aalam/stock/item/1544/image/_/face-img,Prathiksham,DarkSeaGreen,Handloom Cotton,Handloom Checks,XL,Apparel & Accessories > Clothing,Clothing & Accessories > Clothing,Female,adult,,1950.0 INR
A12-0CD-60-XXL,Moss Brown Handloom A-Line Co-ord Set-DarkSeaGreen,Moss Brown Handloom A-Line Co-ord Set-DarkSeaGreen,out of stock,new,https://www.prathiksham.in/store/item/Moss+Brown+Handloom+A-Line+Co-ord+Set?id=1545,https://www.prathiksham.in/aalam/stock/item/1545/image/_/face-img,Prathiksham,DarkSeaGreen,Handloom Cotton,Handloom Checks,XXL,Apparel & Accessories > Clothing,Clothing & Accessories > Clothing,Female,adult,,1950.0 INR
A12-0CD-59-XS,Ash Grey Grid Handloom A-Line Co-ord Set-Gainsboro,Ash Grey Grid Handloom A-Line Co-ord Set-Gainsboro,out of stock,new,https://www.prathiksham.in/store/item/Ash+Grey+Grid+Handloom+A-Line+Co-ord+Set?id=1546,https://www.prathiksham.in/aalam/stock/item/1546/image/_/face-img,Prathiksham,Gainsboro,Handloom Cotton,Handloom Checks,XS,Apparel & Accessories > Clothing,Clothing & Accessories > Clothing,Female,adult,,1950.0 INR
A12-0CD-59-S,Ash Grey Grid Handloom A-Line Co-ord Set-Gainsboro,Ash Grey Grid Handloom A-Line Co-ord Set-Gainsboro,out of stock,new,https://www.prathiksham.in/store/item/Ash+Grey+Grid+Handloom+A-Line+Co-ord+Set?id=1547,https://www.prathiksham.in/aalam/stock/item/1547/image/_/face-img,Prathiksham,Gainsboro,Handloom Cotton,Handloom Checks,S,Apparel & Accessories > Clothing,Clothing & Accessories > Clothing,Female,adult,,1950.0 INR
A12-0CD-59-M,Ash Grey Grid Handloom A-Line Co-ord Set-Gainsboro,Ash Grey Grid Handloom A-Line Co-ord Set-Gainsboro,out of stock,new,https://www.prathiksham.in/store/item/Ash+Grey+Grid+Handloom+A-Line+Co-ord+Set?id=1548,https://www.prathiksham.in/aalam/stock/item/1548/image/_/face-img,Prathiksham,Gainsboro,Handloom Cotton,Handloom Checks,M,Apparel & Accessories > Clothing,Clothing & Accessories > Clothing,Female,adult,,1950.0 INR
A12-0CD-59-L,Ash Grey Grid Handloom A-Line Co-ord Set-Gainsboro,Ash Grey Grid Handloom A-Line Co-ord Set-Gainsboro,out of stock,new,https://www.prathiksham.in/store/item/Ash+Grey+Grid+Handloom+A-Line+Co-ord+Set?id=1549,https://www.prathiksham.in/aalam/stock/item/1549/image/_/face-img,Prathiksham,Gainsboro,Handloom Cotton,Handloom Checks,L,Apparel & Accessories > Clothing,Clothing & Accessories > Clothing,Female,adult,,1950.0 INR
A12-0CD-59-XL,Ash Grey Grid Handloom A-Line Co-ord Set-Gainsboro,Ash Grey Grid Handloom A-Line Co-ord Set-Gainsboro,out of stock,new,https://www.prathiksham.in/store/item/Ash+Grey+Grid+Handloom+A-Line+Co-ord+Set?id=1550,https://www.prathiksham.in/aalam/stock/item/1550/image/_/face-img,Prathiksham,Gainsboro,Handloom Cotton,Handloom Checks,XL,Apparel & Accessories > Clothing,Clothing & Accessories > Clothing,Female,adult,,1950.0 INR
A12-0CD-59-XXL,Ash Grey Grid Handloom A-Line Co-ord Set-Gainsboro,Ash Grey Grid Handloom A-Line Co-ord Set-Gainsboro,out of stock,new,https://www.prathiksham.in/store/item/Ash+Grey+Grid+Handloom+A-Line+Co-ord+Set?id=1551,https://www.prathiksham.in/aalam/stock/item/1551/image/_/face-img,Prathiksham,Gainsboro,Handloom Cotton,Handloom Checks,XXL,Apparel & Accessories > Clothing,Clothing & Accessories > Clothing,Female,adult,,1950.0 INR
A13-00K-94-XS,Black Grape Checks Handloom A-Line Kurta-Black,Black Grape Checks Handloom A-Line Kurta-Black,in stock,new,https://www.prathiksham.in/store/item/Black+Grape+Checks+Handloom+A-Line+Kurta?id=1552,https://www.prathiksham.in/aalam/stock/item/1552/image/_/face-img,Prathiksham,Black,Handloom Cotton,Handloom Checks,XS,Apparel & Accessories > Clothing,Clothing & Accessories > Clothing,Female,adult,,1750.0 INR
A13-00K-94-S,Black Grape Checks Handloom A-Line Kurta-Black,Black Grape Checks Handloom A-Line Kurta-Black,in stock,new,https://www.prathiksham.in/store/item/Black+Grape+Checks+Handloom+A-Line+Kurta?id=1553,https://www.prathiksham.in/aalam/stock/item/1553/image/_/face-img,Prathiksham,Black,Handloom Cotton,Handloom Checks,S,Apparel & Accessories > Clothing,Clothing & Accessories > Clothing,Female,adult,,1750.0 INR
A13-00K-94-M,Black Grape Checks Handloom A-Line Kurta-Black,Black Grape Checks Handloom A-Line Kurta-Black,in stock,new,https://www.prathiksham.in/store/item/Black+Grape+Checks+Handloom+A-Line+Kurta?id=1554,https://www.prathiksham.in/aalam/stock/item/1554/image/_/face-img,Prathiksham,Black,Handloom Cotton,Handloom Checks,M,Apparel & Accessories > Clothing,Clothing & Accessories > Clothing,Female,adult,,1750.0 INR
A13-00K-94-L,Black Grape Checks Handloom A-Line Kurta-Black,Black Grape Checks Handloom A-Line Kurta-Black,in stock,new,https://www.prathiksham.in/store/item/Black+Grape+Checks+Handloom+A-Line+Kurta?id=1555,https://www.prathiksham.in/aalam/stock/item/1555/image/_/face-img,Prathiksham,Black,Handloom Cotton,Handloom Checks,L,Apparel & Accessories > Clothing,Clothing & Accessories > Clothing,Female,adult,,1750.0 INR
A13-00K-94-XL,Black Grape Checks Handloom A-Line Kurta-Black,Black Grape Checks Handloom A-Line Kurta-Black,in stock,new,https://www.prathiksham.in/store/item/Black+Grape+Checks+Handloom+A-Line+Kurta?id=1556,https://www.prathiksham.in/aalam/stock/item/1556/image/_/face-img,Prathiksham,Black,Handloom Cotton,Handloom Checks,XL,Apparel & Accessories > Clothing,Clothing & Accessories > Clothing,Female,adult,,1750.0 INR
A13-00K-94-XXL,Black Grape Checks Handloom A-Line Kurta-Black,Black Grape Checks Handloom A-Line Kurta-Black,in stock,new,https://www.prathiksham.in/store/item/Black+Grape+Checks+Handloom+A-Line+Kurta?id=1557,https://www.prathiksham.in/aalam/stock/item/1557/image/_/face-img,Prathiksham,Black,Handloom Cotton,Handloom Checks,XXL,Apparel & Accessories > Clothing,Clothing & Accessories > Clothing,Female,adult,,1750.0 INR
A13-00K-95-XS,Peach Pleated Handloom A-Line kurta-White,Peach Pleated Handloom A-Line kurta-White,in stock,new,https://www.prathiksham.in/store/item/Peach+Pleated+Handloom+A-Line+kurta?id=1558,https://www.prathiksham.in/aalam/stock/item/1558/image/_/face-img,Prathiksham,White,Handloom Cotton,Handloom Checks,XS,Apparel & Accessories > Clothing,Clothing & Accessories > Clothing,Female,adult,,1550.0 INR
A13-00K-95-S,Peach Pleated Handloom A-Line kurta-White,Peach Pleated Handloom A-Line kurta-White,in stock,new,https://www.prathiksham.in/store/item/Peach+Pleated+Handloom+A-Line+kurta?id=1559,https://www.prathiksham.in/aalam/stock/item/1559/image/_/face-img,Prathiksham,White,Handloom Cotton,Handloom Checks,S,Apparel & Accessories > Clothing,Clothing & Accessories > Clothing,Female,adult,,1550.0 INR
A13-00K-95-M,Peach Pleated Handloom A-Line kurta-White,Peach Pleated Handloom A-Line kurta-White,in stock,new,https://www.prathiksham.in/store/item/Peach+Pleated+Handloom+A-Line+kurta?id=1560,https://www.prathiksham.in/aalam/stock/item/1560/image/_/face-img,Prathiksham,White,Handloom Cotton,Handloom Checks,M,Apparel & Accessories > Clothing,Clothing & Accessories > Clothing,Female,adult,,1550.0 INR
A13-00K-95-L,Peach Pleated Handloom A-Line kurta-White,Peach Pleated Handloom A-Line kurta-White,in stock,new,https://www.prathiksham.in/store/item/Peach+Pleated+Handloom+A-Line+kurta?id=1561,https://www.prathiksham.in/aalam/stock/item/1561/image/_/face-img,Prathiksham,White,Handloom Cotton,Handloom Checks,L,Apparel & Accessories > Clothing,Clothing & Accessories > Clothing,Female,adult,,1550.0 INR
A13-00K-95-XL,Peach Pleated Handloom A-Line kurta-White,Peach Pleated Handloom A-Line kurta-White,in stock,new,https://www.prathiksham.in/store/item/Peach+Pleated+Handloom+A-Line+kurta?id=1562,https://www.prathiksham.in/aalam/stock/item/1562/image/_/face-img,Prathiksham,White,Handloom Cotton,Handloom Checks,XL,Apparel & Accessories > Clothing,Clothing & Accessories > Clothing,Female,adult,,1550.0 INR
A13-00K-95-XXL,Peach Pleated Handloom A-Line kurta-White,Peach Pleated Handloom A-Line kurta-White,in stock,new,https://www.prathiksham.in/store/item/Peach+Pleated+Handloom+A-Line+kurta?id=1563,https://www.prathiksham.in/aalam/stock/item/1563/image/_/face-img,Prathiksham,White,Handloom Cotton,Handloom Checks,XXL,Apparel & Accessories > Clothing,Clothing & Accessories > Clothing,Female,adult,,1550.0 INR
A13-0DR-24-XS,Sunny Citrus A-Line Dress-LemonChiffon,Sunny Citrus A-Line Dress-LemonChiffon,in stock,new,https://www.prathiksham.in/store/item/Sunny+Citrus+A-Line+Dress?id=1564,https://www.prathiksham.in/aalam/stock/item/1564/image/_/face-img,Prathiksham,LemonChiffon,Printed Cotton,Abstract,XS,Apparel & Accessories > Clothing,Clothing & Accessories > Clothing,Female,adult,,1750.0 INR
A13-0DR-24-S,Sunny Citrus A-Line Dress-LemonChiffon,Sunny Citrus A-Line Dress-LemonChiffon,in stock,new,https://www.prathiksham.in/store/item/Sunny+Citrus+A-Line+Dress?id=1565,https://www.prathiksham.in/aalam/stock/item/1565/image/_/face-img,Prathiksham,LemonChiffon,Printed Cotton,Abstract,S,Apparel & Accessories > Clothing,Clothing & Accessories > Clothing,Female,adult,,1750.0 INR
A13-0DR-24-M,Sunny Citrus A-Line Dress-LemonChiffon,Sunny Citrus A-Line Dress-LemonChiffon,in stock,new,https://www.prathiksham.in/store/item/Sunny+Citrus+A-Line+Dress?id=1566,https://www.prathiksham.in/aalam/stock/item/1566/image/_/face-img,Prathiksham,LemonChiffon,Printed Cotton,Abstract,M,Apparel & Accessories > Clothing,Clothing & Accessories > Clothing,Female,adult,,1750.0 INR
A13-0DR-24-L,Sunny Citrus A-Line Dress-LemonChiffon,Sunny Citrus A-Line Dress-LemonChiffon,in stock,new,https://www.prathiksham.in/store/item/Sunny+Citrus+A-Line+Dress?id=1567,https://www.prathiksham.in/aalam/stock/item/1567/image/_/face-img,Prathiksham,LemonChiffon,Printed Cotton,Abstract,L,Apparel & Accessories > Clothing,Clothing & Accessories > Clothing,Female,adult,,1750.0 INR
A13-0DR-24-XL,Sunny Citrus A-Line Dress-LemonChiffon,Sunny Citrus A-Line Dress-LemonChiffon,in stock,new,https://www.prathiksham.in/store/item/Sunny+Citrus+A-Line+Dress?id=1568,https://www.prathiksham.in/aalam/stock/item/1568/image/_/face-img,Prathiksham,LemonChiffon,Printed Cotton,Abstract,XL,Apparel & Accessories > Clothing,Clothing & Accessories > Clothing,Female,adult,,1750.0 INR
A13-0DR-24-XXL,Sunny Citrus A-Line Dress-LemonChiffon,Sunny Citrus A-Line Dress-LemonChiffon,in stock,new,https://www.prathiksham.in/store/item/Sunny+Citrus+A-Line+Dress?id=1569,https://www.prathiksham.in/aalam/stock/item/1569/image/_/face-img,Prathiksham,LemonChiffon,Printed Cotton,Abstract,XXL,Apparel & Accessories > Clothing,Clothing & Accessories > Clothing,Female,adult,,1750.0 INR
A13-0KP-25-XS,Sunbeam Stripes Handloom A-Line Kurta Set-LemonChiffon,Sunbeam Stripes Handloom A-Line Kurta Set-LemonChiffon,out of stock,new,https://www.prathiksham.in/store/item/Sunbeam+Stripes+Handloom+A-Line+Kurta+Set?id=1570,https://www.prathiksham.in/aalam/stock/item/1570/image/_/face-img,Prathiksham,LemonChiffon,Cotton,Stripes,XS,Apparel & Accessories > Clothing,Clothing & Accessories > Clothing,Female,adult,,1980.0 INR
A13-0KP-25-S,Sunbeam Stripes Handloom A-Line Kurta Set-LemonChiffon,Sunbeam Stripes Handloom A-Line Kurta Set-LemonChiffon,out of stock,new,https://www.prathiksham.in/store/item/Sunbeam+Stripes+Handloom+A-Line+Kurta+Set?id=1571,https://www.prathiksham.in/aalam/stock/item/1571/image/_/face-img,Prathiksham,LemonChiffon,Cotton,Stripes,S,Apparel & Accessories > Clothing,Clothing & Accessories > Clothing,Female,adult,,1980.0 INR
A13-0KP-25-M,Sunbeam Stripes Handloom A-Line Kurta Set-LemonChiffon,Sunbeam Stripes Handloom A-Line Kurta Set-LemonChiffon,out of stock,new,https://www.prathiksham.in/store/item/Sunbeam+Stripes+Handloom+A-Line+Kurta+Set?id=1572,https://www.prathiksham.in/aalam/stock/item/1572/image/_/face-img,Prathiksham,LemonChiffon,Cotton,Stripes,M,Apparel & Accessories > Clothing,Clothing & Accessories > Clothing,Female,adult,,1980.0 INR
A13-0KP-25-L,Sunbeam Stripes Handloom A-Line Kurta Set-LemonChiffon,Sunbeam Stripes Handloom A-Line Kurta Set-LemonChiffon,out of stock,new,https://www.prathiksham.in/store/item/Sunbeam+Stripes+Handloom+A-Line+Kurta+Set?id=1573,https://www.prathiksham.in/aalam/stock/item/1573/image/_/face-img,Prathiksham,LemonChiffon,Cotton,Stripes,L,Apparel & Accessories > Clothing,Clothing & Accessories > Clothing,Female,adult,,1980.0 INR
A13-0KP-25-XL,Sunbeam Stripes Handloom A-Line Kurta Set-LemonChiffon,Sunbeam Stripes Handloom A-Line Kurta Set-LemonChiffon,out of stock,new,https://www.prathiksham.in/store/item/Sunbeam+Stripes+Handloom+A-Line+Kurta+Set?id=1574,https://www.prathiksham.in/aalam/stock/item/1574/image/_/face-img,Prathiksham,LemonChiffon,Cotton,Stripes,XL,Apparel & Accessories > Clothing,Clothing & Accessories > Clothing,Female,adult,,1980.0 INR
A13-0KP-25-XXL,Sunbeam Stripes Handloom A-Line Kurta Set-LemonChiffon,Sunbeam Stripes Handloom A-Line Kurta Set-LemonChiffon,out of stock,new,https://www.prathiksham.in/store/item/Sunbeam+Stripes+Handloom+A-Line+Kurta+Set?id=1575,https://www.prathiksham.in/aalam/stock/item/1575/image/_/face-img,Prathiksham,LemonChiffon,Cotton,Stripes,XXL,Apparel & Accessories > Clothing,Clothing & Accessories > Clothing,Female,adult,,1980.0 INR
A13-0KP-26-XS,Lavender Breeze Handloom A-Line Kurta Set-Lavender,Lavender Breeze Handloom A-Line Kurta Set-Lavender,out of stock,new,https://www.prathiksham.in/store/item/Lavender+Breeze+Handloom+A-Line+Kurta+Set?id=1576,https://www.prathiksham.in/aalam/stock/item/1576/image/_/face-img,Prathiksham,Lavender,Cotton,Stripes,XS,Apparel & Accessories > Clothing,Clothing & Accessories > Clothing,Female,adult,,1850.0 INR
A13-0KP-26-S,Lavender Breeze Handloom A-Line Kurta Set-Lavender,Lavender Breeze Handloom A-Line Kurta Set-Lavender,out of stock,new,https://www.prathiksham.in/store/item/Lavender+Breeze+Handloom+A-Line+Kurta+Set?id=1577,https://www.prathiksham.in/aalam/stock/item/1577/image/_/face-img,Prathiksham,Lavender,Cotton,Stripes,S,Apparel & Accessories > Clothing,Clothing & Accessories > Clothing,Female,adult,,1850.0 INR
A13-0KP-26-M,Lavender Breeze Handloom A-Line Kurta Set-Lavender,Lavender Breeze Handloom A-Line Kurta Set-Lavender,out of stock,new,https://www.prathiksham.in/store/item/Lavender+Breeze+Handloom+A-Line+Kurta+Set?id=1578,https://www.prathiksham.in/aalam/stock/item/1578/image/_/face-img,Prathiksham,Lavender,Cotton,Stripes,M,Apparel & Accessories > Clothing,Clothing & Accessories > Clothing,Female,adult,,1850.0 INR
A13-0KP-26-L,Lavender Breeze Handloom A-Line Kurta Set-Lavender,Lavender Breeze Handloom A-Line Kurta Set-Lavender,out of stock,new,https://www.prathiksham.in/store/item/Lavender+Breeze+Handloom+A-Line+Kurta+Set?id=1579,https://www.prathiksham.in/aalam/stock/item/1579/image/_/face-img,Prathiksham,Lavender,Cotton,Stripes,L,Apparel & Accessories > Clothing,Clothing & Accessories > Clothing,Female,adult,,1850.0 INR
A13-0KP-26-XL,Lavender Breeze Handloom A-Line Kurta Set-Lavender,Lavender Breeze Handloom A-Line Kurta Set-Lavender,out of stock,new,https://www.prathiksham.in/store/item/Lavender+Breeze+Handloom+A-Line+Kurta+Set?id=1580,https://www.prathiksham.in/aalam/stock/item/1580/image/_/face-img,Prathiksham,Lavender,Cotton,Stripes,XL,Apparel & Accessories > Clothing,Clothing & Accessories > Clothing,Female,adult,,1850.0 INR
A13-0KP-26-XXL,Lavender Breeze Handloom A-Line Kurta Set-Lavender,Lavender Breeze Handloom A-Line Kurta Set-Lavender,out of stock,new,https://www.prathiksham.in/store/item/Lavender+Breeze+Handloom+A-Line+Kurta+Set?id=1581,https://www.prathiksham.in/aalam/stock/item/1581/image/_/face-img,Prathiksham,Lavender,Cotton,Stripes,XXL,Apparel & Accessories > Clothing,Clothing & Accessories > Clothing,Female,adult,,1850.0 INR
A13-0CD-65-XS,Magenta Glow Solid Co-ord Set WIth Dupatta-DarkMagenta,Magenta Glow Solid Co-ord Set WIth Dupatta-DarkMagenta,out of stock,new,https://www.prathiksham.in/store/item/Magenta+Glow+Solid+Co-ord+Set+WIth+Dupatta?id=1582,https://www.prathiksham.in/aalam/stock/item/1582/image/_/face-img,Prathiksham,DarkMagenta,Cotton,Solid,XS,Apparel & Accessories > Clothing,Clothing & Accessories > Clothing,Female,adult,,2220.0 INR
A13-0CD-65-S,Magenta Glow Solid Co-ord Set WIth Dupatta-DarkMagenta,Magenta Glow Solid Co-ord Set WIth Dupatta-DarkMagenta,in stock,new,https://www.prathiksham.in/store/item/Magenta+Glow+Solid+Co-ord+Set+WIth+Dupatta?id=1583,https://www.prathiksham.in/aalam/stock/item/1583/image/_/face-img,Prathiksham,DarkMagenta,Cotton,Solid,S,Apparel & Accessories > Clothing,Clothing & Accessories > Clothing,Female,adult,,2220.0 INR
A13-0CD-65-M,Magenta Glow Solid Co-ord Set WIth Dupatta-DarkMagenta,Magenta Glow Solid Co-ord Set WIth Dupatta-DarkMagenta,in stock,new,https://www.prathiksham.in/store/item/Magenta+Glow+Solid+Co-ord+Set+WIth+Dupatta?id=1584,https://www.prathiksham.in/aalam/stock/item/1584/image/_/face-img,Prathiksham,DarkMagenta,Cotton,Solid,M,Apparel & Accessories > Clothing,Clothing & Accessories > Clothing,Female,adult,,2220.0 INR
A13-0CD-65-L,Magenta Glow Solid Co-ord Set WIth Dupatta-DarkMagenta,Magenta Glow Solid Co-ord Set WIth Dupatta-DarkMagenta,in stock,new,https://www.prathiksham.in/store/item/Magenta+Glow+Solid+Co-ord+Set+WIth+Dupatta?id=1585,https://www.prathiksham.in/aalam/stock/item/1585/image/_/face-img,Prathiksham,DarkMagenta,Cotton,Solid,L,Apparel & Accessories > Clothing,Clothing & Accessories > Clothing,Female,adult,,2220.0 INR
A13-0CD-65-XL,Magenta Glow Solid Co-ord Set WIth Dupatta-DarkMagenta,Magenta Glow Solid Co-ord Set WIth Dupatta-DarkMagenta,in stock,new,https://www.prathiksham.in/store/item/Magenta+Glow+Solid+Co-ord+Set+WIth+Dupatta?id=1586,https://www.prathiksham.in/aalam/stock/item/1586/image/_/face-img,Prathiksham,DarkMagenta,Cotton,Solid,XL,Apparel & Accessories > Clothing,Clothing & Accessories > Clothing,Female,adult,,2220.0 INR
A13-0CD-65-XXL,Magenta Glow Solid Co-ord Set WIth Dupatta-DarkMagenta,Magenta Glow Solid Co-ord Set WIth Dupatta-DarkMagenta,out of stock,new,https://www.prathiksham.in/store/item/Magenta+Glow+Solid+Co-ord+Set+WIth+Dupatta?id=1587,https://www.prathiksham.in/aalam/stock/item/1587/image/_/face-img,Prathiksham,DarkMagenta,Cotton,Solid,XXL,Apparel & Accessories > Clothing,Clothing & Accessories > Clothing,Female,adult,,2220.0 INR
A13-0CD-66-XS,Maroon Solid Co-ord Set With Dupatta-Brown,Maroon Solid Co-ord Set With Dupatta-Brown,out of stock,new,https://www.prathiksham.in/store/item/Maroon+Solid+Co-ord+Set+With+Dupatta?id=1588,https://www.prathiksham.in/aalam/stock/item/1588/image/_/face-img,Prathiksham,Brown,Cotton,Solid,XS,Apparel & Accessories > Clothing,Clothing & Accessories > Clothing,Female,adult,,2220.0 INR
A13-0CD-66-S,Maroon Solid Co-ord Set With Dupatta-Brown,Maroon Solid Co-ord Set With Dupatta-Brown,in stock,new,https://www.prathiksham.in/store/item/Maroon+Solid+Co-ord+Set+With+Dupatta?id=1589,https://www.prathiksham.in/aalam/stock/item/1589/image/_/face-img,Prathiksham,Brown,Cotton,Solid,S,Apparel & Accessories > Clothing,Clothing & Accessories > Clothing,Female,adult,,2220.0 INR
A13-0CD-66-M,Maroon Solid Co-ord Set With Dupatta-Brown,Maroon Solid Co-ord Set With Dupatta-Brown,in stock,new,https://www.prathiksham.in/store/item/Maroon+Solid+Co-ord+Set+With+Dupatta?id=1590,https://www.prathiksham.in/aalam/stock/item/1590/image/_/face-img,Prathiksham,Brown,Cotton,Solid,M,Apparel & Accessories > Clothing,Clothing & Accessories > Clothing,Female,adult,,2220.0 INR
A13-0CD-66-L,Maroon Solid Co-ord Set With Dupatta-Brown,Maroon Solid Co-ord Set With Dupatta-Brown,in stock,new,https://www.prathiksham.in/store/item/Maroon+Solid+Co-ord+Set+With+Dupatta?id=1591,https://www.prathiksham.in/aalam/stock/item/1591/image/_/face-img,Prathiksham,Brown,Cotton,Solid,L,Apparel & Accessories > Clothing,Clothing & Accessories > Clothing,Female,adult,,2220.0 INR
A13-0CD-66-XL,Maroon Solid Co-ord Set With Dupatta-Brown,Maroon Solid Co-ord Set With Dupatta-Brown,in stock,new,https://www.prathiksham.in/store/item/Maroon+Solid+Co-ord+Set+With+Dupatta?id=1592,https://www.prathiksham.in/aalam/stock/item/1592/image/_/face-img,Prathiksham,Brown,Cotton,Solid,XL,Apparel & Accessories > Clothing,Clothing & Accessories > Clothing,Female,adult,,2220.0 INR
A13-0CD-66-XXL,Maroon Solid Co-ord Set With Dupatta-Brown,Maroon Solid Co-ord Set With Dupatta-Brown,in stock,new,https://www.prathiksham.in/store/item/Maroon+Solid+Co-ord+Set+With+Dupatta?id=1593,https://www.prathiksham.in/aalam/stock/item/1593/image/_/face-img,Prathiksham,Brown,Cotton,Solid,XXL,Apparel & Accessories > Clothing,Clothing & Accessories > Clothing,Female,adult,,2220.0 INR
A13-0CD-67-XS,Guava Pink Solid Co-ord Set With Dupatta-HotPink,Guava Pink Solid Co-ord Set With Dupatta-HotPink,in stock,new,https://www.prathiksham.in/store/item/Guava+Pink+Solid+Co-ord+Set+With+Dupatta?id=1594,https://www.prathiksham.in/aalam/stock/item/1594/image/_/face-img,Prathiksham,HotPink,Cotton,Solid,XS,Apparel & Accessories > Clothing,Clothing & Accessories > Clothing,Female,adult,,2220.0 INR
A13-0CD-67-S,Guava Pink Solid Co-ord Set With Dupatta-HotPink,Guava Pink Solid Co-ord Set With Dupatta-HotPink,in stock,new,https://www.prathiksham.in/store/item/Guava+Pink+Solid+Co-ord+Set+With+Dupatta?id=1595,https://www.prathiksham.in/aalam/stock/item/1595/image/_/face-img,Prathiksham,HotPink,Cotton,Solid,S,Apparel & Accessories > Clothing,Clothing & Accessories > Clothing,Female,adult,,2220.0 INR
A13-0CD-67-M,Guava Pink Solid Co-ord Set With Dupatta-HotPink,Guava Pink Solid Co-ord Set With Dupatta-HotPink,in stock,new,https://www.prathiksham.in/store/item/Guava+Pink+Solid+Co-ord+Set+With+Dupatta?id=1596,https://www.prathiksham.in/aalam/stock/item/1596/image/_/face-img,Prathiksham,HotPink,Cotton,Solid,M,Apparel & Accessories > Clothing,Clothing & Accessories > Clothing,Female,adult,,2220.0 INR
A13-0CD-67-L,Guava Pink Solid Co-ord Set With Dupatta-HotPink,Guava Pink Solid Co-ord Set With Dupatta-HotPink,in stock,new,https://www.prathiksham.in/store/item/Guava+Pink+Solid+Co-ord+Set+With+Dupatta?id=1597,https://www.prathiksham.in/aalam/stock/item/1597/image/_/face-img,Prathiksham,HotPink,Cotton,Solid,L,Apparel & Accessories > Clothing,Clothing & Accessories > Clothing,Female,adult,,2220.0 INR
A13-0CD-67-XL,Guava Pink Solid Co-ord Set With Dupatta-HotPink,Guava Pink Solid Co-ord Set With Dupatta-HotPink,in stock,new,https://www.prathiksham.in/store/item/Guava+Pink+Solid+Co-ord+Set+With+Dupatta?id=1598,https://www.prathiksham.in/aalam/stock/item/1598/image/_/face-img,Prathiksham,HotPink,Cotton,Solid,XL,Apparel & Accessories > Clothing,Clothing & Accessories > Clothing,Female,adult,,2220.0 INR
A13-0CD-67-XXL,Guava Pink Solid Co-ord Set With Dupatta-HotPink,Guava Pink Solid Co-ord Set With Dupatta-HotPink,in stock,new,https://www.prathiksham.in/store/item/Guava+Pink+Solid+Co-ord+Set+With+Dupatta?id=1599,https://www.prathiksham.in/aalam/stock/item/1599/image/_/face-img,Prathiksham,HotPink,Cotton,Solid,XXL,Apparel & Accessories > Clothing,Clothing & Accessories > Clothing,Female,adult,,2220.0 INR
A13-0CD-68-XS,Mint Glow Embroidered A-Line Co-ord Set With Dupatta-LightSeaGreen,Mint Glow Embroidered A-Line Co-ord Set With Dupatta-LightSeaGreen,in stock,new,https://www.prathiksham.in/store/item/Mint+Glow+Embroidered+A-Line+Co-ord+Set+With+Dupatta?id=1600,https://www.prathiksham.in/aalam/stock/item/1600/image/_/face-img,Prathiksham,LightSeaGreen,Muslin,Solid,XS,Apparel & Accessories > Clothing,Clothing & Accessories > Clothing,Female,adult,4252.5 INR,6075.0 INR
A13-0CD-68-S,Mint Glow Embroidered A-Line Co-ord Set With Dupatta-LightSeaGreen,Mint Glow Embroidered A-Line Co-ord Set With Dupatta-LightSeaGreen,in stock,new,https://www.prathiksham.in/store/item/Mint+Glow+Embroidered+A-Line+Co-ord+Set+With+Dupatta?id=1601,https://www.prathiksham.in/aalam/stock/item/1601/image/_/face-img,Prathiksham,LightSeaGreen,Muslin,Solid,S,Apparel & Accessories > Clothing,Clothing & Accessories > Clothing,Female,adult,4252.5 INR,6075.0 INR
A13-0CD-68-M,Mint Glow Embroidered A-Line Co-ord Set With Dupatta-LightSeaGreen,Mint Glow Embroidered A-Line Co-ord Set With Dupatta-LightSeaGreen,in stock,new,https://www.prathiksham.in/store/item/Mint+Glow+Embroidered+A-Line+Co-ord+Set+With+Dupatta?id=1602,https://www.prathiksham.in/aalam/stock/item/1602/image/_/face-img,Prathiksham,LightSeaGreen,Muslin,Solid,M,Apparel & Accessories > Clothing,Clothing & Accessories > Clothing,Female,adult,4252.5 INR,6075.0 INR
A13-0CD-68-L,Mint Glow Embroidered A-Line Co-ord Set With Dupatta-LightSeaGreen,Mint Glow Embroidered A-Line Co-ord Set With Dupatta-LightSeaGreen,in stock,new,https://www.prathiksham.in/store/item/Mint+Glow+Embroidered+A-Line+Co-ord+Set+With+Dupatta?id=1603,https://www.prathiksham.in/aalam/stock/item/1603/image/_/face-img,Prathiksham,LightSeaGreen,Muslin,Solid,L,Apparel & Accessories > Clothing,Clothing & Accessories > Clothing,Female,adult,4252.5 INR,6075.0 INR
A13-0CD-68-XL,Mint Glow Embroidered A-Line Co-ord Set With Dupatta-LightSeaGreen,Mint Glow Embroidered A-Line Co-ord Set With Dupatta-LightSeaGreen,in stock,new,https://www.prathiksham.in/store/item/Mint+Glow+Embroidered+A-Line+Co-ord+Set+With+Dupatta?id=1604,https://www.prathiksham.in/aalam/stock/item/1604/image/_/face-img,Prathiksham,LightSeaGreen,Muslin,Solid,XL,Apparel & Accessories > Clothing,Clothing & Accessories > Clothing,Female,adult,4252.5 INR,6075.0 INR
A13-0CD-68-XXL,Mint Glow Embroidered A-Line Co-ord Set With Dupatta-LightSeaGreen,Mint Glow Embroidered A-Line Co-ord Set With Dupatta-LightSeaGreen,in stock,new,https://www.prathiksham.in/store/item/Mint+Glow+Embroidered+A-Line+Co-ord+Set+With+Dupatta?id=1605,https://www.prathiksham.in/aalam/stock/item/1605/image/_/face-img,Prathiksham,LightSeaGreen,Muslin,Solid,XXL,Apparel & Accessories > Clothing,Clothing & Accessories > Clothing,Female,adult,4252.5 INR,6075.0 INR
A13-0CD-69-XS,Peach Bloom Embroidered A-Line Co-ord Set With Dupatta-LightPink,Peach Bloom Embroidered A-Line Co-ord Set With Dupatta-LightPink,in stock,new,https://www.prathiksham.in/store/item/Peach+Bloom+Embroidered+A-Line+Co-ord+Set+With+Dupatta?id=1606,https://www.prathiksham.in/aalam/stock/item/1606/image/_/face-img,Prathiksham,LightPink,Muslin,Solid,XS,Apparel & Accessories > Clothing,Clothing & Accessories > Clothing,Female,adult,5800.2 INR,8286.0 INR
A13-0CD-69-S,Peach Bloom Embroidered A-Line Co-ord Set With Dupatta-LightPink,Peach Bloom Embroidered A-Line Co-ord Set With Dupatta-LightPink,in stock,new,https://www.prathiksham.in/store/item/Peach+Bloom+Embroidered+A-Line+Co-ord+Set+With+Dupatta?id=1607,https://www.prathiksham.in/aalam/stock/item/1607/image/_/face-img,Prathiksham,LightPink,Muslin,Solid,S,Apparel & Accessories > Clothing,Clothing & Accessories > Clothing,Female,adult,5800.2 INR,8286.0 INR
A13-0CD-69-M,Peach Bloom Embroidered A-Line Co-ord Set With Dupatta-LightPink,Peach Bloom Embroidered A-Line Co-ord Set With Dupatta-LightPink,in stock,new,https://www.prathiksham.in/store/item/Peach+Bloom+Embroidered+A-Line+Co-ord+Set+With+Dupatta?id=1608,https://www.prathiksham.in/aalam/stock/item/1608/image/_/face-img,Prathiksham,LightPink,Muslin,Solid,M,Apparel & Accessories > Clothing,Clothing & Accessories > Clothing,Female,adult,5800.2 INR,8286.0 INR
A13-0CD-69-L,Peach Bloom Embroidered A-Line Co-ord Set With Dupatta-LightPink,Peach Bloom Embroidered A-Line Co-ord Set With Dupatta-LightPink,in stock,new,https://www.prathiksham.in/store/item/Peach+Bloom+Embroidered+A-Line+Co-ord+Set+With+Dupatta?id=1609,https://www.prathiksham.in/aalam/stock/item/1609/image/_/face-img,Prathiksham,LightPink,Muslin,Solid,L,Apparel & Accessories > Clothing,Clothing & Accessories > Clothing,Female,adult,5800.2 INR,8286.0 INR
A13-0CD-69-XL,Peach Bloom Embroidered A-Line Co-ord Set With Dupatta-LightPink,Peach Bloom Embroidered A-Line Co-ord Set With Dupatta-LightPink,in stock,new,https://www.prathiksham.in/store/item/Peach+Bloom+Embroidered+A-Line+Co-ord+Set+With+Dupatta?id=1610,https://www.prathiksham.in/aalam/stock/item/1610/image/_/face-img,Prathiksham,LightPink,Muslin,Solid,XL,Apparel & Accessories > Clothing,Clothing & Accessories > Clothing,Female,adult,5800.2 INR,8286.0 INR
A13-0CD-69-XXL,Peach Bloom Embroidered A-Line Co-ord Set With Dupatta-LightPink,Peach Bloom Embroidered A-Line Co-ord Set With Dupatta-LightPink,in stock,new,https://www.prathiksham.in/store/item/Peach+Bloom+Embroidered+A-Line+Co-ord+Set+With+Dupatta?id=1611,https://www.prathiksham.in/aalam/stock/item/1611/image/_/face-img,Prathiksham,LightPink,Muslin,Solid,XXL,Apparel & Accessories > Clothing,Clothing & Accessories > Clothing,Female,adult,5800.2 INR,8286.0 INR
A13-0CD-70-XS,Pink Lychee Embroidered A-Line Co-ord Set With Dupatta-HotPink,Pink Lychee Embroidered A-Line Co-ord Set With Dupatta-HotPink,in stock,new,https://www.prathiksham.in/store/item/Pink+Lychee+Embroidered+A-Line+Co-ord+Set+With+Dupatta?id=1612,https://www.prathiksham.in/aalam/stock/item/1612/image/_/face-img,Prathiksham,HotPink,Muslin,Solid,XS,Apparel & Accessories > Clothing,Clothing & Accessories > Clothing,Female,adult,4536.0 INR,6480.0 INR
A13-0CD-70-S,Pink Lychee Embroidered A-Line Co-ord Set With Dupatta-HotPink,Pink Lychee Embroidered A-Line Co-ord Set With Dupatta-HotPink,in stock,new,https://www.prathiksham.in/store/item/Pink+Lychee+Embroidered+A-Line+Co-ord+Set+With+Dupatta?id=1613,https://www.prathiksham.in/aalam/stock/item/1613/image/_/face-img,Prathiksham,HotPink,Muslin,Solid,S,Apparel & Accessories > Clothing,Clothing & Accessories > Clothing,Female,adult,4536.0 INR,6480.0 INR
A13-0CD-70-M,Pink Lychee Embroidered A-Line Co-ord Set With Dupatta-HotPink,Pink Lychee Embroidered A-Line Co-ord Set With Dupatta-HotPink,in stock,new,https://www.prathiksham.in/store/item/Pink+Lychee+Embroidered+A-Line+Co-ord+Set+With+Dupatta?id=1614,https://www.prathiksham.in/aalam/stock/item/1614/image/_/face-img,Prathiksham,HotPink,Muslin,Solid,M,Apparel & Accessories > Clothing,Clothing & Accessories > Clothing,Female,adult,4536.0 INR,6480.0 INR
A13-0CD-70-L,Pink Lychee Embroidered A-Line Co-ord Set With Dupatta-HotPink,Pink Lychee Embroidered A-Line Co-ord Set With Dupatta-HotPink,in stock,new,https://www.prathiksham.in/store/item/Pink+Lychee+Embroidered+A-Line+Co-ord+Set+With+Dupatta?id=1615,https://www.prathiksham.in/aalam/stock/item/1615/image/_/face-img,Prathiksham,HotPink,Muslin,Solid,L,Apparel & Accessories > Clothing,Clothing & Accessories > Clothing,Female,adult,4536.0 INR,6480.0 INR
A13-0CD-70-XL,Pink Lychee Embroidered A-Line Co-ord Set With Dupatta-HotPink,Pink Lychee Embroidered A-Line Co-ord Set With Dupatta-HotPink,in stock,new,https://www.prathiksham.in/store/item/Pink+Lychee+Embroidered+A-Line+Co-ord+Set+With+Dupatta?id=1616,https://www.prathiksham.in/aalam/stock/item/1616/image/_/face-img,Prathiksham,HotPink,Muslin,Solid,XL,Apparel & Accessories > Clothing,Clothing & Accessories > Clothing,Female,adult,4536.0 INR,6480.0 INR
A13-0CD-70-XXL,Pink Lychee Embroidered A-Line Co-ord Set With Dupatta-HotPink,Pink Lychee Embroidered A-Line Co-ord Set With Dupatta-HotPink,in stock,new,https://www.prathiksham.in/store/item/Pink+Lychee+Embroidered+A-Line+Co-ord+Set+With+Dupatta?id=1617,https://www.prathiksham.in/aalam/stock/item/1617/image/_/face-img,Prathiksham,HotPink,Muslin,Solid,XXL,Apparel & Accessories > Clothing,Clothing & Accessories > Clothing,Female,adult,4536.0 INR,6480.0 INR
A14-0DR-25-XS,Butterfly Garden Dress-DarkGreen,Butterfly Garden Dress-DarkGreen,in stock,new,https://www.prathiksham.in/store/item/Butterfly+Garden+Dress?id=1618,https://www.prathiksham.in/aalam/stock/item/1618/image/_/face-img,Prathiksham,DarkGreen,Printed Cotton,Floral,XS,Apparel & Accessories > Clothing,Clothing & Accessories > Clothing,Female,adult,,1350.0 INR
A14-0DR-25-S,Butterfly Garden Dress-DarkGreen,Butterfly Garden Dress-DarkGreen,in stock,new,https://www.prathiksham.in/store/item/Butterfly+Garden+Dress?id=1619,https://www.prathiksham.in/aalam/stock/item/1619/image/_/face-img,Prathiksham,DarkGreen,Printed Cotton,Floral,S,Apparel & Accessories > Clothing,Clothing & Accessories > Clothing,Female,adult,,1350.0 INR
A14-0DR-25-M,Butterfly Garden Dress-DarkGreen,Butterfly Garden Dress-DarkGreen,in stock,new,https://www.prathiksham.in/store/item/Butterfly+Garden+Dress?id=1620,https://www.prathiksham.in/aalam/stock/item/1620/image/_/face-img,Prathiksham,DarkGreen,Printed Cotton,Floral,M,Apparel & Accessories > Clothing,Clothing & Accessories > Clothing,Female,adult,,1350.0 INR
A14-0DR-25-L,Butterfly Garden Dress-DarkGreen,Butterfly Garden Dress-DarkGreen,in stock,new,https://www.prathiksham.in/store/item/Butterfly+Garden+Dress?id=1621,https://www.prathiksham.in/aalam/stock/item/1621/image/_/face-img,Prathiksham,DarkGreen,Printed Cotton,Floral,L,Apparel & Accessories > Clothing,Clothing & Accessories > Clothing,Female,adult,,1350.0 INR
A14-0DR-25-XL,Butterfly Garden Dress-DarkGreen,Butterfly Garden Dress-DarkGreen,in stock,new,https://www.prathiksham.in/store/item/Butterfly+Garden+Dress?id=1622,https://www.prathiksham.in/aalam/stock/item/1622/image/_/face-img,Prathiksham,DarkGreen,Printed Cotton,Floral,XL,Apparel & Accessories > Clothing,Clothing & Accessories > Clothing,Female,adult,,1350.0 INR
A14-0DR-25-XXL,Butterfly Garden Dress-DarkGreen,Butterfly Garden Dress-DarkGreen,in stock,new,https://www.prathiksham.in/store/item/Butterfly+Garden+Dress?id=1623,https://www.prathiksham.in/aalam/stock/item/1623/image/_/face-img,Prathiksham,DarkGreen,Printed Cotton,Floral,XXL,Apparel & Accessories > Clothing,Clothing & Accessories > Clothing,Female,adult,,1350.0 INR
A14-0KP-27-XS,Radish Pink handloom Kurta Set-MistyRose,Radish Pink handloom Kurta Set-MistyRose,in stock,new,https://www.prathiksham.in/store/item/Radish+Pink+handloom+Kurta+Set?id=1624,https://www.prathiksham.in/aalam/stock/item/1624/image/_/face-img,Prathiksham,MistyRose,Handloom Cotton,Handloom,XS,Apparel & Accessories > Clothing,Clothing & Accessories > Clothing,Female,adult,,2980.0 INR
A14-0KP-27-S,Radish Pink handloom Kurta Set-MistyRose,Radish Pink handloom Kurta Set-MistyRose,out of stock,new,https://www.prathiksham.in/store/item/Radish+Pink+handloom+Kurta+Set?id=1625,https://www.prathiksham.in/aalam/stock/item/1625/image/_/face-img,Prathiksham,MistyRose,Handloom Cotton,Handloom,S,Apparel & Accessories > Clothing,Clothing & Accessories > Clothing,Female,adult,,2980.0 INR
A14-0KP-27-M,Radish Pink handloom Kurta Set-MistyRose,Radish Pink handloom Kurta Set-MistyRose,in stock,new,https://www.prathiksham.in/store/item/Radish+Pink+handloom+Kurta+Set?id=1626,https://www.prathiksham.in/aalam/stock/item/1626/image/_/face-img,Prathiksham,MistyRose,Handloom Cotton,Handloom,M,Apparel & Accessories > Clothing,Clothing & Accessories > Clothing,Female,adult,,2980.0 INR
A14-0KP-27-L,Radish Pink handloom Kurta Set-MistyRose,Radish Pink handloom Kurta Set-MistyRose,in stock,new,https://www.prathiksham.in/store/item/Radish+Pink+handloom+Kurta+Set?id=1627,https://www.prathiksham.in/aalam/stock/item/1627/image/_/face-img,Prathiksham,MistyRose,Handloom Cotton,Handloom,L,Apparel & Accessories > Clothing,Clothing & Accessories > Clothing,Female,adult,,2980.0 INR
A14-0KP-27-XL,Radish Pink handloom Kurta Set-MistyRose,Radish Pink handloom Kurta Set-MistyRose,in stock,new,https://www.prathiksham.in/store/item/Radish+Pink+handloom+Kurta+Set?id=1628,https://www.prathiksham.in/aalam/stock/item/1628/image/_/face-img,Prathiksham,MistyRose,Handloom Cotton,Handloom,XL,Apparel & Accessories > Clothing,Clothing & Accessories > Clothing,Female,adult,,2980.0 INR
A14-0KP-27-XXL,Radish Pink handloom Kurta Set-MistyRose,Radish Pink handloom Kurta Set-MistyRose,in stock,new,https://www.prathiksham.in/store/item/Radish+Pink+handloom+Kurta+Set?id=1629,https://www.prathiksham.in/aalam/stock/item/1629/image/_/face-img,Prathiksham,MistyRose,Handloom Cotton,Handloom,XXL,Apparel & Accessories > Clothing,Clothing & Accessories > Clothing,Female,adult,,2980.0 INR
A14-0KP-28-XS,Chestnut Charm Handloom Kurta Set-Sienna,Chestnut Charm Handloom Kurta Set-Sienna,in stock,new,https://www.prathiksham.in/store/item/Chestnut+Charm+Handloom+Kurta+Set?id=1630,https://www.prathiksham.in/aalam/stock/item/1630/image/_/face-img,Prathiksham,Sienna,Handloom Cotton,Solid,XS,Apparel & Accessories > Clothing,Clothing & Accessories > Clothing,Female,adult,,2980.0 INR
A14-0KP-28-S,Chestnut Charm Handloom Kurta Set-Sienna,Chestnut Charm Handloom Kurta Set-Sienna,out of stock,new,https://www.prathiksham.in/store/item/Chestnut+Charm+Handloom+Kurta+Set?id=1631,https://www.prathiksham.in/aalam/stock/item/1631/image/_/face-img,Prathiksham,Sienna,Handloom Cotton,Solid,S,Apparel & Accessories > Clothing,Clothing & Accessories > Clothing,Female,adult,,2980.0 INR
A14-0KP-28-M,Chestnut Charm Handloom Kurta Set-Sienna,Chestnut Charm Handloom Kurta Set-Sienna,in stock,new,https://www.prathiksham.in/store/item/Chestnut+Charm+Handloom+Kurta+Set?id=1632,https://www.prathiksham.in/aalam/stock/item/1632/image/_/face-img,Prathiksham,Sienna,Handloom Cotton,Solid,M,Apparel & Accessories > Clothing,Clothing & Accessories > Clothing,Female,adult,,2980.0 INR
A14-0KP-28-L,Chestnut Charm Handloom Kurta Set-Sienna,Chestnut Charm Handloom Kurta Set-Sienna,in stock,new,https://www.prathiksham.in/store/item/Chestnut+Charm+Handloom+Kurta+Set?id=1633,https://www.prathiksham.in/aalam/stock/item/1633/image/_/face-img,Prathiksham,Sienna,Handloom Cotton,Solid,L,Apparel & Accessories > Clothing,Clothing & Accessories > Clothing,Female,adult,,2980.0 INR
A14-0KP-28-XL,Chestnut Charm Handloom Kurta Set-Sienna,Chestnut Charm Handloom Kurta Set-Sienna,in stock,new,https://www.prathiksham.in/store/item/Chestnut+Charm+Handloom+Kurta+Set?id=1634,https://www.prathiksham.in/aalam/stock/item/1634/image/_/face-img,Prathiksham,Sienna,Handloom Cotton,Solid,XL,Apparel & Accessories > Clothing,Clothing & Accessories > Clothing,Female,adult,,2980.0 INR
A14-0KP-28-XXL,Chestnut Charm Handloom Kurta Set-Sienna,Chestnut Charm Handloom Kurta Set-Sienna,in stock,new,https://www.prathiksham.in/store/item/Chestnut+Charm+Handloom+Kurta+Set?id=1635,https://www.prathiksham.in/aalam/stock/item/1635/image/_/face-img,Prathiksham,Sienna,Handloom Cotton,Solid,XXL,Apparel & Accessories > Clothing,Clothing & Accessories > Clothing,Female,adult,,2980.0 INR
A14-0CD-71-XS,Royal Indigo Handloom Co-ord Set-MidnightBlue,Royal Indigo Handloom Co-ord Set-MidnightBlue,in stock,new,https://www.prathiksham.in/store/item/Royal+Indigo+Handloom+Co-ord+Set?id=1636,https://www.prathiksham.in/aalam/stock/item/1636/image/_/face-img,Prathiksham,MidnightBlue,Handloom Cotton,Handloom,XS,Apparel & Accessories > Clothing,Clothing & Accessories > Clothing,Female,adult,,2200.0 INR
A14-0CD-71-S,Royal Indigo Handloom Co-ord Set-MidnightBlue,Royal Indigo Handloom Co-ord Set-MidnightBlue,in stock,new,https://www.prathiksham.in/store/item/Royal+Indigo+Handloom+Co-ord+Set?id=1637,https://www.prathiksham.in/aalam/stock/item/1637/image/_/face-img,Prathiksham,MidnightBlue,Handloom Cotton,Handloom,S,Apparel & Accessories > Clothing,Clothing & Accessories > Clothing,Female,adult,,2200.0 INR
A14-0CD-71-M,Royal Indigo Handloom Co-ord Set-MidnightBlue,Royal Indigo Handloom Co-ord Set-MidnightBlue,out of stock,new,https://www.prathiksham.in/store/item/Royal+Indigo+Handloom+Co-ord+Set?id=1638,https://www.prathiksham.in/aalam/stock/item/1638/image/_/face-img,Prathiksham,MidnightBlue,Handloom Cotton,Handloom,M,Apparel & Accessories > Clothing,Clothing & Accessories > Clothing,Female,adult,,2200.0 INR
A14-0CD-71-L,Royal Indigo Handloom Co-ord Set-MidnightBlue,Royal Indigo Handloom Co-ord Set-MidnightBlue,out of stock,new,https://www.prathiksham.in/store/item/Royal+Indigo+Handloom+Co-ord+Set?id=1639,https://www.prathiksham.in/aalam/stock/item/1639/image/_/face-img,Prathiksham,MidnightBlue,Handloom Cotton,Handloom,L,Apparel & Accessories > Clothing,Clothing & Accessories > Clothing,Female,adult,,2200.0 INR
A14-0CD-71-XL,Royal Indigo Handloom Co-ord Set-MidnightBlue,Royal Indigo Handloom Co-ord Set-MidnightBlue,in stock,new,https://www.prathiksham.in/store/item/Royal+Indigo+Handloom+Co-ord+Set?id=1640,https://www.prathiksham.in/aalam/stock/item/1640/image/_/face-img,Prathiksham,MidnightBlue,Handloom Cotton,Handloom,XL,Apparel & Accessories > Clothing,Clothing & Accessories > Clothing,Female,adult,,2200.0 INR
A14-0CD-71-XXL,Royal Indigo Handloom Co-ord Set-MidnightBlue,Royal Indigo Handloom Co-ord Set-MidnightBlue,in stock,new,https://www.prathiksham.in/store/item/Royal+Indigo+Handloom+Co-ord+Set?id=1641,https://www.prathiksham.in/aalam/stock/item/1641/image/_/face-img,Prathiksham,MidnightBlue,Handloom Cotton,Handloom,XXL,Apparel & Accessories > Clothing,Clothing & Accessories > Clothing,Female,adult,,2200.0 INR
A14-0CD-72-XS,Pista Delight Handloom A-Line Co-ord Set-SeaGreen,Pista Delight Handloom A-Line Co-ord Set-SeaGreen,out of stock,new,https://www.prathiksham.in/store/item/Pista+Delight+Handloom+A-Line+Co-ord+Set?id=1642,https://www.prathiksham.in/aalam/stock/item/1642/image/_/face-img,Prathiksham,SeaGreen,Premium Handloom,Handloom,XS,Apparel & Accessories > Clothing,Clothing & Accessories > Clothing,Female,adult,,2450.0 INR
A14-0CD-72-S,Pista Delight Handloom A-Line Co-ord Set-SeaGreen,Pista Delight Handloom A-Line Co-ord Set-SeaGreen,out of stock,new,https://www.prathiksham.in/store/item/Pista+Delight+Handloom+A-Line+Co-ord+Set?id=1643,https://www.prathiksham.in/aalam/stock/item/1643/image/_/face-img,Prathiksham,SeaGreen,Premium Handloom,Handloom,S,Apparel & Accessories > Clothing,Clothing & Accessories > Clothing,Female,adult,,2450.0 INR
A14-0CD-72-M,Pista Delight Handloom A-Line Co-ord Set-SeaGreen,Pista Delight Handloom A-Line Co-ord Set-SeaGreen,in stock,new,https://www.prathiksham.in/store/item/Pista+Delight+Handloom+A-Line+Co-ord+Set?id=1644,https://www.prathiksham.in/aalam/stock/item/1644/image/_/face-img,Prathiksham,SeaGreen,Premium Handloom,Handloom,M,Apparel & Accessories > Clothing,Clothing & Accessories > Clothing,Female,adult,,2450.0 INR
A14-0CD-72-L,Pista Delight Handloom A-Line Co-ord Set-SeaGreen,Pista Delight Handloom A-Line Co-ord Set-SeaGreen,out of stock,new,https://www.prathiksham.in/store/item/Pista+Delight+Handloom+A-Line+Co-ord+Set?id=1645,https://www.prathiksham.in/aalam/stock/item/1645/image/_/face-img,Prathiksham,SeaGreen,Premium Handloom,Handloom,L,Apparel & Accessories > Clothing,Clothing & Accessories > Clothing,Female,adult,,2450.0 INR
A14-0CD-72-XL,Pista Delight Handloom A-Line Co-ord Set-SeaGreen,Pista Delight Handloom A-Line Co-ord Set-SeaGreen,out of stock,new,https://www.prathiksham.in/store/item/Pista+Delight+Handloom+A-Line+Co-ord+Set?id=1646,https://www.prathiksham.in/aalam/stock/item/1646/image/_/face-img,Prathiksham,SeaGreen,Premium Handloom,Handloom,XL,Apparel & Accessories > Clothing,Clothing & Accessories > Clothing,Female,adult,,2450.0 INR
A14-0CD-72-XXL,Pista Delight Handloom A-Line Co-ord Set-SeaGreen,Pista Delight Handloom A-Line Co-ord Set-SeaGreen,out of stock,new,https://www.prathiksham.in/store/item/Pista+Delight+Handloom+A-Line+Co-ord+Set?id=1647,https://www.prathiksham.in/aalam/stock/item/1647/image/_/face-img,Prathiksham,SeaGreen,Premium Handloom,Handloom,XXL,Apparel & Accessories > Clothing,Clothing & Accessories > Clothing,Female,adult,,2450.0 INR
A14-0KP-29-XS,Marigold Handloom A-Line Kurta Set-Gold,Marigold Handloom A-Line Kurta Set-Gold,out of stock,new,https://www.prathiksham.in/store/item/Marigold+Handloom+A-Line+Kurta+Set?id=1648,https://www.prathiksham.in/aalam/stock/item/1648/image/_/face-img,Prathiksham,Gold,Premium Handloom,Handloom,XS,Apparel & Accessories > Clothing,Clothing & Accessories > Clothing,Female,adult,,1980.0 INR
A14-0KP-29-S,Marigold Handloom A-Line Kurta Set-Gold,Marigold Handloom A-Line Kurta Set-Gold,out of stock,new,https://www.prathiksham.in/store/item/Marigold+Handloom+A-Line+Kurta+Set?id=1649,https://www.prathiksham.in/aalam/stock/item/1649/image/_/face-img,Prathiksham,Gold,Premium Handloom,Handloom,S,Apparel & Accessories > Clothing,Clothing & Accessories > Clothing,Female,adult,,1980.0 INR
A14-0KP-29-M,Marigold Handloom A-Line Kurta Set-Gold,Marigold Handloom A-Line Kurta Set-Gold,out of stock,new,https://www.prathiksham.in/store/item/Marigold+Handloom+A-Line+Kurta+Set?id=1650,https://www.prathiksham.in/aalam/stock/item/1650/image/_/face-img,Prathiksham,Gold,Premium Handloom,Handloom,M,Apparel & Accessories > Clothing,Clothing & Accessories > Clothing,Female,adult,,1980.0 INR
A14-0KP-29-L,Marigold Handloom A-Line Kurta Set-Gold,Marigold Handloom A-Line Kurta Set-Gold,out of stock,new,https://www.prathiksham.in/store/item/Marigold+Handloom+A-Line+Kurta+Set?id=1651,https://www.prathiksham.in/aalam/stock/item/1651/image/_/face-img,Prathiksham,Gold,Premium Handloom,Handloom,L,Apparel & Accessories > Clothing,Clothing & Accessories > Clothing,Female,adult,,1980.0 INR
A14-0KP-29-XL,Marigold Handloom A-Line Kurta Set-Gold,Marigold Handloom A-Line Kurta Set-Gold,in stock,new,https://www.prathiksham.in/store/item/Marigold+Handloom+A-Line+Kurta+Set?id=1652,https://www.prathiksham.in/aalam/stock/item/1652/image/_/face-img,Prathiksham,Gold,Premium Handloom,Handloom,XL,Apparel & Accessories > Clothing,Clothing & Accessories > Clothing,Female,adult,,1980.0 INR
A14-0KP-29-XXL,Marigold Handloom A-Line Kurta Set-Gold,Marigold Handloom A-Line Kurta Set-Gold,in stock,new,https://www.prathiksham.in/store/item/Marigold+Handloom+A-Line+Kurta+Set?id=1653,https://www.prathiksham.in/aalam/stock/item/1653/image/_/face-img,Prathiksham,Gold,Premium Handloom,Handloom,XXL,Apparel & Accessories > Clothing,Clothing & Accessories > Clothing,Female,adult,,1980.0 INR
A14-0CD-73-XS,Cocoa Charm Pleated Handloom A-Line Co-ord Set With Dupatta-Sienna,Cocoa Charm Pleated Handloom A-Line Co-ord Set With Dupatta-Sienna,out of stock,new,https://www.prathiksham.in/store/item/Cocoa+Charm+Pleated+Handloom+A-Line+Co-ord+Set+With+Dupatta?id=1654,https://www.prathiksham.in/aalam/stock/item/1654/image/_/face-img,Prathiksham,Sienna,Handloom Cotton,Handloom,XS,Apparel & Accessories > Clothing,Clothing & Accessories > Clothing,Female,adult,,2400.0 INR
A14-0CD-73-S,Cocoa Charm Pleated Handloom A-Line Co-ord Set With Dupatta-Sienna,Cocoa Charm Pleated Handloom A-Line Co-ord Set With Dupatta-Sienna,out of stock,new,https://www.prathiksham.in/store/item/Cocoa+Charm+Pleated+Handloom+A-Line+Co-ord+Set+With+Dupatta?id=1655,https://www.prathiksham.in/aalam/stock/item/1655/image/_/face-img,Prathiksham,Sienna,Handloom Cotton,Handloom,S,Apparel & Accessories > Clothing,Clothing & Accessories > Clothing,Female,adult,,2400.0 INR
A14-0CD-73-M,Cocoa Charm Pleated Handloom A-Line Co-ord Set With Dupatta-Sienna,Cocoa Charm Pleated Handloom A-Line Co-ord Set With Dupatta-Sienna,out of stock,new,https://www.prathiksham.in/store/item/Cocoa+Charm+Pleated+Handloom+A-Line+Co-ord+Set+With+Dupatta?id=1656,https://www.prathiksham.in/aalam/stock/item/1656/image/_/face-img,Prathiksham,Sienna,Handloom Cotton,Handloom,M,Apparel & Accessories > Clothing,Clothing & Accessories > Clothing,Female,adult,,2400.0 INR
A14-0CD-73-L,Cocoa Charm Pleated Handloom A-Line Co-ord Set With Dupatta-Sienna,Cocoa Charm Pleated Handloom A-Line Co-ord Set With Dupatta-Sienna,out of stock,new,https://www.prathiksham.in/store/item/Cocoa+Charm+Pleated+Handloom+A-Line+Co-ord+Set+With+Dupatta?id=1657,https://www.prathiksham.in/aalam/stock/item/1657/image/_/face-img,Prathiksham,Sienna,Handloom Cotton,Handloom,L,Apparel & Accessories > Clothing,Clothing & Accessories > Clothing,Female,adult,,2400.0 INR
A14-0CD-73-XL,Cocoa Charm Pleated Handloom A-Line Co-ord Set With Dupatta-Sienna,Cocoa Charm Pleated Handloom A-Line Co-ord Set With Dupatta-Sienna,out of stock,new,https://www.prathiksham.in/store/item/Cocoa+Charm+Pleated+Handloom+A-Line+Co-ord+Set+With+Dupatta?id=1658,https://www.prathiksham.in/aalam/stock/item/1658/image/_/face-img,Prathiksham,Sienna,Handloom Cotton,Handloom,XL,Apparel & Accessories > Clothing,Clothing & Accessories > Clothing,Female,adult,,2400.0 INR
A14-0CD-73-XXL,Cocoa Charm Pleated Handloom A-Line Co-ord Set With Dupatta-Sienna,Cocoa Charm Pleated Handloom A-Line Co-ord Set With Dupatta-Sienna,out of stock,new,https://www.prathiksham.in/store/item/Cocoa+Charm+Pleated+Handloom+A-Line+Co-ord+Set+With+Dupatta?id=1659,https://www.prathiksham.in/aalam/stock/item/1659/image/_/face-img,Prathiksham,Sienna,Handloom Cotton,Handloom,XXL,Apparel & Accessories > Clothing,Clothing & Accessories > Clothing,Female,adult,,2400.0 INR
A15-0CD-80-XS,Turmeric Twist Handloom A-Line Co-ord Set With Dupatta-DarkOliveGreen,Turmeric Twist Handloom A-Line Co-ord Set With Dupatta-DarkOliveGreen,in stock,new,https://www.prathiksham.in/store/item/Turmeric+Twist+Handloom+A-Line+Co-ord+Set+With+Dupatta?id=1660,https://www.prathiksham.in/aalam/stock/item/1660/image/_/face-img,Prathiksham,DarkOliveGreen,Cotton,Solid,XS,Apparel & Accessories > Clothing,Clothing & Accessories > Clothing,Female,adult,,2400.0 INR
A15-0CD-80-S,Turmeric Twist Handloom A-Line Co-ord Set With Dupatta-DarkOliveGreen,Turmeric Twist Handloom A-Line Co-ord Set With Dupatta-DarkOliveGreen,out of stock,new,https://www.prathiksham.in/store/item/Turmeric+Twist+Handloom+A-Line+Co-ord+Set+With+Dupatta?id=1661,https://www.prathiksham.in/aalam/stock/item/1661/image/_/face-img,Prathiksham,DarkOliveGreen,Cotton,Solid,S,Apparel & Accessories > Clothing,Clothing & Accessories > Clothing,Female,adult,,2400.0 INR
A15-0CD-80-M,Turmeric Twist Handloom A-Line Co-ord Set With Dupatta-DarkOliveGreen,Turmeric Twist Handloom A-Line Co-ord Set With Dupatta-DarkOliveGreen,out of stock,new,https://www.prathiksham.in/store/item/Turmeric+Twist+Handloom+A-Line+Co-ord+Set+With+Dupatta?id=1662,https://www.prathiksham.in/aalam/stock/item/1662/image/_/face-img,Prathiksham,DarkOliveGreen,Cotton,Solid,M,Apparel & Accessories > Clothing,Clothing & Accessories > Clothing,Female,adult,,2400.0 INR
A15-0CD-80-L,Turmeric Twist Handloom A-Line Co-ord Set With Dupatta-DarkOliveGreen,Turmeric Twist Handloom A-Line Co-ord Set With Dupatta-DarkOliveGreen,out of stock,new,https://www.prathiksham.in/store/item/Turmeric+Twist+Handloom+A-Line+Co-ord+Set+With+Dupatta?id=1663,https://www.prathiksham.in/aalam/stock/item/1663/image/_/face-img,Prathiksham,DarkOliveGreen,Cotton,Solid,L,Apparel & Accessories > Clothing,Clothing & Accessories > Clothing,Female,adult,,2400.0 INR
A15-0CD-80-XL,Turmeric Twist Handloom A-Line Co-ord Set With Dupatta-DarkOliveGreen,Turmeric Twist Handloom A-Line Co-ord Set With Dupatta-DarkOliveGreen,in stock,new,https://www.prathiksham.in/store/item/Turmeric+Twist+Handloom+A-Line+Co-ord+Set+With+Dupatta?id=1664,https://www.prathiksham.in/aalam/stock/item/1664/image/_/face-img,Prathiksham,DarkOliveGreen,Cotton,Solid,XL,Apparel & Accessories > Clothing,Clothing & Accessories > Clothing,Female,adult,,2400.0 INR
A15-0CD-80-XXL,Turmeric Twist Handloom A-Line Co-ord Set With Dupatta-DarkOliveGreen,Turmeric Twist Handloom A-Line Co-ord Set With Dupatta-DarkOliveGreen,in stock,new,https://www.prathiksham.in/store/item/Turmeric+Twist+Handloom+A-Line+Co-ord+Set+With+Dupatta?id=1665,https://www.prathiksham.in/aalam/stock/item/1665/image/_/face-img,Prathiksham,DarkOliveGreen,Cotton,Solid,XXL,Apparel & Accessories > Clothing,Clothing & Accessories > Clothing,Female,adult,,2400.0 INR
A15-0KP-30-XS,Purple Haze Embroidery A-line Kurta Set-LavenderBlush,Purple Haze Embroidery A-line Kurta Set-LavenderBlush,out of stock,new,https://www.prathiksham.in/store/item/Purple+Haze+Embroidery+A-line+Kurta+Set?id=1666,https://www.prathiksham.in/aalam/stock/item/1666/image/_/face-img,Prathiksham,LavenderBlush,Cotton,Checks,XS,Apparel & Accessories > Clothing,Clothing & Accessories > Clothing,Female,adult,,2800.0 INR
A15-0KP-30-S,Purple Haze Embroidery A-line Kurta Set-LavenderBlush,Purple Haze Embroidery A-line Kurta Set-LavenderBlush,in stock,new,https://www.prathiksham.in/store/item/Purple+Haze+Embroidery+A-line+Kurta+Set?id=1667,https://www.prathiksham.in/aalam/stock/item/1667/image/_/face-img,Prathiksham,LavenderBlush,Cotton,Checks,S,Apparel & Accessories > Clothing,Clothing & Accessories > Clothing,Female,adult,,2800.0 INR
A15-0KP-30-M,Purple Haze Embroidery A-line Kurta Set-LavenderBlush,Purple Haze Embroidery A-line Kurta Set-LavenderBlush,in stock,new,https://www.prathiksham.in/store/item/Purple+Haze+Embroidery+A-line+Kurta+Set?id=1668,https://www.prathiksham.in/aalam/stock/item/1668/image/_/face-img,Prathiksham,LavenderBlush,Cotton,Checks,M,Apparel & Accessories > Clothing,Clothing & Accessories > Clothing,Female,adult,,2800.0 INR
A15-0KP-30-L,Purple Haze Embroidery A-line Kurta Set-LavenderBlush,Purple Haze Embroidery A-line Kurta Set-LavenderBlush,in stock,new,https://www.prathiksham.in/store/item/Purple+Haze+Embroidery+A-line+Kurta+Set?id=1669,https://www.prathiksham.in/aalam/stock/item/1669/image/_/face-img,Prathiksham,LavenderBlush,Cotton,Checks,L,Apparel & Accessories > Clothing,Clothing & Accessories > Clothing,Female,adult,,2800.0 INR
A15-0KP-30-XL,Purple Haze Embroidery A-line Kurta Set-LavenderBlush,Purple Haze Embroidery A-line Kurta Set-LavenderBlush,out of stock,new,https://www.prathiksham.in/store/item/Purple+Haze+Embroidery+A-line+Kurta+Set?id=1670,https://www.prathiksham.in/aalam/stock/item/1670/image/_/face-img,Prathiksham,LavenderBlush,Cotton,Checks,XL,Apparel & Accessories > Clothing,Clothing & Accessories > Clothing,Female,adult,,2800.0 INR
A15-0KP-30-XXL,Purple Haze Embroidery A-line Kurta Set-LavenderBlush,Purple Haze Embroidery A-line Kurta Set-LavenderBlush,in stock,new,https://www.prathiksham.in/store/item/Purple+Haze+Embroidery+A-line+Kurta+Set?id=1671,https://www.prathiksham.in/aalam/stock/item/1671/image/_/face-img,Prathiksham,LavenderBlush,Cotton,Checks,XXL,Apparel & Accessories > Clothing,Clothing & Accessories > Clothing,Female,adult,,2800.0 INR
A15-0CD-79-XS,Violet Grape Notch Collar Co-ord Set-Purple,Violet Grape Notch Collar Co-ord Set-Purple,in stock,new,https://www.prathiksham.in/store/item/Violet+Grape+Notch+Collar+Co-ord+Set?id=1672,https://www.prathiksham.in/aalam/stock/item/1672/image/_/face-img,Prathiksham,Purple,Cotton,Checks,XS,Apparel & Accessories > Clothing,Clothing & Accessories > Clothing,Female,adult,,1600.0 INR
A15-0CD-79-S,Violet Grape Notch Collar Co-ord Set-Purple,Violet Grape Notch Collar Co-ord Set-Purple,in stock,new,https://www.prathiksham.in/store/item/Violet+Grape+Notch+Collar+Co-ord+Set?id=1673,https://www.prathiksham.in/aalam/stock/item/1673/image/_/face-img,Prathiksham,Purple,Cotton,Checks,S,Apparel & Accessories > Clothing,Clothing & Accessories > Clothing,Female,adult,,1600.0 INR
A15-0CD-79-M,Violet Grape Notch Collar Co-ord Set-Purple,Violet Grape Notch Collar Co-ord Set-Purple,in stock,new,https://www.prathiksham.in/store/item/Violet+Grape+Notch+Collar+Co-ord+Set?id=1674,https://www.prathiksham.in/aalam/stock/item/1674/image/_/face-img,Prathiksham,Purple,Cotton,Checks,M,Apparel & Accessories > Clothing,Clothing & Accessories > Clothing,Female,adult,,1600.0 INR
A15-0CD-79-L,Violet Grape Notch Collar Co-ord Set-Purple,Violet Grape Notch Collar Co-ord Set-Purple,in stock,new,https://www.prathiksham.in/store/item/Violet+Grape+Notch+Collar+Co-ord+Set?id=1675,https://www.prathiksham.in/aalam/stock/item/1675/image/_/face-img,Prathiksham,Purple,Cotton,Checks,L,Apparel & Accessories > Clothing,Clothing & Accessories > Clothing,Female,adult,,1600.0 INR
A15-0CD-79-XL,Violet Grape Notch Collar Co-ord Set-Purple,Violet Grape Notch Collar Co-ord Set-Purple,in stock,new,https://www.prathiksham.in/store/item/Violet+Grape+Notch+Collar+Co-ord+Set?id=1676,https://www.prathiksham.in/aalam/stock/item/1676/image/_/face-img,Prathiksham,Purple,Cotton,Checks,XL,Apparel & Accessories > Clothing,Clothing & Accessories > Clothing,Female,adult,,1600.0 INR
A15-0CD-79-XXL,Violet Grape Notch Collar Co-ord Set-Purple,Violet Grape Notch Collar Co-ord Set-Purple,in stock,new,https://www.prathiksham.in/store/item/Violet+Grape+Notch+Collar+Co-ord+Set?id=1677,https://www.prathiksham.in/aalam/stock/item/1677/image/_/face-img,Prathiksham,Purple,Cotton,Checks,XXL,Apparel & Accessories > Clothing,Clothing & Accessories > Clothing,Female,adult,,1600.0 INR
A15-0CD-78-XS,Ivory Jamdhani Noor A-Line Co-ord Set-SeaShell,Ivory Jamdhani Noor A-Line Co-ord Set-SeaShell,out of stock,new,https://www.prathiksham.in/store/item/Ivory+Jamdhani+Noor+A-Line+Co-ord+Set?id=1678,https://www.prathiksham.in/aalam/stock/item/1678/image/_/face-img,Prathiksham,SeaShell,Cotton,Solid,XS,Apparel & Accessories > Clothing,Clothing & Accessories > Clothing,Female,adult,,2800.0 INR
A15-0CD-78-S,Ivory Jamdhani Noor A-Line Co-ord Set-SeaShell,Ivory Jamdhani Noor A-Line Co-ord Set-SeaShell,out of stock,new,https://www.prathiksham.in/store/item/Ivory+Jamdhani+Noor+A-Line+Co-ord+Set?id=1679,https://www.prathiksham.in/aalam/stock/item/1679/image/_/face-img,Prathiksham,SeaShell,Cotton,Solid,S,Apparel & Accessories > Clothing,Clothing & Accessories > Clothing,Female,adult,,2800.0 INR
A15-0CD-78-M,Ivory Jamdhani Noor A-Line Co-ord Set-SeaShell,Ivory Jamdhani Noor A-Line Co-ord Set-SeaShell,out of stock,new,https://www.prathiksham.in/store/item/Ivory+Jamdhani+Noor+A-Line+Co-ord+Set?id=1680,https://www.prathiksham.in/aalam/stock/item/1680/image/_/face-img,Prathiksham,SeaShell,Cotton,Solid,M,Apparel & Accessories > Clothing,Clothing & Accessories > Clothing,Female,adult,,2800.0 INR
A15-0CD-78-L,Ivory Jamdhani Noor A-Line Co-ord Set-SeaShell,Ivory Jamdhani Noor A-Line Co-ord Set-SeaShell,out of stock,new,https://www.prathiksham.in/store/item/Ivory+Jamdhani+Noor+A-Line+Co-ord+Set?id=1681,https://www.prathiksham.in/aalam/stock/item/1681/image/_/face-img,Prathiksham,SeaShell,Cotton,Solid,L,Apparel & Accessories > Clothing,Clothing & Accessories > Clothing,Female,adult,,2800.0 INR
A15-0CD-78-XL,Ivory Jamdhani Noor A-Line Co-ord Set-SeaShell,Ivory Jamdhani Noor A-Line Co-ord Set-SeaShell,in stock,new,https://www.prathiksham.in/store/item/Ivory+Jamdhani+Noor+A-Line+Co-ord+Set?id=1682,https://www.prathiksham.in/aalam/stock/item/1682/image/_/face-img,Prathiksham,SeaShell,Cotton,Solid,XL,Apparel & Accessories > Clothing,Clothing & Accessories > Clothing,Female,adult,,2800.0 INR
A15-0CD-78-XXL,Ivory Jamdhani Noor A-Line Co-ord Set-SeaShell,Ivory Jamdhani Noor A-Line Co-ord Set-SeaShell,in stock,new,https://www.prathiksham.in/store/item/Ivory+Jamdhani+Noor+A-Line+Co-ord+Set?id=1683,https://www.prathiksham.in/aalam/stock/item/1683/image/_/face-img,Prathiksham,SeaShell,Cotton,Solid,XXL,Apparel & Accessories > Clothing,Clothing & Accessories > Clothing,Female,adult,,2800.0 INR
A15-0CD-30-XS,Peach Jamdhani Noor A-Line Co-ord Set-MistyRose,Peach Jamdhani Noor A-Line Co-ord Set-MistyRose,in stock,new,https://www.prathiksham.in/store/item/Peach+Jamdhani+Noor+A-Line+Co-ord+Set?id=1684,https://www.prathiksham.in/aalam/stock/item/1684/image/_/face-img,Prathiksham,MistyRose,Cotton,Solid,XS,Apparel & Accessories > Clothing,Clothing & Accessories > Clothing,Female,adult,,3200.0 INR
A15-0CD-30-S,Peach Jamdhani Noor A-Line Co-ord Set-MistyRose,Peach Jamdhani Noor A-Line Co-ord Set-MistyRose,in stock,new,https://www.prathiksham.in/store/item/Peach+Jamdhani+Noor+A-Line+Co-ord+Set?id=1685,https://www.prathiksham.in/aalam/stock/item/1685/image/_/face-img,Prathiksham,MistyRose,Cotton,Solid,S,Apparel & Accessories > Clothing,Clothing & Accessories > Clothing,Female,adult,,3200.0 INR
A15-0CD-30-M,Peach Jamdhani Noor A-Line Co-ord Set-MistyRose,Peach Jamdhani Noor A-Line Co-ord Set-MistyRose,in stock,new,https://www.prathiksham.in/store/item/Peach+Jamdhani+Noor+A-Line+Co-ord+Set?id=1686,https://www.prathiksham.in/aalam/stock/item/1686/image/_/face-img,Prathiksham,MistyRose,Cotton,Solid,M,Apparel & Accessories > Clothing,Clothing & Accessories > Clothing,Female,adult,,3200.0 INR
A15-0CD-30-L,Peach Jamdhani Noor A-Line Co-ord Set-MistyRose,Peach Jamdhani Noor A-Line Co-ord Set-MistyRose,in stock,new,https://www.prathiksham.in/store/item/Peach+Jamdhani+Noor+A-Line+Co-ord+Set?id=1687,https://www.prathiksham.in/aalam/stock/item/1687/image/_/face-img,Prathiksham,MistyRose,Cotton,Solid,L,Apparel & Accessories > Clothing,Clothing & Accessories > Clothing,Female,adult,,3200.0 INR
A15-0CD-30-XL,Peach Jamdhani Noor A-Line Co-ord Set-MistyRose,Peach Jamdhani Noor A-Line Co-ord Set-MistyRose,in stock,new,https://www.prathiksham.in/store/item/Peach+Jamdhani+Noor+A-Line+Co-ord+Set?id=1688,https://www.prathiksham.in/aalam/stock/item/1688/image/_/face-img,Prathiksham,MistyRose,Cotton,Solid,XL,Apparel & Accessories > Clothing,Clothing & Accessories > Clothing,Female,adult,,3200.0 INR
A15-0CD-30-XXL,Peach Jamdhani Noor A-Line Co-ord Set-MistyRose,Peach Jamdhani Noor A-Line Co-ord Set-MistyRose,in stock,new,https://www.prathiksham.in/store/item/Peach+Jamdhani+Noor+A-Line+Co-ord+Set?id=1689,https://www.prathiksham.in/aalam/stock/item/1689/image/_/face-img,Prathiksham,MistyRose,Cotton,Solid,XXL,Apparel & Accessories > Clothing,Clothing & Accessories > Clothing,Female,adult,,3200.0 INR
A15-00K-98-XS,Rani Pink Banaras A-Line kurta-MediumVioletRed,Rani Pink Banaras A-Line kurta-MediumVioletRed,in stock,new,https://www.prathiksham.in/store/item/Rani+Pink+Banaras+A-Line+kurta?id=1690,https://www.prathiksham.in/aalam/stock/item/1690/image/_/face-img,Prathiksham,MediumVioletRed,Tissue Banarasi,Butta,XS,Apparel & Accessories > Clothing,Clothing & Accessories > Clothing,Female,adult,,4200.0 INR
A15-00K-98-S,Rani Pink Banaras A-Line kurta-MediumVioletRed,Rani Pink Banaras A-Line kurta-MediumVioletRed,in stock,new,https://www.prathiksham.in/store/item/Rani+Pink+Banaras+A-Line+kurta?id=1691,https://www.prathiksham.in/aalam/stock/item/1691/image/_/face-img,Prathiksham,MediumVioletRed,Tissue Banarasi,Butta,S,Apparel & Accessories > Clothing,Clothing & Accessories > Clothing,Female,adult,,4200.0 INR
A15-00K-98-M,Rani Pink Banaras A-Line kurta-MediumVioletRed,Rani Pink Banaras A-Line kurta-MediumVioletRed,in stock,new,https://www.prathiksham.in/store/item/Rani+Pink+Banaras+A-Line+kurta?id=1692,https://www.prathiksham.in/aalam/stock/item/1692/image/_/face-img,Prathiksham,MediumVioletRed,Tissue Banarasi,Butta,M,Apparel & Accessories > Clothing,Clothing & Accessories > Clothing,Female,adult,,4200.0 INR
A15-00K-98-L,Rani Pink Banaras A-Line kurta-MediumVioletRed,Rani Pink Banaras A-Line kurta-MediumVioletRed,in stock,new,https://www.prathiksham.in/store/item/Rani+Pink+Banaras+A-Line+kurta?id=1693,https://www.prathiksham.in/aalam/stock/item/1693/image/_/face-img,Prathiksham,MediumVioletRed,Tissue Banarasi,Butta,L,Apparel & Accessories > Clothing,Clothing & Accessories > Clothing,Female,adult,,4200.0 INR
A15-00K-98-XL,Rani Pink Banaras A-Line kurta-MediumVioletRed,Rani Pink Banaras A-Line kurta-MediumVioletRed,in stock,new,https://www.prathiksham.in/store/item/Rani+Pink+Banaras+A-Line+kurta?id=1694,https://www.prathiksham.in/aalam/stock/item/1694/image/_/face-img,Prathiksham,MediumVioletRed,Tissue Banarasi,Butta,XL,Apparel & Accessories > Clothing,Clothing & Accessories > Clothing,Female,adult,,4200.0 INR
A15-00K-98-XXL,Rani Pink Banaras A-Line kurta-MediumVioletRed,Rani Pink Banaras A-Line kurta-MediumVioletRed,in stock,new,https://www.prathiksham.in/store/item/Rani+Pink+Banaras+A-Line+kurta?id=1695,https://www.prathiksham.in/aalam/stock/item/1695/image/_/face-img,Prathiksham,MediumVioletRed,Tissue Banarasi,Butta,XXL,Apparel & Accessories > Clothing,Clothing & Accessories > Clothing,Female,adult,,4200.0 INR
A15-00K-97-XS,Lavender Lotus Banarasi A-Line Kurta-DarkMagenta,Lavender Lotus Banarasi A-Line Kurta-DarkMagenta,in stock,new,https://www.prathiksham.in/store/item/Lavender+Lotus+Banarasi+A-Line+Kurta?id=1696,https://www.prathiksham.in/aalam/stock/item/1696/image/_/face-img,Prathiksham,DarkMagenta,Tissue Banarasi,Butta,XS,Apparel & Accessories > Clothing,Clothing & Accessories > Clothing,Female,adult,,4500.0 INR
A15-00K-97-S,Lavender Lotus Banarasi A-Line Kurta-DarkMagenta,Lavender Lotus Banarasi A-Line Kurta-DarkMagenta,out of stock,new,https://www.prathiksham.in/store/item/Lavender+Lotus+Banarasi+A-Line+Kurta?id=1697,https://www.prathiksham.in/aalam/stock/item/1697/image/_/face-img,Prathiksham,DarkMagenta,Tissue Banarasi,Butta,S,Apparel & Accessories > Clothing,Clothing & Accessories > Clothing,Female,adult,,4500.0 INR
A15-00K-97-M,Lavender Lotus Banarasi A-Line Kurta-DarkMagenta,Lavender Lotus Banarasi A-Line Kurta-DarkMagenta,out of stock,new,https://www.prathiksham.in/store/item/Lavender+Lotus+Banarasi+A-Line+Kurta?id=1698,https://www.prathiksham.in/aalam/stock/item/1698/image/_/face-img,Prathiksham,DarkMagenta,Tissue Banarasi,Butta,M,Apparel & Accessories > Clothing,Clothing & Accessories > Clothing,Female,adult,,4500.0 INR
A15-00K-97-L,Lavender Lotus Banarasi A-Line Kurta-DarkMagenta,Lavender Lotus Banarasi A-Line Kurta-DarkMagenta,in stock,new,https://www.prathiksham.in/store/item/Lavender+Lotus+Banarasi+A-Line+Kurta?id=1699,https://www.prathiksham.in/aalam/stock/item/1699/image/_/face-img,Prathiksham,DarkMagenta,Tissue Banarasi,Butta,L,Apparel & Accessories > Clothing,Clothing & Accessories > Clothing,Female,adult,,4500.0 INR
A15-00K-97-XL,Lavender Lotus Banarasi A-Line Kurta-DarkMagenta,Lavender Lotus Banarasi A-Line Kurta-DarkMagenta,in stock,new,https://www.prathiksham.in/store/item/Lavender+Lotus+Banarasi+A-Line+Kurta?id=1700,https://www.prathiksham.in/aalam/stock/item/1700/image/_/face-img,Prathiksham,DarkMagenta,Tissue Banarasi,Butta,XL,Apparel & Accessories > Clothing,Clothing & Accessories > Clothing,Female,adult,,4500.0 INR
A15-00K-97-XXL,Lavender Lotus Banarasi A-Line Kurta-DarkMagenta,Lavender Lotus Banarasi A-Line Kurta-DarkMagenta,in stock,new,https://www.prathiksham.in/store/item/Lavender+Lotus+Banarasi+A-Line+Kurta?id=1701,https://www.prathiksham.in/aalam/stock/item/1701/image/_/face-img,Prathiksham,DarkMagenta,Tissue Banarasi,Butta,XXL,Apparel & Accessories > Clothing,Clothing & Accessories > Clothing,Female,adult,,4500.0 INR
A15-00K-96-XS,Sindoori Banaras A-Line Kurta With Dupatta-Crimson,Sindoori Banaras A-Line Kurta With Dupatta-Crimson,in stock,new,https://www.prathiksham.in/store/item/Sindoori+Banaras+A-Line+Kurta+With+Dupatta?id=1702,https://www.prathiksham.in/aalam/stock/item/1702/image/_/face-img,Prathiksham,Crimson,Tissue Banarasi,Butta,XS,Apparel & Accessories > Clothing,Clothing & Accessories > Clothing,Female,adult,,4950.0 INR
A15-00K-96-S,Sindoori Banaras A-Line Kurta With Dupatta-Crimson,Sindoori Banaras A-Line Kurta With Dupatta-Crimson,in stock,new,https://www.prathiksham.in/store/item/Sindoori+Banaras+A-Line+Kurta+With+Dupatta?id=1703,https://www.prathiksham.in/aalam/stock/item/1703/image/_/face-img,Prathiksham,Crimson,Tissue Banarasi,Butta,S,Apparel & Accessories > Clothing,Clothing & Accessories > Clothing,Female,adult,,4950.0 INR
A15-00K-96-M,Sindoori Banaras A-Line Kurta With Dupatta-Crimson,Sindoori Banaras A-Line Kurta With Dupatta-Crimson,in stock,new,https://www.prathiksham.in/store/item/Sindoori+Banaras+A-Line+Kurta+With+Dupatta?id=1704,https://www.prathiksham.in/aalam/stock/item/1704/image/_/face-img,Prathiksham,Crimson,Tissue Banarasi,Butta,M,Apparel & Accessories > Clothing,Clothing & Accessories > Clothing,Female,adult,,4950.0 INR
A15-00K-96-L,Sindoori Banaras A-Line Kurta With Dupatta-Crimson,Sindoori Banaras A-Line Kurta With Dupatta-Crimson,in stock,new,https://www.prathiksham.in/store/item/Sindoori+Banaras+A-Line+Kurta+With+Dupatta?id=1705,https://www.prathiksham.in/aalam/stock/item/1705/image/_/face-img,Prathiksham,Crimson,Tissue Banarasi,Butta,L,Apparel & Accessories > Clothing,Clothing & Accessories > Clothing,Female,adult,,4950.0 INR
A15-00K-96-XL,Sindoori Banaras A-Line Kurta With Dupatta-Crimson,Sindoori Banaras A-Line Kurta With Dupatta-Crimson,in stock,new,https://www.prathiksham.in/store/item/Sindoori+Banaras+A-Line+Kurta+With+Dupatta?id=1706,https://www.prathiksham.in/aalam/stock/item/1706/image/_/face-img,Prathiksham,Crimson,Tissue Banarasi,Butta,XL,Apparel & Accessories > Clothing,Clothing & Accessories > Clothing,Female,adult,,4950.0 INR
A15-00K-96-XXL,Sindoori Banaras A-Line Kurta With Dupatta-Crimson,Sindoori Banaras A-Line Kurta With Dupatta-Crimson,in stock,new,https://www.prathiksham.in/store/item/Sindoori+Banaras+A-Line+Kurta+With+Dupatta?id=1707,https://www.prathiksham.in/aalam/stock/item/1707/image/_/face-img,Prathiksham,Crimson,Tissue Banarasi,Butta,XXL,Apparel & Accessories > Clothing,Clothing & Accessories > Clothing,Female,adult,,4950.0 INR
A15-0KP-76-XS,Golden Yellow Embroidered A-Line Kurta Set-Gold,Golden Yellow Embroidered A-Line Kurta Set-Gold,in stock,new,https://www.prathiksham.in/store/item/Golden+Yellow+Embroidered+A-Line+Kurta+Set?id=1708,https://www.prathiksham.in/aalam/stock/item/1708/image/_/face-img,Prathiksham,Gold,Chanderi,Solid,XS,Apparel & Accessories > Clothing,Clothing & Accessories > Clothing,Female,adult,,5500.0 INR
A15-0KP-76-S,Golden Yellow Embroidered A-Line Kurta Set-Gold,Golden Yellow Embroidered A-Line Kurta Set-Gold,in stock,new,https://www.prathiksham.in/store/item/Golden+Yellow+Embroidered+A-Line+Kurta+Set?id=1709,https://www.prathiksham.in/aalam/stock/item/1709/image/_/face-img,Prathiksham,Gold,Chanderi,Solid,S,Apparel & Accessories > Clothing,Clothing & Accessories > Clothing,Female,adult,,5500.0 INR
A15-0KP-76-M,Golden Yellow Embroidered A-Line Kurta Set-Gold,Golden Yellow Embroidered A-Line Kurta Set-Gold,in stock,new,https://www.prathiksham.in/store/item/Golden+Yellow+Embroidered+A-Line+Kurta+Set?id=1710,https://www.prathiksham.in/aalam/stock/item/1710/image/_/face-img,Prathiksham,Gold,Chanderi,Solid,M,Apparel & Accessories > Clothing,Clothing & Accessories > Clothing,Female,adult,,5500.0 INR
A15-0KP-76-L,Golden Yellow Embroidered A-Line Kurta Set-Gold,Golden Yellow Embroidered A-Line Kurta Set-Gold,in stock,new,https://www.prathiksham.in/store/item/Golden+Yellow+Embroidered+A-Line+Kurta+Set?id=1711,https://www.prathiksham.in/aalam/stock/item/1711/image/_/face-img,Prathiksham,Gold,Chanderi,Solid,L,Apparel & Accessories > Clothing,Clothing & Accessories > Clothing,Female,adult,,5500.0 INR
A15-0KP-76-XL,Golden Yellow Embroidered A-Line Kurta Set-Gold,Golden Yellow Embroidered A-Line Kurta Set-Gold,in stock,new,https://www.prathiksham.in/store/item/Golden+Yellow+Embroidered+A-Line+Kurta+Set?id=1712,https://www.prathiksham.in/aalam/stock/item/1712/image/_/face-img,Prathiksham,Gold,Chanderi,Solid,XL,Apparel & Accessories > Clothing,Clothing & Accessories > Clothing,Female,adult,,5500.0 INR
A15-0KP-76-XXL,Golden Yellow Embroidered A-Line Kurta Set-Gold,Golden Yellow Embroidered A-Line Kurta Set-Gold,in stock,new,https://www.prathiksham.in/store/item/Golden+Yellow+Embroidered+A-Line+Kurta+Set?id=1713,https://www.prathiksham.in/aalam/stock/item/1713/image/_/face-img,Prathiksham,Gold,Chanderi,Solid,XXL,Apparel & Accessories > Clothing,Clothing & Accessories > Clothing,Female,adult,,5500.0 INR
A15-0KP-75-XS,Rose Meadow Embroidered Chanderi A-Line Kurta Set With Dupatta-LightCoral,Rose Meadow Embroidered Chanderi A-Line Kurta Set With Dupatta-LightCoral,in stock,new,https://www.prathiksham.in/store/item/Rose+Meadow+Embroidered+Chanderi+A-Line+Kurta+Set+With+Dupatta?id=1714,https://www.prathiksham.in/aalam/stock/item/1714/image/_/face-img,Prathiksham,LightCoral,Chanderi,Solid,XS,Apparel & Accessories > Clothing,Clothing & Accessories > Clothing,Female,adult,,6800.0 INR
A15-0KP-75-S,Rose Meadow Embroidered Chanderi A-Line Kurta Set With Dupatta-LightCoral,Rose Meadow Embroidered Chanderi A-Line Kurta Set With Dupatta-LightCoral,in stock,new,https://www.prathiksham.in/store/item/Rose+Meadow+Embroidered+Chanderi+A-Line+Kurta+Set+With+Dupatta?id=1715,https://www.prathiksham.in/aalam/stock/item/1715/image/_/face-img,Prathiksham,LightCoral,Chanderi,Solid,S,Apparel & Accessories > Clothing,Clothing & Accessories > Clothing,Female,adult,,6800.0 INR
A15-0KP-75-M,Rose Meadow Embroidered Chanderi A-Line Kurta Set With Dupatta-LightCoral,Rose Meadow Embroidered Chanderi A-Line Kurta Set With Dupatta-LightCoral,in stock,new,https://www.prathiksham.in/store/item/Rose+Meadow+Embroidered+Chanderi+A-Line+Kurta+Set+With+Dupatta?id=1716,https://www.prathiksham.in/aalam/stock/item/1716/image/_/face-img,Prathiksham,LightCoral,Chanderi,Solid,M,Apparel & Accessories > Clothing,Clothing & Accessories > Clothing,Female,adult,,6800.0 INR
A15-0KP-75-L,Rose Meadow Embroidered Chanderi A-Line Kurta Set With Dupatta-LightCoral,Rose Meadow Embroidered Chanderi A-Line Kurta Set With Dupatta-LightCoral,in stock,new,https://www.prathiksham.in/store/item/Rose+Meadow+Embroidered+Chanderi+A-Line+Kurta+Set+With+Dupatta?id=1717,https://www.prathiksham.in/aalam/stock/item/1717/image/_/face-img,Prathiksham,LightCoral,Chanderi,Solid,L,Apparel & Accessories > Clothing,Clothing & Accessories > Clothing,Female,adult,,6800.0 INR
A15-0KP-75-XL,Rose Meadow Embroidered Chanderi A-Line Kurta Set With Dupatta-LightCoral,Rose Meadow Embroidered Chanderi A-Line Kurta Set With Dupatta-LightCoral,in stock,new,https://www.prathiksham.in/store/item/Rose+Meadow+Embroidered+Chanderi+A-Line+Kurta+Set+With+Dupatta?id=1718,https://www.prathiksham.in/aalam/stock/item/1718/image/_/face-img,Prathiksham,LightCoral,Chanderi,Solid,XL,Apparel & Accessories > Clothing,Clothing & Accessories > Clothing,Female,adult,,6800.0 INR
A15-0KP-75-XXL,Rose Meadow Embroidered Chanderi A-Line Kurta Set With Dupatta-LightCoral,Rose Meadow Embroidered Chanderi A-Line Kurta Set With Dupatta-LightCoral,out of stock,new,https://www.prathiksham.in/store/item/Rose+Meadow+Embroidered+Chanderi+A-Line+Kurta+Set+With+Dupatta?id=1719,https://www.prathiksham.in/aalam/stock/item/1719/image/_/face-img,Prathiksham,LightCoral,Chanderi,Solid,XXL,Apparel & Accessories > Clothing,Clothing & Accessories > Clothing,Female,adult,,6800.0 INR
A15-0KP-74-XS,Lavender Leaf Embroidered Chanderi Kurta Set With Dupatta-MediumOrchid,Lavender Leaf Embroidered Chanderi Kurta Set With Dupatta-MediumOrchid,in stock,new,https://www.prathiksham.in/store/item/Lavender+Leaf+Embroidered+Chanderi+Kurta+Set+With+Dupatta?id=1720,https://www.prathiksham.in/aalam/stock/item/1720/image/_/face-img,Prathiksham,MediumOrchid,Chanderi,Solid,XS,Apparel & Accessories > Clothing,Clothing & Accessories > Clothing,Female,adult,,6200.0 INR
A15-0KP-74-S,Lavender Leaf Embroidered Chanderi Kurta Set With Dupatta-MediumOrchid,Lavender Leaf Embroidered Chanderi Kurta Set With Dupatta-MediumOrchid,in stock,new,https://www.prathiksham.in/store/item/Lavender+Leaf+Embroidered+Chanderi+Kurta+Set+With+Dupatta?id=1721,https://www.prathiksham.in/aalam/stock/item/1721/image/_/face-img,Prathiksham,MediumOrchid,Chanderi,Solid,S,Apparel & Accessories > Clothing,Clothing & Accessories > Clothing,Female,adult,,6200.0 INR
A15-0KP-74-M,Lavender Leaf Embroidered Chanderi Kurta Set With Dupatta-MediumOrchid,Lavender Leaf Embroidered Chanderi Kurta Set With Dupatta-MediumOrchid,in stock,new,https://www.prathiksham.in/store/item/Lavender+Leaf+Embroidered+Chanderi+Kurta+Set+With+Dupatta?id=1722,https://www.prathiksham.in/aalam/stock/item/1722/image/_/face-img,Prathiksham,MediumOrchid,Chanderi,Solid,M,Apparel & Accessories > Clothing,Clothing & Accessories > Clothing,Female,adult,,6200.0 INR
A15-0KP-74-L,Lavender Leaf Embroidered Chanderi Kurta Set With Dupatta-MediumOrchid,Lavender Leaf Embroidered Chanderi Kurta Set With Dupatta-MediumOrchid,in stock,new,https://www.prathiksham.in/store/item/Lavender+Leaf+Embroidered+Chanderi+Kurta+Set+With+Dupatta?id=1723,https://www.prathiksham.in/aalam/stock/item/1723/image/_/face-img,Prathiksham,MediumOrchid,Chanderi,Solid,L,Apparel & Accessories > Clothing,Clothing & Accessories > Clothing,Female,adult,,6200.0 INR
A15-0KP-74-XL,Lavender Leaf Embroidered Chanderi Kurta Set With Dupatta-MediumOrchid,Lavender Leaf Embroidered Chanderi Kurta Set With Dupatta-MediumOrchid,in stock,new,https://www.prathiksham.in/store/item/Lavender+Leaf+Embroidered+Chanderi+Kurta+Set+With+Dupatta?id=1724,https://www.prathiksham.in/aalam/stock/item/1724/image/_/face-img,Prathiksham,MediumOrchid,Chanderi,Solid,XL,Apparel & Accessories > Clothing,Clothing & Accessories > Clothing,Female,adult,,6200.0 INR
A15-0KP-74-XXL,Lavender Leaf Embroidered Chanderi Kurta Set With Dupatta-MediumOrchid,Lavender Leaf Embroidered Chanderi Kurta Set With Dupatta-MediumOrchid,in stock,new,https://www.prathiksham.in/store/item/Lavender+Leaf+Embroidered+Chanderi+Kurta+Set+With+Dupatta?id=1725,https://www.prathiksham.in/aalam/stock/item/1725/image/_/face-img,Prathiksham,MediumOrchid,Chanderi,Solid,XXL,Apparel & Accessories > Clothing,Clothing & Accessories > Clothing,Female,adult,,6200.0 INR
A16-0DR-26-XS,Pink Dragonfly Handblock Dress-PaleVioletRed,Pink Dragonfly Handblock Dress-PaleVioletRed,in stock,new,https://www.prathiksham.in/store/item/Pink+Dragonfly+Handblock+Dress?id=1726,https://www.prathiksham.in/aalam/stock/item/1726/image/_/face-img,Prathiksham,PaleVioletRed,Cotton,Handblock,XS,Apparel & Accessories > Clothing,Clothing & Accessories > Clothing,Female,adult,,1800.0 INR
A16-0DR-26-S,Pink Dragonfly Handblock Dress-PaleVioletRed,Pink Dragonfly Handblock Dress-PaleVioletRed,in stock,new,https://www.prathiksham.in/store/item/Pink+Dragonfly+Handblock+Dress?id=1727,https://www.prathiksham.in/aalam/stock/item/1727/image/_/face-img,Prathiksham,PaleVioletRed,Cotton,Handblock,S,Apparel & Accessories > Clothing,Clothing & Accessories > Clothing,Female,adult,,1800.0 INR
A16-0DR-26-M,Pink Dragonfly Handblock Dress-PaleVioletRed,Pink Dragonfly Handblock Dress-PaleVioletRed,in stock,new,https://www.prathiksham.in/store/item/Pink+Dragonfly+Handblock+Dress?id=1728,https://www.prathiksham.in/aalam/stock/item/1728/image/_/face-img,Prathiksham,PaleVioletRed,Cotton,Handblock,M,Apparel & Accessories > Clothing,Clothing & Accessories > Clothing,Female,adult,,1800.0 INR
A16-0DR-26-L,Pink Dragonfly Handblock Dress-PaleVioletRed,Pink Dragonfly Handblock Dress-PaleVioletRed,in stock,new,https://www.prathiksham.in/store/item/Pink+Dragonfly+Handblock+Dress?id=1729,https://www.prathiksham.in/aalam/stock/item/1729/image/_/face-img,Prathiksham,PaleVioletRed,Cotton,Handblock,L,Apparel & Accessories > Clothing,Clothing & Accessories > Clothing,Female,adult,,1800.0 INR
A16-0DR-26-XL,Pink Dragonfly Handblock Dress-PaleVioletRed,Pink Dragonfly Handblock Dress-PaleVioletRed,in stock,new,https://www.prathiksham.in/store/item/Pink+Dragonfly+Handblock+Dress?id=1730,https://www.prathiksham.in/aalam/stock/item/1730/image/_/face-img,Prathiksham,PaleVioletRed,Cotton,Handblock,XL,Apparel & Accessories > Clothing,Clothing & Accessories > Clothing,Female,adult,,1800.0 INR
A16-0DR-26-XXL,Pink Dragonfly Handblock Dress-PaleVioletRed,Pink Dragonfly Handblock Dress-PaleVioletRed,in stock,new,https://www.prathiksham.in/store/item/Pink+Dragonfly+Handblock+Dress?id=1731,https://www.prathiksham.in/aalam/stock/item/1731/image/_/face-img,Prathiksham,PaleVioletRed,Cotton,Handblock,XXL,Apparel & Accessories > Clothing,Clothing & Accessories > Clothing,Female,adult,,1800.0 INR
A16-00K-99-XS,Indigo Lily Handblock Kurta-MidnightBlue,Indigo Lily Handblock Kurta-MidnightBlue,out of stock,new,https://www.prathiksham.in/store/item/Indigo+Lily+Handblock+Kurta?id=1732,https://www.prathiksham.in/aalam/stock/item/1732/image/_/face-img,Prathiksham,MidnightBlue,Cotton,Handblock,XS,Apparel & Accessories > Clothing,Clothing & Accessories > Clothing,Female,adult,,1950.0 INR
A16-00K-99-S,Indigo Lily Handblock Kurta-MidnightBlue,Indigo Lily Handblock Kurta-MidnightBlue,out of stock,new,https://www.prathiksham.in/store/item/Indigo+Lily+Handblock+Kurta?id=1733,https://www.prathiksham.in/aalam/stock/item/1733/image/_/face-img,Prathiksham,MidnightBlue,Cotton,Handblock,S,Apparel & Accessories > Clothing,Clothing & Accessories > Clothing,Female,adult,,1950.0 INR
A16-00K-99-M,Indigo Lily Handblock Kurta-MidnightBlue,Indigo Lily Handblock Kurta-MidnightBlue,out of stock,new,https://www.prathiksham.in/store/item/Indigo+Lily+Handblock+Kurta?id=1734,https://www.prathiksham.in/aalam/stock/item/1734/image/_/face-img,Prathiksham,MidnightBlue,Cotton,Handblock,M,Apparel & Accessories > Clothing,Clothing & Accessories > Clothing,Female,adult,,1950.0 INR
A16-00K-99-L,Indigo Lily Handblock Kurta-MidnightBlue,Indigo Lily Handblock Kurta-MidnightBlue,out of stock,new,https://www.prathiksham.in/store/item/Indigo+Lily+Handblock+Kurta?id=1735,https://www.prathiksham.in/aalam/stock/item/1735/image/_/face-img,Prathiksham,MidnightBlue,Cotton,Handblock,L,Apparel & Accessories > Clothing,Clothing & Accessories > Clothing,Female,adult,,1950.0 INR
A16-00K-99-XL,Indigo Lily Handblock Kurta-MidnightBlue,Indigo Lily Handblock Kurta-MidnightBlue,out of stock,new,https://www.prathiksham.in/store/item/Indigo+Lily+Handblock+Kurta?id=1736,https://www.prathiksham.in/aalam/stock/item/1736/image/_/face-img,Prathiksham,MidnightBlue,Cotton,Handblock,XL,Apparel & Accessories > Clothing,Clothing & Accessories > Clothing,Female,adult,,1950.0 INR
A16-00K-99-XXL,Indigo Lily Handblock Kurta-MidnightBlue,Indigo Lily Handblock Kurta-MidnightBlue,in stock,new,https://www.prathiksham.in/store/item/Indigo+Lily+Handblock+Kurta?id=1737,https://www.prathiksham.in/aalam/stock/item/1737/image/_/face-img,Prathiksham,MidnightBlue,Cotton,Handblock,XXL,Apparel & Accessories > Clothing,Clothing & Accessories > Clothing,Female,adult,,1950.0 INR
A16-0KP-31-XS,Indigo Wave Handblock Kurta Set-MidnightBlue,Indigo Wave Handblock Kurta Set-MidnightBlue,in stock,new,https://www.prathiksham.in/store/item/Indigo+Wave+Handblock+Kurta+Set?id=1738,https://www.prathiksham.in/aalam/stock/item/1738/image/_/face-img,Prathiksham,MidnightBlue,Cotton,Handblock,XS,Apparel & Accessories > Clothing,Clothing & Accessories > Clothing,Female,adult,,1980.0 INR
A16-0KP-31-S,Indigo Wave Handblock Kurta Set-MidnightBlue,Indigo Wave Handblock Kurta Set-MidnightBlue,in stock,new,https://www.prathiksham.in/store/item/Indigo+Wave+Handblock+Kurta+Set?id=1739,https://www.prathiksham.in/aalam/stock/item/1739/image/_/face-img,Prathiksham,MidnightBlue,Cotton,Handblock,S,Apparel & Accessories > Clothing,Clothing & Accessories > Clothing,Female,adult,,1980.0 INR
A16-0KP-31-M,Indigo Wave Handblock Kurta Set-MidnightBlue,Indigo Wave Handblock Kurta Set-MidnightBlue,in stock,new,https://www.prathiksham.in/store/item/Indigo+Wave+Handblock+Kurta+Set?id=1740,https://www.prathiksham.in/aalam/stock/item/1740/image/_/face-img,Prathiksham,MidnightBlue,Cotton,Handblock,M,Apparel & Accessories > Clothing,Clothing & Accessories > Clothing,Female,adult,,1980.0 INR
A16-0KP-31-L,Indigo Wave Handblock Kurta Set-MidnightBlue,Indigo Wave Handblock Kurta Set-MidnightBlue,in stock,new,https://www.prathiksham.in/store/item/Indigo+Wave+Handblock+Kurta+Set?id=1741,https://www.prathiksham.in/aalam/stock/item/1741/image/_/face-img,Prathiksham,MidnightBlue,Cotton,Handblock,L,Apparel & Accessories > Clothing,Clothing & Accessories > Clothing,Female,adult,,1980.0 INR
A16-0KP-31-XL,Indigo Wave Handblock Kurta Set-MidnightBlue,Indigo Wave Handblock Kurta Set-MidnightBlue,in stock,new,https://www.prathiksham.in/store/item/Indigo+Wave+Handblock+Kurta+Set?id=1742,https://www.prathiksham.in/aalam/stock/item/1742/image/_/face-img,Prathiksham,MidnightBlue,Cotton,Handblock,XL,Apparel & Accessories > Clothing,Clothing & Accessories > Clothing,Female,adult,,1980.0 INR
A16-0KP-31-XXL,Indigo Wave Handblock Kurta Set-MidnightBlue,Indigo Wave Handblock Kurta Set-MidnightBlue,in stock,new,https://www.prathiksham.in/store/item/Indigo+Wave+Handblock+Kurta+Set?id=1743,https://www.prathiksham.in/aalam/stock/item/1743/image/_/face-img,Prathiksham,MidnightBlue,Cotton,Handblock,XXL,Apparel & Accessories > Clothing,Clothing & Accessories > Clothing,Female,adult,,1980.0 INR
A16-0KP-32-XS,Pink Plum Handblock A-Line Kurta Set-MediumVioletRed,Pink Plum Handblock A-Line Kurta Set-MediumVioletRed,out of stock,new,https://www.prathiksham.in/store/item/Pink+Plum+Handblock+A-Line+Kurta+Set?id=1744,https://www.prathiksham.in/aalam/stock/item/1744/image/_/face-img,Prathiksham,MediumVioletRed,Cotton,Handblock,XS,Apparel & Accessories > Clothing,Clothing & Accessories > Clothing,Female,adult,,2200.0 INR
A16-0KP-32-S,Pink Plum Handblock A-Line Kurta Set-MediumVioletRed,Pink Plum Handblock A-Line Kurta Set-MediumVioletRed,out of stock,new,https://www.prathiksham.in/store/item/Pink+Plum+Handblock+A-Line+Kurta+Set?id=1745,https://www.prathiksham.in/aalam/stock/item/1745/image/_/face-img,Prathiksham,MediumVioletRed,Cotton,Handblock,S,Apparel & Accessories > Clothing,Clothing & Accessories > Clothing,Female,adult,,2200.0 INR
A16-0KP-32-M,Pink Plum Handblock A-Line Kurta Set-MediumVioletRed,Pink Plum Handblock A-Line Kurta Set-MediumVioletRed,out of stock,new,https://www.prathiksham.in/store/item/Pink+Plum+Handblock+A-Line+Kurta+Set?id=1746,https://www.prathiksham.in/aalam/stock/item/1746/image/_/face-img,Prathiksham,MediumVioletRed,Cotton,Handblock,M,Apparel & Accessories > Clothing,Clothing & Accessories > Clothing,Female,adult,,2200.0 INR
A16-0KP-32-L,Pink Plum Handblock A-Line Kurta Set-MediumVioletRed,Pink Plum Handblock A-Line Kurta Set-MediumVioletRed,out of stock,new,https://www.prathiksham.in/store/item/Pink+Plum+Handblock+A-Line+Kurta+Set?id=1747,https://www.prathiksham.in/aalam/stock/item/1747/image/_/face-img,Prathiksham,MediumVioletRed,Cotton,Handblock,L,Apparel & Accessories > Clothing,Clothing & Accessories > Clothing,Female,adult,,2200.0 INR
A16-0KP-32-XL,Pink Plum Handblock A-Line Kurta Set-MediumVioletRed,Pink Plum Handblock A-Line Kurta Set-MediumVioletRed,in stock,new,https://www.prathiksham.in/store/item/Pink+Plum+Handblock+A-Line+Kurta+Set?id=1748,https://www.prathiksham.in/aalam/stock/item/1748/image/_/face-img,Prathiksham,MediumVioletRed,Cotton,Handblock,XL,Apparel & Accessories > Clothing,Clothing & Accessories > Clothing,Female,adult,,2200.0 INR
A16-0KP-32-XXL,Pink Plum Handblock A-Line Kurta Set-MediumVioletRed,Pink Plum Handblock A-Line Kurta Set-MediumVioletRed,in stock,new,https://www.prathiksham.in/store/item/Pink+Plum+Handblock+A-Line+Kurta+Set?id=1749,https://www.prathiksham.in/aalam/stock/item/1749/image/_/face-img,Prathiksham,MediumVioletRed,Cotton,Handblock,XXL,Apparel & Accessories > Clothing,Clothing & Accessories > Clothing,Female,adult,,2200.0 INR
A16-0CD-99-XS,Coffee Blossom Embroidered Co-ord Set-Sienna,Coffee Blossom Embroidered Co-ord Set-Sienna,in stock,new,https://www.prathiksham.in/store/item/Coffee+Blossom+Embroidered+Co-ord+Set?id=1750,https://www.prathiksham.in/aalam/stock/item/1750/image/_/face-img,Prathiksham,Sienna,Cotton,Solid,XS,Apparel & Accessories > Clothing,Clothing & Accessories > Clothing,Female,adult,,2600.0 INR
A16-0CD-99-S,Coffee Blossom Embroidered Co-ord Set-Sienna,Coffee Blossom Embroidered Co-ord Set-Sienna,in stock,new,https://www.prathiksham.in/store/item/Coffee+Blossom+Embroidered+Co-ord+Set?id=1751,https://www.prathiksham.in/aalam/stock/item/1751/image/_/face-img,Prathiksham,Sienna,Cotton,Solid,S,Apparel & Accessories > Clothing,Clothing & Accessories > Clothing,Female,adult,,2600.0 INR
A16-0CD-99-M,Coffee Blossom Embroidered Co-ord Set-Sienna,Coffee Blossom Embroidered Co-ord Set-Sienna,in stock,new,https://www.prathiksham.in/store/item/Coffee+Blossom+Embroidered+Co-ord+Set?id=1752,https://www.prathiksham.in/aalam/stock/item/1752/image/_/face-img,Prathiksham,Sienna,Cotton,Solid,M,Apparel & Accessories > Clothing,Clothing & Accessories > Clothing,Female,adult,,2600.0 INR
A16-0CD-99-L,Coffee Blossom Embroidered Co-ord Set-Sienna,Coffee Blossom Embroidered Co-ord Set-Sienna,in stock,new,https://www.prathiksham.in/store/item/Coffee+Blossom+Embroidered+Co-ord+Set?id=1753,https://www.prathiksham.in/aalam/stock/item/1753/image/_/face-img,Prathiksham,Sienna,Cotton,Solid,L,Apparel & Accessories > Clothing,Clothing & Accessories > Clothing,Female,adult,,2600.0 INR
A16-0CD-99-XL,Coffee Blossom Embroidered Co-ord Set-Sienna,Coffee Blossom Embroidered Co-ord Set-Sienna,in stock,new,https://www.prathiksham.in/store/item/Coffee+Blossom+Embroidered+Co-ord+Set?id=1754,https://www.prathiksham.in/aalam/stock/item/1754/image/_/face-img,Prathiksham,Sienna,Cotton,Solid,XL,Apparel & Accessories > Clothing,Clothing & Accessories > Clothing,Female,adult,,2600.0 INR
A16-0CD-99-XXL,Coffee Blossom Embroidered Co-ord Set-Sienna,Coffee Blossom Embroidered Co-ord Set-Sienna,in stock,new,https://www.prathiksham.in/store/item/Coffee+Blossom+Embroidered+Co-ord+Set?id=1755,https://www.prathiksham.in/aalam/stock/item/1755/image/_/face-img,Prathiksham,Sienna,Cotton,Solid,XXL,Apparel & Accessories > Clothing,Clothing & Accessories > Clothing,Female,adult,,2600.0 INR
A16-0CD-82-XS,Emerald Vine Embroidered Co-ord Set-SeaGreen,Emerald Vine Embroidered Co-ord Set-SeaGreen,in stock,new,https://www.prathiksham.in/store/item/Emerald+Vine+Embroidered+Co-ord+Set?id=1756,https://www.prathiksham.in/aalam/stock/item/1756/image/_/face-img,Prathiksham,SeaGreen,Cotton,Solid,XS,Apparel & Accessories > Clothing,Clothing & Accessories > Clothing,Female,adult,,2400.0 INR
A16-0CD-82-S,Emerald Vine Embroidered Co-ord Set-SeaGreen,Emerald Vine Embroidered Co-ord Set-SeaGreen,in stock,new,https://www.prathiksham.in/store/item/Emerald+Vine+Embroidered+Co-ord+Set?id=1757,https://www.prathiksham.in/aalam/stock/item/1757/image/_/face-img,Prathiksham,SeaGreen,Cotton,Solid,S,Apparel & Accessories > Clothing,Clothing & Accessories > Clothing,Female,adult,,2400.0 INR
A16-0CD-82-M,Emerald Vine Embroidered Co-ord Set-SeaGreen,Emerald Vine Embroidered Co-ord Set-SeaGreen,in stock,new,https://www.prathiksham.in/store/item/Emerald+Vine+Embroidered+Co-ord+Set?id=1758,https://www.prathiksham.in/aalam/stock/item/1758/image/_/face-img,Prathiksham,SeaGreen,Cotton,Solid,M,Apparel & Accessories > Clothing,Clothing & Accessories > Clothing,Female,adult,,2400.0 INR
A16-0CD-82-L,Emerald Vine Embroidered Co-ord Set-SeaGreen,Emerald Vine Embroidered Co-ord Set-SeaGreen,in stock,new,https://www.prathiksham.in/store/item/Emerald+Vine+Embroidered+Co-ord+Set?id=1759,https://www.prathiksham.in/aalam/stock/item/1759/image/_/face-img,Prathiksham,SeaGreen,Cotton,Solid,L,Apparel & Accessories > Clothing,Clothing & Accessories > Clothing,Female,adult,,2400.0 INR
A16-0CD-82-XL,Emerald Vine Embroidered Co-ord Set-SeaGreen,Emerald Vine Embroidered Co-ord Set-SeaGreen,in stock,new,https://www.prathiksham.in/store/item/Emerald+Vine+Embroidered+Co-ord+Set?id=1760,https://www.prathiksham.in/aalam/stock/item/1760/image/_/face-img,Prathiksham,SeaGreen,Cotton,Solid,XL,Apparel & Accessories > Clothing,Clothing & Accessories > Clothing,Female,adult,,2400.0 INR
A16-0CD-82-XXL,Emerald Vine Embroidered Co-ord Set-SeaGreen,Emerald Vine Embroidered Co-ord Set-SeaGreen,in stock,new,https://www.prathiksham.in/store/item/Emerald+Vine+Embroidered+Co-ord+Set?id=1761,https://www.prathiksham.in/aalam/stock/item/1761/image/_/face-img,Prathiksham,SeaGreen,Cotton,Solid,XXL,Apparel & Accessories > Clothing,Clothing & Accessories > Clothing,Female,adult,,2400.0 INR
A16-0CD-83-XS,Yellow Blossom Embroidered A-Line Co-ord Set with Dupatta-PaleGoldenRod,Yellow Blossom Embroidered A-Line Co-ord Set with Dupatta-PaleGoldenRod,out of stock,new,https://www.prathiksham.in/store/item/Yellow+Blossom+Embroidered+A-Line+Co-ord+Set+with+Dupatta?id=1762,https://www.prathiksham.in/aalam/stock/item/1762/image/_/face-img,Prathiksham,PaleGoldenRod,Cotton,Stripes,XS,Apparel & Accessories > Clothing,Clothing & Accessories > Clothing,Female,adult,,3200.0 INR
A16-0CD-83-S,Yellow Blossom Embroidered A-Line Co-ord Set with Dupatta-PaleGoldenRod,Yellow Blossom Embroidered A-Line Co-ord Set with Dupatta-PaleGoldenRod,in stock,new,https://www.prathiksham.in/store/item/Yellow+Blossom+Embroidered+A-Line+Co-ord+Set+with+Dupatta?id=1763,https://www.prathiksham.in/aalam/stock/item/1763/image/_/face-img,Prathiksham,PaleGoldenRod,Cotton,Stripes,S,Apparel & Accessories > Clothing,Clothing & Accessories > Clothing,Female,adult,,3200.0 INR
A16-0CD-83-M,Yellow Blossom Embroidered A-Line Co-ord Set with Dupatta-PaleGoldenRod,Yellow Blossom Embroidered A-Line Co-ord Set with Dupatta-PaleGoldenRod,in stock,new,https://www.prathiksham.in/store/item/Yellow+Blossom+Embroidered+A-Line+Co-ord+Set+with+Dupatta?id=1764,https://www.prathiksham.in/aalam/stock/item/1764/image/_/face-img,Prathiksham,PaleGoldenRod,Cotton,Stripes,M,Apparel & Accessories > Clothing,Clothing & Accessories > Clothing,Female,adult,,3200.0 INR
A16-0CD-83-L,Yellow Blossom Embroidered A-Line Co-ord Set with Dupatta-PaleGoldenRod,Yellow Blossom Embroidered A-Line Co-ord Set with Dupatta-PaleGoldenRod,out of stock,new,https://www.prathiksham.in/store/item/Yellow+Blossom+Embroidered+A-Line+Co-ord+Set+with+Dupatta?id=1765,https://www.prathiksham.in/aalam/stock/item/1765/image/_/face-img,Prathiksham,PaleGoldenRod,Cotton,Stripes,L,Apparel & Accessories > Clothing,Clothing & Accessories > Clothing,Female,adult,,3200.0 INR
A16-0CD-83-XL,Yellow Blossom Embroidered A-Line Co-ord Set with Dupatta-PaleGoldenRod,Yellow Blossom Embroidered A-Line Co-ord Set with Dupatta-PaleGoldenRod,in stock,new,https://www.prathiksham.in/store/item/Yellow+Blossom+Embroidered+A-Line+Co-ord+Set+with+Dupatta?id=1766,https://www.prathiksham.in/aalam/stock/item/1766/image/_/face-img,Prathiksham,PaleGoldenRod,Cotton,Stripes,XL,Apparel & Accessories > Clothing,Clothing & Accessories > Clothing,Female,adult,,3200.0 INR
A16-0CD-83-XXL,Yellow Blossom Embroidered A-Line Co-ord Set with Dupatta-PaleGoldenRod,Yellow Blossom Embroidered A-Line Co-ord Set with Dupatta-PaleGoldenRod,in stock,new,https://www.prathiksham.in/store/item/Yellow+Blossom+Embroidered+A-Line+Co-ord+Set+with+Dupatta?id=1767,https://www.prathiksham.in/aalam/stock/item/1767/image/_/face-img,Prathiksham,PaleGoldenRod,Cotton,Stripes,XXL,Apparel & Accessories > Clothing,Clothing & Accessories > Clothing,Female,adult,,3200.0 INR
A16-0CD-84-XS,Candy Pink Embroidered Co-ord Set with Dupatta-Pink,Candy Pink Embroidered Co-ord Set with Dupatta-Pink,in stock,new,https://www.prathiksham.in/store/item/Candy+Pink+Embroidered+Co-ord+Set+with+Dupatta?id=1768,https://www.prathiksham.in/aalam/stock/item/1768/image/_/face-img,Prathiksham,Pink,Cotton,Stripes,XS,Apparel & Accessories > Clothing,Clothing & Accessories > Clothing,Female,adult,,3050.0 INR
A16-0CD-84-S,Candy Pink Embroidered Co-ord Set with Dupatta-Pink,Candy Pink Embroidered Co-ord Set with Dupatta-Pink,in stock,new,https://www.prathiksham.in/store/item/Candy+Pink+Embroidered+Co-ord+Set+with+Dupatta?id=1769,https://www.prathiksham.in/aalam/stock/item/1769/image/_/face-img,Prathiksham,Pink,Cotton,Stripes,S,Apparel & Accessories > Clothing,Clothing & Accessories > Clothing,Female,adult,,3050.0 INR
A16-0CD-84-M,Candy Pink Embroidered Co-ord Set with Dupatta-Pink,Candy Pink Embroidered Co-ord Set with Dupatta-Pink,in stock,new,https://www.prathiksham.in/store/item/Candy+Pink+Embroidered+Co-ord+Set+with+Dupatta?id=1770,https://www.prathiksham.in/aalam/stock/item/1770/image/_/face-img,Prathiksham,Pink,Cotton,Stripes,M,Apparel & Accessories > Clothing,Clothing & Accessories > Clothing,Female,adult,,3050.0 INR
A16-0CD-84-L,Candy Pink Embroidered Co-ord Set with Dupatta-Pink,Candy Pink Embroidered Co-ord Set with Dupatta-Pink,in stock,new,https://www.prathiksham.in/store/item/Candy+Pink+Embroidered+Co-ord+Set+with+Dupatta?id=1771,https://www.prathiksham.in/aalam/stock/item/1771/image/_/face-img,Prathiksham,Pink,Cotton,Stripes,L,Apparel & Accessories > Clothing,Clothing & Accessories > Clothing,Female,adult,,3050.0 INR
A16-0CD-84-XL,Candy Pink Embroidered Co-ord Set with Dupatta-Pink,Candy Pink Embroidered Co-ord Set with Dupatta-Pink,in stock,new,https://www.prathiksham.in/store/item/Candy+Pink+Embroidered+Co-ord+Set+with+Dupatta?id=1772,https://www.prathiksham.in/aalam/stock/item/1772/image/_/face-img,Prathiksham,Pink,Cotton,Stripes,XL,Apparel & Accessories > Clothing,Clothing & Accessories > Clothing,Female,adult,,3050.0 INR
A16-0CD-84-XXL,Candy Pink Embroidered Co-ord Set with Dupatta-Pink,Candy Pink Embroidered Co-ord Set with Dupatta-Pink,in stock,new,https://www.prathiksham.in/store/item/Candy+Pink+Embroidered+Co-ord+Set+with+Dupatta?id=1773,https://www.prathiksham.in/aalam/stock/item/1773/image/_/face-img,Prathiksham,Pink,Cotton,Stripes,XXL,Apparel & Accessories > Clothing,Clothing & Accessories > Clothing,Female,adult,,3050.0 INR
A17-00K-100-XS,Pink Collar Black Check Handloom Kurta-Black,Pink Collar Black Check Handloom Kurta-Black,in stock,new,https://www.prathiksham.in/store/item/Pink+Collar+Black+Check+Handloom+Kurta?id=1774,https://www.prathiksham.in/aalam/stock/item/1774/image/_/face-img,Prathiksham,Black,Cotton,Checks,XS,Apparel & Accessories > Clothing,Clothing & Accessories > Clothing,Female,adult,,1399.0 INR
A17-00K-100-S,Pink Collar Black Check Handloom Kurta-Black,Pink Collar Black Check Handloom Kurta-Black,in stock,new,https://www.prathiksham.in/store/item/Pink+Collar+Black+Check+Handloom+Kurta?id=1775,https://www.prathiksham.in/aalam/stock/item/1775/image/_/face-img,Prathiksham,Black,Cotton,Checks,S,Apparel & Accessories > Clothing,Clothing & Accessories > Clothing,Female,adult,,1399.0 INR
A17-00K-100-M,Pink Collar Black Check Handloom Kurta-Black,Pink Collar Black Check Handloom Kurta-Black,in stock,new,https://www.prathiksham.in/store/item/Pink+Collar+Black+Check+Handloom+Kurta?id=1776,https://www.prathiksham.in/aalam/stock/item/1776/image/_/face-img,Prathiksham,Black,Cotton,Checks,M,Apparel & Accessories > Clothing,Clothing & Accessories > Clothing,Female,adult,,1399.0 INR
A17-00K-100-L,Pink Collar Black Check Handloom Kurta-Black,Pink Collar Black Check Handloom Kurta-Black,in stock,new,https://www.prathiksham.in/store/item/Pink+Collar+Black+Check+Handloom+Kurta?id=1777,https://www.prathiksham.in/aalam/stock/item/1777/image/_/face-img,Prathiksham,Black,Cotton,Checks,L,Apparel & Accessories > Clothing,Clothing & Accessories > Clothing,Female,adult,,1399.0 INR
A17-00K-100-XL,Pink Collar Black Check Handloom Kurta-Black,Pink Collar Black Check Handloom Kurta-Black,in stock,new,https://www.prathiksham.in/store/item/Pink+Collar+Black+Check+Handloom+Kurta?id=1778,https://www.prathiksham.in/aalam/stock/item/1778/image/_/face-img,Prathiksham,Black,Cotton,Checks,XL,Apparel & Accessories > Clothing,Clothing & Accessories > Clothing,Female,adult,,1399.0 INR
A17-00K-100-XXL,Pink Collar Black Check Handloom Kurta-Black,Pink Collar Black Check Handloom Kurta-Black,in stock,new,https://www.prathiksham.in/store/item/Pink+Collar+Black+Check+Handloom+Kurta?id=1779,https://www.prathiksham.in/aalam/stock/item/1779/image/_/face-img,Prathiksham,Black,Cotton,Checks,XXL,Apparel & Accessories > Clothing,Clothing & Accessories > Clothing,Female,adult,,1399.0 INR
A17-0DR-27-XS,Christmas Red Checks Handloom Dress-Red,Christmas Red Checks Handloom Dress-Red,in stock,new,https://www.prathiksham.in/store/item/Christmas+Red+Checks+Handloom+Dress?id=1780,https://www.prathiksham.in/aalam/stock/item/1780/image/_/face-img,Prathiksham,Red,Cotton,Checks,XS,Apparel & Accessories > Clothing,Clothing & Accessories > Clothing,Female,adult,,1399.0 INR
A17-0DR-27-S,Christmas Red Checks Handloom Dress-Red,Christmas Red Checks Handloom Dress-Red,in stock,new,https://www.prathiksham.in/store/item/Christmas+Red+Checks+Handloom+Dress?id=1781,https://www.prathiksham.in/aalam/stock/item/1781/image/_/face-img,Prathiksham,Red,Cotton,Checks,S,Apparel & Accessories > Clothing,Clothing & Accessories > Clothing,Female,adult,,1399.0 INR
A17-0DR-27-M,Christmas Red Checks Handloom Dress-Red,Christmas Red Checks Handloom Dress-Red,in stock,new,https://www.prathiksham.in/store/item/Christmas+Red+Checks+Handloom+Dress?id=1782,https://www.prathiksham.in/aalam/stock/item/1782/image/_/face-img,Prathiksham,Red,Cotton,Checks,M,Apparel & Accessories > Clothing,Clothing & Accessories > Clothing,Female,adult,,1399.0 INR
A17-0DR-27-L,Christmas Red Checks Handloom Dress-Red,Christmas Red Checks Handloom Dress-Red,in stock,new,https://www.prathiksham.in/store/item/Christmas+Red+Checks+Handloom+Dress?id=1783,https://www.prathiksham.in/aalam/stock/item/1783/image/_/face-img,Prathiksham,Red,Cotton,Checks,L,Apparel & Accessories > Clothing,Clothing & Accessories > Clothing,Female,adult,,1399.0 INR
A17-0DR-27-XL,Christmas Red Checks Handloom Dress-Red,Christmas Red Checks Handloom Dress-Red,in stock,new,https://www.prathiksham.in/store/item/Christmas+Red+Checks+Handloom+Dress?id=1784,https://www.prathiksham.in/aalam/stock/item/1784/image/_/face-img,Prathiksham,Red,Cotton,Checks,XL,Apparel & Accessories > Clothing,Clothing & Accessories > Clothing,Female,adult,,1399.0 INR
A17-0DR-27-XXL,Christmas Red Checks Handloom Dress-Red,Christmas Red Checks Handloom Dress-Red,in stock,new,https://www.prathiksham.in/store/item/Christmas+Red+Checks+Handloom+Dress?id=1785,https://www.prathiksham.in/aalam/stock/item/1785/image/_/face-img,Prathiksham,Red,Cotton,Checks,XXL,Apparel & Accessories > Clothing,Clothing & Accessories > Clothing,Female,adult,,1399.0 INR
A17-00K-101-XS,Coconut White Checks Handloom A-Line Kali Kurta-White,Coconut White Checks Handloom A-Line Kali Kurta-White,in stock,new,https://www.prathiksham.in/store/item/Coconut+White+Checks+Handloom+A-Line+Kali+Kurta?id=1786,https://www.prathiksham.in/aalam/stock/item/1786/image/_/face-img,Prathiksham,White,Cotton,Checks,XS,Apparel & Accessories > Clothing,Clothing & Accessories > Clothing,Female,adult,,1359.0 INR
A17-00K-101-S,Coconut White Checks Handloom A-Line Kali Kurta-White,Coconut White Checks Handloom A-Line Kali Kurta-White,in stock,new,https://www.prathiksham.in/store/item/Coconut+White+Checks+Handloom+A-Line+Kali+Kurta?id=1787,https://www.prathiksham.in/aalam/stock/item/1787/image/_/face-img,Prathiksham,White,Cotton,Checks,S,Apparel & Accessories > Clothing,Clothing & Accessories > Clothing,Female,adult,,1359.0 INR
A17-00K-101-M,Coconut White Checks Handloom A-Line Kali Kurta-White,Coconut White Checks Handloom A-Line Kali Kurta-White,in stock,new,https://www.prathiksham.in/store/item/Coconut+White+Checks+Handloom+A-Line+Kali+Kurta?id=1788,https://www.prathiksham.in/aalam/stock/item/1788/image/_/face-img,Prathiksham,White,Cotton,Checks,M,Apparel & Accessories > Clothing,Clothing & Accessories > Clothing,Female,adult,,1359.0 INR
A17-00K-101-L,Coconut White Checks Handloom A-Line Kali Kurta-White,Coconut White Checks Handloom A-Line Kali Kurta-White,in stock,new,https://www.prathiksham.in/store/item/Coconut+White+Checks+Handloom+A-Line+Kali+Kurta?id=1789,https://www.prathiksham.in/aalam/stock/item/1789/image/_/face-img,Prathiksham,White,Cotton,Checks,L,Apparel & Accessories > Clothing,Clothing & Accessories > Clothing,Female,adult,,1359.0 INR
A17-00K-101-XL,Coconut White Checks Handloom A-Line Kali Kurta-White,Coconut White Checks Handloom A-Line Kali Kurta-White,in stock,new,https://www.prathiksham.in/store/item/Coconut+White+Checks+Handloom+A-Line+Kali+Kurta?id=1790,https://www.prathiksham.in/aalam/stock/item/1790/image/_/face-img,Prathiksham,White,Cotton,Checks,XL,Apparel & Accessories > Clothing,Clothing & Accessories > Clothing,Female,adult,,1359.0 INR
A17-00K-101-XXL,Coconut White Checks Handloom A-Line Kali Kurta-White,Coconut White Checks Handloom A-Line Kali Kurta-White,in stock,new,https://www.prathiksham.in/store/item/Coconut+White+Checks+Handloom+A-Line+Kali+Kurta?id=1791,https://www.prathiksham.in/aalam/stock/item/1791/image/_/face-img,Prathiksham,White,Cotton,Checks,XXL,Apparel & Accessories > Clothing,Clothing & Accessories > Clothing,Female,adult,,1359.0 INR
A17-00K-102-XS,Pista Green Floral Handblock A-Line Kurta-DarkKhaki,Pista Green Floral Handblock A-Line Kurta-DarkKhaki,in stock,new,https://www.prathiksham.in/store/item/Pista+Green+Floral+Handblock+A-Line+Kurta?id=1792,https://www.prathiksham.in/aalam/stock/item/1792/image/_/face-img,Prathiksham,DarkKhaki,Cotton,Floral,XS,Apparel & Accessories > Clothing,Clothing & Accessories > Clothing,Female,adult,,1600.0 INR
A17-00K-102-S,Pista Green Floral Handblock A-Line Kurta-DarkKhaki,Pista Green Floral Handblock A-Line Kurta-DarkKhaki,in stock,new,https://www.prathiksham.in/store/item/Pista+Green+Floral+Handblock+A-Line+Kurta?id=1793,https://www.prathiksham.in/aalam/stock/item/1793/image/_/face-img,Prathiksham,DarkKhaki,Cotton,Floral,S,Apparel & Accessories > Clothing,Clothing & Accessories > Clothing,Female,adult,,1600.0 INR
A17-00K-102-M,Pista Green Floral Handblock A-Line Kurta-DarkKhaki,Pista Green Floral Handblock A-Line Kurta-DarkKhaki,in stock,new,https://www.prathiksham.in/store/item/Pista+Green+Floral+Handblock+A-Line+Kurta?id=1794,https://www.prathiksham.in/aalam/stock/item/1794/image/_/face-img,Prathiksham,DarkKhaki,Cotton,Floral,M,Apparel & Accessories > Clothing,Clothing & Accessories > Clothing,Female,adult,,1600.0 INR
A17-00K-102-L,Pista Green Floral Handblock A-Line Kurta-DarkKhaki,Pista Green Floral Handblock A-Line Kurta-DarkKhaki,in stock,new,https://www.prathiksham.in/store/item/Pista+Green+Floral+Handblock+A-Line+Kurta?id=1795,https://www.prathiksham.in/aalam/stock/item/1795/image/_/face-img,Prathiksham,DarkKhaki,Cotton,Floral,L,Apparel & Accessories > Clothing,Clothing & Accessories > Clothing,Female,adult,,1600.0 INR
A17-00K-102-XL,Pista Green Floral Handblock A-Line Kurta-DarkKhaki,Pista Green Floral Handblock A-Line Kurta-DarkKhaki,in stock,new,https://www.prathiksham.in/store/item/Pista+Green+Floral+Handblock+A-Line+Kurta?id=1796,https://www.prathiksham.in/aalam/stock/item/1796/image/_/face-img,Prathiksham,DarkKhaki,Cotton,Floral,XL,Apparel & Accessories > Clothing,Clothing & Accessories > Clothing,Female,adult,,1600.0 INR
A17-00K-102-XXL,Pista Green Floral Handblock A-Line Kurta-DarkKhaki,Pista Green Floral Handblock A-Line Kurta-DarkKhaki,in stock,new,https://www.prathiksham.in/store/item/Pista+Green+Floral+Handblock+A-Line+Kurta?id=1797,https://www.prathiksham.in/aalam/stock/item/1797/image/_/face-img,Prathiksham,DarkKhaki,Cotton,Floral,XXL,Apparel & Accessories > Clothing,Clothing & Accessories > Clothing,Female,adult,,1600.0 INR
A17-00K-103-XS,Floral Stripe Meadow Handblock  Kali A-Line Kurta-DarkSeaGreen,Floral Stripe Meadow Handblock  Kali A-Line Kurta-DarkSeaGreen,out of stock,new,https://www.prathiksham.in/store/item/Floral+Stripe+Meadow+Handblock++Kali+A-Line+Kurta?id=1798,https://www.prathiksham.in/aalam/stock/item/1798/image/_/face-img,Prathiksham,DarkSeaGreen,Cotton,Handblock,XS,Apparel & Accessories > Clothing,Clothing & Accessories > Clothing,Female,adult,,1399.0 INR
A17-00K-103-S,Floral Stripe Meadow Handblock  Kali A-Line Kurta-DarkSeaGreen,Floral Stripe Meadow Handblock  Kali A-Line Kurta-DarkSeaGreen,out of stock,new,https://www.prathiksham.in/store/item/Floral+Stripe+Meadow+Handblock++Kali+A-Line+Kurta?id=1799,https://www.prathiksham.in/aalam/stock/item/1799/image/_/face-img,Prathiksham,DarkSeaGreen,Cotton,Handblock,S,Apparel & Accessories > Clothing,Clothing & Accessories > Clothing,Female,adult,,1399.0 INR
A17-00K-103-M,Floral Stripe Meadow Handblock  Kali A-Line Kurta-DarkSeaGreen,Floral Stripe Meadow Handblock  Kali A-Line Kurta-DarkSeaGreen,out of stock,new,https://www.prathiksham.in/store/item/Floral+Stripe+Meadow+Handblock++Kali+A-Line+Kurta?id=1800,https://www.prathiksham.in/aalam/stock/item/1800/image/_/face-img,Prathiksham,DarkSeaGreen,Cotton,Handblock,M,Apparel & Accessories > Clothing,Clothing & Accessories > Clothing,Female,adult,,1399.0 INR
A17-00K-103-L,Floral Stripe Meadow Handblock  Kali A-Line Kurta-DarkSeaGreen,Floral Stripe Meadow Handblock  Kali A-Line Kurta-DarkSeaGreen,out of stock,new,https://www.prathiksham.in/store/item/Floral+Stripe+Meadow+Handblock++Kali+A-Line+Kurta?id=1801,https://www.prathiksham.in/aalam/stock/item/1801/image/_/face-img,Prathiksham,DarkSeaGreen,Cotton,Handblock,L,Apparel & Accessories > Clothing,Clothing & Accessories > Clothing,Female,adult,,1399.0 INR
A17-00K-103-XL,Floral Stripe Meadow Handblock  Kali A-Line Kurta-DarkSeaGreen,Floral Stripe Meadow Handblock  Kali A-Line Kurta-DarkSeaGreen,out of stock,new,https://www.prathiksham.in/store/item/Floral+Stripe+Meadow+Handblock++Kali+A-Line+Kurta?id=1802,https://www.prathiksham.in/aalam/stock/item/1802/image/_/face-img,Prathiksham,DarkSeaGreen,Cotton,Handblock,XL,Apparel & Accessories > Clothing,Clothing & Accessories > Clothing,Female,adult,,1399.0 INR
A17-00K-103-XXL,Floral Stripe Meadow Handblock  Kali A-Line Kurta-DarkSeaGreen,Floral Stripe Meadow Handblock  Kali A-Line Kurta-DarkSeaGreen,out of stock,new,https://www.prathiksham.in/store/item/Floral+Stripe+Meadow+Handblock++Kali+A-Line+Kurta?id=1803,https://www.prathiksham.in/aalam/stock/item/1803/image/_/face-img,Prathiksham,DarkSeaGreen,Cotton,Handblock,XXL,Apparel & Accessories > Clothing,Clothing & Accessories > Clothing,Female,adult,,1399.0 INR
A17-0KP-33-XS,Pink Smoke Ikkat Kurta Set With Dupatta-PaleVioletRed,Pink Smoke Ikkat Kurta Set With Dupatta-PaleVioletRed,in stock,new,https://www.prathiksham.in/store/item/Pink+Smoke+Ikkat+Kurta+Set+With+Dupatta?id=1804,https://www.prathiksham.in/aalam/stock/item/1804/image/_/face-img,Prathiksham,PaleVioletRed,Cotton,Ikkat,XS,Apparel & Accessories > Clothing,Clothing & Accessories > Clothing,Female,adult,,1999.0 INR
A17-0KP-33-S,Pink Smoke Ikkat Kurta Set With Dupatta-PaleVioletRed,Pink Smoke Ikkat Kurta Set With Dupatta-PaleVioletRed,in stock,new,https://www.prathiksham.in/store/item/Pink+Smoke+Ikkat+Kurta+Set+With+Dupatta?id=1805,https://www.prathiksham.in/aalam/stock/item/1805/image/_/face-img,Prathiksham,PaleVioletRed,Cotton,Ikkat,S,Apparel & Accessories > Clothing,Clothing & Accessories > Clothing,Female,adult,,1999.0 INR
A17-0KP-33-M,Pink Smoke Ikkat Kurta Set With Dupatta-PaleVioletRed,Pink Smoke Ikkat Kurta Set With Dupatta-PaleVioletRed,in stock,new,https://www.prathiksham.in/store/item/Pink+Smoke+Ikkat+Kurta+Set+With+Dupatta?id=1806,https://www.prathiksham.in/aalam/stock/item/1806/image/_/face-img,Prathiksham,PaleVioletRed,Cotton,Ikkat,M,Apparel & Accessories > Clothing,Clothing & Accessories > Clothing,Female,adult,,1999.0 INR
A17-0KP-33-L,Pink Smoke Ikkat Kurta Set With Dupatta-PaleVioletRed,Pink Smoke Ikkat Kurta Set With Dupatta-PaleVioletRed,in stock,new,https://www.prathiksham.in/store/item/Pink+Smoke+Ikkat+Kurta+Set+With+Dupatta?id=1807,https://www.prathiksham.in/aalam/stock/item/1807/image/_/face-img,Prathiksham,PaleVioletRed,Cotton,Ikkat,L,Apparel & Accessories > Clothing,Clothing & Accessories > Clothing,Female,adult,,1999.0 INR
A17-0KP-33-XL,Pink Smoke Ikkat Kurta Set With Dupatta-PaleVioletRed,Pink Smoke Ikkat Kurta Set With Dupatta-PaleVioletRed,in stock,new,https://www.prathiksham.in/store/item/Pink+Smoke+Ikkat+Kurta+Set+With+Dupatta?id=1808,https://www.prathiksham.in/aalam/stock/item/1808/image/_/face-img,Prathiksham,PaleVioletRed,Cotton,Ikkat,XL,Apparel & Accessories > Clothing,Clothing & Accessories > Clothing,Female,adult,,1999.0 INR
A17-0KP-33-XXL,Pink Smoke Ikkat Kurta Set With Dupatta-PaleVioletRed,Pink Smoke Ikkat Kurta Set With Dupatta-PaleVioletRed,in stock,new,https://www.prathiksham.in/store/item/Pink+Smoke+Ikkat+Kurta+Set+With+Dupatta?id=1809,https://www.prathiksham.in/aalam/stock/item/1809/image/_/face-img,Prathiksham,PaleVioletRed,Cotton,Ikkat,XXL,Apparel & Accessories > Clothing,Clothing & Accessories > Clothing,Female,adult,,1999.0 INR
A17-0KP-34-XS,Caramel Cream Ikkat Kurta Set With Dupatta-Tan,Caramel Cream Ikkat Kurta Set With Dupatta-Tan,in stock,new,https://www.prathiksham.in/store/item/Caramel+Cream+Ikkat+Kurta+Set+With+Dupatta?id=1810,https://www.prathiksham.in/aalam/stock/item/1810/image/_/face-img,Prathiksham,Tan,Cotton,Ikkat,XS,Apparel & Accessories > Clothing,Clothing & Accessories > Clothing,Female,adult,,1999.0 INR
A17-0KP-34-S,Caramel Cream Ikkat Kurta Set With Dupatta-Tan,Caramel Cream Ikkat Kurta Set With Dupatta-Tan,in stock,new,https://www.prathiksham.in/store/item/Caramel+Cream+Ikkat+Kurta+Set+With+Dupatta?id=1811,https://www.prathiksham.in/aalam/stock/item/1811/image/_/face-img,Prathiksham,Tan,Cotton,Ikkat,S,Apparel & Accessories > Clothing,Clothing & Accessories > Clothing,Female,adult,,1999.0 INR
A17-0KP-34-M,Caramel Cream Ikkat Kurta Set With Dupatta-Tan,Caramel Cream Ikkat Kurta Set With Dupatta-Tan,in stock,new,https://www.prathiksham.in/store/item/Caramel+Cream+Ikkat+Kurta+Set+With+Dupatta?id=1812,https://www.prathiksham.in/aalam/stock/item/1812/image/_/face-img,Prathiksham,Tan,Cotton,Ikkat,M,Apparel & Accessories > Clothing,Clothing & Accessories > Clothing,Female,adult,,1999.0 INR
A17-0KP-34-L,Caramel Cream Ikkat Kurta Set With Dupatta-Tan,Caramel Cream Ikkat Kurta Set With Dupatta-Tan,in stock,new,https://www.prathiksham.in/store/item/Caramel+Cream+Ikkat+Kurta+Set+With+Dupatta?id=1813,https://www.prathiksham.in/aalam/stock/item/1813/image/_/face-img,Prathiksham,Tan,Cotton,Ikkat,L,Apparel & Accessories > Clothing,Clothing & Accessories > Clothing,Female,adult,,1999.0 INR
A17-0KP-34-XL,Caramel Cream Ikkat Kurta Set With Dupatta-Tan,Caramel Cream Ikkat Kurta Set With Dupatta-Tan,in stock,new,https://www.prathiksham.in/store/item/Caramel+Cream+Ikkat+Kurta+Set+With+Dupatta?id=1814,https://www.prathiksham.in/aalam/stock/item/1814/image/_/face-img,Prathiksham,Tan,Cotton,Ikkat,XL,Apparel & Accessories > Clothing,Clothing & Accessories > Clothing,Female,adult,,1999.0 INR
A17-0KP-34-XXL,Caramel Cream Ikkat Kurta Set With Dupatta-Tan,Caramel Cream Ikkat Kurta Set With Dupatta-Tan,in stock,new,https://www.prathiksham.in/store/item/Caramel+Cream+Ikkat+Kurta+Set+With+Dupatta?id=1815,https://www.prathiksham.in/aalam/stock/item/1815/image/_/face-img,Prathiksham,Tan,Cotton,Ikkat,XXL,Apparel & Accessories > Clothing,Clothing & Accessories > Clothing,Female,adult,,1999.0 INR
A17-0KP-35-XS,Lime Green Ikkat Kurta Set with Dupatta-YellowGreen,Lime Green Ikkat Kurta Set with Dupatta-YellowGreen,in stock,new,https://www.prathiksham.in/store/item/Lime+Green+Ikkat+Kurta+Set+with+Dupatta?id=1816,https://www.prathiksham.in/aalam/stock/item/1816/image/_/face-img,Prathiksham,YellowGreen,Cotton,Ikkat,XS,Apparel & Accessories > Clothing,Clothing & Accessories > Clothing,Female,adult,,1999.0 INR
A17-0KP-35-S,Lime Green Ikkat Kurta Set with Dupatta-YellowGreen,Lime Green Ikkat Kurta Set with Dupatta-YellowGreen,in stock,new,https://www.prathiksham.in/store/item/Lime+Green+Ikkat+Kurta+Set+with+Dupatta?id=1817,https://www.prathiksham.in/aalam/stock/item/1817/image/_/face-img,Prathiksham,YellowGreen,Cotton,Ikkat,S,Apparel & Accessories > Clothing,Clothing & Accessories > Clothing,Female,adult,,1999.0 INR
A17-0KP-35-M,Lime Green Ikkat Kurta Set with Dupatta-YellowGreen,Lime Green Ikkat Kurta Set with Dupatta-YellowGreen,in stock,new,https://www.prathiksham.in/store/item/Lime+Green+Ikkat+Kurta+Set+with+Dupatta?id=1818,https://www.prathiksham.in/aalam/stock/item/1818/image/_/face-img,Prathiksham,YellowGreen,Cotton,Ikkat,M,Apparel & Accessories > Clothing,Clothing & Accessories > Clothing,Female,adult,,1999.0 INR
A17-0KP-35-L,Lime Green Ikkat Kurta Set with Dupatta-YellowGreen,Lime Green Ikkat Kurta Set with Dupatta-YellowGreen,in stock,new,https://www.prathiksham.in/store/item/Lime+Green+Ikkat+Kurta+Set+with+Dupatta?id=1819,https://www.prathiksham.in/aalam/stock/item/1819/image/_/face-img,Prathiksham,YellowGreen,Cotton,Ikkat,L,Apparel & Accessories > Clothing,Clothing & Accessories > Clothing,Female,adult,,1999.0 INR
A17-0KP-35-XL,Lime Green Ikkat Kurta Set with Dupatta-YellowGreen,Lime Green Ikkat Kurta Set with Dupatta-YellowGreen,in stock,new,https://www.prathiksham.in/store/item/Lime+Green+Ikkat+Kurta+Set+with+Dupatta?id=1820,https://www.prathiksham.in/aalam/stock/item/1820/image/_/face-img,Prathiksham,YellowGreen,Cotton,Ikkat,XL,Apparel & Accessories > Clothing,Clothing & Accessories > Clothing,Female,adult,,1999.0 INR
A17-0KP-35-XXL,Lime Green Ikkat Kurta Set with Dupatta-YellowGreen,Lime Green Ikkat Kurta Set with Dupatta-YellowGreen,in stock,new,https://www.prathiksham.in/store/item/Lime+Green+Ikkat+Kurta+Set+with+Dupatta?id=1821,https://www.prathiksham.in/aalam/stock/item/1821/image/_/face-img,Prathiksham,YellowGreen,Cotton,Ikkat,XXL,Apparel & Accessories > Clothing,Clothing & Accessories > Clothing,Female,adult,,1999.0 INR
A18-0KP-36-XS,Cocoa Charm Check Chungidi With Peacock Border Kurta Set With Dupatta-Brown,Cocoa Charm Check Chungidi With Peacock Border Kurta Set With Dupatta-Brown,in stock,new,https://www.prathiksham.in/store/item/Cocoa+Charm+Check+Chungidi+With+Peacock+Border+Kurta+Set+With+Dupatta?id=1822,https://www.prathiksham.in/aalam/stock/item/1822/image/_/face-img,Prathiksham,Brown,Chungidi,Checks,XS,Apparel & Accessories > Clothing,Clothing & Accessories > Clothing,Female,adult,,2900.0 INR
A18-0KP-36-S,Cocoa Charm Check Chungidi With Peacock Border Kurta Set With Dupatta-Brown,Cocoa Charm Check Chungidi With Peacock Border Kurta Set With Dupatta-Brown,in stock,new,https://www.prathiksham.in/store/item/Cocoa+Charm+Check+Chungidi+With+Peacock+Border+Kurta+Set+With+Dupatta?id=1823,https://www.prathiksham.in/aalam/stock/item/1823/image/_/face-img,Prathiksham,Brown,Chungidi,Checks,S,Apparel & Accessories > Clothing,Clothing & Accessories > Clothing,Female,adult,,2900.0 INR
A18-0KP-36-M,Cocoa Charm Check Chungidi With Peacock Border Kurta Set With Dupatta-Brown,Cocoa Charm Check Chungidi With Peacock Border Kurta Set With Dupatta-Brown,in stock,new,https://www.prathiksham.in/store/item/Cocoa+Charm+Check+Chungidi+With+Peacock+Border+Kurta+Set+With+Dupatta?id=1824,https://www.prathiksham.in/aalam/stock/item/1824/image/_/face-img,Prathiksham,Brown,Chungidi,Checks,M,Apparel & Accessories > Clothing,Clothing & Accessories > Clothing,Female,adult,,2900.0 INR
A18-0KP-36-L,Cocoa Charm Check Chungidi With Peacock Border Kurta Set With Dupatta-Brown,Cocoa Charm Check Chungidi With Peacock Border Kurta Set With Dupatta-Brown,in stock,new,https://www.prathiksham.in/store/item/Cocoa+Charm+Check+Chungidi+With+Peacock+Border+Kurta+Set+With+Dupatta?id=1825,https://www.prathiksham.in/aalam/stock/item/1825/image/_/face-img,Prathiksham,Brown,Chungidi,Checks,L,Apparel & Accessories > Clothing,Clothing & Accessories > Clothing,Female,adult,,2900.0 INR
A18-0KP-36-XL,Cocoa Charm Check Chungidi With Peacock Border Kurta Set With Dupatta-Brown,Cocoa Charm Check Chungidi With Peacock Border Kurta Set With Dupatta-Brown,in stock,new,https://www.prathiksham.in/store/item/Cocoa+Charm+Check+Chungidi+With+Peacock+Border+Kurta+Set+With+Dupatta?id=1826,https://www.prathiksham.in/aalam/stock/item/1826/image/_/face-img,Prathiksham,Brown,Chungidi,Checks,XL,Apparel & Accessories > Clothing,Clothing & Accessories > Clothing,Female,adult,,2900.0 INR
A18-0KP-36-XXL,Cocoa Charm Check Chungidi With Peacock Border Kurta Set With Dupatta-Brown,Cocoa Charm Check Chungidi With Peacock Border Kurta Set With Dupatta-Brown,in stock,new,https://www.prathiksham.in/store/item/Cocoa+Charm+Check+Chungidi+With+Peacock+Border+Kurta+Set+With+Dupatta?id=1827,https://www.prathiksham.in/aalam/stock/item/1827/image/_/face-img,Prathiksham,Brown,Chungidi,Checks,XXL,Apparel & Accessories > Clothing,Clothing & Accessories > Clothing,Female,adult,,2900.0 INR
A18-0KP-37-XS,Navy Check Chungidi With Lavender Peacock Border Kurta Set With Dupatta-MidnightBlue,Navy Check Chungidi With Lavender Peacock Border Kurta Set With Dupatta-MidnightBlue,in stock,new,https://www.prathiksham.in/store/item/Navy+Check+Chungidi+With+Lavender+Peacock+Border+Kurta+Set+With+Dupatta?id=1828,https://www.prathiksham.in/aalam/stock/item/1828/image/_/face-img,Prathiksham,MidnightBlue,Chungidi,Checks,XS,Apparel & Accessories > Clothing,Clothing & Accessories > Clothing,Female,adult,,2900.0 INR
A18-0KP-37-S,Navy Check Chungidi With Lavender Peacock Border Kurta Set With Dupatta-MidnightBlue,Navy Check Chungidi With Lavender Peacock Border Kurta Set With Dupatta-MidnightBlue,in stock,new,https://www.prathiksham.in/store/item/Navy+Check+Chungidi+With+Lavender+Peacock+Border+Kurta+Set+With+Dupatta?id=1829,https://www.prathiksham.in/aalam/stock/item/1829/image/_/face-img,Prathiksham,MidnightBlue,Chungidi,Checks,S,Apparel & Accessories > Clothing,Clothing & Accessories > Clothing,Female,adult,,2900.0 INR
A18-0KP-37-M,Navy Check Chungidi With Lavender Peacock Border Kurta Set With Dupatta-MidnightBlue,Navy Check Chungidi With Lavender Peacock Border Kurta Set With Dupatta-MidnightBlue,in stock,new,https://www.prathiksham.in/store/item/Navy+Check+Chungidi+With+Lavender+Peacock+Border+Kurta+Set+With+Dupatta?id=1830,https://www.prathiksham.in/aalam/stock/item/1830/image/_/face-img,Prathiksham,MidnightBlue,Chungidi,Checks,M,Apparel & Accessories > Clothing,Clothing & Accessories > Clothing,Female,adult,,2900.0 INR
A18-0KP-37-L,Navy Check Chungidi With Lavender Peacock Border Kurta Set With Dupatta-MidnightBlue,Navy Check Chungidi With Lavender Peacock Border Kurta Set With Dupatta-MidnightBlue,in stock,new,https://www.prathiksham.in/store/item/Navy+Check+Chungidi+With+Lavender+Peacock+Border+Kurta+Set+With+Dupatta?id=1831,https://www.prathiksham.in/aalam/stock/item/1831/image/_/face-img,Prathiksham,MidnightBlue,Chungidi,Checks,L,Apparel & Accessories > Clothing,Clothing & Accessories > Clothing,Female,adult,,2900.0 INR
A18-0KP-37-XL,Navy Check Chungidi With Lavender Peacock Border Kurta Set With Dupatta-MidnightBlue,Navy Check Chungidi With Lavender Peacock Border Kurta Set With Dupatta-MidnightBlue,in stock,new,https://www.prathiksham.in/store/item/Navy+Check+Chungidi+With+Lavender+Peacock+Border+Kurta+Set+With+Dupatta?id=1832,https://www.prathiksham.in/aalam/stock/item/1832/image/_/face-img,Prathiksham,MidnightBlue,Chungidi,Checks,XL,Apparel & Accessories > Clothing,Clothing & Accessories > Clothing,Female,adult,,2900.0 INR
A18-0KP-37-XXL,Navy Check Chungidi With Lavender Peacock Border Kurta Set With Dupatta-MidnightBlue,Navy Check Chungidi With Lavender Peacock Border Kurta Set With Dupatta-MidnightBlue,in stock,new,https://www.prathiksham.in/store/item/Navy+Check+Chungidi+With+Lavender+Peacock+Border+Kurta+Set+With+Dupatta?id=1833,https://www.prathiksham.in/aalam/stock/item/1833/image/_/face-img,Prathiksham,MidnightBlue,Chungidi,Checks,XXL,Apparel & Accessories > Clothing,Clothing & Accessories > Clothing,Female,adult,,2900.0 INR
A18-0KP-38-XS,Grey Check Chungidi With Peacock Border A-Line Kurta Set With Dupatta-SlateGray,Grey Check Chungidi With Peacock Border A-Line Kurta Set With Dupatta-SlateGray,in stock,new,https://www.prathiksham.in/store/item/Grey+Check+Chungidi+With+Peacock+Border+A-Line+Kurta+Set+With+Dupatta?id=1834,https://www.prathiksham.in/aalam/stock/item/1834/image/_/face-img,Prathiksham,SlateGray,Chungidi,Checks,XS,Apparel & Accessories > Clothing,Clothing & Accessories > Clothing,Female,adult,,3200.0 INR
A18-0KP-38-S,Grey Check Chungidi With Peacock Border A-Line Kurta Set With Dupatta-SlateGray,Grey Check Chungidi With Peacock Border A-Line Kurta Set With Dupatta-SlateGray,in stock,new,https://www.prathiksham.in/store/item/Grey+Check+Chungidi+With+Peacock+Border+A-Line+Kurta+Set+With+Dupatta?id=1835,https://www.prathiksham.in/aalam/stock/item/1835/image/_/face-img,Prathiksham,SlateGray,Chungidi,Checks,S,Apparel & Accessories > Clothing,Clothing & Accessories > Clothing,Female,adult,,3200.0 INR
A18-0KP-38-M,Grey Check Chungidi With Peacock Border A-Line Kurta Set With Dupatta-SlateGray,Grey Check Chungidi With Peacock Border A-Line Kurta Set With Dupatta-SlateGray,in stock,new,https://www.prathiksham.in/store/item/Grey+Check+Chungidi+With+Peacock+Border+A-Line+Kurta+Set+With+Dupatta?id=1836,https://www.prathiksham.in/aalam/stock/item/1836/image/_/face-img,Prathiksham,SlateGray,Chungidi,Checks,M,Apparel & Accessories > Clothing,Clothing & Accessories > Clothing,Female,adult,,3200.0 INR
A18-0KP-38-L,Grey Check Chungidi With Peacock Border A-Line Kurta Set With Dupatta-SlateGray,Grey Check Chungidi With Peacock Border A-Line Kurta Set With Dupatta-SlateGray,in stock,new,https://www.prathiksham.in/store/item/Grey+Check+Chungidi+With+Peacock+Border+A-Line+Kurta+Set+With+Dupatta?id=1837,https://www.prathiksham.in/aalam/stock/item/1837/image/_/face-img,Prathiksham,SlateGray,Chungidi,Checks,L,Apparel & Accessories > Clothing,Clothing & Accessories > Clothing,Female,adult,,3200.0 INR
A18-0KP-38-XL,Grey Check Chungidi With Peacock Border A-Line Kurta Set With Dupatta-SlateGray,Grey Check Chungidi With Peacock Border A-Line Kurta Set With Dupatta-SlateGray,in stock,new,https://www.prathiksham.in/store/item/Grey+Check+Chungidi+With+Peacock+Border+A-Line+Kurta+Set+With+Dupatta?id=1838,https://www.prathiksham.in/aalam/stock/item/1838/image/_/face-img,Prathiksham,SlateGray,Chungidi,Checks,XL,Apparel & Accessories > Clothing,Clothing & Accessories > Clothing,Female,adult,,3200.0 INR
A18-0KP-38-XXL,Grey Check Chungidi With Peacock Border A-Line Kurta Set With Dupatta-SlateGray,Grey Check Chungidi With Peacock Border A-Line Kurta Set With Dupatta-SlateGray,in stock,new,https://www.prathiksham.in/store/item/Grey+Check+Chungidi+With+Peacock+Border+A-Line+Kurta+Set+With+Dupatta?id=1839,https://www.prathiksham.in/aalam/stock/item/1839/image/_/face-img,Prathiksham,SlateGray,Chungidi,Checks,XXL,Apparel & Accessories > Clothing,Clothing & Accessories > Clothing,Female,adult,,3200.0 INR
A18-0KP-39-XS,Rani Pink Check Chungidi With Peacock Border A-Line Kurta Set With Dupatta-DeepPink,Rani Pink Check Chungidi With Peacock Border A-Line Kurta Set With Dupatta-DeepPink,in stock,new,https://www.prathiksham.in/store/item/Rani+Pink+Check+Chungidi+With+Peacock+Border+A-Line+Kurta+Set+With+Dupatta?id=1840,https://www.prathiksham.in/aalam/stock/item/1840/image/_/face-img,Prathiksham,DeepPink,Chungidi,Checks,XS,Apparel & Accessories > Clothing,Clothing & Accessories > Clothing,Female,adult,,3200.0 INR
A18-0KP-39-S,Rani Pink Check Chungidi With Peacock Border A-Line Kurta Set With Dupatta-DeepPink,Rani Pink Check Chungidi With Peacock Border A-Line Kurta Set With Dupatta-DeepPink,in stock,new,https://www.prathiksham.in/store/item/Rani+Pink+Check+Chungidi+With+Peacock+Border+A-Line+Kurta+Set+With+Dupatta?id=1841,https://www.prathiksham.in/aalam/stock/item/1841/image/_/face-img,Prathiksham,DeepPink,Chungidi,Checks,S,Apparel & Accessories > Clothing,Clothing & Accessories > Clothing,Female,adult,,3200.0 INR
A18-0KP-39-M,Rani Pink Check Chungidi With Peacock Border A-Line Kurta Set With Dupatta-DeepPink,Rani Pink Check Chungidi With Peacock Border A-Line Kurta Set With Dupatta-DeepPink,in stock,new,https://www.prathiksham.in/store/item/Rani+Pink+Check+Chungidi+With+Peacock+Border+A-Line+Kurta+Set+With+Dupatta?id=1842,https://www.prathiksham.in/aalam/stock/item/1842/image/_/face-img,Prathiksham,DeepPink,Chungidi,Checks,M,Apparel & Accessories > Clothing,Clothing & Accessories > Clothing,Female,adult,,3200.0 INR
A18-0KP-39-L,Rani Pink Check Chungidi With Peacock Border A-Line Kurta Set With Dupatta-DeepPink,Rani Pink Check Chungidi With Peacock Border A-Line Kurta Set With Dupatta-DeepPink,in stock,new,https://www.prathiksham.in/store/item/Rani+Pink+Check+Chungidi+With+Peacock+Border+A-Line+Kurta+Set+With+Dupatta?id=1843,https://www.prathiksham.in/aalam/stock/item/1843/image/_/face-img,Prathiksham,DeepPink,Chungidi,Checks,L,Apparel & Accessories > Clothing,Clothing & Accessories > Clothing,Female,adult,,3200.0 INR
A18-0KP-39-XL,Rani Pink Check Chungidi With Peacock Border A-Line Kurta Set With Dupatta-DeepPink,Rani Pink Check Chungidi With Peacock Border A-Line Kurta Set With Dupatta-DeepPink,in stock,new,https://www.prathiksham.in/store/item/Rani+Pink+Check+Chungidi+With+Peacock+Border+A-Line+Kurta+Set+With+Dupatta?id=1844,https://www.prathiksham.in/aalam/stock/item/1844/image/_/face-img,Prathiksham,DeepPink,Chungidi,Checks,XL,Apparel & Accessories > Clothing,Clothing & Accessories > Clothing,Female,adult,,3200.0 INR
A18-0KP-39-XXL,Rani Pink Check Chungidi With Peacock Border A-Line Kurta Set With Dupatta-DeepPink,Rani Pink Check Chungidi With Peacock Border A-Line Kurta Set With Dupatta-DeepPink,in stock,new,https://www.prathiksham.in/store/item/Rani+Pink+Check+Chungidi+With+Peacock+Border+A-Line+Kurta+Set+With+Dupatta?id=1845,https://www.prathiksham.in/aalam/stock/item/1845/image/_/face-img,Prathiksham,DeepPink,Chungidi,Checks,XXL,Apparel & Accessories > Clothing,Clothing & Accessories > Clothing,Female,adult,,3200.0 INR
A18-0KP-40-XS,Yellow Check Chungidi With Peacock Border A-Line Kurta Set With Dupatta-GoldenRod,Yellow Check Chungidi With Peacock Border A-Line Kurta Set With Dupatta-GoldenRod,in stock,new,https://www.prathiksham.in/store/item/Yellow+Check+Chungidi+With+Peacock+Border+A-Line+Kurta+Set+With+Dupatta?id=1846,https://www.prathiksham.in/aalam/stock/item/1846/image/_/face-img,Prathiksham,GoldenRod,Chungidi,Checks,XS,Apparel & Accessories > Clothing,Clothing & Accessories > Clothing,Female,adult,,3200.0 INR
A18-0KP-40-S,Yellow Check Chungidi With Peacock Border A-Line Kurta Set With Dupatta-GoldenRod,Yellow Check Chungidi With Peacock Border A-Line Kurta Set With Dupatta-GoldenRod,in stock,new,https://www.prathiksham.in/store/item/Yellow+Check+Chungidi+With+Peacock+Border+A-Line+Kurta+Set+With+Dupatta?id=1847,https://www.prathiksham.in/aalam/stock/item/1847/image/_/face-img,Prathiksham,GoldenRod,Chungidi,Checks,S,Apparel & Accessories > Clothing,Clothing & Accessories > Clothing,Female,adult,,3200.0 INR
A18-0KP-40-M,Yellow Check Chungidi With Peacock Border A-Line Kurta Set With Dupatta-GoldenRod,Yellow Check Chungidi With Peacock Border A-Line Kurta Set With Dupatta-GoldenRod,in stock,new,https://www.prathiksham.in/store/item/Yellow+Check+Chungidi+With+Peacock+Border+A-Line+Kurta+Set+With+Dupatta?id=1848,https://www.prathiksham.in/aalam/stock/item/1848/image/_/face-img,Prathiksham,GoldenRod,Chungidi,Checks,M,Apparel & Accessories > Clothing,Clothing & Accessories > Clothing,Female,adult,,3200.0 INR
A18-0KP-40-L,Yellow Check Chungidi With Peacock Border A-Line Kurta Set With Dupatta-GoldenRod,Yellow Check Chungidi With Peacock Border A-Line Kurta Set With Dupatta-GoldenRod,in stock,new,https://www.prathiksham.in/store/item/Yellow+Check+Chungidi+With+Peacock+Border+A-Line+Kurta+Set+With+Dupatta?id=1849,https://www.prathiksham.in/aalam/stock/item/1849/image/_/face-img,Prathiksham,GoldenRod,Chungidi,Checks,L,Apparel & Accessories > Clothing,Clothing & Accessories > Clothing,Female,adult,,3200.0 INR
A18-0KP-40-XL,Yellow Check Chungidi With Peacock Border A-Line Kurta Set With Dupatta-GoldenRod,Yellow Check Chungidi With Peacock Border A-Line Kurta Set With Dupatta-GoldenRod,in stock,new,https://www.prathiksham.in/store/item/Yellow+Check+Chungidi+With+Peacock+Border+A-Line+Kurta+Set+With+Dupatta?id=1850,https://www.prathiksham.in/aalam/stock/item/1850/image/_/face-img,Prathiksham,GoldenRod,Chungidi,Checks,XL,Apparel & Accessories > Clothing,Clothing & Accessories > Clothing,Female,adult,,3200.0 INR
A18-0KP-40-XXL,Yellow Check Chungidi With Peacock Border A-Line Kurta Set With Dupatta-GoldenRod,Yellow Check Chungidi With Peacock Border A-Line Kurta Set With Dupatta-GoldenRod,out of stock,new,https://www.prathiksham.in/store/item/Yellow+Check+Chungidi+With+Peacock+Border+A-Line+Kurta+Set+With+Dupatta?id=1851,https://www.prathiksham.in/aalam/stock/item/1851/image/_/face-img,Prathiksham,GoldenRod,Chungidi,Checks,XXL,Apparel & Accessories > Clothing,Clothing & Accessories > Clothing,Female,adult,,3200.0 INR
A19-00K-106-XS,Ivory Grace Collar Kurta-LightGoldenRodYellow,Ivory Grace Collar Kurta-LightGoldenRodYellow,in stock,new,https://www.prathiksham.in/store/item/Ivory+Grace+Collar+Kurta?id=1852,https://www.prathiksham.in/aalam/stock/item/1852/image/_/face-img,Prathiksham,LightGoldenRodYellow,Pure Cotton,Floral,XS,Apparel & Accessories > Clothing,Clothing & Accessories > Clothing,Female,adult,,990.0 INR
A19-00K-106-S,Ivory Grace Collar Kurta-LightGoldenRodYellow,Ivory Grace Collar Kurta-LightGoldenRodYellow,out of stock,new,https://www.prathiksham.in/store/item/Ivory+Grace+Collar+Kurta?id=1853,https://www.prathiksham.in/aalam/stock/item/1853/image/_/face-img,Prathiksham,LightGoldenRodYellow,Pure Cotton,Floral,S,Apparel & Accessories > Clothing,Clothing & Accessories > Clothing,Female,adult,,990.0 INR
A19-00K-106-M,Ivory Grace Collar Kurta-LightGoldenRodYellow,Ivory Grace Collar Kurta-LightGoldenRodYellow,out of stock,new,https://www.prathiksham.in/store/item/Ivory+Grace+Collar+Kurta?id=1854,https://www.prathiksham.in/aalam/stock/item/1854/image/_/face-img,Prathiksham,LightGoldenRodYellow,Pure Cotton,Floral,M,Apparel & Accessories > Clothing,Clothing & Accessories > Clothing,Female,adult,,990.0 INR
A19-00K-106-L,Ivory Grace Collar Kurta-LightGoldenRodYellow,Ivory Grace Collar Kurta-LightGoldenRodYellow,out of stock,new,https://www.prathiksham.in/store/item/Ivory+Grace+Collar+Kurta?id=1855,https://www.prathiksham.in/aalam/stock/item/1855/image/_/face-img,Prathiksham,LightGoldenRodYellow,Pure Cotton,Floral,L,Apparel & Accessories > Clothing,Clothing & Accessories > Clothing,Female,adult,,990.0 INR
A19-00K-106-XL,Ivory Grace Collar Kurta-LightGoldenRodYellow,Ivory Grace Collar Kurta-LightGoldenRodYellow,out of stock,new,https://www.prathiksham.in/store/item/Ivory+Grace+Collar+Kurta?id=1856,https://www.prathiksham.in/aalam/stock/item/1856/image/_/face-img,Prathiksham,LightGoldenRodYellow,Pure Cotton,Floral,XL,Apparel & Accessories > Clothing,Clothing & Accessories > Clothing,Female,adult,,990.0 INR
A19-00K-106-XXL,Ivory Grace Collar Kurta-LightGoldenRodYellow,Ivory Grace Collar Kurta-LightGoldenRodYellow,in stock,new,https://www.prathiksham.in/store/item/Ivory+Grace+Collar+Kurta?id=1857,https://www.prathiksham.in/aalam/stock/item/1857/image/_/face-img,Prathiksham,LightGoldenRodYellow,Pure Cotton,Floral,XXL,Apparel & Accessories > Clothing,Clothing & Accessories > Clothing,Female,adult,,990.0 INR
A19-00K-105-XS,Ivory Floral Print A-Line Kurta-LightGoldenRodYellow,Ivory Floral Print A-Line Kurta-LightGoldenRodYellow,in stock,new,https://www.prathiksham.in/store/item/Ivory+Floral+Print+A-Line+Kurta?id=1858,https://www.prathiksham.in/aalam/stock/item/1858/image/_/face-img,Prathiksham,LightGoldenRodYellow,Pure Cotton,Floral,XS,Apparel & Accessories > Clothing,Clothing & Accessories > Clothing,Female,adult,,1299.0 INR
A19-00K-105-S,Ivory Floral Print A-Line Kurta-LightGoldenRodYellow,Ivory Floral Print A-Line Kurta-LightGoldenRodYellow,in stock,new,https://www.prathiksham.in/store/item/Ivory+Floral+Print+A-Line+Kurta?id=1859,https://www.prathiksham.in/aalam/stock/item/1859/image/_/face-img,Prathiksham,LightGoldenRodYellow,Pure Cotton,Floral,S,Apparel & Accessories > Clothing,Clothing & Accessories > Clothing,Female,adult,,1299.0 INR
A19-00K-105-M,Ivory Floral Print A-Line Kurta-LightGoldenRodYellow,Ivory Floral Print A-Line Kurta-LightGoldenRodYellow,in stock,new,https://www.prathiksham.in/store/item/Ivory+Floral+Print+A-Line+Kurta?id=1860,https://www.prathiksham.in/aalam/stock/item/1860/image/_/face-img,Prathiksham,LightGoldenRodYellow,Pure Cotton,Floral,M,Apparel & Accessories > Clothing,Clothing & Accessories > Clothing,Female,adult,,1299.0 INR
A19-00K-105-L,Ivory Floral Print A-Line Kurta-LightGoldenRodYellow,Ivory Floral Print A-Line Kurta-LightGoldenRodYellow,in stock,new,https://www.prathiksham.in/store/item/Ivory+Floral+Print+A-Line+Kurta?id=1861,https://www.prathiksham.in/aalam/stock/item/1861/image/_/face-img,Prathiksham,LightGoldenRodYellow,Pure Cotton,Floral,L,Apparel & Accessories > Clothing,Clothing & Accessories > Clothing,Female,adult,,1299.0 INR
A19-00K-105-XL,Ivory Floral Print A-Line Kurta-LightGoldenRodYellow,Ivory Floral Print A-Line Kurta-LightGoldenRodYellow,in stock,new,https://www.prathiksham.in/store/item/Ivory+Floral+Print+A-Line+Kurta?id=1862,https://www.prathiksham.in/aalam/stock/item/1862/image/_/face-img,Prathiksham,LightGoldenRodYellow,Pure Cotton,Floral,XL,Apparel & Accessories > Clothing,Clothing & Accessories > Clothing,Female,adult,,1299.0 INR
A19-00K-105-XXL,Ivory Floral Print A-Line Kurta-LightGoldenRodYellow,Ivory Floral Print A-Line Kurta-LightGoldenRodYellow,in stock,new,https://www.prathiksham.in/store/item/Ivory+Floral+Print+A-Line+Kurta?id=1863,https://www.prathiksham.in/aalam/stock/item/1863/image/_/face-img,Prathiksham,LightGoldenRodYellow,Pure Cotton,Floral,XXL,Apparel & Accessories > Clothing,Clothing & Accessories > Clothing,Female,adult,,1299.0 INR
A19-00K-104-XS,Ivory Bloom A-Line Lace Kurta-LightGoldenRodYellow,Ivory Bloom A-Line Lace Kurta-LightGoldenRodYellow,out of stock,new,https://www.prathiksham.in/store/item/Ivory+Bloom+A-Line+Lace+Kurta?id=1864,https://www.prathiksham.in/aalam/stock/item/1864/image/_/face-img,Prathiksham,LightGoldenRodYellow,Pure Cotton,Floral,XS,Apparel & Accessories > Clothing,Clothing & Accessories > Clothing,Female,adult,,1999.0 INR
A19-00K-104-S,Ivory Bloom A-Line Lace Kurta-LightGoldenRodYellow,Ivory Bloom A-Line Lace Kurta-LightGoldenRodYellow,out of stock,new,https://www.prathiksham.in/store/item/Ivory+Bloom+A-Line+Lace+Kurta?id=1865,https://www.prathiksham.in/aalam/stock/item/1865/image/_/face-img,Prathiksham,LightGoldenRodYellow,Pure Cotton,Floral,S,Apparel & Accessories > Clothing,Clothing & Accessories > Clothing,Female,adult,,1999.0 INR
A19-00K-104-M,Ivory Bloom A-Line Lace Kurta-LightGoldenRodYellow,Ivory Bloom A-Line Lace Kurta-LightGoldenRodYellow,in stock,new,https://www.prathiksham.in/store/item/Ivory+Bloom+A-Line+Lace+Kurta?id=1866,https://www.prathiksham.in/aalam/stock/item/1866/image/_/face-img,Prathiksham,LightGoldenRodYellow,Pure Cotton,Floral,M,Apparel & Accessories > Clothing,Clothing & Accessories > Clothing,Female,adult,,1999.0 INR
A19-00K-104-L,Ivory Bloom A-Line Lace Kurta-LightGoldenRodYellow,Ivory Bloom A-Line Lace Kurta-LightGoldenRodYellow,out of stock,new,https://www.prathiksham.in/store/item/Ivory+Bloom+A-Line+Lace+Kurta?id=1867,https://www.prathiksham.in/aalam/stock/item/1867/image/_/face-img,Prathiksham,LightGoldenRodYellow,Pure Cotton,Floral,L,Apparel & Accessories > Clothing,Clothing & Accessories > Clothing,Female,adult,,1999.0 INR
A19-00K-104-XL,Ivory Bloom A-Line Lace Kurta-LightGoldenRodYellow,Ivory Bloom A-Line Lace Kurta-LightGoldenRodYellow,out of stock,new,https://www.prathiksham.in/store/item/Ivory+Bloom+A-Line+Lace+Kurta?id=1868,https://www.prathiksham.in/aalam/stock/item/1868/image/_/face-img,Prathiksham,LightGoldenRodYellow,Pure Cotton,Floral,XL,Apparel & Accessories > Clothing,Clothing & Accessories > Clothing,Female,adult,,1999.0 INR
A19-00K-104-XXL,Ivory Bloom A-Line Lace Kurta-LightGoldenRodYellow,Ivory Bloom A-Line Lace Kurta-LightGoldenRodYellow,in stock,new,https://www.prathiksham.in/store/item/Ivory+Bloom+A-Line+Lace+Kurta?id=1869,https://www.prathiksham.in/aalam/stock/item/1869/image/_/face-img,Prathiksham,LightGoldenRodYellow,Pure Cotton,Floral,XXL,Apparel & Accessories > Clothing,Clothing & Accessories > Clothing,Female,adult,,1999.0 INR
A19-0KP-44-XS,Blue Dusk Handloom A-Line Kurta Set-Navy,Blue Dusk Handloom A-Line Kurta Set-Navy,in stock,new,https://www.prathiksham.in/store/item/Blue+Dusk+Handloom+A-Line+Kurta+Set?id=1870,https://www.prathiksham.in/aalam/stock/item/1870/image/_/face-img,Prathiksham,Navy,Handloom,Handloom,XS,Apparel & Accessories > Clothing,Clothing & Accessories > Clothing,Female,adult,,2390.0 INR
A19-0KP-44-S,Blue Dusk Handloom A-Line Kurta Set-Navy,Blue Dusk Handloom A-Line Kurta Set-Navy,in stock,new,https://www.prathiksham.in/store/item/Blue+Dusk+Handloom+A-Line+Kurta+Set?id=1871,https://www.prathiksham.in/aalam/stock/item/1871/image/_/face-img,Prathiksham,Navy,Handloom,Handloom,S,Apparel & Accessories > Clothing,Clothing & Accessories > Clothing,Female,adult,,2390.0 INR
A19-0KP-44-M,Blue Dusk Handloom A-Line Kurta Set-Navy,Blue Dusk Handloom A-Line Kurta Set-Navy,out of stock,new,https://www.prathiksham.in/store/item/Blue+Dusk+Handloom+A-Line+Kurta+Set?id=1872,https://www.prathiksham.in/aalam/stock/item/1872/image/_/face-img,Prathiksham,Navy,Handloom,Handloom,M,Apparel & Accessories > Clothing,Clothing & Accessories > Clothing,Female,adult,,2390.0 INR
A19-0KP-44-L,Blue Dusk Handloom A-Line Kurta Set-Navy,Blue Dusk Handloom A-Line Kurta Set-Navy,in stock,new,https://www.prathiksham.in/store/item/Blue+Dusk+Handloom+A-Line+Kurta+Set?id=1873,https://www.prathiksham.in/aalam/stock/item/1873/image/_/face-img,Prathiksham,Navy,Handloom,Handloom,L,Apparel & Accessories > Clothing,Clothing & Accessories > Clothing,Female,adult,,2390.0 INR
A19-0KP-44-XL,Blue Dusk Handloom A-Line Kurta Set-Navy,Blue Dusk Handloom A-Line Kurta Set-Navy,out of stock,new,https://www.prathiksham.in/store/item/Blue+Dusk+Handloom+A-Line+Kurta+Set?id=1874,https://www.prathiksham.in/aalam/stock/item/1874/image/_/face-img,Prathiksham,Navy,Handloom,Handloom,XL,Apparel & Accessories > Clothing,Clothing & Accessories > Clothing,Female,adult,,2390.0 INR
A19-0KP-44-XXL,Blue Dusk Handloom A-Line Kurta Set-Navy,Blue Dusk Handloom A-Line Kurta Set-Navy,in stock,new,https://www.prathiksham.in/store/item/Blue+Dusk+Handloom+A-Line+Kurta+Set?id=1875,https://www.prathiksham.in/aalam/stock/item/1875/image/_/face-img,Prathiksham,Navy,Handloom,Handloom,XXL,Apparel & Accessories > Clothing,Clothing & Accessories > Clothing,Female,adult,,2390.0 INR
A19-0KP-43-XS,Lavender Handloom A-Line Kurta Set-RebeccaPurple,Lavender Handloom A-Line Kurta Set-RebeccaPurple,in stock,new,https://www.prathiksham.in/store/item/Lavender+Handloom+A-Line+Kurta+Set?id=1876,https://www.prathiksham.in/aalam/stock/item/1876/image/_/face-img,Prathiksham,RebeccaPurple,Handloom,Handloom,XS,Apparel & Accessories > Clothing,Clothing & Accessories > Clothing,Female,adult,,2390.0 INR
A19-0KP-43-S,Lavender Handloom A-Line Kurta Set-RebeccaPurple,Lavender Handloom A-Line Kurta Set-RebeccaPurple,in stock,new,https://www.prathiksham.in/store/item/Lavender+Handloom+A-Line+Kurta+Set?id=1877,https://www.prathiksham.in/aalam/stock/item/1877/image/_/face-img,Prathiksham,RebeccaPurple,Handloom,Handloom,S,Apparel & Accessories > Clothing,Clothing & Accessories > Clothing,Female,adult,,2390.0 INR
A19-0KP-43-M,Lavender Handloom A-Line Kurta Set-RebeccaPurple,Lavender Handloom A-Line Kurta Set-RebeccaPurple,out of stock,new,https://www.prathiksham.in/store/item/Lavender+Handloom+A-Line+Kurta+Set?id=1878,https://www.prathiksham.in/aalam/stock/item/1878/image/_/face-img,Prathiksham,RebeccaPurple,Handloom,Handloom,M,Apparel & Accessories > Clothing,Clothing & Accessories > Clothing,Female,adult,,2390.0 INR
A19-0KP-43-L,Lavender Handloom A-Line Kurta Set-RebeccaPurple,Lavender Handloom A-Line Kurta Set-RebeccaPurple,in stock,new,https://www.prathiksham.in/store/item/Lavender+Handloom+A-Line+Kurta+Set?id=1879,https://www.prathiksham.in/aalam/stock/item/1879/image/_/face-img,Prathiksham,RebeccaPurple,Handloom,Handloom,L,Apparel & Accessories > Clothing,Clothing & Accessories > Clothing,Female,adult,,2390.0 INR
A19-0KP-43-XL,Lavender Handloom A-Line Kurta Set-RebeccaPurple,Lavender Handloom A-Line Kurta Set-RebeccaPurple,in stock,new,https://www.prathiksham.in/store/item/Lavender+Handloom+A-Line+Kurta+Set?id=1880,https://www.prathiksham.in/aalam/stock/item/1880/image/_/face-img,Prathiksham,RebeccaPurple,Handloom,Handloom,XL,Apparel & Accessories > Clothing,Clothing & Accessories > Clothing,Female,adult,,2390.0 INR
A19-0KP-43-XXL,Lavender Handloom A-Line Kurta Set-RebeccaPurple,Lavender Handloom A-Line Kurta Set-RebeccaPurple,out of stock,new,https://www.prathiksham.in/store/item/Lavender+Handloom+A-Line+Kurta+Set?id=1881,https://www.prathiksham.in/aalam/stock/item/1881/image/_/face-img,Prathiksham,RebeccaPurple,Handloom,Handloom,XXL,Apparel & Accessories > Clothing,Clothing & Accessories > Clothing,Female,adult,,2390.0 INR
A19-0KP-42-XS,Steel Blue Butta Handloom A-Line Kurta Set-RoyalBlue,Steel Blue Butta Handloom A-Line Kurta Set-RoyalBlue,out of stock,new,https://www.prathiksham.in/store/item/Steel+Blue+Butta+Handloom+A-Line+Kurta+Set?id=1882,https://www.prathiksham.in/aalam/stock/item/1882/image/_/face-img,Prathiksham,RoyalBlue,Handloom,Handloom,XS,Apparel & Accessories > Clothing,Clothing & Accessories > Clothing,Female,adult,,2450.0 INR
A19-0KP-42-S,Steel Blue Butta Handloom A-Line Kurta Set-RoyalBlue,Steel Blue Butta Handloom A-Line Kurta Set-RoyalBlue,out of stock,new,https://www.prathiksham.in/store/item/Steel+Blue+Butta+Handloom+A-Line+Kurta+Set?id=1883,https://www.prathiksham.in/aalam/stock/item/1883/image/_/face-img,Prathiksham,RoyalBlue,Handloom,Handloom,S,Apparel & Accessories > Clothing,Clothing & Accessories > Clothing,Female,adult,,2450.0 INR
A19-0KP-42-M,Steel Blue Butta Handloom A-Line Kurta Set-RoyalBlue,Steel Blue Butta Handloom A-Line Kurta Set-RoyalBlue,out of stock,new,https://www.prathiksham.in/store/item/Steel+Blue+Butta+Handloom+A-Line+Kurta+Set?id=1884,https://www.prathiksham.in/aalam/stock/item/1884/image/_/face-img,Prathiksham,RoyalBlue,Handloom,Handloom,M,Apparel & Accessories > Clothing,Clothing & Accessories > Clothing,Female,adult,,2450.0 INR
A19-0KP-42-L,Steel Blue Butta Handloom A-Line Kurta Set-RoyalBlue,Steel Blue Butta Handloom A-Line Kurta Set-RoyalBlue,out of stock,new,https://www.prathiksham.in/store/item/Steel+Blue+Butta+Handloom+A-Line+Kurta+Set?id=1885,https://www.prathiksham.in/aalam/stock/item/1885/image/_/face-img,Prathiksham,RoyalBlue,Handloom,Handloom,L,Apparel & Accessories > Clothing,Clothing & Accessories > Clothing,Female,adult,,2450.0 INR
A19-0KP-42-XL,Steel Blue Butta Handloom A-Line Kurta Set-RoyalBlue,Steel Blue Butta Handloom A-Line Kurta Set-RoyalBlue,out of stock,new,https://www.prathiksham.in/store/item/Steel+Blue+Butta+Handloom+A-Line+Kurta+Set?id=1886,https://www.prathiksham.in/aalam/stock/item/1886/image/_/face-img,Prathiksham,RoyalBlue,Handloom,Handloom,XL,Apparel & Accessories > Clothing,Clothing & Accessories > Clothing,Female,adult,,2450.0 INR
A19-0KP-42-XXL,Steel Blue Butta Handloom A-Line Kurta Set-RoyalBlue,Steel Blue Butta Handloom A-Line Kurta Set-RoyalBlue,out of stock,new,https://www.prathiksham.in/store/item/Steel+Blue+Butta+Handloom+A-Line+Kurta+Set?id=1887,https://www.prathiksham.in/aalam/stock/item/1887/image/_/face-img,Prathiksham,RoyalBlue,Handloom,Handloom,XXL,Apparel & Accessories > Clothing,Clothing & Accessories > Clothing,Female,adult,,2450.0 INR
A19-0KP-41-XS,Violet Sutra Handloom Kurta Set With Dupatta-Purple,Violet Sutra Handloom Kurta Set With Dupatta-Purple,in stock,new,https://www.prathiksham.in/store/item/Violet+Sutra+Handloom+Kurta+Set+With+Dupatta?id=1888,https://www.prathiksham.in/aalam/stock/item/1888/image/_/face-img,Prathiksham,Purple,Handloom,Handloom,XS,Apparel & Accessories > Clothing,Clothing & Accessories > Clothing,Female,adult,,2499.0 INR
A19-0KP-41-S,Violet Sutra Handloom Kurta Set With Dupatta-Purple,Violet Sutra Handloom Kurta Set With Dupatta-Purple,in stock,new,https://www.prathiksham.in/store/item/Violet+Sutra+Handloom+Kurta+Set+With+Dupatta?id=1889,https://www.prathiksham.in/aalam/stock/item/1889/image/_/face-img,Prathiksham,Purple,Handloom,Handloom,S,Apparel & Accessories > Clothing,Clothing & Accessories > Clothing,Female,adult,,2499.0 INR
A19-0KP-41-M,Violet Sutra Handloom Kurta Set With Dupatta-Purple,Violet Sutra Handloom Kurta Set With Dupatta-Purple,out of stock,new,https://www.prathiksham.in/store/item/Violet+Sutra+Handloom+Kurta+Set+With+Dupatta?id=1890,https://www.prathiksham.in/aalam/stock/item/1890/image/_/face-img,Prathiksham,Purple,Handloom,Handloom,M,Apparel & Accessories > Clothing,Clothing & Accessories > Clothing,Female,adult,,2499.0 INR
A19-0KP-41-L,Violet Sutra Handloom Kurta Set With Dupatta-Purple,Violet Sutra Handloom Kurta Set With Dupatta-Purple,out of stock,new,https://www.prathiksham.in/store/item/Violet+Sutra+Handloom+Kurta+Set+With+Dupatta?id=1891,https://www.prathiksham.in/aalam/stock/item/1891/image/_/face-img,Prathiksham,Purple,Handloom,Handloom,L,Apparel & Accessories > Clothing,Clothing & Accessories > Clothing,Female,adult,,2499.0 INR
A19-0KP-41-XL,Violet Sutra Handloom Kurta Set With Dupatta-Purple,Violet Sutra Handloom Kurta Set With Dupatta-Purple,out of stock,new,https://www.prathiksham.in/store/item/Violet+Sutra+Handloom+Kurta+Set+With+Dupatta?id=1892,https://www.prathiksham.in/aalam/stock/item/1892/image/_/face-img,Prathiksham,Purple,Handloom,Handloom,XL,Apparel & Accessories > Clothing,Clothing & Accessories > Clothing,Female,adult,,2499.0 INR
A19-0KP-41-XXL,Violet Sutra Handloom Kurta Set With Dupatta-Purple,Violet Sutra Handloom Kurta Set With Dupatta-Purple,out of stock,new,https://www.prathiksham.in/store/item/Violet+Sutra+Handloom+Kurta+Set+With+Dupatta?id=1893,https://www.prathiksham.in/aalam/stock/item/1893/image/_/face-img,Prathiksham,Purple,Handloom,Handloom,XXL,Apparel & Accessories > Clothing,Clothing & Accessories > Clothing,Female,adult,,2499.0 INR
A20-00K-107-XS,Peach Petal Princess Cut Handblock Kurta-White,Peach Petal Princess Cut Handblock Kurta-White,in stock,new,https://www.prathiksham.in/store/item/Peach+Petal+Princess+Cut+Handblock+Kurta?id=1894,https://www.prathiksham.in/aalam/stock/item/1894/image/_/face-img,Prathiksham,White,Mulmul,Handblock,XS,Apparel & Accessories > Clothing,Clothing & Accessories > Clothing,Female,adult,,2200.0 INR
A20-00K-107-S,Peach Petal Princess Cut Handblock Kurta-White,Peach Petal Princess Cut Handblock Kurta-White,in stock,new,https://www.prathiksham.in/store/item/Peach+Petal+Princess+Cut+Handblock+Kurta?id=1895,https://www.prathiksham.in/aalam/stock/item/1895/image/_/face-img,Prathiksham,White,Mulmul,Handblock,S,Apparel & Accessories > Clothing,Clothing & Accessories > Clothing,Female,adult,,2200.0 INR
A20-00K-107-M,Peach Petal Princess Cut Handblock Kurta-White,Peach Petal Princess Cut Handblock Kurta-White,in stock,new,https://www.prathiksham.in/store/item/Peach+Petal+Princess+Cut+Handblock+Kurta?id=1896,https://www.prathiksham.in/aalam/stock/item/1896/image/_/face-img,Prathiksham,White,Mulmul,Handblock,M,Apparel & Accessories > Clothing,Clothing & Accessories > Clothing,Female,adult,,2200.0 INR
A20-00K-107-L,Peach Petal Princess Cut Handblock Kurta-White,Peach Petal Princess Cut Handblock Kurta-White,in stock,new,https://www.prathiksham.in/store/item/Peach+Petal+Princess+Cut+Handblock+Kurta?id=1897,https://www.prathiksham.in/aalam/stock/item/1897/image/_/face-img,Prathiksham,White,Mulmul,Handblock,L,Apparel & Accessories > Clothing,Clothing & Accessories > Clothing,Female,adult,,2200.0 INR
A20-00K-107-XL,Peach Petal Princess Cut Handblock Kurta-White,Peach Petal Princess Cut Handblock Kurta-White,in stock,new,https://www.prathiksham.in/store/item/Peach+Petal+Princess+Cut+Handblock+Kurta?id=1898,https://www.prathiksham.in/aalam/stock/item/1898/image/_/face-img,Prathiksham,White,Mulmul,Handblock,XL,Apparel & Accessories > Clothing,Clothing & Accessories > Clothing,Female,adult,,2200.0 INR
A20-00K-107-XXL,Peach Petal Princess Cut Handblock Kurta-White,Peach Petal Princess Cut Handblock Kurta-White,in stock,new,https://www.prathiksham.in/store/item/Peach+Petal+Princess+Cut+Handblock+Kurta?id=1899,https://www.prathiksham.in/aalam/stock/item/1899/image/_/face-img,Prathiksham,White,Mulmul,Handblock,XXL,Apparel & Accessories > Clothing,Clothing & Accessories > Clothing,Female,adult,,2200.0 INR
A20-00K-108-XS,Mustard Champa Notch Collar Handloom A-Line Kurta-GoldenRod,Mustard Champa Notch Collar Handloom A-Line Kurta-GoldenRod,in stock,new,https://www.prathiksham.in/store/item/Mustard+Champa+Notch+Collar+Handloom+A-Line+Kurta?id=1900,https://www.prathiksham.in/aalam/stock/item/1900/image/_/face-img,Prathiksham,GoldenRod,Handloom,Handloom,XS,Apparel & Accessories > Clothing,Clothing & Accessories > Clothing,Female,adult,,1400.0 INR
A20-00K-108-S,Mustard Champa Notch Collar Handloom A-Line Kurta-GoldenRod,Mustard Champa Notch Collar Handloom A-Line Kurta-GoldenRod,out of stock,new,https://www.prathiksham.in/store/item/Mustard+Champa+Notch+Collar+Handloom+A-Line+Kurta?id=1901,https://www.prathiksham.in/aalam/stock/item/1901/image/_/face-img,Prathiksham,GoldenRod,Handloom,Handloom,S,Apparel & Accessories > Clothing,Clothing & Accessories > Clothing,Female,adult,,1400.0 INR
A20-00K-108-M,Mustard Champa Notch Collar Handloom A-Line Kurta-GoldenRod,Mustard Champa Notch Collar Handloom A-Line Kurta-GoldenRod,in stock,new,https://www.prathiksham.in/store/item/Mustard+Champa+Notch+Collar+Handloom+A-Line+Kurta?id=1902,https://www.prathiksham.in/aalam/stock/item/1902/image/_/face-img,Prathiksham,GoldenRod,Handloom,Handloom,M,Apparel & Accessories > Clothing,Clothing & Accessories > Clothing,Female,adult,,1400.0 INR
A20-00K-108-L,Mustard Champa Notch Collar Handloom A-Line Kurta-GoldenRod,Mustard Champa Notch Collar Handloom A-Line Kurta-GoldenRod,in stock,new,https://www.prathiksham.in/store/item/Mustard+Champa+Notch+Collar+Handloom+A-Line+Kurta?id=1903,https://www.prathiksham.in/aalam/stock/item/1903/image/_/face-img,Prathiksham,GoldenRod,Handloom,Handloom,L,Apparel & Accessories > Clothing,Clothing & Accessories > Clothing,Female,adult,,1400.0 INR
A20-00K-108-XL,Mustard Champa Notch Collar Handloom A-Line Kurta-GoldenRod,Mustard Champa Notch Collar Handloom A-Line Kurta-GoldenRod,in stock,new,https://www.prathiksham.in/store/item/Mustard+Champa+Notch+Collar+Handloom+A-Line+Kurta?id=1904,https://www.prathiksham.in/aalam/stock/item/1904/image/_/face-img,Prathiksham,GoldenRod,Handloom,Handloom,XL,Apparel & Accessories > Clothing,Clothing & Accessories > Clothing,Female,adult,,1400.0 INR
A20-00K-108-XXL,Mustard Champa Notch Collar Handloom A-Line Kurta-GoldenRod,Mustard Champa Notch Collar Handloom A-Line Kurta-GoldenRod,in stock,new,https://www.prathiksham.in/store/item/Mustard+Champa+Notch+Collar+Handloom+A-Line+Kurta?id=1905,https://www.prathiksham.in/aalam/stock/item/1905/image/_/face-img,Prathiksham,GoldenRod,Handloom,Handloom,XXL,Apparel & Accessories > Clothing,Clothing & Accessories > Clothing,Female,adult,,1400.0 INR
A20-00K-109-XS,Garden Muse Handblock Mul A-line Kurta-LightGreen,Garden Muse Handblock Mul A-line Kurta-LightGreen,in stock,new,https://www.prathiksham.in/store/item/Garden+Muse+Handblock+Mul+A-line+Kurta?id=1906,https://www.prathiksham.in/aalam/stock/item/1906/image/_/face-img,Prathiksham,LightGreen,Pure Cotton,Handblock,XS,Apparel & Accessories > Clothing,Clothing & Accessories > Clothing,Female,adult,,2600.0 INR
A20-00K-109-S,Garden Muse Handblock Mul A-line Kurta-LightGreen,Garden Muse Handblock Mul A-line Kurta-LightGreen,in stock,new,https://www.prathiksham.in/store/item/Garden+Muse+Handblock+Mul+A-line+Kurta?id=1907,https://www.prathiksham.in/aalam/stock/item/1907/image/_/face-img,Prathiksham,LightGreen,Pure Cotton,Handblock,S,Apparel & Accessories > Clothing,Clothing & Accessories > Clothing,Female,adult,,2600.0 INR
A20-00K-109-M,Garden Muse Handblock Mul A-line Kurta-LightGreen,Garden Muse Handblock Mul A-line Kurta-LightGreen,in stock,new,https://www.prathiksham.in/store/item/Garden+Muse+Handblock+Mul+A-line+Kurta?id=1908,https://www.prathiksham.in/aalam/stock/item/1908/image/_/face-img,Prathiksham,LightGreen,Pure Cotton,Handblock,M,Apparel & Accessories > Clothing,Clothing & Accessories > Clothing,Female,adult,,2600.0 INR
A20-00K-109-L,Garden Muse Handblock Mul A-line Kurta-LightGreen,Garden Muse Handblock Mul A-line Kurta-LightGreen,in stock,new,https://www.prathiksham.in/store/item/Garden+Muse+Handblock+Mul+A-line+Kurta?id=1909,https://www.prathiksham.in/aalam/stock/item/1909/image/_/face-img,Prathiksham,LightGreen,Pure Cotton,Handblock,L,Apparel & Accessories > Clothing,Clothing & Accessories > Clothing,Female,adult,,2600.0 INR
A20-00K-109-XL,Garden Muse Handblock Mul A-line Kurta-LightGreen,Garden Muse Handblock Mul A-line Kurta-LightGreen,in stock,new,https://www.prathiksham.in/store/item/Garden+Muse+Handblock+Mul+A-line+Kurta?id=1910,https://www.prathiksham.in/aalam/stock/item/1910/image/_/face-img,Prathiksham,LightGreen,Pure Cotton,Handblock,XL,Apparel & Accessories > Clothing,Clothing & Accessories > Clothing,Female,adult,,2600.0 INR
A20-00K-109-XXL,Garden Muse Handblock Mul A-line Kurta-LightGreen,Garden Muse Handblock Mul A-line Kurta-LightGreen,in stock,new,https://www.prathiksham.in/store/item/Garden+Muse+Handblock+Mul+A-line+Kurta?id=1911,https://www.prathiksham.in/aalam/stock/item/1911/image/_/face-img,Prathiksham,LightGreen,Pure Cotton,Handblock,XXL,Apparel & Accessories > Clothing,Clothing & Accessories > Clothing,Female,adult,,2600.0 INR
A20-00K-110-XS,Aqua Petal Handloom A-Line Kurta-LightSkyBlue,Aqua Petal Handloom A-Line Kurta-LightSkyBlue,in stock,new,https://www.prathiksham.in/store/item/Aqua+Petal+Handloom+A-Line+Kurta?id=1912,https://www.prathiksham.in/aalam/stock/item/1912/image/_/face-img,Prathiksham,LightSkyBlue,Handloom,Handloom,XS,Apparel & Accessories > Clothing,Clothing & Accessories > Clothing,Female,adult,,1800.0 INR
A20-00K-110-S,Aqua Petal Handloom A-Line Kurta-LightSkyBlue,Aqua Petal Handloom A-Line Kurta-LightSkyBlue,in stock,new,https://www.prathiksham.in/store/item/Aqua+Petal+Handloom+A-Line+Kurta?id=1913,https://www.prathiksham.in/aalam/stock/item/1913/image/_/face-img,Prathiksham,LightSkyBlue,Handloom,Handloom,S,Apparel & Accessories > Clothing,Clothing & Accessories > Clothing,Female,adult,,1800.0 INR
A20-00K-110-M,Aqua Petal Handloom A-Line Kurta-LightSkyBlue,Aqua Petal Handloom A-Line Kurta-LightSkyBlue,in stock,new,https://www.prathiksham.in/store/item/Aqua+Petal+Handloom+A-Line+Kurta?id=1914,https://www.prathiksham.in/aalam/stock/item/1914/image/_/face-img,Prathiksham,LightSkyBlue,Handloom,Handloom,M,Apparel & Accessories > Clothing,Clothing & Accessories > Clothing,Female,adult,,1800.0 INR
A20-00K-110-L,Aqua Petal Handloom A-Line Kurta-LightSkyBlue,Aqua Petal Handloom A-Line Kurta-LightSkyBlue,in stock,new,https://www.prathiksham.in/store/item/Aqua+Petal+Handloom+A-Line+Kurta?id=1915,https://www.prathiksham.in/aalam/stock/item/1915/image/_/face-img,Prathiksham,LightSkyBlue,Handloom,Handloom,L,Apparel & Accessories > Clothing,Clothing & Accessories > Clothing,Female,adult,,1800.0 INR
A20-00K-110-XL,Aqua Petal Handloom A-Line Kurta-LightSkyBlue,Aqua Petal Handloom A-Line Kurta-LightSkyBlue,in stock,new,https://www.prathiksham.in/store/item/Aqua+Petal+Handloom+A-Line+Kurta?id=1916,https://www.prathiksham.in/aalam/stock/item/1916/image/_/face-img,Prathiksham,LightSkyBlue,Handloom,Handloom,XL,Apparel & Accessories > Clothing,Clothing & Accessories > Clothing,Female,adult,,1800.0 INR
A20-00K-110-XXL,Aqua Petal Handloom A-Line Kurta-LightSkyBlue,Aqua Petal Handloom A-Line Kurta-LightSkyBlue,in stock,new,https://www.prathiksham.in/store/item/Aqua+Petal+Handloom+A-Line+Kurta?id=1917,https://www.prathiksham.in/aalam/stock/item/1917/image/_/face-img,Prathiksham,LightSkyBlue,Handloom,Handloom,XXL,Apparel & Accessories > Clothing,Clothing & Accessories > Clothing,Female,adult,,1800.0 INR
A20-00K-111-XS,Skyblue Floral Handblock A-Line Kurta-LightSeaGreen,Skyblue Floral Handblock A-Line Kurta-LightSeaGreen,in stock,new,https://www.prathiksham.in/store/item/Skyblue+Floral+Handblock+A-Line+Kurta?id=1918,https://www.prathiksham.in/aalam/stock/item/1918/image/_/face-img,Prathiksham,LightSeaGreen,Mulmul,Handblock,XS,Apparel & Accessories > Clothing,Clothing & Accessories > Clothing,Female,adult,,2200.0 INR
A20-00K-111-S,Skyblue Floral Handblock A-Line Kurta-LightSeaGreen,Skyblue Floral Handblock A-Line Kurta-LightSeaGreen,in stock,new,https://www.prathiksham.in/store/item/Skyblue+Floral+Handblock+A-Line+Kurta?id=1919,https://www.prathiksham.in/aalam/stock/item/1919/image/_/face-img,Prathiksham,LightSeaGreen,Mulmul,Handblock,S,Apparel & Accessories > Clothing,Clothing & Accessories > Clothing,Female,adult,,2200.0 INR
A20-00K-111-M,Skyblue Floral Handblock A-Line Kurta-LightSeaGreen,Skyblue Floral Handblock A-Line Kurta-LightSeaGreen,in stock,new,https://www.prathiksham.in/store/item/Skyblue+Floral+Handblock+A-Line+Kurta?id=1920,https://www.prathiksham.in/aalam/stock/item/1920/image/_/face-img,Prathiksham,LightSeaGreen,Mulmul,Handblock,M,Apparel & Accessories > Clothing,Clothing & Accessories > Clothing,Female,adult,,2200.0 INR
A20-00K-111-L,Skyblue Floral Handblock A-Line Kurta-LightSeaGreen,Skyblue Floral Handblock A-Line Kurta-LightSeaGreen,in stock,new,https://www.prathiksham.in/store/item/Skyblue+Floral+Handblock+A-Line+Kurta?id=1921,https://www.prathiksham.in/aalam/stock/item/1921/image/_/face-img,Prathiksham,LightSeaGreen,Mulmul,Handblock,L,Apparel & Accessories > Clothing,Clothing & Accessories > Clothing,Female,adult,,2200.0 INR
A20-00K-111-XL,Skyblue Floral Handblock A-Line Kurta-LightSeaGreen,Skyblue Floral Handblock A-Line Kurta-LightSeaGreen,in stock,new,https://www.prathiksham.in/store/item/Skyblue+Floral+Handblock+A-Line+Kurta?id=1922,https://www.prathiksham.in/aalam/stock/item/1922/image/_/face-img,Prathiksham,LightSeaGreen,Mulmul,Handblock,XL,Apparel & Accessories > Clothing,Clothing & Accessories > Clothing,Female,adult,,2200.0 INR
A20-00K-111-XXL,Skyblue Floral Handblock A-Line Kurta-LightSeaGreen,Skyblue Floral Handblock A-Line Kurta-LightSeaGreen,in stock,new,https://www.prathiksham.in/store/item/Skyblue+Floral+Handblock+A-Line+Kurta?id=1923,https://www.prathiksham.in/aalam/stock/item/1923/image/_/face-img,Prathiksham,LightSeaGreen,Mulmul,Handblock,XXL,Apparel & Accessories > Clothing,Clothing & Accessories > Clothing,Female,adult,,2200.0 INR
A20-00K-112-XS,Burnt Orange Handdblock A-line Kurta-LightCoral,Burnt Orange Handdblock A-line Kurta-LightCoral,in stock,new,https://www.prathiksham.in/store/item/Burnt+Orange+Handdblock+A-line+Kurta?id=1924,https://www.prathiksham.in/aalam/stock/item/1924/image/_/face-img,Prathiksham,LightCoral,Mulmul,Handblock,XS,Apparel & Accessories > Clothing,Clothing & Accessories > Clothing,Female,adult,,2200.0 INR
A20-00K-112-S,Burnt Orange Handdblock A-line Kurta-LightCoral,Burnt Orange Handdblock A-line Kurta-LightCoral,in stock,new,https://www.prathiksham.in/store/item/Burnt+Orange+Handdblock+A-line+Kurta?id=1925,https://www.prathiksham.in/aalam/stock/item/1925/image/_/face-img,Prathiksham,LightCoral,Mulmul,Handblock,S,Apparel & Accessories > Clothing,Clothing & Accessories > Clothing,Female,adult,,2200.0 INR
A20-00K-112-M,Burnt Orange Handdblock A-line Kurta-LightCoral,Burnt Orange Handdblock A-line Kurta-LightCoral,in stock,new,https://www.prathiksham.in/store/item/Burnt+Orange+Handdblock+A-line+Kurta?id=1926,https://www.prathiksham.in/aalam/stock/item/1926/image/_/face-img,Prathiksham,LightCoral,Mulmul,Handblock,M,Apparel & Accessories > Clothing,Clothing & Accessories > Clothing,Female,adult,,2200.0 INR
A20-00K-112-L,Burnt Orange Handdblock A-line Kurta-LightCoral,Burnt Orange Handdblock A-line Kurta-LightCoral,in stock,new,https://www.prathiksham.in/store/item/Burnt+Orange+Handdblock+A-line+Kurta?id=1927,https://www.prathiksham.in/aalam/stock/item/1927/image/_/face-img,Prathiksham,LightCoral,Mulmul,Handblock,L,Apparel & Accessories > Clothing,Clothing & Accessories > Clothing,Female,adult,,2200.0 INR
A20-00K-112-XL,Burnt Orange Handdblock A-line Kurta-LightCoral,Burnt Orange Handdblock A-line Kurta-LightCoral,in stock,new,https://www.prathiksham.in/store/item/Burnt+Orange+Handdblock+A-line+Kurta?id=1928,https://www.prathiksham.in/aalam/stock/item/1928/image/_/face-img,Prathiksham,LightCoral,Mulmul,Handblock,XL,Apparel & Accessories > Clothing,Clothing & Accessories > Clothing,Female,adult,,2200.0 INR
A20-00K-112-XXL,Burnt Orange Handdblock A-line Kurta-LightCoral,Burnt Orange Handdblock A-line Kurta-LightCoral,in stock,new,https://www.prathiksham.in/store/item/Burnt+Orange+Handdblock+A-line+Kurta?id=1929,https://www.prathiksham.in/aalam/stock/item/1929/image/_/face-img,Prathiksham,LightCoral,Mulmul,Handblock,XXL,Apparel & Accessories > Clothing,Clothing & Accessories > Clothing,Female,adult,,2200.0 INR
A20-0KP-45-XS,Sindoor Checks Handloom A-Line Kurta Set-OrangeRed,Sindoor Checks Handloom A-Line Kurta Set-OrangeRed,in stock,new,https://www.prathiksham.in/store/item/Sindoor+Checks+Handloom+A-Line+Kurta+Set?id=1930,https://www.prathiksham.in/aalam/stock/item/1930/image/_/face-img,Prathiksham,OrangeRed,Handloom,Handloom,XS,Apparel & Accessories > Clothing,Clothing & Accessories > Clothing,Female,adult,,2400.0 INR
A20-0KP-45-S,Sindoor Checks Handloom A-Line Kurta Set-OrangeRed,Sindoor Checks Handloom A-Line Kurta Set-OrangeRed,in stock,new,https://www.prathiksham.in/store/item/Sindoor+Checks+Handloom+A-Line+Kurta+Set?id=1931,https://www.prathiksham.in/aalam/stock/item/1931/image/_/face-img,Prathiksham,OrangeRed,Handloom,Handloom,S,Apparel & Accessories > Clothing,Clothing & Accessories > Clothing,Female,adult,,2400.0 INR
A20-0KP-45-M,Sindoor Checks Handloom A-Line Kurta Set-OrangeRed,Sindoor Checks Handloom A-Line Kurta Set-OrangeRed,in stock,new,https://www.prathiksham.in/store/item/Sindoor+Checks+Handloom+A-Line+Kurta+Set?id=1932,https://www.prathiksham.in/aalam/stock/item/1932/image/_/face-img,Prathiksham,OrangeRed,Handloom,Handloom,M,Apparel & Accessories > Clothing,Clothing & Accessories > Clothing,Female,adult,,2400.0 INR
A20-0KP-45-L,Sindoor Checks Handloom A-Line Kurta Set-OrangeRed,Sindoor Checks Handloom A-Line Kurta Set-OrangeRed,in stock,new,https://www.prathiksham.in/store/item/Sindoor+Checks+Handloom+A-Line+Kurta+Set?id=1933,https://www.prathiksham.in/aalam/stock/item/1933/image/_/face-img,Prathiksham,OrangeRed,Handloom,Handloom,L,Apparel & Accessories > Clothing,Clothing & Accessories > Clothing,Female,adult,,2400.0 INR
A20-0KP-45-XL,Sindoor Checks Handloom A-Line Kurta Set-OrangeRed,Sindoor Checks Handloom A-Line Kurta Set-OrangeRed,in stock,new,https://www.prathiksham.in/store/item/Sindoor+Checks+Handloom+A-Line+Kurta+Set?id=1934,https://www.prathiksham.in/aalam/stock/item/1934/image/_/face-img,Prathiksham,OrangeRed,Handloom,Handloom,XL,Apparel & Accessories > Clothing,Clothing & Accessories > Clothing,Female,adult,,2400.0 INR
A20-0KP-45-XXL,Sindoor Checks Handloom A-Line Kurta Set-OrangeRed,Sindoor Checks Handloom A-Line Kurta Set-OrangeRed,in stock,new,https://www.prathiksham.in/store/item/Sindoor+Checks+Handloom+A-Line+Kurta+Set?id=1935,https://www.prathiksham.in/aalam/stock/item/1935/image/_/face-img,Prathiksham,OrangeRed,Handloom,Handloom,XXL,Apparel & Accessories > Clothing,Clothing & Accessories > Clothing,Female,adult,,2400.0 INR
A20-0CD-84-XS,Peacock Green Kalamkari Co-ord Set With Dupatta-DarkSlateGrey,Peacock Green Kalamkari Co-ord Set With Dupatta-DarkSlateGrey,in stock,new,https://www.prathiksham.in/store/item/Peacock+Green+Kalamkari+Co-ord+Set+With+Dupatta?id=1936,https://www.prathiksham.in/aalam/stock/item/1936/image/_/face-img,Prathiksham,DarkSlateGrey,Cotton,Solid,XS,Apparel & Accessories > Clothing,Clothing & Accessories > Clothing,Female,adult,,3150.0 INR
A20-0CD-84-S,Peacock Green Kalamkari Co-ord Set With Dupatta-DarkSlateGrey,Peacock Green Kalamkari Co-ord Set With Dupatta-DarkSlateGrey,in stock,new,https://www.prathiksham.in/store/item/Peacock+Green+Kalamkari+Co-ord+Set+With+Dupatta?id=1937,https://www.prathiksham.in/aalam/stock/item/1937/image/_/face-img,Prathiksham,DarkSlateGrey,Cotton,Solid,S,Apparel & Accessories > Clothing,Clothing & Accessories > Clothing,Female,adult,,3150.0 INR
A20-0CD-84-M,Peacock Green Kalamkari Co-ord Set With Dupatta-DarkSlateGrey,Peacock Green Kalamkari Co-ord Set With Dupatta-DarkSlateGrey,in stock,new,https://www.prathiksham.in/store/item/Peacock+Green+Kalamkari+Co-ord+Set+With+Dupatta?id=1938,https://www.prathiksham.in/aalam/stock/item/1938/image/_/face-img,Prathiksham,DarkSlateGrey,Cotton,Solid,M,Apparel & Accessories > Clothing,Clothing & Accessories > Clothing,Female,adult,,3150.0 INR
A20-0CD-84-L,Peacock Green Kalamkari Co-ord Set With Dupatta-DarkSlateGrey,Peacock Green Kalamkari Co-ord Set With Dupatta-DarkSlateGrey,in stock,new,https://www.prathiksham.in/store/item/Peacock+Green+Kalamkari+Co-ord+Set+With+Dupatta?id=1939,https://www.prathiksham.in/aalam/stock/item/1939/image/_/face-img,Prathiksham,DarkSlateGrey,Cotton,Solid,L,Apparel & Accessories > Clothing,Clothing & Accessories > Clothing,Female,adult,,3150.0 INR
A20-0CD-84-XL,Peacock Green Kalamkari Co-ord Set With Dupatta-DarkSlateGrey,Peacock Green Kalamkari Co-ord Set With Dupatta-DarkSlateGrey,in stock,new,https://www.prathiksham.in/store/item/Peacock+Green+Kalamkari+Co-ord+Set+With+Dupatta?id=1940,https://www.prathiksham.in/aalam/stock/item/1940/image/_/face-img,Prathiksham,DarkSlateGrey,Cotton,Solid,XL,Apparel & Accessories > Clothing,Clothing & Accessories > Clothing,Female,adult,,3150.0 INR
A20-0CD-84-XXL,Peacock Green Kalamkari Co-ord Set With Dupatta-DarkSlateGrey,Peacock Green Kalamkari Co-ord Set With Dupatta-DarkSlateGrey,in stock,new,https://www.prathiksham.in/store/item/Peacock+Green+Kalamkari+Co-ord+Set+With+Dupatta?id=1941,https://www.prathiksham.in/aalam/stock/item/1941/image/_/face-img,Prathiksham,DarkSlateGrey,Cotton,Solid,XXL,Apparel & Accessories > Clothing,Clothing & Accessories > Clothing,Female,adult,,3150.0 INR
A20-0CD-85-XS,Peacock Green Kalamkari A-Line Co-ord Set With Dupatta-DarkSlateGrey,Peacock Green Kalamkari A-Line Co-ord Set With Dupatta-DarkSlateGrey,in stock,new,https://www.prathiksham.in/store/item/Peacock+Green+Kalamkari+A-Line+Co-ord+Set+With+Dupatta?id=1942,https://www.prathiksham.in/aalam/stock/item/1942/image/_/face-img,Prathiksham,DarkSlateGrey,Cotton,Solid,XS,Apparel & Accessories > Clothing,Clothing & Accessories > Clothing,Female,adult,,3250.0 INR
A20-0CD-85-S,Peacock Green Kalamkari A-Line Co-ord Set With Dupatta-DarkSlateGrey,Peacock Green Kalamkari A-Line Co-ord Set With Dupatta-DarkSlateGrey,in stock,new,https://www.prathiksham.in/store/item/Peacock+Green+Kalamkari+A-Line+Co-ord+Set+With+Dupatta?id=1943,https://www.prathiksham.in/aalam/stock/item/1943/image/_/face-img,Prathiksham,DarkSlateGrey,Cotton,Solid,S,Apparel & Accessories > Clothing,Clothing & Accessories > Clothing,Female,adult,,3250.0 INR
A20-0CD-85-M,Peacock Green Kalamkari A-Line Co-ord Set With Dupatta-DarkSlateGrey,Peacock Green Kalamkari A-Line Co-ord Set With Dupatta-DarkSlateGrey,in stock,new,https://www.prathiksham.in/store/item/Peacock+Green+Kalamkari+A-Line+Co-ord+Set+With+Dupatta?id=1944,https://www.prathiksham.in/aalam/stock/item/1944/image/_/face-img,Prathiksham,DarkSlateGrey,Cotton,Solid,M,Apparel & Accessories > Clothing,Clothing & Accessories > Clothing,Female,adult,,3250.0 INR
A20-0CD-85-L,Peacock Green Kalamkari A-Line Co-ord Set With Dupatta-DarkSlateGrey,Peacock Green Kalamkari A-Line Co-ord Set With Dupatta-DarkSlateGrey,in stock,new,https://www.prathiksham.in/store/item/Peacock+Green+Kalamkari+A-Line+Co-ord+Set+With+Dupatta?id=1945,https://www.prathiksham.in/aalam/stock/item/1945/image/_/face-img,Prathiksham,DarkSlateGrey,Cotton,Solid,L,Apparel & Accessories > Clothing,Clothing & Accessories > Clothing,Female,adult,,3250.0 INR
A20-0CD-85-XL,Peacock Green Kalamkari A-Line Co-ord Set With Dupatta-DarkSlateGrey,Peacock Green Kalamkari A-Line Co-ord Set With Dupatta-DarkSlateGrey,in stock,new,https://www.prathiksham.in/store/item/Peacock+Green+Kalamkari+A-Line+Co-ord+Set+With+Dupatta?id=1946,https://www.prathiksham.in/aalam/stock/item/1946/image/_/face-img,Prathiksham,DarkSlateGrey,Cotton,Solid,XL,Apparel & Accessories > Clothing,Clothing & Accessories > Clothing,Female,adult,,3250.0 INR
A20-0CD-85-XXL,Peacock Green Kalamkari A-Line Co-ord Set With Dupatta-DarkSlateGrey,Peacock Green Kalamkari A-Line Co-ord Set With Dupatta-DarkSlateGrey,in stock,new,https://www.prathiksham.in/store/item/Peacock+Green+Kalamkari+A-Line+Co-ord+Set+With+Dupatta?id=1947,https://www.prathiksham.in/aalam/stock/item/1947/image/_/face-img,Prathiksham,DarkSlateGrey,Cotton,Solid,XXL,Apparel & Accessories > Clothing,Clothing & Accessories > Clothing,Female,adult,,3250.0 INR
A20-0CD-86-XS,Cocoa Grove Kalamkari A-Line Co-ord Set with Dupatta-Vampire Grey,Cocoa Grove Kalamkari A-Line Co-ord Set with Dupatta-Vampire Grey,in stock,new,https://www.prathiksham.in/store/item/Cocoa+Grove+Kalamkari+A-Line+Co-ord+Set+with+Dupatta?id=1948,https://www.prathiksham.in/aalam/stock/item/1948/image/_/face-img,Prathiksham,Vampire Grey,Cotton,Solid,XS,Apparel & Accessories > Clothing,Clothing & Accessories > Clothing,Female,adult,,3250.0 INR
A20-0CD-86-S,Cocoa Grove Kalamkari A-Line Co-ord Set with Dupatta-Vampire Grey,Cocoa Grove Kalamkari A-Line Co-ord Set with Dupatta-Vampire Grey,in stock,new,https://www.prathiksham.in/store/item/Cocoa+Grove+Kalamkari+A-Line+Co-ord+Set+with+Dupatta?id=1949,https://www.prathiksham.in/aalam/stock/item/1949/image/_/face-img,Prathiksham,Vampire Grey,Cotton,Solid,S,Apparel & Accessories > Clothing,Clothing & Accessories > Clothing,Female,adult,,3250.0 INR
A20-0CD-86-M,Cocoa Grove Kalamkari A-Line Co-ord Set with Dupatta-Vampire Grey,Cocoa Grove Kalamkari A-Line Co-ord Set with Dupatta-Vampire Grey,in stock,new,https://www.prathiksham.in/store/item/Cocoa+Grove+Kalamkari+A-Line+Co-ord+Set+with+Dupatta?id=1950,https://www.prathiksham.in/aalam/stock/item/1950/image/_/face-img,Prathiksham,Vampire Grey,Cotton,Solid,M,Apparel & Accessories > Clothing,Clothing & Accessories > Clothing,Female,adult,,3250.0 INR
A20-0CD-86-L,Cocoa Grove Kalamkari A-Line Co-ord Set with Dupatta-Vampire Grey,Cocoa Grove Kalamkari A-Line Co-ord Set with Dupatta-Vampire Grey,in stock,new,https://www.prathiksham.in/store/item/Cocoa+Grove+Kalamkari+A-Line+Co-ord+Set+with+Dupatta?id=1951,https://www.prathiksham.in/aalam/stock/item/1951/image/_/face-img,Prathiksham,Vampire Grey,Cotton,Solid,L,Apparel & Accessories > Clothing,Clothing & Accessories > Clothing,Female,adult,,3250.0 INR
A20-0CD-86-XL,Cocoa Grove Kalamkari A-Line Co-ord Set with Dupatta-Vampire Grey,Cocoa Grove Kalamkari A-Line Co-ord Set with Dupatta-Vampire Grey,in stock,new,https://www.prathiksham.in/store/item/Cocoa+Grove+Kalamkari+A-Line+Co-ord+Set+with+Dupatta?id=1952,https://www.prathiksham.in/aalam/stock/item/1952/image/_/face-img,Prathiksham,Vampire Grey,Cotton,Solid,XL,Apparel & Accessories > Clothing,Clothing & Accessories > Clothing,Female,adult,,3250.0 INR
A20-0CD-86-XXL,Cocoa Grove Kalamkari A-Line Co-ord Set with Dupatta-Vampire Grey,Cocoa Grove Kalamkari A-Line Co-ord Set with Dupatta-Vampire Grey,in stock,new,https://www.prathiksham.in/store/item/Cocoa+Grove+Kalamkari+A-Line+Co-ord+Set+with+Dupatta?id=1953,https://www.prathiksham.in/aalam/stock/item/1953/image/_/face-img,Prathiksham,Vampire Grey,Cotton,Solid,XXL,Apparel & Accessories > Clothing,Clothing & Accessories > Clothing,Female,adult,,3250.0 INR
A20-0CD-48-XS,Vanilla Blush Embroidery Co-ord Set-Azure,Vanilla Blush Embroidery Co-ord Set-Azure,in stock,new,https://www.prathiksham.in/store/item/Vanilla+Blush+Embroidery+Co-ord+Set?id=1954,https://www.prathiksham.in/aalam/stock/item/1954/image/_/face-img,Prathiksham,Azure,Chanderi,Checks,XS,Apparel & Accessories > Clothing,Clothing & Accessories > Clothing,Female,adult,,8900.0 INR
A20-0CD-48-S,Vanilla Blush Embroidery Co-ord Set-Azure,Vanilla Blush Embroidery Co-ord Set-Azure,in stock,new,https://www.prathiksham.in/store/item/Vanilla+Blush+Embroidery+Co-ord+Set?id=1955,https://www.prathiksham.in/aalam/stock/item/1955/image/_/face-img,Prathiksham,Azure,Chanderi,Checks,S,Apparel & Accessories > Clothing,Clothing & Accessories > Clothing,Female,adult,,8900.0 INR
A20-0CD-48-M,Vanilla Blush Embroidery Co-ord Set-Azure,Vanilla Blush Embroidery Co-ord Set-Azure,in stock,new,https://www.prathiksham.in/store/item/Vanilla+Blush+Embroidery+Co-ord+Set?id=1956,https://www.prathiksham.in/aalam/stock/item/1956/image/_/face-img,Prathiksham,Azure,Chanderi,Checks,M,Apparel & Accessories > Clothing,Clothing & Accessories > Clothing,Female,adult,,8900.0 INR
A20-0CD-48-L,Vanilla Blush Embroidery Co-ord Set-Azure,Vanilla Blush Embroidery Co-ord Set-Azure,in stock,new,https://www.prathiksham.in/store/item/Vanilla+Blush+Embroidery+Co-ord+Set?id=1957,https://www.prathiksham.in/aalam/stock/item/1957/image/_/face-img,Prathiksham,Azure,Chanderi,Checks,L,Apparel & Accessories > Clothing,Clothing & Accessories > Clothing,Female,adult,,8900.0 INR
A20-0CD-48-XL,Vanilla Blush Embroidery Co-ord Set-Azure,Vanilla Blush Embroidery Co-ord Set-Azure,in stock,new,https://www.prathiksham.in/store/item/Vanilla+Blush+Embroidery+Co-ord+Set?id=1958,https://www.prathiksham.in/aalam/stock/item/1958/image/_/face-img,Prathiksham,Azure,Chanderi,Checks,XL,Apparel & Accessories > Clothing,Clothing & Accessories > Clothing,Female,adult,,8900.0 INR
A20-0CD-48-XXL,Vanilla Blush Embroidery Co-ord Set-Azure,Vanilla Blush Embroidery Co-ord Set-Azure,in stock,new,https://www.prathiksham.in/store/item/Vanilla+Blush+Embroidery+Co-ord+Set?id=1959,https://www.prathiksham.in/aalam/stock/item/1959/image/_/face-img,Prathiksham,Azure,Chanderi,Checks,XXL,Apparel & Accessories > Clothing,Clothing & Accessories > Clothing,Female,adult,,8900.0 INR
A20-0CD-49-XS,Golden Yellow Chanderi Embroidery Co-ord Set-GoldenRod,Golden Yellow Chanderi Embroidery Co-ord Set-GoldenRod,in stock,new,https://www.prathiksham.in/store/item/Golden+Yellow+Chanderi+Embroidery+Co-ord+Set?id=1960,https://www.prathiksham.in/aalam/stock/item/1960/image/_/face-img,Prathiksham,GoldenRod,Chanderi,Solid,XS,Apparel & Accessories > Clothing,Clothing & Accessories > Clothing,Female,adult,,8900.0 INR
A20-0CD-49-S,Golden Yellow Chanderi Embroidery Co-ord Set-GoldenRod,Golden Yellow Chanderi Embroidery Co-ord Set-GoldenRod,in stock,new,https://www.prathiksham.in/store/item/Golden+Yellow+Chanderi+Embroidery+Co-ord+Set?id=1961,https://www.prathiksham.in/aalam/stock/item/1961/image/_/face-img,Prathiksham,GoldenRod,Chanderi,Solid,S,Apparel & Accessories > Clothing,Clothing & Accessories > Clothing,Female,adult,,8900.0 INR
A20-0CD-49-M,Golden Yellow Chanderi Embroidery Co-ord Set-GoldenRod,Golden Yellow Chanderi Embroidery Co-ord Set-GoldenRod,in stock,new,https://www.prathiksham.in/store/item/Golden+Yellow+Chanderi+Embroidery+Co-ord+Set?id=1962,https://www.prathiksham.in/aalam/stock/item/1962/image/_/face-img,Prathiksham,GoldenRod,Chanderi,Solid,M,Apparel & Accessories > Clothing,Clothing & Accessories > Clothing,Female,adult,,8900.0 INR
A20-0CD-49-L,Golden Yellow Chanderi Embroidery Co-ord Set-GoldenRod,Golden Yellow Chanderi Embroidery Co-ord Set-GoldenRod,in stock,new,https://www.prathiksham.in/store/item/Golden+Yellow+Chanderi+Embroidery+Co-ord+Set?id=1963,https://www.prathiksham.in/aalam/stock/item/1963/image/_/face-img,Prathiksham,GoldenRod,Chanderi,Solid,L,Apparel & Accessories > Clothing,Clothing & Accessories > Clothing,Female,adult,,8900.0 INR
A20-0CD-49-XL,Golden Yellow Chanderi Embroidery Co-ord Set-GoldenRod,Golden Yellow Chanderi Embroidery Co-ord Set-GoldenRod,in stock,new,https://www.prathiksham.in/store/item/Golden+Yellow+Chanderi+Embroidery+Co-ord+Set?id=1964,https://www.prathiksham.in/aalam/stock/item/1964/image/_/face-img,Prathiksham,GoldenRod,Chanderi,Solid,XL,Apparel & Accessories > Clothing,Clothing & Accessories > Clothing,Female,adult,,8900.0 INR
A20-0CD-49-XXL,Golden Yellow Chanderi Embroidery Co-ord Set-GoldenRod,Golden Yellow Chanderi Embroidery Co-ord Set-GoldenRod,in stock,new,https://www.prathiksham.in/store/item/Golden+Yellow+Chanderi+Embroidery+Co-ord+Set?id=1965,https://www.prathiksham.in/aalam/stock/item/1965/image/_/face-img,Prathiksham,GoldenRod,Chanderi,Solid,XXL,Apparel & Accessories > Clothing,Clothing & Accessories > Clothing,Female,adult,,8900.0 INR
A20-00D-4-1,Golden Yellow Scallop Dupatta-GoldenRod,Golden Yellow Scallop Dupatta-GoldenRod,in stock,new,https://www.prathiksham.in/store/item/Golden+Yellow+Scallop+Dupatta?id=1966,https://www.prathiksham.in/aalam/stock/item/1966/image/_/face-img,Prathiksham,GoldenRod,Organza,,1,Apparel & Accessories > Clothing,Clothing & Accessories > Clothing,Female,adult,,2500.0 INR
A20-00D-5-1,Vanilla Blush Scallop Dupatta-Peach And Vanilla,Vanilla Blush Scallop Dupatta-Peach And Vanilla,in stock,new,https://www.prathiksham.in/store/item/Vanilla+Blush+Scallop+Dupatta?id=1967,https://www.prathiksham.in/aalam/stock/item/1967/image/_/face-img,Prathiksham,Peach And Vanilla,Organza,,1,Apparel & Accessories > Clothing,Clothing & Accessories > Clothing,Female,adult,,3800.0 INR
A20-0CDD-48-XS,Vanilla Blush Embroidery Co-ord Set-Azure,Vanilla Blush Embroidery Co-ord Set-Azure,in stock,new,https://www.prathiksham.in/store/item/Vanilla+Blush+Embroidery+Co-ord+Set?id=2040,https://www.prathiksham.in/aalam/stock/item/2040/image/_/face-img,Prathiksham,Azure,Chanderi,Checks,XS,Apparel & Accessories > Clothing,Clothing & Accessories > Clothing,Female,adult,,12700.0 INR
A20-0CDD-48-S,Vanilla Blush Embroidery Co-ord Set-Azure,Vanilla Blush Embroidery Co-ord Set-Azure,in stock,new,https://www.prathiksham.in/store/item/Vanilla+Blush+Embroidery+Co-ord+Set?id=2041,https://www.prathiksham.in/aalam/stock/item/2041/image/_/face-img,Prathiksham,Azure,Chanderi,Checks,S,Apparel & Accessories > Clothing,Clothing & Accessories > Clothing,Female,adult,,12700.0 INR
A20-0CDD-48-M,Vanilla Blush Embroidery Co-ord Set-Azure,Vanilla Blush Embroidery Co-ord Set-Azure,in stock,new,https://www.prathiksham.in/store/item/Vanilla+Blush+Embroidery+Co-ord+Set?id=2042,https://www.prathiksham.in/aalam/stock/item/2042/image/_/face-img,Prathiksham,Azure,Chanderi,Checks,M,Apparel & Accessories > Clothing,Clothing & Accessories > Clothing,Female,adult,,12700.0 INR
A20-0CDD-48-L,Vanilla Blush Embroidery Co-ord Set-Azure,Vanilla Blush Embroidery Co-ord Set-Azure,in stock,new,https://www.prathiksham.in/store/item/Vanilla+Blush+Embroidery+Co-ord+Set?id=2043,https://www.prathiksham.in/aalam/stock/item/2043/image/_/face-img,Prathiksham,Azure,Chanderi,Checks,L,Apparel & Accessories > Clothing,Clothing & Accessories > Clothing,Female,adult,,12700.0 INR
A20-0CDD-48-XL,Vanilla Blush Embroidery Co-ord Set-Azure,Vanilla Blush Embroidery Co-ord Set-Azure,in stock,new,https://www.prathiksham.in/store/item/Vanilla+Blush+Embroidery+Co-ord+Set?id=2044,https://www.prathiksham.in/aalam/stock/item/2044/image/_/face-img,Prathiksham,Azure,Chanderi,Checks,XL,Apparel & Accessories > Clothing,Clothing & Accessories > Clothing,Female,adult,,12700.0 INR
A20-0CDD-48-XXL,Vanilla Blush Embroidery Co-ord Set-Azure,Vanilla Blush Embroidery Co-ord Set-Azure,in stock,new,https://www.prathiksham.in/store/item/Vanilla+Blush+Embroidery+Co-ord+Set?id=2045,https://www.prathiksham.in/aalam/stock/item/2045/image/_/face-img,Prathiksham,Azure,Chanderi,Checks,XXL,Apparel & Accessories > Clothing,Clothing & Accessories > Clothing,Female,adult,,12700.0 INR
A20-0CDD-49-XS,Golden Yellow Chanderi Embroidery Co-ord Set-GoldenRod,Golden Yellow Chanderi Embroidery Co-ord Set-GoldenRod,in stock,new,https://www.prathiksham.in/store/item/Golden+Yellow+Chanderi+Embroidery+Co-ord+Set?id=2046,https://www.prathiksham.in/aalam/stock/item/2046/image/_/face-img,Prathiksham,GoldenRod,Chanderi,Solid,XS,Apparel & Accessories > Clothing,Clothing & Accessories > Clothing,Female,adult,,11400.0 INR
A20-0CDD-49-S,Golden Yellow Chanderi Embroidery Co-ord Set-GoldenRod,Golden Yellow Chanderi Embroidery Co-ord Set-GoldenRod,in stock,new,https://www.prathiksham.in/store/item/Golden+Yellow+Chanderi+Embroidery+Co-ord+Set?id=2047,https://www.prathiksham.in/aalam/stock/item/2047/image/_/face-img,Prathiksham,GoldenRod,Chanderi,Solid,S,Apparel & Accessories > Clothing,Clothing & Accessories > Clothing,Female,adult,,11400.0 INR
A20-0CDD-49-M,Golden Yellow Chanderi Embroidery Co-ord Set-GoldenRod,Golden Yellow Chanderi Embroidery Co-ord Set-GoldenRod,in stock,new,https://www.prathiksham.in/store/item/Golden+Yellow+Chanderi+Embroidery+Co-ord+Set?id=2048,https://www.prathiksham.in/aalam/stock/item/2048/image/_/face-img,Prathiksham,GoldenRod,Chanderi,Solid,M,Apparel & Accessories > Clothing,Clothing & Accessories > Clothing,Female,adult,,11400.0 INR
A20-0CDD-49-L,Golden Yellow Chanderi Embroidery Co-ord Set-GoldenRod,Golden Yellow Chanderi Embroidery Co-ord Set-GoldenRod,in stock,new,https://www.prathiksham.in/store/item/Golden+Yellow+Chanderi+Embroidery+Co-ord+Set?id=2049,https://www.prathiksham.in/aalam/stock/item/2049/image/_/face-img,Prathiksham,GoldenRod,Chanderi,Solid,L,Apparel & Accessories > Clothing,Clothing & Accessories > Clothing,Female,adult,,11400.0 INR
A20-0CDD-49-XL,Golden Yellow Chanderi Embroidery Co-ord Set-GoldenRod,Golden Yellow Chanderi Embroidery Co-ord Set-GoldenRod,in stock,new,https://www.prathiksham.in/store/item/Golden+Yellow+Chanderi+Embroidery+Co-ord+Set?id=2050,https://www.prathiksham.in/aalam/stock/item/2050/image/_/face-img,Prathiksham,GoldenRod,Chanderi,Solid,XL,Apparel & Accessories > Clothing,Clothing & Accessories > Clothing,Female,adult,,11400.0 INR
A20-0CDD-49-XXL,Golden Yellow Chanderi Embroidery Co-ord Set-GoldenRod,Golden Yellow Chanderi Embroidery Co-ord Set-GoldenRod,in stock,new,https://www.prathiksham.in/store/item/Golden+Yellow+Chanderi+Embroidery+Co-ord+Set?id=2051,https://www.prathiksham.in/aalam/stock/item/2051/image/_/face-img,Prathiksham,GoldenRod,Chanderi,Solid,XXL,Apparel & Accessories > Clothing,Clothing & Accessories > Clothing,Female,adult,,11400.0 INR
A21-00T-1-XS,Berry Stripe Handblock Cotton Top-MintCream,Berry Stripe Handblock Cotton Top-MintCream,in stock,new,https://www.prathiksham.in/store/item/Berry+Stripe+Handblock+Cotton+Top?id=2052,https://www.prathiksham.in/aalam/stock/item/2052/image/_/face-img,Prathiksham,MintCream,Pure Cotton,Handblock,XS,Apparel & Accessories > Clothing,Clothing & Accessories > Clothing,Female,adult,,550.0 INR
A21-00T-1-S,Berry Stripe Handblock Cotton Top-MintCream,Berry Stripe Handblock Cotton Top-MintCream,in stock,new,https://www.prathiksham.in/store/item/Berry+Stripe+Handblock+Cotton+Top?id=2053,https://www.prathiksham.in/aalam/stock/item/2053/image/_/face-img,Prathiksham,MintCream,Pure Cotton,Handblock,S,Apparel & Accessories > Clothing,Clothing & Accessories > Clothing,Female,adult,,550.0 INR
A21-00T-1-M,Berry Stripe Handblock Cotton Top-MintCream,Berry Stripe Handblock Cotton Top-MintCream,in stock,new,https://www.prathiksham.in/store/item/Berry+Stripe+Handblock+Cotton+Top?id=2054,https://www.prathiksham.in/aalam/stock/item/2054/image/_/face-img,Prathiksham,MintCream,Pure Cotton,Handblock,M,Apparel & Accessories > Clothing,Clothing & Accessories > Clothing,Female,adult,,550.0 INR
A21-00T-1-L,Berry Stripe Handblock Cotton Top-MintCream,Berry Stripe Handblock Cotton Top-MintCream,in stock,new,https://www.prathiksham.in/store/item/Berry+Stripe+Handblock+Cotton+Top?id=2055,https://www.prathiksham.in/aalam/stock/item/2055/image/_/face-img,Prathiksham,MintCream,Pure Cotton,Handblock,L,Apparel & Accessories > Clothing,Clothing & Accessories > Clothing,Female,adult,,550.0 INR
A21-00T-1-XL,Berry Stripe Handblock Cotton Top-MintCream,Berry Stripe Handblock Cotton Top-MintCream,in stock,new,https://www.prathiksham.in/store/item/Berry+Stripe+Handblock+Cotton+Top?id=2056,https://www.prathiksham.in/aalam/stock/item/2056/image/_/face-img,Prathiksham,MintCream,Pure Cotton,Handblock,XL,Apparel & Accessories > Clothing,Clothing & Accessories > Clothing,Female,adult,,550.0 INR
A21-00T-1-XXL,Berry Stripe Handblock Cotton Top-MintCream,Berry Stripe Handblock Cotton Top-MintCream,in stock,new,https://www.prathiksham.in/store/item/Berry+Stripe+Handblock+Cotton+Top?id=2057,https://www.prathiksham.in/aalam/stock/item/2057/image/_/face-img,Prathiksham,MintCream,Pure Cotton,Handblock,XXL,Apparel & Accessories > Clothing,Clothing & Accessories > Clothing,Female,adult,,550.0 INR
A21-0PS-1-XS,Purple Tree Handblock Cotton Lounge Set-MediumPurple,Purple Tree Handblock Cotton Lounge Set-MediumPurple,in stock,new,https://www.prathiksham.in/store/item/Purple+Tree+Handblock+Cotton+Lounge+Set?id=2058,https://www.prathiksham.in/aalam/stock/item/2058/image/_/face-img,Prathiksham,MediumPurple,Pure Cotton,Handblock,XS,Apparel & Accessories > Clothing,Clothing & Accessories > Clothing,Female,adult,,899.0 INR
A21-0PS-1-S,Purple Tree Handblock Cotton Lounge Set-MediumPurple,Purple Tree Handblock Cotton Lounge Set-MediumPurple,in stock,new,https://www.prathiksham.in/store/item/Purple+Tree+Handblock+Cotton+Lounge+Set?id=2059,https://www.prathiksham.in/aalam/stock/item/2059/image/_/face-img,Prathiksham,MediumPurple,Pure Cotton,Handblock,S,Apparel & Accessories > Clothing,Clothing & Accessories > Clothing,Female,adult,,899.0 INR
A21-0PS-1-M,Purple Tree Handblock Cotton Lounge Set-MediumPurple,Purple Tree Handblock Cotton Lounge Set-MediumPurple,in stock,new,https://www.prathiksham.in/store/item/Purple+Tree+Handblock+Cotton+Lounge+Set?id=2060,https://www.prathiksham.in/aalam/stock/item/2060/image/_/face-img,Prathiksham,MediumPurple,Pure Cotton,Handblock,M,Apparel & Accessories > Clothing,Clothing & Accessories > Clothing,Female,adult,,899.0 INR
A21-0PS-1-L,Purple Tree Handblock Cotton Lounge Set-MediumPurple,Purple Tree Handblock Cotton Lounge Set-MediumPurple,in stock,new,https://www.prathiksham.in/store/item/Purple+Tree+Handblock+Cotton+Lounge+Set?id=2061,https://www.prathiksham.in/aalam/stock/item/2061/image/_/face-img,Prathiksham,MediumPurple,Pure Cotton,Handblock,L,Apparel & Accessories > Clothing,Clothing & Accessories > Clothing,Female,adult,,899.0 INR
A21-0PS-1-XL,Purple Tree Handblock Cotton Lounge Set-MediumPurple,Purple Tree Handblock Cotton Lounge Set-MediumPurple,in stock,new,https://www.prathiksham.in/store/item/Purple+Tree+Handblock+Cotton+Lounge+Set?id=2062,https://www.prathiksham.in/aalam/stock/item/2062/image/_/face-img,Prathiksham,MediumPurple,Pure Cotton,Handblock,XL,Apparel & Accessories > Clothing,Clothing & Accessories > Clothing,Female,adult,,899.0 INR
A21-0PS-1-XXL,Purple Tree Handblock Cotton Lounge Set-MediumPurple,Purple Tree Handblock Cotton Lounge Set-MediumPurple,in stock,new,https://www.prathiksham.in/store/item/Purple+Tree+Handblock+Cotton+Lounge+Set?id=2063,https://www.prathiksham.in/aalam/stock/item/2063/image/_/face-img,Prathiksham,MediumPurple,Pure Cotton,Handblock,XXL,Apparel & Accessories > Clothing,Clothing & Accessories > Clothing,Female,adult,,899.0 INR
A21-0PS-2-XS,Yellow Tree Handblock Cotton Lounge Set-Khaki,Yellow Tree Handblock Cotton Lounge Set-Khaki,in stock,new,https://www.prathiksham.in/store/item/Yellow+Tree+Handblock+Cotton+Lounge+Set?id=2064,https://www.prathiksham.in/aalam/stock/item/2064/image/_/face-img,Prathiksham,Khaki,Pure Cotton,Handblock,XS,Apparel & Accessories > Clothing,Clothing & Accessories > Clothing,Female,adult,,899.0 INR
A21-0PS-2-S,Yellow Tree Handblock Cotton Lounge Set-Khaki,Yellow Tree Handblock Cotton Lounge Set-Khaki,in stock,new,https://www.prathiksham.in/store/item/Yellow+Tree+Handblock+Cotton+Lounge+Set?id=2065,https://www.prathiksham.in/aalam/stock/item/2065/image/_/face-img,Prathiksham,Khaki,Pure Cotton,Handblock,S,Apparel & Accessories > Clothing,Clothing & Accessories > Clothing,Female,adult,,899.0 INR
A21-0PS-2-M,Yellow Tree Handblock Cotton Lounge Set-Khaki,Yellow Tree Handblock Cotton Lounge Set-Khaki,in stock,new,https://www.prathiksham.in/store/item/Yellow+Tree+Handblock+Cotton+Lounge+Set?id=2066,https://www.prathiksham.in/aalam/stock/item/2066/image/_/face-img,Prathiksham,Khaki,Pure Cotton,Handblock,M,Apparel & Accessories > Clothing,Clothing & Accessories > Clothing,Female,adult,,899.0 INR
A21-0PS-2-L,Yellow Tree Handblock Cotton Lounge Set-Khaki,Yellow Tree Handblock Cotton Lounge Set-Khaki,in stock,new,https://www.prathiksham.in/store/item/Yellow+Tree+Handblock+Cotton+Lounge+Set?id=2067,https://www.prathiksham.in/aalam/stock/item/2067/image/_/face-img,Prathiksham,Khaki,Pure Cotton,Handblock,L,Apparel & Accessories > Clothing,Clothing & Accessories > Clothing,Female,adult,,899.0 INR
A21-0PS-2-XL,Yellow Tree Handblock Cotton Lounge Set-Khaki,Yellow Tree Handblock Cotton Lounge Set-Khaki,in stock,new,https://www.prathiksham.in/store/item/Yellow+Tree+Handblock+Cotton+Lounge+Set?id=2068,https://www.prathiksham.in/aalam/stock/item/2068/image/_/face-img,Prathiksham,Khaki,Pure Cotton,Handblock,XL,Apparel & Accessories > Clothing,Clothing & Accessories > Clothing,Female,adult,,899.0 INR
A21-0PS-2-XXL,Yellow Tree Handblock Cotton Lounge Set-Khaki,Yellow Tree Handblock Cotton Lounge Set-Khaki,in stock,new,https://www.prathiksham.in/store/item/Yellow+Tree+Handblock+Cotton+Lounge+Set?id=2069,https://www.prathiksham.in/aalam/stock/item/2069/image/_/face-img,Prathiksham,Khaki,Pure Cotton,Handblock,XXL,Apparel & Accessories > Clothing,Clothing & Accessories > Clothing,Female,adult,,899.0 INR
A21-0PS-3-XS,Blossom Stripe Handblock Cotton Pyjama Set-MintCream,Blossom Stripe Handblock Cotton Pyjama Set-MintCream,in stock,new,https://www.prathiksham.in/store/item/Blossom+Stripe+Handblock+Cotton+Pyjama+Set?id=2070,https://www.prathiksham.in/aalam/stock/item/2070/image/_/face-img,Prathiksham,MintCream,Pure Cotton,Handblock,XS,Apparel & Accessories > Clothing,Clothing & Accessories > Clothing,Female,adult,,899.0 INR
A21-0PS-3-S,Blossom Stripe Handblock Cotton Pyjama Set-MintCream,Blossom Stripe Handblock Cotton Pyjama Set-MintCream,in stock,new,https://www.prathiksham.in/store/item/Blossom+Stripe+Handblock+Cotton+Pyjama+Set?id=2071,https://www.prathiksham.in/aalam/stock/item/2071/image/_/face-img,Prathiksham,MintCream,Pure Cotton,Handblock,S,Apparel & Accessories > Clothing,Clothing & Accessories > Clothing,Female,adult,,899.0 INR
A21-0PS-3-M,Blossom Stripe Handblock Cotton Pyjama Set-MintCream,Blossom Stripe Handblock Cotton Pyjama Set-MintCream,in stock,new,https://www.prathiksham.in/store/item/Blossom+Stripe+Handblock+Cotton+Pyjama+Set?id=2072,https://www.prathiksham.in/aalam/stock/item/2072/image/_/face-img,Prathiksham,MintCream,Pure Cotton,Handblock,M,Apparel & Accessories > Clothing,Clothing & Accessories > Clothing,Female,adult,,899.0 INR
A21-0PS-3-L,Blossom Stripe Handblock Cotton Pyjama Set-MintCream,Blossom Stripe Handblock Cotton Pyjama Set-MintCream,in stock,new,https://www.prathiksham.in/store/item/Blossom+Stripe+Handblock+Cotton+Pyjama+Set?id=2073,https://www.prathiksham.in/aalam/stock/item/2073/image/_/face-img,Prathiksham,MintCream,Pure Cotton,Handblock,L,Apparel & Accessories > Clothing,Clothing & Accessories > Clothing,Female,adult,,899.0 INR
A21-0PS-3-XL,Blossom Stripe Handblock Cotton Pyjama Set-MintCream,Blossom Stripe Handblock Cotton Pyjama Set-MintCream,out of stock,new,https://www.prathiksham.in/store/item/Blossom+Stripe+Handblock+Cotton+Pyjama+Set?id=2074,https://www.prathiksham.in/aalam/stock/item/2074/image/_/face-img,Prathiksham,MintCream,Pure Cotton,Handblock,XL,Apparel & Accessories > Clothing,Clothing & Accessories > Clothing,Female,adult,,899.0 INR
A21-0PS-3-XXL,Blossom Stripe Handblock Cotton Pyjama Set-MintCream,Blossom Stripe Handblock Cotton Pyjama Set-MintCream,in stock,new,https://www.prathiksham.in/store/item/Blossom+Stripe+Handblock+Cotton+Pyjama+Set?id=2075,https://www.prathiksham.in/aalam/stock/item/2075/image/_/face-img,Prathiksham,MintCream,Pure Cotton,Handblock,XXL,Apparel & Accessories > Clothing,Clothing & Accessories > Clothing,Female,adult,,899.0 INR
A21-0PS-4-XS,Raspberry Pink Handblock Cotton Pyjama Set-PaleVioletRed,Raspberry Pink Handblock Cotton Pyjama Set-PaleVioletRed,in stock,new,https://www.prathiksham.in/store/item/Raspberry+Pink+Handblock+Cotton+Pyjama+Set?id=2076,https://www.prathiksham.in/aalam/stock/item/2076/image/_/face-img,Prathiksham,PaleVioletRed,Pure Cotton,Handblock,XS,Apparel & Accessories > Clothing,Clothing & Accessories > Clothing,Female,adult,,899.0 INR
A21-0PS-4-S,Raspberry Pink Handblock Cotton Pyjama Set-PaleVioletRed,Raspberry Pink Handblock Cotton Pyjama Set-PaleVioletRed,in stock,new,https://www.prathiksham.in/store/item/Raspberry+Pink+Handblock+Cotton+Pyjama+Set?id=2077,https://www.prathiksham.in/aalam/stock/item/2077/image/_/face-img,Prathiksham,PaleVioletRed,Pure Cotton,Handblock,S,Apparel & Accessories > Clothing,Clothing & Accessories > Clothing,Female,adult,,899.0 INR
A21-0PS-4-M,Raspberry Pink Handblock Cotton Pyjama Set-PaleVioletRed,Raspberry Pink Handblock Cotton Pyjama Set-PaleVioletRed,in stock,new,https://www.prathiksham.in/store/item/Raspberry+Pink+Handblock+Cotton+Pyjama+Set?id=2078,https://www.prathiksham.in/aalam/stock/item/2078/image/_/face-img,Prathiksham,PaleVioletRed,Pure Cotton,Handblock,M,Apparel & Accessories > Clothing,Clothing & Accessories > Clothing,Female,adult,,899.0 INR
A21-0PS-4-L,Raspberry Pink Handblock Cotton Pyjama Set-PaleVioletRed,Raspberry Pink Handblock Cotton Pyjama Set-PaleVioletRed,in stock,new,https://www.prathiksham.in/store/item/Raspberry+Pink+Handblock+Cotton+Pyjama+Set?id=2079,https://www.prathiksham.in/aalam/stock/item/2079/image/_/face-img,Prathiksham,PaleVioletRed,Pure Cotton,Handblock,L,Apparel & Accessories > Clothing,Clothing & Accessories > Clothing,Female,adult,,899.0 INR
A21-0PS-4-XL,Raspberry Pink Handblock Cotton Pyjama Set-PaleVioletRed,Raspberry Pink Handblock Cotton Pyjama Set-PaleVioletRed,in stock,new,https://www.prathiksham.in/store/item/Raspberry+Pink+Handblock+Cotton+Pyjama+Set?id=2080,https://www.prathiksham.in/aalam/stock/item/2080/image/_/face-img,Prathiksham,PaleVioletRed,Pure Cotton,Handblock,XL,Apparel & Accessories > Clothing,Clothing & Accessories > Clothing,Female,adult,,899.0 INR
A21-0PS-4-XXL,Raspberry Pink Handblock Cotton Pyjama Set-PaleVioletRed,Raspberry Pink Handblock Cotton Pyjama Set-PaleVioletRed,in stock,new,https://www.prathiksham.in/store/item/Raspberry+Pink+Handblock+Cotton+Pyjama+Set?id=2081,https://www.prathiksham.in/aalam/stock/item/2081/image/_/face-img,Prathiksham,PaleVioletRed,Pure Cotton,Handblock,XXL,Apparel & Accessories > Clothing,Clothing & Accessories > Clothing,Female,adult,,899.0 INR
A21-0PS-5-XS,Lavender Breeze Handloom Cotton Pyjama Set-RebeccaPurple,Lavender Breeze Handloom Cotton Pyjama Set-RebeccaPurple,in stock,new,https://www.prathiksham.in/store/item/Lavender+Breeze+Handloom+Cotton+Pyjama+Set?id=2082,https://www.prathiksham.in/aalam/stock/item/2082/image/_/face-img,Prathiksham,RebeccaPurple,Pure Cotton,Handloom,XS,Apparel & Accessories > Clothing,Clothing & Accessories > Clothing,Female,adult,,899.0 INR
A21-0PS-5-S,Lavender Breeze Handloom Cotton Pyjama Set-RebeccaPurple,Lavender Breeze Handloom Cotton Pyjama Set-RebeccaPurple,in stock,new,https://www.prathiksham.in/store/item/Lavender+Breeze+Handloom+Cotton+Pyjama+Set?id=2083,https://www.prathiksham.in/aalam/stock/item/2083/image/_/face-img,Prathiksham,RebeccaPurple,Pure Cotton,Handloom,S,Apparel & Accessories > Clothing,Clothing & Accessories > Clothing,Female,adult,,899.0 INR
A21-0PS-5-M,Lavender Breeze Handloom Cotton Pyjama Set-RebeccaPurple,Lavender Breeze Handloom Cotton Pyjama Set-RebeccaPurple,in stock,new,https://www.prathiksham.in/store/item/Lavender+Breeze+Handloom+Cotton+Pyjama+Set?id=2084,https://www.prathiksham.in/aalam/stock/item/2084/image/_/face-img,Prathiksham,RebeccaPurple,Pure Cotton,Handloom,M,Apparel & Accessories > Clothing,Clothing & Accessories > Clothing,Female,adult,,899.0 INR
A21-0PS-5-L,Lavender Breeze Handloom Cotton Pyjama Set-RebeccaPurple,Lavender Breeze Handloom Cotton Pyjama Set-RebeccaPurple,in stock,new,https://www.prathiksham.in/store/item/Lavender+Breeze+Handloom+Cotton+Pyjama+Set?id=2085,https://www.prathiksham.in/aalam/stock/item/2085/image/_/face-img,Prathiksham,RebeccaPurple,Pure Cotton,Handloom,L,Apparel & Accessories > Clothing,Clothing & Accessories > Clothing,Female,adult,,899.0 INR
A21-0PS-5-XL,Lavender Breeze Handloom Cotton Pyjama Set-RebeccaPurple,Lavender Breeze Handloom Cotton Pyjama Set-RebeccaPurple,in stock,new,https://www.prathiksham.in/store/item/Lavender+Breeze+Handloom+Cotton+Pyjama+Set?id=2086,https://www.prathiksham.in/aalam/stock/item/2086/image/_/face-img,Prathiksham,RebeccaPurple,Pure Cotton,Handloom,XL,Apparel & Accessories > Clothing,Clothing & Accessories > Clothing,Female,adult,,899.0 INR
A21-0PS-5-XXL,Lavender Breeze Handloom Cotton Pyjama Set-RebeccaPurple,Lavender Breeze Handloom Cotton Pyjama Set-RebeccaPurple,in stock,new,https://www.prathiksham.in/store/item/Lavender+Breeze+Handloom+Cotton+Pyjama+Set?id=2087,https://www.prathiksham.in/aalam/stock/item/2087/image/_/face-img,Prathiksham,RebeccaPurple,Pure Cotton,Handloom,XXL,Apparel & Accessories > Clothing,Clothing & Accessories > Clothing,Female,adult,,899.0 INR
A21-0PS-6-XS,Yellow Tree Handblock Cotton Pyjama Set-Khaki,Yellow Tree Handblock Cotton Pyjama Set-Khaki,in stock,new,https://www.prathiksham.in/store/item/Yellow+Tree+Handblock+Cotton+Pyjama+Set?id=2088,https://www.prathiksham.in/aalam/stock/item/2088/image/_/face-img,Prathiksham,Khaki,Pure Cotton,Handblock,XS,Apparel & Accessories > Clothing,Clothing & Accessories > Clothing,Female,adult,,899.0 INR
A21-0PS-6-S,Yellow Tree Handblock Cotton Pyjama Set-Khaki,Yellow Tree Handblock Cotton Pyjama Set-Khaki,in stock,new,https://www.prathiksham.in/store/item/Yellow+Tree+Handblock+Cotton+Pyjama+Set?id=2089,https://www.prathiksham.in/aalam/stock/item/2089/image/_/face-img,Prathiksham,Khaki,Pure Cotton,Handblock,S,Apparel & Accessories > Clothing,Clothing & Accessories > Clothing,Female,adult,,899.0 INR
A21-0PS-6-M,Yellow Tree Handblock Cotton Pyjama Set-Khaki,Yellow Tree Handblock Cotton Pyjama Set-Khaki,in stock,new,https://www.prathiksham.in/store/item/Yellow+Tree+Handblock+Cotton+Pyjama+Set?id=2090,https://www.prathiksham.in/aalam/stock/item/2090/image/_/face-img,Prathiksham,Khaki,Pure Cotton,Handblock,M,Apparel & Accessories > Clothing,Clothing & Accessories > Clothing,Female,adult,,899.0 INR
A21-0PS-6-L,Yellow Tree Handblock Cotton Pyjama Set-Khaki,Yellow Tree Handblock Cotton Pyjama Set-Khaki,in stock,new,https://www.prathiksham.in/store/item/Yellow+Tree+Handblock+Cotton+Pyjama+Set?id=2091,https://www.prathiksham.in/aalam/stock/item/2091/image/_/face-img,Prathiksham,Khaki,Pure Cotton,Handblock,L,Apparel & Accessories > Clothing,Clothing & Accessories > Clothing,Female,adult,,899.0 INR
A21-0PS-6-XL,Yellow Tree Handblock Cotton Pyjama Set-Khaki,Yellow Tree Handblock Cotton Pyjama Set-Khaki,in stock,new,https://www.prathiksham.in/store/item/Yellow+Tree+Handblock+Cotton+Pyjama+Set?id=2092,https://www.prathiksham.in/aalam/stock/item/2092/image/_/face-img,Prathiksham,Khaki,Pure Cotton,Handblock,XL,Apparel & Accessories > Clothing,Clothing & Accessories > Clothing,Female,adult,,899.0 INR
A21-0PS-6-XXL,Yellow Tree Handblock Cotton Pyjama Set-Khaki,Yellow Tree Handblock Cotton Pyjama Set-Khaki,in stock,new,https://www.prathiksham.in/store/item/Yellow+Tree+Handblock+Cotton+Pyjama+Set?id=2093,https://www.prathiksham.in/aalam/stock/item/2093/image/_/face-img,Prathiksham,Khaki,Pure Cotton,Handblock,XXL,Apparel & Accessories > Clothing,Clothing & Accessories > Clothing,Female,adult,,899.0 INR
A21-0SS-1-XS,Purple Tree Handblock Cotton Short Co-ord Set-MediumPurple,Purple Tree Handblock Cotton Short Co-ord Set-MediumPurple,in stock,new,https://www.prathiksham.in/store/item/Purple+Tree+Handblock+Cotton+Short+Co-ord+Set?id=2094,https://www.prathiksham.in/aalam/stock/item/2094/image/_/face-img,Prathiksham,MediumPurple,Pure Cotton,Handblock,XS,Apparel & Accessories > Clothing,Clothing & Accessories > Clothing,Female,adult,,699.0 INR
A21-0SS-1-S,Purple Tree Handblock Cotton Short Co-ord Set-MediumPurple,Purple Tree Handblock Cotton Short Co-ord Set-MediumPurple,in stock,new,https://www.prathiksham.in/store/item/Purple+Tree+Handblock+Cotton+Short+Co-ord+Set?id=2095,https://www.prathiksham.in/aalam/stock/item/2095/image/_/face-img,Prathiksham,MediumPurple,Pure Cotton,Handblock,S,Apparel & Accessories > Clothing,Clothing & Accessories > Clothing,Female,adult,,699.0 INR
A21-0SS-1-M,Purple Tree Handblock Cotton Short Co-ord Set-MediumPurple,Purple Tree Handblock Cotton Short Co-ord Set-MediumPurple,in stock,new,https://www.prathiksham.in/store/item/Purple+Tree+Handblock+Cotton+Short+Co-ord+Set?id=2096,https://www.prathiksham.in/aalam/stock/item/2096/image/_/face-img,Prathiksham,MediumPurple,Pure Cotton,Handblock,M,Apparel & Accessories > Clothing,Clothing & Accessories > Clothing,Female,adult,,699.0 INR
A21-0SS-1-L,Purple Tree Handblock Cotton Short Co-ord Set-MediumPurple,Purple Tree Handblock Cotton Short Co-ord Set-MediumPurple,in stock,new,https://www.prathiksham.in/store/item/Purple+Tree+Handblock+Cotton+Short+Co-ord+Set?id=2097,https://www.prathiksham.in/aalam/stock/item/2097/image/_/face-img,Prathiksham,MediumPurple,Pure Cotton,Handblock,L,Apparel & Accessories > Clothing,Clothing & Accessories > Clothing,Female,adult,,699.0 INR
A21-0SS-1-XL,Purple Tree Handblock Cotton Short Co-ord Set-MediumPurple,Purple Tree Handblock Cotton Short Co-ord Set-MediumPurple,in stock,new,https://www.prathiksham.in/store/item/Purple+Tree+Handblock+Cotton+Short+Co-ord+Set?id=2098,https://www.prathiksham.in/aalam/stock/item/2098/image/_/face-img,Prathiksham,MediumPurple,Pure Cotton,Handblock,XL,Apparel & Accessories > Clothing,Clothing & Accessories > Clothing,Female,adult,,699.0 INR
A21-0SS-1-XXL,Purple Tree Handblock Cotton Short Co-ord Set-MediumPurple,Purple Tree Handblock Cotton Short Co-ord Set-MediumPurple,in stock,new,https://www.prathiksham.in/store/item/Purple+Tree+Handblock+Cotton+Short+Co-ord+Set?id=2099,https://www.prathiksham.in/aalam/stock/item/2099/image/_/face-img,Prathiksham,MediumPurple,Pure Cotton,Handblock,XXL,Apparel & Accessories > Clothing,Clothing & Accessories > Clothing,Female,adult,,699.0 INR
A21-0SS-2-XS,Fresh Aqua Handblock Cotton Short Co-ord Set-LightSkyBlue,Fresh Aqua Handblock Cotton Short Co-ord Set-LightSkyBlue,in stock,new,https://www.prathiksham.in/store/item/Fresh+Aqua+Handblock+Cotton+Short+Co-ord+Set?id=2100,https://www.prathiksham.in/aalam/stock/item/2100/image/_/face-img,Prathiksham,LightSkyBlue,Pure Cotton,Handblock,XS,Apparel & Accessories > Clothing,Clothing & Accessories > Clothing,Female,adult,,699.0 INR
A21-0SS-2-S,Fresh Aqua Handblock Cotton Short Co-ord Set-LightSkyBlue,Fresh Aqua Handblock Cotton Short Co-ord Set-LightSkyBlue,in stock,new,https://www.prathiksham.in/store/item/Fresh+Aqua+Handblock+Cotton+Short+Co-ord+Set?id=2101,https://www.prathiksham.in/aalam/stock/item/2101/image/_/face-img,Prathiksham,LightSkyBlue,Pure Cotton,Handblock,S,Apparel & Accessories > Clothing,Clothing & Accessories > Clothing,Female,adult,,699.0 INR
A21-0SS-2-M,Fresh Aqua Handblock Cotton Short Co-ord Set-LightSkyBlue,Fresh Aqua Handblock Cotton Short Co-ord Set-LightSkyBlue,in stock,new,https://www.prathiksham.in/store/item/Fresh+Aqua+Handblock+Cotton+Short+Co-ord+Set?id=2102,https://www.prathiksham.in/aalam/stock/item/2102/image/_/face-img,Prathiksham,LightSkyBlue,Pure Cotton,Handblock,M,Apparel & Accessories > Clothing,Clothing & Accessories > Clothing,Female,adult,,699.0 INR
A21-0SS-2-L,Fresh Aqua Handblock Cotton Short Co-ord Set-LightSkyBlue,Fresh Aqua Handblock Cotton Short Co-ord Set-LightSkyBlue,in stock,new,https://www.prathiksham.in/store/item/Fresh+Aqua+Handblock+Cotton+Short+Co-ord+Set?id=2103,https://www.prathiksham.in/aalam/stock/item/2103/image/_/face-img,Prathiksham,LightSkyBlue,Pure Cotton,Handblock,L,Apparel & Accessories > Clothing,Clothing & Accessories > Clothing,Female,adult,,699.0 INR
A21-0SS-2-XL,Fresh Aqua Handblock Cotton Short Co-ord Set-LightSkyBlue,Fresh Aqua Handblock Cotton Short Co-ord Set-LightSkyBlue,in stock,new,https://www.prathiksham.in/store/item/Fresh+Aqua+Handblock+Cotton+Short+Co-ord+Set?id=2104,https://www.prathiksham.in/aalam/stock/item/2104/image/_/face-img,Prathiksham,LightSkyBlue,Pure Cotton,Handblock,XL,Apparel & Accessories > Clothing,Clothing & Accessories > Clothing,Female,adult,,699.0 INR
A21-0SS-2-XXL,Fresh Aqua Handblock Cotton Short Co-ord Set-LightSkyBlue,Fresh Aqua Handblock Cotton Short Co-ord Set-LightSkyBlue,in stock,new,https://www.prathiksham.in/store/item/Fresh+Aqua+Handblock+Cotton+Short+Co-ord+Set?id=2105,https://www.prathiksham.in/aalam/stock/item/2105/image/_/face-img,Prathiksham,LightSkyBlue,Pure Cotton,Handblock,XXL,Apparel & Accessories > Clothing,Clothing & Accessories > Clothing,Female,adult,,699.0 INR
A21-0SS-3-XS,Cherry Check Handloom Cotton Short Co-ord Set-Azure,Cherry Check Handloom Cotton Short Co-ord Set-Azure,in stock,new,https://www.prathiksham.in/store/item/Cherry+Check+Handloom+Cotton+Short+Co-ord+Set?id=2106,https://www.prathiksham.in/aalam/stock/item/2106/image/_/face-img,Prathiksham,Azure,Pure Cotton,Handloom,XS,Apparel & Accessories > Clothing,Clothing & Accessories > Clothing,Female,adult,,699.0 INR
A21-0SS-3-S,Cherry Check Handloom Cotton Short Co-ord Set-Azure,Cherry Check Handloom Cotton Short Co-ord Set-Azure,in stock,new,https://www.prathiksham.in/store/item/Cherry+Check+Handloom+Cotton+Short+Co-ord+Set?id=2107,https://www.prathiksham.in/aalam/stock/item/2107/image/_/face-img,Prathiksham,Azure,Pure Cotton,Handloom,S,Apparel & Accessories > Clothing,Clothing & Accessories > Clothing,Female,adult,,699.0 INR
A21-0SS-3-M,Cherry Check Handloom Cotton Short Co-ord Set-Azure,Cherry Check Handloom Cotton Short Co-ord Set-Azure,in stock,new,https://www.prathiksham.in/store/item/Cherry+Check+Handloom+Cotton+Short+Co-ord+Set?id=2108,https://www.prathiksham.in/aalam/stock/item/2108/image/_/face-img,Prathiksham,Azure,Pure Cotton,Handloom,M,Apparel & Accessories > Clothing,Clothing & Accessories > Clothing,Female,adult,,699.0 INR
A21-0SS-3-L,Cherry Check Handloom Cotton Short Co-ord Set-Azure,Cherry Check Handloom Cotton Short Co-ord Set-Azure,in stock,new,https://www.prathiksham.in/store/item/Cherry+Check+Handloom+Cotton+Short+Co-ord+Set?id=2109,https://www.prathiksham.in/aalam/stock/item/2109/image/_/face-img,Prathiksham,Azure,Pure Cotton,Handloom,L,Apparel & Accessories > Clothing,Clothing & Accessories > Clothing,Female,adult,,699.0 INR
A21-0SS-3-XL,Cherry Check Handloom Cotton Short Co-ord Set-Azure,Cherry Check Handloom Cotton Short Co-ord Set-Azure,in stock,new,https://www.prathiksham.in/store/item/Cherry+Check+Handloom+Cotton+Short+Co-ord+Set?id=2110,https://www.prathiksham.in/aalam/stock/item/2110/image/_/face-img,Prathiksham,Azure,Pure Cotton,Handloom,XL,Apparel & Accessories > Clothing,Clothing & Accessories > Clothing,Female,adult,,699.0 INR
A21-0SS-3-XXL,Cherry Check Handloom Cotton Short Co-ord Set-Azure,Cherry Check Handloom Cotton Short Co-ord Set-Azure,in stock,new,https://www.prathiksham.in/store/item/Cherry+Check+Handloom+Cotton+Short+Co-ord+Set?id=2111,https://www.prathiksham.in/aalam/stock/item/2111/image/_/face-img,Prathiksham,Azure,Pure Cotton,Handloom,XXL,Apparel & Accessories > Clothing,Clothing & Accessories > Clothing,Female,adult,,699.0 INR
A21-0SS-4-XS,Soft Sparrow Ikat Cotton Short Co-ord Set-Azure,Soft Sparrow Ikat Cotton Short Co-ord Set-Azure,in stock,new,https://www.prathiksham.in/store/item/Soft+Sparrow+Ikat+Cotton+Short+Co-ord+Set?id=2112,https://www.prathiksham.in/aalam/stock/item/2112/image/_/face-img,Prathiksham,Azure,Pure Cotton,Ikat,XS,Apparel & Accessories > Clothing,Clothing & Accessories > Clothing,Female,adult,,699.0 INR
A21-0SS-4-S,Soft Sparrow Ikat Cotton Short Co-ord Set-Azure,Soft Sparrow Ikat Cotton Short Co-ord Set-Azure,in stock,new,https://www.prathiksham.in/store/item/Soft+Sparrow+Ikat+Cotton+Short+Co-ord+Set?id=2113,https://www.prathiksham.in/aalam/stock/item/2113/image/_/face-img,Prathiksham,Azure,Pure Cotton,Ikat,S,Apparel & Accessories > Clothing,Clothing & Accessories > Clothing,Female,adult,,699.0 INR
A21-0SS-4-M,Soft Sparrow Ikat Cotton Short Co-ord Set-Azure,Soft Sparrow Ikat Cotton Short Co-ord Set-Azure,in stock,new,https://www.prathiksham.in/store/item/Soft+Sparrow+Ikat+Cotton+Short+Co-ord+Set?id=2114,https://www.prathiksham.in/aalam/stock/item/2114/image/_/face-img,Prathiksham,Azure,Pure Cotton,Ikat,M,Apparel & Accessories > Clothing,Clothing & Accessories > Clothing,Female,adult,,699.0 INR
A21-0SS-4-L,Soft Sparrow Ikat Cotton Short Co-ord Set-Azure,Soft Sparrow Ikat Cotton Short Co-ord Set-Azure,in stock,new,https://www.prathiksham.in/store/item/Soft+Sparrow+Ikat+Cotton+Short+Co-ord+Set?id=2115,https://www.prathiksham.in/aalam/stock/item/2115/image/_/face-img,Prathiksham,Azure,Pure Cotton,Ikat,L,Apparel & Accessories > Clothing,Clothing & Accessories > Clothing,Female,adult,,699.0 INR
A21-0SS-4-XL,Soft Sparrow Ikat Cotton Short Co-ord Set-Azure,Soft Sparrow Ikat Cotton Short Co-ord Set-Azure,in stock,new,https://www.prathiksham.in/store/item/Soft+Sparrow+Ikat+Cotton+Short+Co-ord+Set?id=2116,https://www.prathiksham.in/aalam/stock/item/2116/image/_/face-img,Prathiksham,Azure,Pure Cotton,Ikat,XL,Apparel & Accessories > Clothing,Clothing & Accessories > Clothing,Female,adult,,699.0 INR
A21-0SS-4-XXL,Soft Sparrow Ikat Cotton Short Co-ord Set-Azure,Soft Sparrow Ikat Cotton Short Co-ord Set-Azure,in stock,new,https://www.prathiksham.in/store/item/Soft+Sparrow+Ikat+Cotton+Short+Co-ord+Set?id=2117,https://www.prathiksham.in/aalam/stock/item/2117/image/_/face-img,Prathiksham,Azure,Pure Cotton,Ikat,XXL,Apparel & Accessories > Clothing,Clothing & Accessories > Clothing,Female,adult,,699.0 INR
A22-00K-113-XS,Hibiscus Red Cotton Kurta-Brown,Hibiscus Red Cotton Kurta-Brown,in stock,new,https://www.prathiksham.in/store/item/Hibiscus+Red+Cotton+Kurta?id=2118,https://www.prathiksham.in/aalam/stock/item/2118/image/_/face-img,Prathiksham,Brown,Pure Cotton,Stripe,XS,Apparel & Accessories > Clothing,Clothing & Accessories > Clothing,Female,adult,,999.0 INR
A22-00K-113-S,Hibiscus Red Cotton Kurta-Brown,Hibiscus Red Cotton Kurta-Brown,in stock,new,https://www.prathiksham.in/store/item/Hibiscus+Red+Cotton+Kurta?id=2119,https://www.prathiksham.in/aalam/stock/item/2119/image/_/face-img,Prathiksham,Brown,Pure Cotton,Stripe,S,Apparel & Accessories > Clothing,Clothing & Accessories > Clothing,Female,adult,,999.0 INR
A22-00K-113-M,Hibiscus Red Cotton Kurta-Brown,Hibiscus Red Cotton Kurta-Brown,in stock,new,https://www.prathiksham.in/store/item/Hibiscus+Red+Cotton+Kurta?id=2120,https://www.prathiksham.in/aalam/stock/item/2120/image/_/face-img,Prathiksham,Brown,Pure Cotton,Stripe,M,Apparel & Accessories > Clothing,Clothing & Accessories > Clothing,Female,adult,,999.0 INR
A22-00K-113-L,Hibiscus Red Cotton Kurta-Brown,Hibiscus Red Cotton Kurta-Brown,in stock,new,https://www.prathiksham.in/store/item/Hibiscus+Red+Cotton+Kurta?id=2121,https://www.prathiksham.in/aalam/stock/item/2121/image/_/face-img,Prathiksham,Brown,Pure Cotton,Stripe,L,Apparel & Accessories > Clothing,Clothing & Accessories > Clothing,Female,adult,,999.0 INR
A22-00K-113-XL,Hibiscus Red Cotton Kurta-Brown,Hibiscus Red Cotton Kurta-Brown,in stock,new,https://www.prathiksham.in/store/item/Hibiscus+Red+Cotton+Kurta?id=2122,https://www.prathiksham.in/aalam/stock/item/2122/image/_/face-img,Prathiksham,Brown,Pure Cotton,Stripe,XL,Apparel & Accessories > Clothing,Clothing & Accessories > Clothing,Female,adult,,999.0 INR
A22-00K-113-XXL,Hibiscus Red Cotton Kurta-Brown,Hibiscus Red Cotton Kurta-Brown,in stock,new,https://www.prathiksham.in/store/item/Hibiscus+Red+Cotton+Kurta?id=2123,https://www.prathiksham.in/aalam/stock/item/2123/image/_/face-img,Prathiksham,Brown,Pure Cotton,Stripe,XXL,Apparel & Accessories > Clothing,Clothing & Accessories > Clothing,Female,adult,,999.0 INR
A22-00K-114-XS,Desert Lark Cotton Kurta-DarkBlue,Desert Lark Cotton Kurta-DarkBlue,in stock,new,https://www.prathiksham.in/store/item/Desert+Lark+Cotton+Kurta?id=2124,https://www.prathiksham.in/aalam/stock/item/2124/image/_/face-img,Prathiksham,DarkBlue,Pure Cotton,Stripe,XS,Apparel & Accessories > Clothing,Clothing & Accessories > Clothing,Female,adult,,999.0 INR
A22-00K-114-S,Desert Lark Cotton Kurta-DarkBlue,Desert Lark Cotton Kurta-DarkBlue,out of stock,new,https://www.prathiksham.in/store/item/Desert+Lark+Cotton+Kurta?id=2125,https://www.prathiksham.in/aalam/stock/item/2125/image/_/face-img,Prathiksham,DarkBlue,Pure Cotton,Stripe,S,Apparel & Accessories > Clothing,Clothing & Accessories > Clothing,Female,adult,,999.0 INR
A22-00K-114-M,Desert Lark Cotton Kurta-DarkBlue,Desert Lark Cotton Kurta-DarkBlue,in stock,new,https://www.prathiksham.in/store/item/Desert+Lark+Cotton+Kurta?id=2126,https://www.prathiksham.in/aalam/stock/item/2126/image/_/face-img,Prathiksham,DarkBlue,Pure Cotton,Stripe,M,Apparel & Accessories > Clothing,Clothing & Accessories > Clothing,Female,adult,,999.0 INR
A22-00K-114-L,Desert Lark Cotton Kurta-DarkBlue,Desert Lark Cotton Kurta-DarkBlue,out of stock,new,https://www.prathiksham.in/store/item/Desert+Lark+Cotton+Kurta?id=2127,https://www.prathiksham.in/aalam/stock/item/2127/image/_/face-img,Prathiksham,DarkBlue,Pure Cotton,Stripe,L,Apparel & Accessories > Clothing,Clothing & Accessories > Clothing,Female,adult,,999.0 INR
A22-00K-114-XL,Desert Lark Cotton Kurta-DarkBlue,Desert Lark Cotton Kurta-DarkBlue,in stock,new,https://www.prathiksham.in/store/item/Desert+Lark+Cotton+Kurta?id=2128,https://www.prathiksham.in/aalam/stock/item/2128/image/_/face-img,Prathiksham,DarkBlue,Pure Cotton,Stripe,XL,Apparel & Accessories > Clothing,Clothing & Accessories > Clothing,Female,adult,,999.0 INR
A22-00K-114-XXL,Desert Lark Cotton Kurta-DarkBlue,Desert Lark Cotton Kurta-DarkBlue,in stock,new,https://www.prathiksham.in/store/item/Desert+Lark+Cotton+Kurta?id=2129,https://www.prathiksham.in/aalam/stock/item/2129/image/_/face-img,Prathiksham,DarkBlue,Pure Cotton,Stripe,XXL,Apparel & Accessories > Clothing,Clothing & Accessories > Clothing,Female,adult,,999.0 INR
A22-00K-115-XS,Black Floral Cotton Kurta-Black,Black Floral Cotton Kurta-Black,in stock,new,https://www.prathiksham.in/store/item/Black+Floral+Cotton+Kurta?id=2130,https://www.prathiksham.in/aalam/stock/item/2130/image/_/face-img,Prathiksham,Black,Pure Cotton,Floral,XS,Apparel & Accessories > Clothing,Clothing & Accessories > Clothing,Female,adult,,1199.0 INR
A22-00K-115-S,Black Floral Cotton Kurta-Black,Black Floral Cotton Kurta-Black,in stock,new,https://www.prathiksham.in/store/item/Black+Floral+Cotton+Kurta?id=2131,https://www.prathiksham.in/aalam/stock/item/2131/image/_/face-img,Prathiksham,Black,Pure Cotton,Floral,S,Apparel & Accessories > Clothing,Clothing & Accessories > Clothing,Female,adult,,1199.0 INR
A22-00K-115-M,Black Floral Cotton Kurta-Black,Black Floral Cotton Kurta-Black,in stock,new,https://www.prathiksham.in/store/item/Black+Floral+Cotton+Kurta?id=2132,https://www.prathiksham.in/aalam/stock/item/2132/image/_/face-img,Prathiksham,Black,Pure Cotton,Floral,M,Apparel & Accessories > Clothing,Clothing & Accessories > Clothing,Female,adult,,1199.0 INR
A22-00K-115-L,Black Floral Cotton Kurta-Black,Black Floral Cotton Kurta-Black,out of stock,new,https://www.prathiksham.in/store/item/Black+Floral+Cotton+Kurta?id=2133,https://www.prathiksham.in/aalam/stock/item/2133/image/_/face-img,Prathiksham,Black,Pure Cotton,Floral,L,Apparel & Accessories > Clothing,Clothing & Accessories > Clothing,Female,adult,,1199.0 INR
A22-00K-115-XL,Black Floral Cotton Kurta-Black,Black Floral Cotton Kurta-Black,out of stock,new,https://www.prathiksham.in/store/item/Black+Floral+Cotton+Kurta?id=2134,https://www.prathiksham.in/aalam/stock/item/2134/image/_/face-img,Prathiksham,Black,Pure Cotton,Floral,XL,Apparel & Accessories > Clothing,Clothing & Accessories > Clothing,Female,adult,,1199.0 INR
A22-00K-115-XXL,Black Floral Cotton Kurta-Black,Black Floral Cotton Kurta-Black,in stock,new,https://www.prathiksham.in/store/item/Black+Floral+Cotton+Kurta?id=2135,https://www.prathiksham.in/aalam/stock/item/2135/image/_/face-img,Prathiksham,Black,Pure Cotton,Floral,XXL,Apparel & Accessories > Clothing,Clothing & Accessories > Clothing,Female,adult,,1199.0 INR
A22-00K-116-XS,Pink Petal Cotton Kurta-White,Pink Petal Cotton Kurta-White,in stock,new,https://www.prathiksham.in/store/item/Pink+Petal+Cotton+Kurta?id=2136,https://www.prathiksham.in/aalam/stock/item/2136/image/_/face-img,Prathiksham,White,Pure Cotton,Floral,XS,Apparel & Accessories > Clothing,Clothing & Accessories > Clothing,Female,adult,,1199.0 INR
A22-00K-116-S,Pink Petal Cotton Kurta-White,Pink Petal Cotton Kurta-White,in stock,new,https://www.prathiksham.in/store/item/Pink+Petal+Cotton+Kurta?id=2137,https://www.prathiksham.in/aalam/stock/item/2137/image/_/face-img,Prathiksham,White,Pure Cotton,Floral,S,Apparel & Accessories > Clothing,Clothing & Accessories > Clothing,Female,adult,,1199.0 INR
A22-00K-116-M,Pink Petal Cotton Kurta-White,Pink Petal Cotton Kurta-White,in stock,new,https://www.prathiksham.in/store/item/Pink+Petal+Cotton+Kurta?id=2138,https://www.prathiksham.in/aalam/stock/item/2138/image/_/face-img,Prathiksham,White,Pure Cotton,Floral,M,Apparel & Accessories > Clothing,Clothing & Accessories > Clothing,Female,adult,,1199.0 INR
A22-00K-116-L,Pink Petal Cotton Kurta-White,Pink Petal Cotton Kurta-White,in stock,new,https://www.prathiksham.in/store/item/Pink+Petal+Cotton+Kurta?id=2139,https://www.prathiksham.in/aalam/stock/item/2139/image/_/face-img,Prathiksham,White,Pure Cotton,Floral,L,Apparel & Accessories > Clothing,Clothing & Accessories > Clothing,Female,adult,,1199.0 INR
A22-00K-116-XL,Pink Petal Cotton Kurta-White,Pink Petal Cotton Kurta-White,in stock,new,https://www.prathiksham.in/store/item/Pink+Petal+Cotton+Kurta?id=2140,https://www.prathiksham.in/aalam/stock/item/2140/image/_/face-img,Prathiksham,White,Pure Cotton,Floral,XL,Apparel & Accessories > Clothing,Clothing & Accessories > Clothing,Female,adult,,1199.0 INR
A22-00K-116-XXL,Pink Petal Cotton Kurta-White,Pink Petal Cotton Kurta-White,in stock,new,https://www.prathiksham.in/store/item/Pink+Petal+Cotton+Kurta?id=2141,https://www.prathiksham.in/aalam/stock/item/2141/image/_/face-img,Prathiksham,White,Pure Cotton,Floral,XXL,Apparel & Accessories > Clothing,Clothing & Accessories > Clothing,Female,adult,,1199.0 INR
A22-0KP-48-XS,Red Dahlia Cotton Kurta Set-DarkRed,Red Dahlia Cotton Kurta Set-DarkRed,in stock,new,https://www.prathiksham.in/store/item/Red+Dahlia+Cotton+Kurta+Set?id=2142,https://www.prathiksham.in/aalam/stock/item/2142/image/_/face-img,Prathiksham,DarkRed,Pure Cotton,Floral,XS,Apparel & Accessories > Clothing,Clothing & Accessories > Clothing,Female,adult,,1799.0 INR
A22-0KP-48-S,Red Dahlia Cotton Kurta Set-DarkRed,Red Dahlia Cotton Kurta Set-DarkRed,in stock,new,https://www.prathiksham.in/store/item/Red+Dahlia+Cotton+Kurta+Set?id=2143,https://www.prathiksham.in/aalam/stock/item/2143/image/_/face-img,Prathiksham,DarkRed,Pure Cotton,Floral,S,Apparel & Accessories > Clothing,Clothing & Accessories > Clothing,Female,adult,,1799.0 INR
A22-0KP-48-M,Red Dahlia Cotton Kurta Set-DarkRed,Red Dahlia Cotton Kurta Set-DarkRed,in stock,new,https://www.prathiksham.in/store/item/Red+Dahlia+Cotton+Kurta+Set?id=2144,https://www.prathiksham.in/aalam/stock/item/2144/image/_/face-img,Prathiksham,DarkRed,Pure Cotton,Floral,M,Apparel & Accessories > Clothing,Clothing & Accessories > Clothing,Female,adult,,1799.0 INR
A22-0KP-48-L,Red Dahlia Cotton Kurta Set-DarkRed,Red Dahlia Cotton Kurta Set-DarkRed,out of stock,new,https://www.prathiksham.in/store/item/Red+Dahlia+Cotton+Kurta+Set?id=2145,https://www.prathiksham.in/aalam/stock/item/2145/image/_/face-img,Prathiksham,DarkRed,Pure Cotton,Floral,L,Apparel & Accessories > Clothing,Clothing & Accessories > Clothing,Female,adult,,1799.0 INR
A22-0KP-48-XL,Red Dahlia Cotton Kurta Set-DarkRed,Red Dahlia Cotton Kurta Set-DarkRed,in stock,new,https://www.prathiksham.in/store/item/Red+Dahlia+Cotton+Kurta+Set?id=2146,https://www.prathiksham.in/aalam/stock/item/2146/image/_/face-img,Prathiksham,DarkRed,Pure Cotton,Floral,XL,Apparel & Accessories > Clothing,Clothing & Accessories > Clothing,Female,adult,,1799.0 INR
A22-0KP-48-XXL,Red Dahlia Cotton Kurta Set-DarkRed,Red Dahlia Cotton Kurta Set-DarkRed,in stock,new,https://www.prathiksham.in/store/item/Red+Dahlia+Cotton+Kurta+Set?id=2147,https://www.prathiksham.in/aalam/stock/item/2147/image/_/face-img,Prathiksham,DarkRed,Pure Cotton,Floral,XXL,Apparel & Accessories > Clothing,Clothing & Accessories > Clothing,Female,adult,,1799.0 INR
A22-0KP-49-XS,Navy Blue Petal Cotton Kurta Set-MidnightBlue,Navy Blue Petal Cotton Kurta Set-MidnightBlue,in stock,new,https://www.prathiksham.in/store/item/Navy+Blue+Petal+Cotton+Kurta+Set?id=2148,https://www.prathiksham.in/aalam/stock/item/2148/image/_/face-img,Prathiksham,MidnightBlue,Pure Cotton,Floral,XS,Apparel & Accessories > Clothing,Clothing & Accessories > Clothing,Female,adult,,1799.0 INR
A22-0KP-49-S,Navy Blue Petal Cotton Kurta Set-MidnightBlue,Navy Blue Petal Cotton Kurta Set-MidnightBlue,in stock,new,https://www.prathiksham.in/store/item/Navy+Blue+Petal+Cotton+Kurta+Set?id=2149,https://www.prathiksham.in/aalam/stock/item/2149/image/_/face-img,Prathiksham,MidnightBlue,Pure Cotton,Floral,S,Apparel & Accessories > Clothing,Clothing & Accessories > Clothing,Female,adult,,1799.0 INR
A22-0KP-49-M,Navy Blue Petal Cotton Kurta Set-MidnightBlue,Navy Blue Petal Cotton Kurta Set-MidnightBlue,in stock,new,https://www.prathiksham.in/store/item/Navy+Blue+Petal+Cotton+Kurta+Set?id=2150,https://www.prathiksham.in/aalam/stock/item/2150/image/_/face-img,Prathiksham,MidnightBlue,Pure Cotton,Floral,M,Apparel & Accessories > Clothing,Clothing & Accessories > Clothing,Female,adult,,1799.0 INR
A22-0KP-49-L,Navy Blue Petal Cotton Kurta Set-MidnightBlue,Navy Blue Petal Cotton Kurta Set-MidnightBlue,in stock,new,https://www.prathiksham.in/store/item/Navy+Blue+Petal+Cotton+Kurta+Set?id=2151,https://www.prathiksham.in/aalam/stock/item/2151/image/_/face-img,Prathiksham,MidnightBlue,Pure Cotton,Floral,L,Apparel & Accessories > Clothing,Clothing & Accessories > Clothing,Female,adult,,1799.0 INR
A22-0KP-49-XL,Navy Blue Petal Cotton Kurta Set-MidnightBlue,Navy Blue Petal Cotton Kurta Set-MidnightBlue,in stock,new,https://www.prathiksham.in/store/item/Navy+Blue+Petal+Cotton+Kurta+Set?id=2152,https://www.prathiksham.in/aalam/stock/item/2152/image/_/face-img,Prathiksham,MidnightBlue,Pure Cotton,Floral,XL,Apparel & Accessories > Clothing,Clothing & Accessories > Clothing,Female,adult,,1799.0 INR
A22-0KP-49-XXL,Navy Blue Petal Cotton Kurta Set-MidnightBlue,Navy Blue Petal Cotton Kurta Set-MidnightBlue,in stock,new,https://www.prathiksham.in/store/item/Navy+Blue+Petal+Cotton+Kurta+Set?id=2153,https://www.prathiksham.in/aalam/stock/item/2153/image/_/face-img,Prathiksham,MidnightBlue,Pure Cotton,Floral,XXL,Apparel & Accessories > Clothing,Clothing & Accessories > Clothing,Female,adult,,1799.0 INR
A22-0KP-50-XS,Black Lily Cotton Kurta Set-Black,Black Lily Cotton Kurta Set-Black,in stock,new,https://www.prathiksham.in/store/item/Black+Lily+Cotton+Kurta+Set?id=2154,https://www.prathiksham.in/aalam/stock/item/2154/image/_/face-img,Prathiksham,Black,Pure Cotton,Floral,XS,Apparel & Accessories > Clothing,Clothing & Accessories > Clothing,Female,adult,,1799.0 INR
A22-0KP-50-S,Black Lily Cotton Kurta Set-Black,Black Lily Cotton Kurta Set-Black,in stock,new,https://www.prathiksham.in/store/item/Black+Lily+Cotton+Kurta+Set?id=2155,https://www.prathiksham.in/aalam/stock/item/2155/image/_/face-img,Prathiksham,Black,Pure Cotton,Floral,S,Apparel & Accessories > Clothing,Clothing & Accessories > Clothing,Female,adult,,1799.0 INR
A22-0KP-50-M,Black Lily Cotton Kurta Set-Black,Black Lily Cotton Kurta Set-Black,in stock,new,https://www.prathiksham.in/store/item/Black+Lily+Cotton+Kurta+Set?id=2156,https://www.prathiksham.in/aalam/stock/item/2156/image/_/face-img,Prathiksham,Black,Pure Cotton,Floral,M,Apparel & Accessories > Clothing,Clothing & Accessories > Clothing,Female,adult,,1799.0 INR
A22-0KP-50-L,Black Lily Cotton Kurta Set-Black,Black Lily Cotton Kurta Set-Black,in stock,new,https://www.prathiksham.in/store/item/Black+Lily+Cotton+Kurta+Set?id=2157,https://www.prathiksham.in/aalam/stock/item/2157/image/_/face-img,Prathiksham,Black,Pure Cotton,Floral,L,Apparel & Accessories > Clothing,Clothing & Accessories > Clothing,Female,adult,,1799.0 INR
A22-0KP-50-XL,Black Lily Cotton Kurta Set-Black,Black Lily Cotton Kurta Set-Black,in stock,new,https://www.prathiksham.in/store/item/Black+Lily+Cotton+Kurta+Set?id=2158,https://www.prathiksham.in/aalam/stock/item/2158/image/_/face-img,Prathiksham,Black,Pure Cotton,Floral,XL,Apparel & Accessories > Clothing,Clothing & Accessories > Clothing,Female,adult,,1799.0 INR
A22-0KP-50-XXL,Black Lily Cotton Kurta Set-Black,Black Lily Cotton Kurta Set-Black,in stock,new,https://www.prathiksham.in/store/item/Black+Lily+Cotton+Kurta+Set?id=2159,https://www.prathiksham.in/aalam/stock/item/2159/image/_/face-img,Prathiksham,Black,Pure Cotton,Floral,XXL,Apparel & Accessories > Clothing,Clothing & Accessories > Clothing,Female,adult,,1799.0 INR
A23-00K-117-XS,Rust Lotus Kalamkari Kurta-Brown,Rust Lotus Kalamkari Kurta-Brown,in stock,new,https://www.prathiksham.in/store/item/Rust+Lotus+Kalamkari+Kurta?id=2160,https://www.prathiksham.in/aalam/stock/item/2160/image/_/face-img,Prathiksham,Brown,Pure Cotton,Handblock,XS,Apparel & Accessories > Clothing,Clothing & Accessories > Clothing,Female,adult,,1399.0 INR
A23-00K-117-S,Rust Lotus Kalamkari Kurta-Brown,Rust Lotus Kalamkari Kurta-Brown,in stock,new,https://www.prathiksham.in/store/item/Rust+Lotus+Kalamkari+Kurta?id=2161,https://www.prathiksham.in/aalam/stock/item/2161/image/_/face-img,Prathiksham,Brown,Pure Cotton,Handblock,S,Apparel & Accessories > Clothing,Clothing & Accessories > Clothing,Female,adult,,1399.0 INR
A23-00K-117-M,Rust Lotus Kalamkari Kurta-Brown,Rust Lotus Kalamkari Kurta-Brown,in stock,new,https://www.prathiksham.in/store/item/Rust+Lotus+Kalamkari+Kurta?id=2162,https://www.prathiksham.in/aalam/stock/item/2162/image/_/face-img,Prathiksham,Brown,Pure Cotton,Handblock,M,Apparel & Accessories > Clothing,Clothing & Accessories > Clothing,Female,adult,,1399.0 INR
A23-00K-117-L,Rust Lotus Kalamkari Kurta-Brown,Rust Lotus Kalamkari Kurta-Brown,in stock,new,https://www.prathiksham.in/store/item/Rust+Lotus+Kalamkari+Kurta?id=2163,https://www.prathiksham.in/aalam/stock/item/2163/image/_/face-img,Prathiksham,Brown,Pure Cotton,Handblock,L,Apparel & Accessories > Clothing,Clothing & Accessories > Clothing,Female,adult,,1399.0 INR
A23-00K-117-XL,Rust Lotus Kalamkari Kurta-Brown,Rust Lotus Kalamkari Kurta-Brown,in stock,new,https://www.prathiksham.in/store/item/Rust+Lotus+Kalamkari+Kurta?id=2164,https://www.prathiksham.in/aalam/stock/item/2164/image/_/face-img,Prathiksham,Brown,Pure Cotton,Handblock,XL,Apparel & Accessories > Clothing,Clothing & Accessories > Clothing,Female,adult,,1399.0 INR
A23-00K-117-XXL,Rust Lotus Kalamkari Kurta-Brown,Rust Lotus Kalamkari Kurta-Brown,in stock,new,https://www.prathiksham.in/store/item/Rust+Lotus+Kalamkari+Kurta?id=2165,https://www.prathiksham.in/aalam/stock/item/2165/image/_/face-img,Prathiksham,Brown,Pure Cotton,Handblock,XXL,Apparel & Accessories > Clothing,Clothing & Accessories > Clothing,Female,adult,,1399.0 INR
A23-00K-118-XS,Ash Blue Kalamkari Kurta-Beige,Ash Blue Kalamkari Kurta-Beige,in stock,new,https://www.prathiksham.in/store/item/Ash+Blue+Kalamkari+Kurta?id=2166,https://www.prathiksham.in/aalam/stock/item/2166/image/_/face-img,Prathiksham,Beige,Pure Cotton,Handblock,XS,Apparel & Accessories > Clothing,Clothing & Accessories > Clothing,Female,adult,,1399.0 INR
A23-00K-118-S,Ash Blue Kalamkari Kurta-Beige,Ash Blue Kalamkari Kurta-Beige,in stock,new,https://www.prathiksham.in/store/item/Ash+Blue+Kalamkari+Kurta?id=2167,https://www.prathiksham.in/aalam/stock/item/2167/image/_/face-img,Prathiksham,Beige,Pure Cotton,Handblock,S,Apparel & Accessories > Clothing,Clothing & Accessories > Clothing,Female,adult,,1399.0 INR
A23-00K-118-M,Ash Blue Kalamkari Kurta-Beige,Ash Blue Kalamkari Kurta-Beige,in stock,new,https://www.prathiksham.in/store/item/Ash+Blue+Kalamkari+Kurta?id=2168,https://www.prathiksham.in/aalam/stock/item/2168/image/_/face-img,Prathiksham,Beige,Pure Cotton,Handblock,M,Apparel & Accessories > Clothing,Clothing & Accessories > Clothing,Female,adult,,1399.0 INR
A23-00K-118-L,Ash Blue Kalamkari Kurta-Beige,Ash Blue Kalamkari Kurta-Beige,in stock,new,https://www.prathiksham.in/store/item/Ash+Blue+Kalamkari+Kurta?id=2169,https://www.prathiksham.in/aalam/stock/item/2169/image/_/face-img,Prathiksham,Beige,Pure Cotton,Handblock,L,Apparel & Accessories > Clothing,Clothing & Accessories > Clothing,Female,adult,,1399.0 INR
A23-00K-118-XL,Ash Blue Kalamkari Kurta-Beige,Ash Blue Kalamkari Kurta-Beige,in stock,new,https://www.prathiksham.in/store/item/Ash+Blue+Kalamkari+Kurta?id=2170,https://www.prathiksham.in/aalam/stock/item/2170/image/_/face-img,Prathiksham,Beige,Pure Cotton,Handblock,XL,Apparel & Accessories > Clothing,Clothing & Accessories > Clothing,Female,adult,,1399.0 INR
A23-00K-118-XXL,Ash Blue Kalamkari Kurta-Beige,Ash Blue Kalamkari Kurta-Beige,in stock,new,https://www.prathiksham.in/store/item/Ash+Blue+Kalamkari+Kurta?id=2171,https://www.prathiksham.in/aalam/stock/item/2171/image/_/face-img,Prathiksham,Beige,Pure Cotton,Handblock,XXL,Apparel & Accessories > Clothing,Clothing & Accessories > Clothing,Female,adult,,1399.0 INR
A23-00K-119-XS,Ivory Lotus Alia Kalamkari Kurta-Beige,Ivory Lotus Alia Kalamkari Kurta-Beige,in stock,new,https://www.prathiksham.in/store/item/Ivory+Lotus+Alia+Kalamkari+Kurta?id=2172,https://www.prathiksham.in/aalam/stock/item/2172/image/_/face-img,Prathiksham,Beige,Pure Cotton,Handblock,XS,Apparel & Accessories > Clothing,Clothing & Accessories > Clothing,Female,adult,,1399.0 INR
A23-00K-119-S,Ivory Lotus Alia Kalamkari Kurta-Beige,Ivory Lotus Alia Kalamkari Kurta-Beige,in stock,new,https://www.prathiksham.in/store/item/Ivory+Lotus+Alia+Kalamkari+Kurta?id=2173,https://www.prathiksham.in/aalam/stock/item/2173/image/_/face-img,Prathiksham,Beige,Pure Cotton,Handblock,S,Apparel & Accessories > Clothing,Clothing & Accessories > Clothing,Female,adult,,1399.0 INR
A23-00K-119-M,Ivory Lotus Alia Kalamkari Kurta-Beige,Ivory Lotus Alia Kalamkari Kurta-Beige,in stock,new,https://www.prathiksham.in/store/item/Ivory+Lotus+Alia+Kalamkari+Kurta?id=2174,https://www.prathiksham.in/aalam/stock/item/2174/image/_/face-img,Prathiksham,Beige,Pure Cotton,Handblock,M,Apparel & Accessories > Clothing,Clothing & Accessories > Clothing,Female,adult,,1399.0 INR
A23-00K-119-L,Ivory Lotus Alia Kalamkari Kurta-Beige,Ivory Lotus Alia Kalamkari Kurta-Beige,in stock,new,https://www.prathiksham.in/store/item/Ivory+Lotus+Alia+Kalamkari+Kurta?id=2175,https://www.prathiksham.in/aalam/stock/item/2175/image/_/face-img,Prathiksham,Beige,Pure Cotton,Handblock,L,Apparel & Accessories > Clothing,Clothing & Accessories > Clothing,Female,adult,,1399.0 INR
A23-00K-119-XL,Ivory Lotus Alia Kalamkari Kurta-Beige,Ivory Lotus Alia Kalamkari Kurta-Beige,in stock,new,https://www.prathiksham.in/store/item/Ivory+Lotus+Alia+Kalamkari+Kurta?id=2176,https://www.prathiksham.in/aalam/stock/item/2176/image/_/face-img,Prathiksham,Beige,Pure Cotton,Handblock,XL,Apparel & Accessories > Clothing,Clothing & Accessories > Clothing,Female,adult,,1399.0 INR
A23-00K-119-XXL,Ivory Lotus Alia Kalamkari Kurta-Beige,Ivory Lotus Alia Kalamkari Kurta-Beige,in stock,new,https://www.prathiksham.in/store/item/Ivory+Lotus+Alia+Kalamkari+Kurta?id=2177,https://www.prathiksham.in/aalam/stock/item/2177/image/_/face-img,Prathiksham,Beige,Pure Cotton,Handblock,XXL,Apparel & Accessories > Clothing,Clothing & Accessories > Clothing,Female,adult,,1399.0 INR
A23-00K-120-XS,Black Cherry Ikat Handloom Kurta-Black,Black Cherry Ikat Handloom Kurta-Black,in stock,new,https://www.prathiksham.in/store/item/Black+Cherry+Ikat+Handloom+Kurta?id=2178,https://www.prathiksham.in/aalam/stock/item/2178/image/_/face-img,Prathiksham,Black,Pure Cotton,Ikkat,XS,Apparel & Accessories > Clothing,Clothing & Accessories > Clothing,Female,adult,,1399.0 INR
A23-00K-120-S,Black Cherry Ikat Handloom Kurta-Black,Black Cherry Ikat Handloom Kurta-Black,in stock,new,https://www.prathiksham.in/store/item/Black+Cherry+Ikat+Handloom+Kurta?id=2179,https://www.prathiksham.in/aalam/stock/item/2179/image/_/face-img,Prathiksham,Black,Pure Cotton,Ikkat,S,Apparel & Accessories > Clothing,Clothing & Accessories > Clothing,Female,adult,,1399.0 INR
A23-00K-120-M,Black Cherry Ikat Handloom Kurta-Black,Black Cherry Ikat Handloom Kurta-Black,in stock,new,https://www.prathiksham.in/store/item/Black+Cherry+Ikat+Handloom+Kurta?id=2180,https://www.prathiksham.in/aalam/stock/item/2180/image/_/face-img,Prathiksham,Black,Pure Cotton,Ikkat,M,Apparel & Accessories > Clothing,Clothing & Accessories > Clothing,Female,adult,,1399.0 INR
A23-00K-120-L,Black Cherry Ikat Handloom Kurta-Black,Black Cherry Ikat Handloom Kurta-Black,in stock,new,https://www.prathiksham.in/store/item/Black+Cherry+Ikat+Handloom+Kurta?id=2181,https://www.prathiksham.in/aalam/stock/item/2181/image/_/face-img,Prathiksham,Black,Pure Cotton,Ikkat,L,Apparel & Accessories > Clothing,Clothing & Accessories > Clothing,Female,adult,,1399.0 INR
A23-00K-120-XL,Black Cherry Ikat Handloom Kurta-Black,Black Cherry Ikat Handloom Kurta-Black,in stock,new,https://www.prathiksham.in/store/item/Black+Cherry+Ikat+Handloom+Kurta?id=2182,https://www.prathiksham.in/aalam/stock/item/2182/image/_/face-img,Prathiksham,Black,Pure Cotton,Ikkat,XL,Apparel & Accessories > Clothing,Clothing & Accessories > Clothing,Female,adult,,1399.0 INR
A23-00K-120-XXL,Black Cherry Ikat Handloom Kurta-Black,Black Cherry Ikat Handloom Kurta-Black,in stock,new,https://www.prathiksham.in/store/item/Black+Cherry+Ikat+Handloom+Kurta?id=2183,https://www.prathiksham.in/aalam/stock/item/2183/image/_/face-img,Prathiksham,Black,Pure Cotton,Ikkat,XXL,Apparel & Accessories > Clothing,Clothing & Accessories > Clothing,Female,adult,,1399.0 INR
A23-00K-121-XS,Indigo Lily Handloom Ikat Kurta-MidnightBlue,Indigo Lily Handloom Ikat Kurta-MidnightBlue,in stock,new,https://www.prathiksham.in/store/item/Indigo+Lily+Handloom+Ikat+Kurta?id=2184,https://www.prathiksham.in/aalam/stock/item/2184/image/_/face-img,Prathiksham,MidnightBlue,Pure Cotton,Ikkat,XS,Apparel & Accessories > Clothing,Clothing & Accessories > Clothing,Female,adult,,1399.0 INR
A23-00K-121-S,Indigo Lily Handloom Ikat Kurta-MidnightBlue,Indigo Lily Handloom Ikat Kurta-MidnightBlue,in stock,new,https://www.prathiksham.in/store/item/Indigo+Lily+Handloom+Ikat+Kurta?id=2185,https://www.prathiksham.in/aalam/stock/item/2185/image/_/face-img,Prathiksham,MidnightBlue,Pure Cotton,Ikkat,S,Apparel & Accessories > Clothing,Clothing & Accessories > Clothing,Female,adult,,1399.0 INR
A23-00K-121-M,Indigo Lily Handloom Ikat Kurta-MidnightBlue,Indigo Lily Handloom Ikat Kurta-MidnightBlue,in stock,new,https://www.prathiksham.in/store/item/Indigo+Lily+Handloom+Ikat+Kurta?id=2186,https://www.prathiksham.in/aalam/stock/item/2186/image/_/face-img,Prathiksham,MidnightBlue,Pure Cotton,Ikkat,M,Apparel & Accessories > Clothing,Clothing & Accessories > Clothing,Female,adult,,1399.0 INR
A23-00K-121-L,Indigo Lily Handloom Ikat Kurta-MidnightBlue,Indigo Lily Handloom Ikat Kurta-MidnightBlue,in stock,new,https://www.prathiksham.in/store/item/Indigo+Lily+Handloom+Ikat+Kurta?id=2187,https://www.prathiksham.in/aalam/stock/item/2187/image/_/face-img,Prathiksham,MidnightBlue,Pure Cotton,Ikkat,L,Apparel & Accessories > Clothing,Clothing & Accessories > Clothing,Female,adult,,1399.0 INR
A23-00K-121-XL,Indigo Lily Handloom Ikat Kurta-MidnightBlue,Indigo Lily Handloom Ikat Kurta-MidnightBlue,in stock,new,https://www.prathiksham.in/store/item/Indigo+Lily+Handloom+Ikat+Kurta?id=2188,https://www.prathiksham.in/aalam/stock/item/2188/image/_/face-img,Prathiksham,MidnightBlue,Pure Cotton,Ikkat,XL,Apparel & Accessories > Clothing,Clothing & Accessories > Clothing,Female,adult,,1399.0 INR
A23-00K-121-XXL,Indigo Lily Handloom Ikat Kurta-MidnightBlue,Indigo Lily Handloom Ikat Kurta-MidnightBlue,in stock,new,https://www.prathiksham.in/store/item/Indigo+Lily+Handloom+Ikat+Kurta?id=2189,https://www.prathiksham.in/aalam/stock/item/2189/image/_/face-img,Prathiksham,MidnightBlue,Pure Cotton,Ikkat,XXL,Apparel & Accessories > Clothing,Clothing & Accessories > Clothing,Female,adult,,1399.0 INR
